period	period_id	status	division	division_id	leader_rows	course_tables	player_counts_per_course	observations	scored	unplayed	dom_sha256	structured_json_sha256	raw_html	raw_text	raw_json	exact_player_names
2026 August	461	COMPLETED	Master	21	10	8	Cherry Blossom:10;Cherry Blossom Hard:10;Shangri-La:10;Shangri-La - Hard:10;Ice Lair:10;Ice Lair - Hard:10;Hollywood:10;Hollywood - Hard:10	80	79	1	7BA65041A0F9A39C039554DBB11C5BEF7B9560D2FFDB2D3286F20DB7A9220081	F7B595EB78D8D6D74B3BF24FE7758FB4E7F739433A9474EED6056B3C5D9D899D	raw/period-461-division-21.html	raw/period-461-division-21.txt	raw/period-461-division-21.json	["POLANECE","Neo Impossible","mini_G","El Jorge","INDY","PETERK9FLORIDA","Princess_Bankshot","Chelle💯","yankeedude1123","plucky✌"]
2026 August	461	COMPLETED	Elite	22	10	8	Cherry Blossom:10;Cherry Blossom Hard:10;Shangri-La:10;Shangri-La - Hard:10;Ice Lair:10;Ice Lair - Hard:10;Hollywood:10;Hollywood - Hard:10	80	69	11	6D80026E395554F13062F8D5D710B938E859E10A9FC9769BC48F176F951733BD	FF48674298457AB202B9D9D639DBBAD1E01AF3F422C851BC8667A146E3AD7123	raw/period-461-division-22.html	raw/period-461-division-22.txt	raw/period-461-division-22.json	["Mully","Spicy - DawnSophia","TrickyDicky","leanin2it","Maximus","The Real JB","bigja33","Slappy","roknhorsebrat","ZoeDarlin"]
2026 August	461	COMPLETED	Pro 1	23	10	8	Cherry Blossom:10;Cherry Blossom Hard:10;Shangri-La:10;Shangri-La - Hard:10;Ice Lair:10;Ice Lair - Hard:10;Hollywood:10;Hollywood - Hard:10	80	78	2	80645665C04B2C8EA22686249CE3434E43B95A6D2C5633CB1971F95FE1BA735C	4977D6A75012930116F7444D06115D9BA0ECB0CFFDD19BB2DE1B0E80F02AB538	raw/period-461-division-23.html	raw/period-461-division-23.txt	raw/period-461-division-23.json	["PaulV-PPP 🇨🇦","Alyssa38","gomarino13","Nic79","musical_atv 🎻","D3bb13","Chipnputt","deebee","awesome_kris","Kd"]
2026 August	461	COMPLETED	Pro 2	24	10	8	Cherry Blossom:10;Cherry Blossom Hard:10;Shangri-La:10;Shangri-La - Hard:10;Ice Lair:10;Ice Lair - Hard:10;Hollywood:10;Hollywood - Hard:10	80	56	24	5B365A471B025AB6D8B4BB27BDCA8326D34A1B0F69FD8C96584164FA6D5FEA88	288A9DF73F8141007CCF2396424913957326597A242DC1FCE619B7A6647237C7	raw/period-461-division-24.html	raw/period-461-division-24.txt	raw/period-461-division-24.json	["Sj_76","SerenityMoon","Jennem","DMD-Enditnow","Raccoons Whisker","NuttyGrandpa","Fakku_FR","BadWolff🐺","Golfshark","Audrey"]
2026 August	461	COMPLETED	Pro 3	25	10	8	Cherry Blossom:10;Cherry Blossom Hard:10;Shangri-La:10;Shangri-La - Hard:10;Ice Lair:10;Ice Lair - Hard:10;Hollywood:10;Hollywood - Hard:10	80	58	22	97B9D75D8FD6C285D932ED0D16DE4FFA8CC3E169F36F831D45F495B1982E95CE	65C2AFE849102D4DD3AC062BA4214585B756838522D0DC52EDB3C3F4BC7D353D	raw/period-461-division-25.html	raw/period-461-division-25.txt	raw/period-461-division-25.json	["far canal","Chicagobry","Bethann","Ultrafox_Lynne","ladytea","WendyW(Wyndemere2020)","KillERBee","Bearded_Driver","DARLAVA","Heisenberg"]
2026 August	461	COMPLETED	Semi Pro 1	113	5	8	Cherry Blossom:5;Cherry Blossom Hard:5;Shangri-La:5;Shangri-La - Hard:5;Ice Lair:5;Ice Lair - Hard:5;Hollywood:5;Hollywood - Hard:5	40	16	24	319A4FD1759696A038DCF9E600FD5A340410F9C99C47EF212258EF189AF2BC8F	30B2F2B944A4E40A7283E33CC232440CE11D665B8577CD71CE997D22D5336F4B	raw/period-461-division-113.html	raw/period-461-division-113.txt	raw/period-461-division-113.json	["Earthling","IMJOMAMA","SMILEROBIN","Maximus_PrimeIV","Gatorsfan89"]
2026 August	461	COMPLETED	Beginner	81	0	0		0	0	0	F99044D7D3FEAF097B3B8F0D84403D799EF603BF9103BC4D5B3EFAA8967995A2	1D1FBD3D129BB4B0124DE783227D6F405A97823034ACBB2E391F4C272A30BE09	raw/period-461-division-81.html	raw/period-461-division-81.txt	raw/period-461-division-81.json	
2026 August	461	COMPLETED	Welcome	62	5	8	Cherry Blossom:5;Cherry Blossom Hard:5;Shangri-La:5;Shangri-La - Hard:5;Ice Lair:5;Ice Lair - Hard:5;Hollywood:5;Hollywood - Hard:5	40	16	24	1E12693A9012143FC64E22BDA1EDEA568506E71EDC60848306F215848B8C8812	7C1CEAB12F6AB0781154F7A35CF7426657D253FD5235D5DC14C9B1FE08DA315C	raw/period-461-division-62.html	raw/period-461-division-62.txt	raw/period-461-division-62.json	["Zanetti","lynniebodd","Matt916","Gobson","stewiestewie"]
2026 August	461	COMPLETED	Semi Pro 2	114	0	0		0	0	0	2F250F7C2592F19AC1E24F72F825C329A934E427B0C48DB474BB24D4A5305D6D	2FCCE500D1445FDFBBC94A1671B65AEA44C063C86D5901DAE20DBAA2B8C11DF4	raw/period-461-division-114.html	raw/period-461-division-114.txt	raw/period-461-division-114.json	
2026 August	461	COMPLETED	Semi Pro 3	115	0	0		0	0	0	42E9699EEAEB978B1421DE800955CE1DFBF82BE2E00AEA09806F8F9DFFC8CBCA	01AF48546F13BCDBE52554AFE464F3E4029EA4504A4B2784BA658331A33F3A90	raw/period-461-division-115.html	raw/period-461-division-115.txt	raw/period-461-division-115.json	
2026 July	441	COMPLETED	Master	21	10	8	Tourist Trap:10;Tourist Trap Hard:10;Upside Town:10;Upside Town - Hard:10;Gardens of Babylon:10;Gardens of Babylon Hard:10;Mars Gardens:10;Mars Gardens - Hard:10	80	80	0	889E83EFD68549200E4AEAA75DB3E66FC52314F16F7EB4462078D92053A62936	5972BAB7DB05AF2E7C33AAA6B2179896DE9F2739D056E60B88473C46518CB832	raw/period-441-division-21.html	raw/period-441-division-21.txt	raw/period-441-division-21.json	["El Jorge","POLANECE","mini_G","PETERK9FLORIDA","INDY","Neo Impossible","Maximus","yankeedude1123","Spicy - DawnSophia","ZoeDarlin"]
2026 July	441	COMPLETED	Elite	22	10	8	Tourist Trap:10;Tourist Trap Hard:10;Upside Town:10;Upside Town - Hard:10;Gardens of Babylon:10;Gardens of Babylon Hard:10;Mars Gardens:10;Mars Gardens - Hard:10	80	70	10	328A6DADF3897608E14FA21AD97963A3FDFC3F53886A5EBE39F17BFC6C3AFB06	352B6D383F4642B3BC312AB8E45303E76C3ED641A44171A1A47827AFBC0F959E	raw/period-441-division-22.html	raw/period-441-division-22.txt	raw/period-441-division-22.json	["plucky✌","leanin2it","Chelle💯","PaulV-PPP 🇨🇦","gomarino13","Princess_Bankshot","bigja33","Mully","Slappy","Gobson"]
2026 July	441	COMPLETED	Pro 1	23	9	8	Tourist Trap:9;Tourist Trap Hard:9;Upside Town:9;Upside Town - Hard:9;Gardens of Babylon:9;Gardens of Babylon Hard:9;Mars Gardens:9;Mars Gardens - Hard:9	72	72	0	1F6FF3A28305EC74907ABB2872FA22A8F1201AAEA5F26FB4FF33ADDD42F3A193	C9BE1BD182A2C179A91961FA81EC209B40FBDCF564650E3764129E09C4152340	raw/period-441-division-23.html	raw/period-441-division-23.txt	raw/period-441-division-23.json	["Chipnputt","The Real JB","TrickyDicky","SerenityMoon","Nic79","deebee","SlugJug33","DMD-Enditnow","roknhorsebrat"]
2026 July	441	COMPLETED	Pro 2	24	10	8	Tourist Trap:10;Tourist Trap Hard:10;Upside Town:10;Upside Town - Hard:10;Gardens of Babylon:10;Gardens of Babylon Hard:10;Mars Gardens:10;Mars Gardens - Hard:10	80	56	24	51CF6E008A175CC5353976D2D47A11D060033EB0D9FA46B9E4CA419B3BBC521A	95F4733A4DABCF19D5EBA0705F7C204CA2635B4E96514A62EE3374B7ED935556	raw/period-441-division-24.html	raw/period-441-division-24.txt	raw/period-441-division-24.json	["NuttyGrandpa","Raccoons Whisker","Kd","musical_atv 🎻","Alyssa38","awesome_kris","D3bb13","FORE_FUN","Shooter_McGavin","stewiestewie"]
2026 July	441	COMPLETED	Pro 3	25	10	8	Tourist Trap:10;Tourist Trap Hard:10;Upside Town:10;Upside Town - Hard:10;Gardens of Babylon:10;Gardens of Babylon Hard:10;Mars Gardens:10;Mars Gardens - Hard:10	80	54	26	E272B248F74F178503BE0F42504E11423543080AECD6A4DA6EC00D23C9DA4C09	C398D7D66148572143AAE167B69E5A15920633F48671C76858327EC023AD5C39	raw/period-441-division-25.html	raw/period-441-division-25.txt	raw/period-441-division-25.json	["BadWolff🐺","Fakku_FR","Jennem","Golfshark","Sj_76","Chicagobry","Audrey","pluff","breezy","lynniebodd"]
2026 July	441	COMPLETED	Semi Pro 1	113	7	8	Tourist Trap:7;Tourist Trap Hard:7;Upside Town:7;Upside Town - Hard:7;Gardens of Babylon:7;Gardens of Babylon Hard:7;Mars Gardens:7;Mars Gardens - Hard:7	56	51	5	6CD48ADE767DD0D8572DEDCE8DB8FB135D681A56EA662B907D8B8EFBCB33C7CB	83393D93D4CCB8FB037C632027D69F5153C8E91E5FDF837A3089B2250FC2D933	raw/period-441-division-113.html	raw/period-441-division-113.txt	raw/period-441-division-113.json	["ladytea","Ultrafox_Lynne","Heisenberg","Earthling","KillERBee","Bearded_Driver","GREATSEER5024"]
2026 July	441	COMPLETED	Beginner	81	0	0		0	0	0	0951269D0640DCE1CA4C02F27FFCE9C618722D2DA3DD5D2781044DBE0092F80C	46815C5BA5D4DAA3A658AD324FF7C5EDB8F482EE830FA70CAE3B4F79A33EAAC0	raw/period-441-division-81.html	raw/period-441-division-81.txt	raw/period-441-division-81.json	
2026 July	441	COMPLETED	Welcome	62	23	8	Tourist Trap:23;Tourist Trap Hard:23;Upside Town:23;Upside Town - Hard:23;Gardens of Babylon:23;Gardens of Babylon Hard:23;Mars Gardens:23;Mars Gardens - Hard:23	184	10	174	43A33CBC176532396652A836EE6E677E6B2D3B1852B1A1D65826F763EBA38B9A	37AD89E53FBD987BA6A18121054CB5685EE10F26A9CC85E377D89D3DBE99823B	raw/period-441-division-62.html	raw/period-441-division-62.txt	raw/period-441-division-62.json	["Zanetti","far canal","Derby_Daz","Matt916","sarahloo1971","Fry_Lock","AndyP1970","Woofmaster521 (Kathy)","gopats37","Blutes87","Missi","ARTSY","nootnootthesnek","Puffin","ANDOFGOD","Trish","HaphazardOak007","SHA_HOOF_NA","SHANNON_OLIVEOWL","Master_KP","KIM","YODA","YUK1N"]
2026 July	441	COMPLETED	Semi Pro 2	114	8	8	Tourist Trap:8;Tourist Trap Hard:8;Upside Town:8;Upside Town - Hard:8;Gardens of Babylon:8;Gardens of Babylon Hard:8;Mars Gardens:8;Mars Gardens - Hard:8	64	38	26	11245A1E6B022089AE89EAC16F21C11DF1115CD94589280D706C48BF1AB16866	4EB359124EE28BD00A4EF433D9F1423F905854D1B058FCEA25D70EF2AA12BC1E	raw/period-441-division-114.html	raw/period-441-division-114.txt	raw/period-441-division-114.json	["WendyW(Wyndemere2020)","Gatorsfan89","Bethann","DARLAVA","SMILEROBIN","IMJOMAMA","Maximus_PrimeIV","lefty"]
2026 July	441	COMPLETED	Semi Pro 3	115	0	0		0	0	0	4A4D45F13DD62E6BD03D9297D92925C76E601BA0E159E918603CCF44311F8B39	ED7013239E72BF5893C867D59AFD9844C5A556FC86C6337A642B1B14C22B3E88	raw/period-441-division-115.html	raw/period-441-division-115.txt	raw/period-441-division-115.json	
2026 June	421	COMPLETED	Master	21	10	8	Seagull Stacks:10;Seagull Stacks - Hard:10;Bogey's Bonanza:10;Bogey's Bonanza Hard:10;Journey to the Center of the Earth:10;Center of the Earth - Hard:10;Alfheim:10;Alfheim Hard:10	80	74	6	626C87762301CAA469F1CE3FDB18F62FD09BA6513134C69A8FE612B464AA80BC	997EEC5D5E6B3B649B5492531C9892E41FF6E7C42625441087EBE34284BEDD74	raw/period-421-division-21.html	raw/period-421-division-21.txt	raw/period-421-division-21.json	["INDY","El Jorge","yankeedude1123","POLANECE","Zanetti","Princess_Bankshot","Gobson","Spicy - DawnSophia","Maximus","Neo Impossible"]
2026 June	421	COMPLETED	Elite	22	10	8	Seagull Stacks:10;Seagull Stacks - Hard:10;Bogey's Bonanza:10;Bogey's Bonanza Hard:10;Journey to the Center of the Earth:10;Center of the Earth - Hard:10;Alfheim:10;Alfheim Hard:10	80	77	3	C45AAD7F077AADE9450EAABEAE89855218C118697F2179059319A09E140C5AA6	E8892B970393E792F0E57D90B85FAFC59BCE87CF8EA91FB0BF331AD95390AC13	raw/period-421-division-22.html	raw/period-421-division-22.txt	raw/period-421-division-22.json	["mini_G","PETERK9FLORIDA","PaulV-PPP 🇨🇦","ZoeDarlin","Chelle💯","bigja33","SerenityMoon","deebee","TrickyDicky","gomarino13"]
2026 June	421	COMPLETED	Pro 1	23	10	8	Seagull Stacks:10;Seagull Stacks - Hard:10;Bogey's Bonanza:10;Bogey's Bonanza Hard:10;Journey to the Center of the Earth:10;Center of the Earth - Hard:10;Alfheim:10;Alfheim Hard:10	80	72	8	7D11F28C2A30C81AA753267E214FB319B16F25E24D8E535BA4E9977B5D365B5D	994239A1F4E3D7DA853912AA0C8F726AB05A5548783AA721E3184EA6FE2F8188	raw/period-421-division-23.html	raw/period-421-division-23.txt	raw/period-421-division-23.json	["roknhorsebrat","The Real JB","plucky✌","SlugJug33","Slappy","awesome_kris","leanin2it","FORE_FUN","Mully","Alyssa38"]
2026 June	421	COMPLETED	Pro 2	24	7	8	Seagull Stacks:7;Seagull Stacks - Hard:7;Bogey's Bonanza:7;Bogey's Bonanza Hard:7;Journey to the Center of the Earth:7;Center of the Earth - Hard:7;Alfheim:7;Alfheim Hard:7	56	40	16	56A9282F9D580195478226F9D19E8ADE90507F5ADAC26E7B101BBE07B5EEC5ED	56B33A1FF516FDCDCFC9B5F060EDAB8F35FD3D18A4DDE3CC87FE3A6C3B39B4E2	raw/period-421-division-24.html	raw/period-421-division-24.txt	raw/period-421-division-24.json	["Raccoons Whisker","Chipnputt","Kd","DMD-Enditnow","Nic79","stewiestewie","Shooter_McGavin"]
2026 June	421	COMPLETED	Pro 3	25	7	8	Seagull Stacks:7;Seagull Stacks - Hard:7;Bogey's Bonanza:7;Bogey's Bonanza Hard:7;Journey to the Center of the Earth:7;Center of the Earth - Hard:7;Alfheim:7;Alfheim Hard:7	56	26	30	86A57E6D9C1923A124131AA6302479917D52B8DB5C8857ECB894C2E9D9EA4B18	E8CFFC270FB2C307C83EF70C81D67579964F33CDE436198D5DF50CABE1BDD82D	raw/period-421-division-25.html	raw/period-421-division-25.txt	raw/period-421-division-25.json	["D3bb13","musical_atv 🎻","BadWolff🐺","breezy","NuttyGrandpa","pluff","lynniebodd"]
2026 June	421	COMPLETED	Semi Pro 1	113	10	8	Seagull Stacks:10;Seagull Stacks - Hard:10;Bogey's Bonanza:10;Bogey's Bonanza Hard:10;Journey to the Center of the Earth:10;Center of the Earth - Hard:10;Alfheim:10;Alfheim Hard:10	80	67	13	2A995E6ED03F47294494E54E3942DC041B7FAC228A2FB18DE7573E5F8EFE730F	675FD3F9D7FC6E67B49E7EF39DC766C17EE0003CB92692FF8E0D5FAA6A1B6A84	raw/period-421-division-113.html	raw/period-421-division-113.txt	raw/period-421-division-113.json	["Sj_76","Jennem","GREATSEER5024","Audrey","SMILEROBIN","Ultrafox_Lynne","KillERBee","WendyW(Wyndemere2020)","Bearded_Driver","IMJOMAMA"]
2026 June	421	COMPLETED	Beginner	81	0	0		0	0	0	C91101125C440C78EB2E65A0AC2626795049659EE3A669A4B1EE091A1A9EBC5B	EDA550B2AE10B8AA075077CEE370668E28DBBC38647EB5E466ED508269B1BAD4	raw/period-421-division-81.html	raw/period-421-division-81.txt	raw/period-421-division-81.json	
2026 June	421	COMPLETED	Welcome	62	25	8	Seagull Stacks:25;Seagull Stacks - Hard:25;Bogey's Bonanza:25;Bogey's Bonanza Hard:25;Journey to the Center of the Earth:25;Center of the Earth - Hard:25;Alfheim:25;Alfheim Hard:25	200	15	185	29C0DE63AF60A8D523D11C5C076C7C2AC498AB1A4F22C0EE13D99D4629AEDCB6	03BD5949DB7740D0D30BE98AE2E508EFAE507E0883C7516A31648B296D9E163B	raw/period-421-division-62.html	raw/period-421-division-62.txt	raw/period-421-division-62.json	["Gatorsfan89","Fakku_FR","lefty","Derby_Daz","gopats37","Woofmaster521 (Kathy)","AndyP1970","Fry_Lock","sarahloo1971","Blutes87","Missi","Matt916","Chicagobry","nootnootthesnek","ANDOFGOD","HaphazardOak007","SHANNON_OLIVEOWL","Master_KP","Puffin","KIM","SHA_HOOF_NA","Trish","ARTSY","YODA","YUK1N"]
2026 June	421	COMPLETED	Semi Pro 2	114	6	8	Seagull Stacks:6;Seagull Stacks - Hard:6;Bogey's Bonanza:6;Bogey's Bonanza Hard:6;Journey to the Center of the Earth:6;Center of the Earth - Hard:6;Alfheim:6;Alfheim Hard:6	48	25	23	EDD3AF4E8B37D8D5103CD9A577C5FAF5C7F62B33C1A9F18402A9FA45051A38A5	C9FBB7AED07D5E0A338FE71125A74686AB4CBB5D9E932D2A12C7F7C36DBC9DCE	raw/period-421-division-114.html	raw/period-421-division-114.txt	raw/period-421-division-114.json	["ladytea","Heisenberg","Bethann","Earthling","DARLAVA","Maximus_PrimeIV"]
2026 June	421	COMPLETED	Semi Pro 3	115	0	0		0	0	0	B155822BBC346CA192F7596BC0264BB5D447E69040EC9975B004DB7F1159E81A	EA43BDDE7BAE4EB42C6A90BC387AEEE9BACEC525113CD0262C20A14EDB1DCA04	raw/period-421-division-115.html	raw/period-421-division-115.txt	raw/period-421-division-115.json	
2026 May	401	COMPLETED	Master	21	10	8	Quixote Valley:10;Quixote Valley Hard:10;Atlantis:10;Atlantis Hard:10;Raptor Cliff's:10;Raptor Cliff's - Hard:10;Tokyo:10;Tokyo - Hard:10	80	80	0	8EE0C5E6C8BD5B0970C421ABB9DE4C6390C2EB01D9373C85769A9ED67FE854D9	049269826525047245477D97E9FFAA9026DB78360E110BBF4A1B29157BD71EB8	raw/period-401-division-21.html	raw/period-401-division-21.txt	raw/period-401-division-21.json	["yankeedude1123","Zanetti","INDY","Chelle💯","Neo Impossible","El Jorge","POLANECE","PETERK9FLORIDA","Gobson","TrickyDicky"]
2026 May	401	COMPLETED	Elite	22	10	8	Quixote Valley:10;Quixote Valley Hard:10;Atlantis:10;Atlantis Hard:10;Raptor Cliff's:10;Raptor Cliff's - Hard:10;Tokyo:10;Tokyo - Hard:10	80	71	9	A2C7D86FFBD44535F73B80C19D5D67D4526AEAEA72382DCAD37EA162E20F6C73	9B1000DB2A2208CEA9C2632AFEBFBF6CFDD6C7FD18566DAB3F174D8AB80D8CBE	raw/period-401-division-22.html	raw/period-401-division-22.txt	raw/period-401-division-22.json	["mammothrept","Princess_Bankshot","Maximus","Spicy - DawnSophia","PaulV-PPP 🇨🇦","bigja33","ZoeDarlin","gomarino13","Mully","Blutes87"]
2026 May	401	COMPLETED	Pro 1	23	10	8	Quixote Valley:10;Quixote Valley Hard:10;Atlantis:10;Atlantis Hard:10;Raptor Cliff's:10;Raptor Cliff's - Hard:10;Tokyo:10;Tokyo - Hard:10	80	60	20	BA45AA24D6009ECD66F79478D0089FA4C7DF0815763B1198E33783924A277D36	84B45C1F7B6C9924942A647FF0D3B27603244A3BD75D707E0FB0B2DCD188A3EA	raw/period-401-division-23.html	raw/period-401-division-23.txt	raw/period-401-division-23.json	["mini_G","awesome_kris","roknhorsebrat","FORE_FUN","SerenityMoon","deebee","Slappy","stewiestewie","Matt916","lefty"]
2026 May	401	COMPLETED	Pro 2	24	9	8	Quixote Valley:9;Quixote Valley Hard:9;Atlantis:9;Atlantis Hard:9;Raptor Cliff's:9;Raptor Cliff's - Hard:9;Tokyo:9;Tokyo - Hard:9	72	56	16	068CEA2D1C4E315308A2CBA00CD9E422FC1231A85DEFDF9FF56D73A9858FBAF8	6A7357F849553EC2E48A74F71749D5E0AC742475716817F47B54398F48AD2D09	raw/period-401-division-24.html	raw/period-401-division-24.txt	raw/period-401-division-24.json	["plucky✌","Chipnputt","Alyssa38","DMD-Enditnow","SlugJug33","The Real JB","Raccoons Whisker","Master_KP","YODA"]
2026 May	401	COMPLETED	Pro 3	25	12	8	Quixote Valley:12;Quixote Valley Hard:12;Atlantis:12;Atlantis Hard:12;Raptor Cliff's:12;Raptor Cliff's - Hard:12;Tokyo:12;Tokyo - Hard:12	96	64	32	7054C7D9346234C9F899007005B4EDC6840D25AE4CBB679CCBCF1B6DDF1B75A2	E0D5C8D39963A55137D398D42EC5C24C13FED699516A399BE62163C925802E84	raw/period-401-division-25.html	raw/period-401-division-25.txt	raw/period-401-division-25.json	["leanin2it","BadWolff🐺","Nic79","lynniebodd","breezy","musical_atv 🎻","Kd","NuttyGrandpa","gopats37","D3bb13","pluff","ARTSY"]
2026 May	401	COMPLETED	Semi Pro 1	113	10	8	Quixote Valley:10;Quixote Valley Hard:10;Atlantis:10;Atlantis Hard:10;Raptor Cliff's:10;Raptor Cliff's - Hard:10;Tokyo:10;Tokyo - Hard:10	80	62	18	1C4C38EDD479A9C3B8864DCF6404F05EF7113CD6A53CD66C774B143BCD32651C	F5B86E781A7C74EB929766D7CFC0B73B9D9040808F27FC688B646691D9969C49	raw/period-401-division-113.html	raw/period-401-division-113.txt	raw/period-401-division-113.json	["Jennem","Audrey","GREATSEER5024","Sj_76","Ultrafox_Lynne","Bearded_Driver","SMILEROBIN","Earthling","KIM","Missi"]
2026 May	401	COMPLETED	Beginner	81	0	0		0	0	0	C109271B5EE09E6DBA8B2926DBBBE3F5B1BFA17AD3998DBD4E57CE8DA7BF5819	95100C1E6ECC3A85C18F6D1E3F3E05834366D2E91EDC19467A11218717DBF844	raw/period-401-division-81.html	raw/period-401-division-81.txt	raw/period-401-division-81.json	
2026 May	401	COMPLETED	Welcome	62	8	8	Quixote Valley:8;Quixote Valley Hard:8;Atlantis:8;Atlantis Hard:8;Raptor Cliff's:8;Raptor Cliff's - Hard:8;Tokyo:8;Tokyo - Hard:8	64	2	62	269AC7CCF10E4C1132CBB10E104262502DB173B1391B5EDAEED0DC39CA5B3F2E	0ED1618565959A6F4C9FD173C46E52932B936F5BB4AEB1110B1B9C3A5A151EBD	raw/period-401-division-62.html	raw/period-401-division-62.txt	raw/period-401-division-62.json	["YUK1N","Derby_Daz","Shooter_McGavin","SHANNON_OLIVEOWL","Woofmaster521 (Kathy)","AndyP1970","Puffin","Chicagobry"]
2026 May	401	COMPLETED	Semi Pro 2	114	7	8	Quixote Valley:7;Quixote Valley Hard:7;Atlantis:7;Atlantis Hard:7;Raptor Cliff's:7;Raptor Cliff's - Hard:7;Tokyo:7;Tokyo - Hard:7	56	28	28	C7446305E9E0C5DB725189F8301C228485A7E01995D343590A49034FE01F3A54	4F7F8067B0A8CAD7CF6C7518D9F6EC61647924D72BE6CDBDD784573AA7D654F8	raw/period-401-division-114.html	raw/period-401-division-114.txt	raw/period-401-division-114.json	["KillERBee","WendyW(Wyndemere2020)","IMJOMAMA","Heisenberg","DARLAVA","nootnootthesnek","SHA_HOOF_NA"]
2026 May	401	COMPLETED	Semi Pro 3	115	7	8	Quixote Valley:7;Quixote Valley Hard:7;Atlantis:7;Atlantis Hard:7;Raptor Cliff's:7;Raptor Cliff's - Hard:7;Tokyo:7;Tokyo - Hard:7	56	10	46	77CEFA1E71905D84776C3C29028A6E1ED0613E11A355B2DE219412FD66DE31B5	D53FC9746ADB151401546635CE766B2D27E24FDADA7220633EC307947556D22C	raw/period-401-division-115.html	raw/period-401-division-115.txt	raw/period-401-division-115.json	["Maximus_PrimeIV","Bethann","Gatorsfan89","HaphazardOak007","ANDOFGOD","Fry_Lock","sarahloo1971"]
2026 April	381	COMPLETED	Master	21	10	8	Labyrinth:10;Labyrinth - Hard:10;El Dorado:10;El Dorado Hard:10;Wallace & Gromit:10;Wallace & Gromit - Hard:10;8-Bit Lair:10;8-Bit Lair - Hard:10	80	76	4	C1C8C8F0FEC72CA212897D3AE45B7C487B6BDD62BEFB37AE55B0E71AD2DAA9C9	D5FFD376D8F8AA2E448958780A894E163315FC10D754416582EF6475B05A01BD	raw/period-381-division-21.html	raw/period-381-division-21.txt	raw/period-381-division-21.json	["TrickyDicky","yankeedude1123","Blutes87","El Jorge","Zanetti","Neo Impossible","Mully","Princess_Bankshot","Gobson","INDY"]
2026 April	381	COMPLETED	Elite	22	10	8	Labyrinth:10;Labyrinth - Hard:10;El Dorado:10;El Dorado Hard:10;Wallace & Gromit:10;Wallace & Gromit - Hard:10;8-Bit Lair:10;8-Bit Lair - Hard:10	80	72	8	0939FE03BCB02BD0F7A46E16888BAC5EC07AA5640117ADFB317DD6D7B7BE71F2	1FE010FB6B5A743F8F05592AF59B9373D41C79A434110C7F2E026D68725E566A	raw/period-381-division-22.html	raw/period-381-division-22.txt	raw/period-381-division-22.json	["Chelle💯","Slappy","POLANECE","ZoeDarlin","Maximus","PETERK9FLORIDA","Spicy - DawnSophia","bigja33","Matt916","stewiestewie"]
2026 April	381	COMPLETED	Pro 1	23	10	8	Labyrinth:10;Labyrinth - Hard:10;El Dorado:10;El Dorado Hard:10;Wallace & Gromit:10;Wallace & Gromit - Hard:10;8-Bit Lair:10;8-Bit Lair - Hard:10	80	64	16	B813C4E3FCC3082B955A48E5AE40416CCBBA764DA12C984FB533F08D66228662	999069A2C0BBED771B6C0B221583E5E75E2E34DE39E40D4092A8B1A2791AD117	raw/period-381-division-23.html	raw/period-381-division-23.txt	raw/period-381-division-23.json	["PaulV-PPP 🇨🇦","gomarino13","roknhorsebrat","FORE_FUN","mammothrept","Master_KP","deebee","awesome_kris","YODA","AndyP1970"]
2026 April	381	COMPLETED	Pro 2	24	10	8	Labyrinth:10;Labyrinth - Hard:10;El Dorado:10;El Dorado Hard:10;Wallace & Gromit:10;Wallace & Gromit - Hard:10;8-Bit Lair:10;8-Bit Lair - Hard:10	80	64	16	B32F2CF5B728BE9A5E0D6ECC41AF8266C3DC129D24185EEA5E62553FADB7076B	E94564D41AB21352BF128CBE0346D081CEE85188FBD5FFDEDFE7E607C54D1AA1	raw/period-381-division-24.html	raw/period-381-division-24.txt	raw/period-381-division-24.json	["mini_G","gopats37","SerenityMoon","ARTSY","lefty","Chipnputt","SlugJug33","Raccoons Whisker","DMD-Enditnow","Derby_Daz"]
2026 April	381	COMPLETED	Pro 3	25	12	8	Labyrinth:12;Labyrinth - Hard:12;El Dorado:12;El Dorado Hard:12;Wallace & Gromit:12;Wallace & Gromit - Hard:12;8-Bit Lair:12;8-Bit Lair - Hard:12	96	84	12	B181DD801626DC467D29A2F1F408176093E7612D42DB2935846076927DD70BB9	0AAC337C755276E520C1EF45F7C62AB43D19CCC9116C29191F8582A24C7C9A7F	raw/period-381-division-25.html	raw/period-381-division-25.txt	raw/period-381-division-25.json	["leanin2it","plucky✌","D3bb13","The Real JB","Alyssa38","GREATSEER5024","Kd","KIM","BadWolff🐺","lynniebodd","Jennem","YUK1N"]
2026 April	381	COMPLETED	Semi Pro 1	113	10	8	Labyrinth:10;Labyrinth - Hard:10;El Dorado:10;El Dorado Hard:10;Wallace & Gromit:10;Wallace & Gromit - Hard:10;8-Bit Lair:10;8-Bit Lair - Hard:10	80	74	6	9E34212701951858DC29F2D6B4034FFADC2E9D5A8DF34AC062E0B91474BC68C9	573956952612859AD5CC37F9B5F0296A36764EE57E76D21AE24E5F5F12B4482E	raw/period-381-division-113.html	raw/period-381-division-113.txt	raw/period-381-division-113.json	["NuttyGrandpa","Nic79","nootnootthesnek","Ultrafox_Lynne","Earthling","KillERBee","Audrey","musical_atv 🎻","Missi","SHA_HOOF_NA"]
2026 April	381	COMPLETED	Beginner	81	0	0		0	0	0	5BE8CF5DBF3481BB0B3C679D17FF2B06597201E794AA957481EF286B3187382D	E3AAF3A81EE3497071F131F7257136254BC417DB45F1752E5FBDAD1BE974752A	raw/period-381-division-81.html	raw/period-381-division-81.txt	raw/period-381-division-81.json	
2026 April	381	COMPLETED	Welcome	62	12	8	Labyrinth:12;Labyrinth - Hard:12;El Dorado:12;El Dorado Hard:12;Wallace & Gromit:12;Wallace & Gromit - Hard:12;8-Bit Lair:12;8-Bit Lair - Hard:12	96	27	69	D4385C1749F078DA251A701159D3E03B5C3219937F2FC996C91D7D108F383896	FDFE12891C62268A3F0D92D6F20C464F1DE3F075FFB4F47C656D1501F2AB0FFB	raw/period-381-division-62.html	raw/period-381-division-62.txt	raw/period-381-division-62.json	["breezy","Gatorsfan89","ANDOFGOD","pluff","Fry_Lock","Puffin","Maximus_PrimeIV","Woofmaster521 (Kathy)","sarahloo1971","HaphazardOak007","SHANNON_OLIVEOWL","Chicagobry"]
2026 April	381	COMPLETED	Semi Pro 2	114	8	8	Labyrinth:8;Labyrinth - Hard:8;El Dorado:8;El Dorado Hard:8;Wallace & Gromit:8;Wallace & Gromit - Hard:8;8-Bit Lair:8;8-Bit Lair - Hard:8	64	54	10	D19D206483CCBD5960A15045F27FB2E3CE60074D6EA96620299BC92D42F0568A	4C0BC16DAAC8CE151CAB0F7DFD31218F7C5A9F4CCDD24CDF0495B23D126542CD	raw/period-381-division-114.html	raw/period-381-division-114.txt	raw/period-381-division-114.json	["DARLAVA","SMILEROBIN","Heisenberg","Sj_76","WendyW(Wyndemere2020)","Bearded_Driver","IMJOMAMA","Bethann"]
2026 April	381	COMPLETED	Semi Pro 3	115	0	0		0	0	0	F07636D7DF0B8B7C978D99C88AD2C7693E2D66F0A1BCE29468DA2287F041FBE8	2C8DDF0966DE86932017763EB7A173B75318085E53DFBEBBCD3D40F73D31B668	raw/period-381-division-115.html	raw/period-381-division-115.txt	raw/period-381-division-115.json	
2026 March	361	COMPLETED	Master	21	10	8	Arizona Modern:10;Arizona Modern Hard:10;Original Gothic:10;Original Gothic Hard:10;Sweetopia:10;Sweetopia - Hard:10;Laser Lair:10;Laser Lair - Hard:10	80	77	3	5AC703CDA2153FB619A212EFD5E378F96064304E0D9C6B59D38351A22B27BF3F	C3C6425B4F2B31F9E00A8EF139BFE0E3EFE027ECBC6B64FB0ECCB9E30E034728	raw/period-361-division-21.html	raw/period-361-division-21.txt	raw/period-361-division-21.json	["INDY","Blutes87","El Jorge","yankeedude1123","POLANECE","Gobson","Princess_Bankshot","Zanetti","Slappy","PETERK9FLORIDA"]
2026 March	361	COMPLETED	Elite	22	10	8	Arizona Modern:10;Arizona Modern Hard:10;Original Gothic:10;Original Gothic Hard:10;Sweetopia:10;Sweetopia - Hard:10;Laser Lair:10;Laser Lair - Hard:10	80	78	2	A432D9C23A78FDAA020AFDA813B450A66BBF99C611FB119074158F0556783C2F	D2059E344BA0CD56D12D11C30AF149A09585B1C5BEB02FB95B885ED16D550778	raw/period-361-division-22.html	raw/period-361-division-22.txt	raw/period-361-division-22.json	["Matt916","Maximus","Neo Impossible","Mully","bigja33","TrickyDicky","Spicy - DawnSophia","mammothrept","JES_BEACHY","gomarino13"]
2026 March	361	COMPLETED	Pro 1	23	10	8	Arizona Modern:10;Arizona Modern Hard:10;Original Gothic:10;Original Gothic Hard:10;Sweetopia:10;Sweetopia - Hard:10;Laser Lair:10;Laser Lair - Hard:10	80	76	4	F5C9743C3E5C713AE41C87A63F7EC498BBF68B8E6DBE50F2096CC06EE81BBD11	367715D00FC083D6ACD600033400435CF45000976CF5E6F56EE0652DF8AC3CDF	raw/period-361-division-23.html	raw/period-361-division-23.txt	raw/period-361-division-23.json	["stewiestewie","Master_KP","Chelle💯","YODA","ZoeDarlin","Chipnputt","deebee","gopats37","awesome_kris","SerenityMoon"]
2026 March	361	COMPLETED	Pro 2	24	9	8	Arizona Modern:9;Arizona Modern Hard:9;Original Gothic:9;Original Gothic Hard:9;Sweetopia:9;Sweetopia - Hard:9;Laser Lair:9;Laser Lair - Hard:9	72	71	1	A52D0332C8C95FC517FBB657CAB408A70C4CE6D8F3E3CFBF9B9787D5ACA36DE1	342095633C26E4F8339CCAAEDD802081FC2E52C806ABBDBF4BD902F50A423F5B	raw/period-361-division-24.html	raw/period-361-division-24.txt	raw/period-361-division-24.json	["roknhorsebrat","PaulV-PPP 🇨🇦","FORE_FUN","ARTSY","lynniebodd","AndyP1970","Kd","DMD-Enditnow","Raccoons Whisker"]
2026 March	361	COMPLETED	Pro 3	25	13	8	Arizona Modern:13;Arizona Modern Hard:13;Original Gothic:13;Original Gothic Hard:13;Sweetopia:13;Sweetopia - Hard:13;Laser Lair:13;Laser Lair - Hard:13	104	92	12	C35D3FC95C3AFDEA42B01C1B0FAAA15579930557ADE1C68073CE89E1A41C2F3E	583FCA957B800964D371BA02595F5F1DBC031C2082E6E431953010A1A0FF66EB	raw/period-361-division-25.html	raw/period-361-division-25.txt	raw/period-361-division-25.json	["leanin2it","mini_G","Derby_Daz","lefty","SlugJug33","sarahloo1971","Alyssa38","Gatorsfan89","The Real JB","SHA_HOOF_NA","KIM","Nic79","Fry_Lock"]
2026 March	361	COMPLETED	Semi Pro 1	113	10	8	Arizona Modern:10;Arizona Modern Hard:10;Original Gothic:10;Original Gothic Hard:10;Sweetopia:10;Sweetopia - Hard:10;Laser Lair:10;Laser Lair - Hard:10	80	80	0	CE9F259A061C82BCAED48B2E699BCE29BB67D815F752521010549E0F89E1B757	F1ED205BC397AC39F5C69FDEE578E098921615B3D305AFED73CAE37B0AE9A065	raw/period-361-division-113.html	raw/period-361-division-113.txt	raw/period-361-division-113.json	["plucky✌","Jennem","Missi","Bethann","D3bb13","musical_atv 🎻","GREATSEER5024","KillERBee","Ultrafox_Lynne","IMJOMAMA"]
2026 March	361	COMPLETED	Beginner	81	0	0		0	0	0	57708C96B9AAEDBEC10ED7F37DFFFEDF5DBD2AE2A2D4764857D89525FE9098F2	49D15D4AFD42C8B3A7667AB7B9A2230BEDB9B096A39694947813870B80A4289A	raw/period-361-division-81.html	raw/period-361-division-81.txt	raw/period-361-division-81.json	
2026 March	361	COMPLETED	Welcome	62	2	8	Arizona Modern:2;Arizona Modern Hard:2;Original Gothic:2;Original Gothic Hard:2;Sweetopia:2;Sweetopia - Hard:2;Laser Lair:2;Laser Lair - Hard:2	16	10	6	78FD480F2CDA9D69DB653B1BBBBC1E2EC2B9DD1A3BA797E30D700955F4A45D30	DC0804CEF964BFC20E500CB4C70CD8163718EA9FF0AE11A177FB6152F63DB365	raw/period-361-division-62.html	raw/period-361-division-62.txt	raw/period-361-division-62.json	["YUK1N","BadWolff🐺"]
2026 March	361	COMPLETED	Semi Pro 2	114	7	8	Arizona Modern:7;Arizona Modern Hard:7;Original Gothic:7;Original Gothic Hard:7;Sweetopia:7;Sweetopia - Hard:7;Laser Lair:7;Laser Lair - Hard:7	56	56	0	55DA5E6A29F3C5BA3431BDEAC5A42CA513E5052450932A7B3E4ABECFF8FA306E	A963B07FE9FC14AE1F7AC0CECC5FFCB7E447246EDE70A71DEA282A901DEC518D	raw/period-361-division-114.html	raw/period-361-division-114.txt	raw/period-361-division-114.json	["NuttyGrandpa","Earthling","Audrey","SMILEROBIN","Bearded_Driver","WendyW(Wyndemere2020)","Heisenberg"]
2026 March	361	COMPLETED	Semi Pro 3	115	5	8	Arizona Modern:5;Arizona Modern Hard:5;Original Gothic:5;Original Gothic Hard:5;Sweetopia:5;Sweetopia - Hard:5;Laser Lair:5;Laser Lair - Hard:5	40	21	19	A02C42AADB5DD43C583EE8D26BDFDB47EFA8D38C16D27FCDB25F9D88F147C8BE	A272C864E4DDF469ADC189D27E3AE9FAE3EA73DE37DA15F4E3B0365067198044	raw/period-361-division-115.html	raw/period-361-division-115.txt	raw/period-361-division-115.json	["DARLAVA","Sj_76","SHANNON_OLIVEOWL","Woofmaster521 (Kathy)","Chicagobry"]
2026 February	341	COMPLETED	Master	21	10	8	Widow’s Walkabout:10;Widow’s Walkabout - Hard:10;Meow Wolf:10;Meow Wolf - Hard:10;Crystal Lair:10;Crystal Lair - Hard:10;Tiki à Coco:10;Tiki à Coco - Hard:10	80	80	0	C89E31458494AEE79AD905DEA859C1FC19F068F837FAE7684FAD532255B0AD5E	190BE3422C63173641B85E02800B307B2C05A07E73CD3DE98FBBF9365A89CD39	raw/period-341-division-21.html	raw/period-341-division-21.txt	raw/period-341-division-21.json	["yankeedude1123","Gobson","INDY","El Jorge","Blutes87","Neo Impossible","POLANECE","gomarino13","Zanetti","TrickyDicky"]
2026 February	341	COMPLETED	Elite	22	9	8	Widow’s Walkabout:9;Widow’s Walkabout - Hard:9;Meow Wolf:9;Meow Wolf - Hard:9;Crystal Lair:9;Crystal Lair - Hard:9;Tiki à Coco:9;Tiki à Coco - Hard:9	72	70	2	0B4FE70CD7C80221A2506FF494D0224EC4B4DE697889B3DCB3039958D54A3F28	F386696939B276B56445AE8BA0EEE473D3DA59EBCF76F458A509CB303EB51B0B	raw/period-341-division-22.html	raw/period-341-division-22.txt	raw/period-341-division-22.json	["Slappy","Princess_Bankshot","bigja33","PETERK9FLORIDA","Spicy - DawnSophia","Maximus","Mully","stewiestewie","gopats37"]
2026 February	341	COMPLETED	Pro 1	23	10	8	Widow’s Walkabout:10;Widow’s Walkabout - Hard:10;Meow Wolf:10;Meow Wolf - Hard:10;Crystal Lair:10;Crystal Lair - Hard:10;Tiki à Coco:10;Tiki à Coco - Hard:10	80	59	21	CCF64CA6407FAA5AFB4FC3CE01D8357A9A5C04B5B8509F334F4B94DF71957B80	6F3A4F29B38A3B9F22DD3BC3986D045E63EFB7DEEECCAAB42C9A64E4E7E33C4E	raw/period-341-division-23.html	raw/period-341-division-23.txt	raw/period-341-division-23.json	["Matt916","YODA","mammothrept","Master_KP","PaulV-PPP 🇨🇦","JES_BEACHY","DABIGWILLO","deebee","AndyP1970","Derby_Daz"]
2026 February	341	COMPLETED	Pro 2	24	10	8	Widow’s Walkabout:10;Widow’s Walkabout - Hard:10;Meow Wolf:10;Meow Wolf - Hard:10;Crystal Lair:10;Crystal Lair - Hard:10;Tiki à Coco:10;Tiki à Coco - Hard:10	80	64	16	97650BC403C9EAB904C9E298EDE25D68875BB1B71F0C942C630E3303F54D958C	43478F74A42895ECD3EE457BAFD5206C69179CC29E7AFC22C94CA3CC81A40E0A	raw/period-341-division-24.html	raw/period-341-division-24.txt	raw/period-341-division-24.json	["ZoeDarlin","Fry_Lock","Chelle💯","lynniebodd","SerenityMoon","roknhorsebrat","Chipnputt","awesome_kris","Shooter_McGavin","YUK1N"]
2026 February	341	COMPLETED	Pro 3	25	14	8	Widow’s Walkabout:14;Widow’s Walkabout - Hard:14;Meow Wolf:14;Meow Wolf - Hard:14;Crystal Lair:14;Crystal Lair - Hard:14;Tiki à Coco:14;Tiki à Coco - Hard:14	112	86	26	98E33B45382A8C68196BEAF0E196CA06E0D02EB2B9C01B9B2FFC513F21379B36	366ADFAB891A4ECCF530300515D177EC9C8EBC7603E51A4A0B01BA310953D2D4	raw/period-341-division-25.html	raw/period-341-division-25.txt	raw/period-341-division-25.json	["FORE_FUN","sarahloo1971","SHA_HOOF_NA","Kd","ARTSY","GuyB22","D3bb13","Missi","Raccoons Whisker","DMD-Enditnow","musical_atv 🎻","oculus_prime","icecreamman7450","BadWolff🐺"]
2026 February	341	COMPLETED	Semi Pro 1	113	10	8	Widow’s Walkabout:10;Widow’s Walkabout - Hard:10;Meow Wolf:10;Meow Wolf - Hard:10;Crystal Lair:10;Crystal Lair - Hard:10;Tiki à Coco:10;Tiki à Coco - Hard:10	80	69	11	38A8CD488513EA009D4676C02CC445105B98AED1C1DF4889787223FEE9883C55	7CF01A68FB6942333089A4DB39C6C77CF265961BD68B7DF79F0D53863790A4A4	raw/period-341-division-113.html	raw/period-341-division-113.txt	raw/period-341-division-113.json	["SlugJug33","KIM","The Real JB","Nic79","Bethann","Jennem","Alyssa38","Audrey","NuttyGrandpa","FROGMAN"]
2026 February	341	COMPLETED	Beginner	81	0	0		0	0	0	D122208855B9FE561D53ED1E55AC5554A2FD14701507F7633A6E1C0544211B4C	C16EF4ABCB00E8CDA43515CEB224FEA68FC11A884738F0A5874730C37C6D1E4E	raw/period-341-division-81.html	raw/period-341-division-81.txt	raw/period-341-division-81.json	
2026 February	341	COMPLETED	Welcome	62	8	8	Widow’s Walkabout:8;Widow’s Walkabout - Hard:8;Meow Wolf:8;Meow Wolf - Hard:8;Crystal Lair:8;Crystal Lair - Hard:8;Tiki à Coco:8;Tiki à Coco - Hard:8	64	3	61	1DAE6A603D12C57B56C0448A769CFF329AFBFE643D84FF73E26FC0365CB5C7CB	45F833C1E3DB6A7FDBA78E7DE6C7C22A3BD4BED29A36774830081B1FBC2AB010	raw/period-341-division-62.html	raw/period-341-division-62.txt	raw/period-341-division-62.json	["Savy","peach🌻","leanin2it","mamabear2002","WAREY84","Sandtrap","steven2018","Mark1703"]
2026 February	341	COMPLETED	Semi Pro 2	114	10	8	Widow’s Walkabout:10;Widow’s Walkabout - Hard:10;Meow Wolf:10;Meow Wolf - Hard:10;Crystal Lair:10;Crystal Lair - Hard:10;Tiki à Coco:10;Tiki à Coco - Hard:10	80	70	10	EFC0BA67EDCFD216DEA48A35CF79F6BAA7BC5EEEA38A7FE41A207E6F6D6FF126	7824250B35183AC7345E9A84D540EC1E26E8E2CFB699F8856E1372C8817EB83D	raw/period-341-division-114.html	raw/period-341-division-114.txt	raw/period-341-division-114.json	["plucky✌","GREATSEER5024","Ultrafox_Lynne","IMJOMAMA","KillERBee","Heisenberg","SMILEROBIN","SHANNON_OLIVEOWL","Sj_76","Chicagobry"]
2026 February	341	COMPLETED	Semi Pro 3	115	5	8	Widow’s Walkabout:5;Widow’s Walkabout - Hard:5;Meow Wolf:5;Meow Wolf - Hard:5;Crystal Lair:5;Crystal Lair - Hard:5;Tiki à Coco:5;Tiki à Coco - Hard:5	40	25	15	020271601FBC11A9F94431A9D49997CF5E3D4CC5E951533374BA73558A66412D	B646FF1675886DD93BB17742EA18DEBDD66E434C6A6E7B13890C504F15340FD8	raw/period-341-division-115.html	raw/period-341-division-115.txt	raw/period-341-division-115.json	["WILL","Earthling","WendyW(Wyndemere2020)","Bearded_Driver","Sarahlynn727"]
2026 January	321	COMPLETED	Master	21	10	8	Tethys Station:10;Tethys Station - Hard:10;Around The World in 80 Days:10;Around The World - Hard:10;Mount Olympus:10;Mount Olympus - Hard:10;Alice's Adventures in Wonderland:10;Alice's Adventures in Wonderland - Hard:10	80	79	1	AC9C4CA831DA720C723CB9BF0028B8F8FCBE7606233037D0EF8E15F8795DF207	C8945AFD523F8DFFC06F9206254537FA5D02537A14ABA6480E87F113A181D6AC	raw/period-321-division-21.html	raw/period-321-division-21.txt	raw/period-321-division-21.json	["El Jorge","Zanetti","Gobson","INDY","Blutes87","gopats37","yankeedude1123","PETERK9FLORIDA","POLANECE","Slappy"]
2026 January	321	COMPLETED	Elite	22	10	8	Tethys Station:10;Tethys Station - Hard:10;Around The World in 80 Days:10;Around The World - Hard:10;Mount Olympus:10;Mount Olympus - Hard:10;Alice's Adventures in Wonderland:10;Alice's Adventures in Wonderland - Hard:10	80	73	7	98F3ACFC07DEF78911C098079CEE2082EE88625CEF37D2E8BF44F74F99797575	605DD5522A5F68A2590DCAE949F896455BBE714AEC18F4B13DB02C46765F0886	raw/period-321-division-22.html	raw/period-321-division-22.txt	raw/period-321-division-22.json	["bigja33","Neo Impossible","stewiestewie","TrickyDicky","Princess_Bankshot","gomarino13","JES_BEACHY","Maximus","AndyP1970","Derby_Daz"]
2026 January	321	COMPLETED	Pro 1	23	10	8	Tethys Station:10;Tethys Station - Hard:10;Around The World in 80 Days:10;Around The World - Hard:10;Mount Olympus:10;Mount Olympus - Hard:10;Alice's Adventures in Wonderland:10;Alice's Adventures in Wonderland - Hard:10	80	77	3	54D4325C4A122B4F8B32A254D6ED4BDE5B5F94F4CD8D933ACBB32A5795F4CAAB	0985782C0EEA843D3C8CC4C3DB467D1E9553A4C00B5BA4DC8B384F352DA96842	raw/period-321-division-23.html	raw/period-321-division-23.txt	raw/period-321-division-23.json	["l7jazz","Mully","Chipnputt","YODA","mammothrept","PaulV-PPP 🇨🇦","Spicy - DawnSophia","deebee","Fry_Lock","Shooter_McGavin"]
2026 January	321	COMPLETED	Pro 2	24	10	8	Tethys Station:10;Tethys Station - Hard:10;Around The World in 80 Days:10;Around The World - Hard:10;Mount Olympus:10;Mount Olympus - Hard:10;Alice's Adventures in Wonderland:10;Alice's Adventures in Wonderland - Hard:10	80	71	9	00319321EDB2CCA2AA7B7CBC4D203568F77BF27C80028F41B00478BA722560C8	A255C5A5D651583428B0617153B49071E20686EB7E98E2F5A9CCFD55D4A3B552	raw/period-321-division-24.html	raw/period-321-division-24.txt	raw/period-321-division-24.json	["Matt916","DABIGWILLO","Master_KP","Chelle💯","GuyB22","roknhorsebrat","awesome_kris","musical_atv 🎻","icecreamman7450","YUK1N"]
2026 January	321	COMPLETED	Pro 3	25	12	8	Tethys Station:12;Tethys Station - Hard:12;Around The World in 80 Days:12;Around The World - Hard:12;Mount Olympus:12;Mount Olympus - Hard:12;Alice's Adventures in Wonderland:12;Alice's Adventures in Wonderland - Hard:12	96	91	5	9144059820562A0D1C0BAB2AECC0881C87DFC9EEBDA5905AAF8A50145D32559B	2DFB8FE37F7C3DA07FB54CCD7C1E0C652D7D42C48D015E52308C6BF1E0D759B7	raw/period-321-division-25.html	raw/period-321-division-25.txt	raw/period-321-division-25.json	["ZoeDarlin","FROGMAN","Raccoons Whisker","D3bb13","lynniebodd","SerenityMoon","DMD-Enditnow","Kd","NuttyGrandpa","SHA_HOOF_NA","Bethann","Missi"]
2026 January	321	COMPLETED	Semi Pro 1	113	10	8	Tethys Station:10;Tethys Station - Hard:10;Around The World in 80 Days:10;Around The World - Hard:10;Mount Olympus:10;Mount Olympus - Hard:10;Alice's Adventures in Wonderland:10;Alice's Adventures in Wonderland - Hard:10	80	73	7	F4527A93EC80CC52928D4CCD479D6DA0E4D241BF72BE293BA4583BFBE115AAAB	AAB210AFCBD22A4D2FF410B9A0E51E1647358143451FBD6561766565F50581ED	raw/period-321-division-113.html	raw/period-321-division-113.txt	raw/period-321-division-113.json	["Chicagobry","BadWolff🐺","ARTSY","FORE_FUN","Nic79","Alyssa38","Jennem","plucky✌","KIM","Ultrafox_Lynne"]
2026 January	321	COMPLETED	Beginner	81	0	0		0	0	0	6BA3F890F0768BC02C03135153721BC4855BE906616B53F79B05DCCBE974D236	EE2B4BF463051571D4842AF683F80325CC4FE50EFDA7193874B2319F76B6DF5A	raw/period-321-division-81.html	raw/period-321-division-81.txt	raw/period-321-division-81.json	
2026 January	321	COMPLETED	Welcome	62	16	8	Tethys Station:16;Tethys Station - Hard:16;Around The World in 80 Days:16;Around The World - Hard:16;Mount Olympus:16;Mount Olympus - Hard:16;Alice's Adventures in Wonderland:16;Alice's Adventures in Wonderland - Hard:16	128	7	121	8624A189A8F0CA730811934666DD86F8E396CB0A05A45B966B1C575172CDA6EA	5BCA5AF1834D812AC9AE107C99663BE3D0A62373BAC87257E1A6001EBC95BF0B	raw/period-321-division-62.html	raw/period-321-division-62.txt	raw/period-321-division-62.json	["WAREY84","sarahloo1971","peach🌻","JUICE_WRLD","leanin2it","Sj_76","steven2018","Sandtrap","TILTBOMB","mamabear2002","RYANL503","Asphaltcowboy67","MAMAGOATZ","Savy","lacey068","KCRob"]
2026 January	321	COMPLETED	Semi Pro 2	114	7	8	Tethys Station:7;Tethys Station - Hard:7;Around The World in 80 Days:7;Around The World - Hard:7;Mount Olympus:7;Mount Olympus - Hard:7;Alice's Adventures in Wonderland:7;Alice's Adventures in Wonderland - Hard:7	56	51	5	0A74FD0A076F5FC14CE4743CE07777D26927BCFF0B453EADD2A3BE517A0973AB	FB191E8A35B6E0F50E629E8A8F01D645D2DF60FA9DAFD2D26C42D860A3591F17	raw/period-321-division-114.html	raw/period-321-division-114.txt	raw/period-321-division-114.json	["The Real JB","SlugJug33","Audrey","KillERBee","IMJOMAMA","Heisenberg","RICK"]
2026 January	321	COMPLETED	Semi Pro 3	115	9	8	Tethys Station:9;Tethys Station - Hard:9;Around The World in 80 Days:9;Around The World - Hard:9;Mount Olympus:9;Mount Olympus - Hard:9;Alice's Adventures in Wonderland:9;Alice's Adventures in Wonderland - Hard:9	72	47	25	367107C499E14349578AF0339FA3A5845BECE7EE036E9D8CCB229842E341BEF6	B57FC57BC6277A34436135DF899A97D687098AAA885DCA03FC5F219B16AB789B	raw/period-321-division-115.html	raw/period-321-division-115.txt	raw/period-321-division-115.json	["WendyW(Wyndemere2020)","GREATSEER5024","SMILEROBIN","Bearded_Driver","SHANNON_OLIVEOWL","Sarahlynn727","RUBBERDUCK","Mark1703","Earthling"]
2025 December	301	COMPLETED	Master	21	10	8	Myst:10;Myst Hard:10;Shangri-La:10;Shangri-La - Hard:10;Venice:10;Venice - Hard:10;Viva Las Elvis:10;Viva Las Elvis - Hard:10	80	76	4	D4F99DDAA837A108289F3D09259A9465E05718C1E6083374A0C36D62E906CFFD	2EB1ED5BE87D790CE16BE756C7558EE1DCDB515E75B11D2C9A400040BCAC0A53	raw/period-301-division-21.html	raw/period-301-division-21.txt	raw/period-301-division-21.json	["Zanetti","Neo Impossible","INDY","El Jorge","PETERK9FLORIDA","Blutes87","POLANECE","Gobson","TrickyDicky","Derby_Daz"]
2025 December	301	COMPLETED	Elite	22	10	8	Myst:10;Myst Hard:10;Shangri-La:10;Shangri-La - Hard:10;Venice:10;Venice - Hard:10;Viva Las Elvis:10;Viva Las Elvis - Hard:10	80	70	10	2DBF6EFF27929EFC8EB696B0F56C39B3494A9B3415E4D1ED204C0345CEE5949E	60DA022EB8DAE9234501FF9C8A303387569700663AD3529530F0DAF52D1E2DE9	raw/period-301-division-22.html	raw/period-301-division-22.txt	raw/period-301-division-22.json	["yankeedude1123","Maximus","gopats37","bigja33","Slappy","Mully","Spicy - DawnSophia","Princess_Bankshot","AndyP1970","YODA"]
2025 December	301	COMPLETED	Pro 1	23	10	8	Myst:10;Myst Hard:10;Shangri-La:10;Shangri-La - Hard:10;Venice:10;Venice - Hard:10;Viva Las Elvis:10;Viva Las Elvis - Hard:10	80	78	2	64906BDE0BF011C19A4F25C4F90A4242D6E5E6F0325802B7F41D1502D5C2B126	3E250D9176B58ACD556DAAADB9463ED8D7D92D279B4713BCB31B059FB6E54961	raw/period-301-division-23.html	raw/period-301-division-23.txt	raw/period-301-division-23.json	["deebee","Shooter_McGavin","gomarino13","JES_BEACHY","mammothrept","YUK1N","PaulV-PPP 🇨🇦","icecreamman7450","stewiestewie","Chelle💯"]
2025 December	301	COMPLETED	Pro 2	24	9	8	Myst:9;Myst Hard:9;Shangri-La:9;Shangri-La - Hard:9;Venice:9;Venice - Hard:9;Viva Las Elvis:9;Viva Las Elvis - Hard:9	72	63	9	B337AFE53B2D092D200274BECE6DC4A809E06AEDD34CF3DD840DE074409674C6	1B2F629822176FEBD095864631D0E8AA83E5D20D5FB50CAB025B33D5ED2B8212	raw/period-301-division-24.html	raw/period-301-division-24.txt	raw/period-301-division-24.json	["GuyB22","Fry_Lock","l7jazz","Chipnputt","D3bb13","musical_atv 🎻","roknhorsebrat","Master_KP","steven2018"]
2025 December	301	COMPLETED	Pro 3	25	12	8	Myst:12;Myst Hard:12;Shangri-La:12;Shangri-La - Hard:12;Venice:12;Venice - Hard:12;Viva Las Elvis:12;Viva Las Elvis - Hard:12	96	83	13	28DDC03FB6E7259894D1B6BD49333DFD5EED9BE7E141D47FED7B0CE605DDAA33	9D716A23F8F75FA3C2302C6466D59813B0189E4D1AA71FDED21351E8555EEEAC	raw/period-301-division-25.html	raw/period-301-division-25.txt	raw/period-301-division-25.json	["Matt916","DABIGWILLO","SerenityMoon","KCRob","ZoeDarlin","awesome_kris","BadWolff🐺","Raccoons Whisker","DMD-Enditnow","NuttyGrandpa","SHA_HOOF_NA","sarahloo1971"]
2025 December	301	COMPLETED	Semi Pro 1	113	8	8	Myst:8;Myst Hard:8;Shangri-La:8;Shangri-La - Hard:8;Venice:8;Venice - Hard:8;Viva Las Elvis:8;Viva Las Elvis - Hard:8	64	47	17	6B5CF846C8A67AC3197852F9A7B70EBF02CA4B096A2A85FDC4D213B3BAC6A683	C5A3A108A85DE15D24C9D13CF38384E980C2CC7C9AD47DD45737A72189325470	raw/period-301-division-113.html	raw/period-301-division-113.txt	raw/period-301-division-113.json	["Chicagobry","Jennem","Bethann","Missi","Kd","ARTSY","Alyssa38","Asphaltcowboy67"]
2025 December	301	COMPLETED	Beginner	81	0	0		0	0	0	ECB4EF261440440D3504F27D53DF2A6525180EB7378644F33BC41D7EEF669B73	FB64FFA4A172DE9F358B81093F7EA21DC1FD196F0CFF706D7A8A3D393D5E001C	raw/period-301-division-81.html	raw/period-301-division-81.txt	raw/period-301-division-81.json	
2025 December	301	COMPLETED	Welcome	62	10	8	Myst:10;Myst Hard:10;Shangri-La:10;Shangri-La - Hard:10;Venice:10;Venice - Hard:10;Viva Las Elvis:10;Viva Las Elvis - Hard:10	80	0	80	295141B16FFA6617E47CA4AA3AC785809181DCD1DD5D2EDD130D75DBC9F731C2	B3D8BBE0519B0EEF9320C594FD8FA4B3556ADEFD75D11AAB067965C64B9DFEB2	raw/period-301-division-62.html	raw/period-301-division-62.txt	raw/period-301-division-62.json	["lynniebodd","Savy","JUICE_WRLD","TILTBOMB","RYANL503","FROGMAN","MAMAGOATZ","Sandtrap","lacey068","WAREY84"]
2025 December	301	COMPLETED	Semi Pro 2	114	8	8	Myst:8;Myst Hard:8;Shangri-La:8;Shangri-La - Hard:8;Venice:8;Venice - Hard:8;Viva Las Elvis:8;Viva Las Elvis - Hard:8	64	50	14	F9331026B1B326752D9CB0766A7F281B53721E306201C8C30FD0964F289B84D8	E5BB09A0FC8941463FDD9059F986A7F211E192C702D928A1D5896BE9D7765C1F	raw/period-301-division-114.html	raw/period-301-division-114.txt	raw/period-301-division-114.json	["Nic79","plucky✌","KillERBee","Ultrafox_Lynne","Heisenberg","leanin2it","peach🌻","WendyW(Wyndemere2020)"]
2025 December	301	COMPLETED	Semi Pro 3	115	5	8	Myst:5;Myst Hard:5;Shangri-La:5;Shangri-La - Hard:5;Venice:5;Venice - Hard:5;Viva Las Elvis:5;Viva Las Elvis - Hard:5	40	33	7	3E1666B1840282163C1A14ECA0E24634E3729FAFC5F499FEAB28A76F1C51FE64	8B05FDA157CCA6CFC4353DA18DA5114D10F1486708CA2C9052E18E529C5077C0	raw/period-301-division-115.html	raw/period-301-division-115.txt	raw/period-301-division-115.json	["The Real JB","SlugJug33","Audrey","Sj_76","RUBBERDUCK"]
2025 November	281	COMPLETED	Master	21	10	8	Cherry Blossom:10;Cherry Blossom Hard:10;Temple at Zerzura:10;Temple at Zerzura - Hard:10;20,000 Leagues Under The Sea:10;20,000 Leagues Hard:10;Forgotten Fairyland:10;Forgotten Fairyland - Hard:10	80	80	0	06B16E02899495C8D68C2D4064AD3694ACC50586A62A009E1EB8CBC851DF9D77	D3D6C5164C1E4DFAF5F72AFAA5572B070A4A47B684367E6FA2CD4C9E58A4B2D0	raw/period-281-division-21.html	raw/period-281-division-21.txt	raw/period-281-division-21.json	["Zanetti","Gobson","INDY","El Jorge","Blutes87","POLANECE","Mully","yankeedude1123","Spicy - DawnSophia","Neo Impossible"]
2025 November	281	COMPLETED	Elite	22	10	8	Cherry Blossom:10;Cherry Blossom Hard:10;Temple at Zerzura:10;Temple at Zerzura - Hard:10;20,000 Leagues Under The Sea:10;20,000 Leagues Hard:10;Forgotten Fairyland:10;Forgotten Fairyland - Hard:10	80	80	0	53E3689AB3043E5DA0ACDAAB37DCE7A586876C21542C2918BA65859811354B3A	C4E905BFEE895FAFAA51C3397666934538E85C88FC0DBE066AB4635036F33F82	raw/period-281-division-22.html	raw/period-281-division-22.txt	raw/period-281-division-22.json	["TrickyDicky","icecreamman7450","PETERK9FLORIDA","Princess_Bankshot","Derby_Daz","Maximus","Slappy","Shooter_McGavin","gomarino13","bigja33"]
2025 November	281	COMPLETED	Pro 1	23	10	8	Cherry Blossom:10;Cherry Blossom Hard:10;Temple at Zerzura:10;Temple at Zerzura - Hard:10;20,000 Leagues Under The Sea:10;20,000 Leagues Hard:10;Forgotten Fairyland:10;Forgotten Fairyland - Hard:10	80	78	2	22BFE458D29DF93D43900C70D964237370584849B5D13DB07E8289D4257E2E6C	9646E2BB99C03C3A8BBC9C2203C7ADCB43A19AFFB3A01F073AA3D5E294BF6F89	raw/period-281-division-23.html	raw/period-281-division-23.txt	raw/period-281-division-23.json	["YODA","gopats37","l7jazz","stewiestewie","deebee","Chelle💯","mammothrept","AndyP1970","steven2018","D3bb13"]
2025 November	281	COMPLETED	Pro 2	24	10	8	Cherry Blossom:10;Cherry Blossom Hard:10;Temple at Zerzura:10;Temple at Zerzura - Hard:10;20,000 Leagues Under The Sea:10;20,000 Leagues Hard:10;Forgotten Fairyland:10;Forgotten Fairyland - Hard:10	80	74	6	0CFAD245D8DA2AE617E87822EDDAA5A0444903815EDF97CD526F6875459357F4	54C22CFF94F530EE8761F43288EDFFEABBFD8F2887B54477871EDB5616F258BD	raw/period-281-division-24.html	raw/period-281-division-24.txt	raw/period-281-division-24.json	["JES_BEACHY","YUK1N","PaulV-PPP 🇨🇦","sarahloo1971","KCRob","roknhorsebrat","GuyB22","musical_atv 🎻","Chipnputt","SHA_HOOF_NA"]
2025 November	281	COMPLETED	Pro 3	25	11	8	Cherry Blossom:11;Cherry Blossom Hard:11;Temple at Zerzura:11;Temple at Zerzura - Hard:11;20,000 Leagues Under The Sea:11;20,000 Leagues Hard:11;Forgotten Fairyland:11;Forgotten Fairyland - Hard:11	88	68	20	5BA277FE2FB655736A57D8D3CBA80092754D68A089CE0E07DA75AD4437D31C35	4C7FD28580EEB6F0C3790B6FC98DD60DE43BE95A9F771C8FDE13306BF90E08D9	raw/period-281-division-25.html	raw/period-281-division-25.txt	raw/period-281-division-25.json	["DABIGWILLO","Chicagobry","awesome_kris","Master_KP","Fry_Lock","DMD-Enditnow","JUICE_WRLD","NuttyGrandpa","Sj_76","FROGMAN","Asphaltcowboy67"]
2025 November	281	COMPLETED	Semi Pro 1	113	10	8	Cherry Blossom:10;Cherry Blossom Hard:10;Temple at Zerzura:10;Temple at Zerzura - Hard:10;20,000 Leagues Under The Sea:10;20,000 Leagues Hard:10;Forgotten Fairyland:10;Forgotten Fairyland - Hard:10	80	64	16	49D74A30BB13D059C5F75DCC1BD92A60EFAB27690B67CD2299C93C93AB1959C7	E6964395BB38204111DBA409ABA0280B26BB52ED1BC5C57D7667E4736EEFFE3A	raw/period-281-division-113.html	raw/period-281-division-113.txt	raw/period-281-division-113.json	["ZoeDarlin","lynniebodd","plucky✌","SerenityMoon","Kd","Missi","Raccoons Whisker","Alyssa38","lacey068","leanin2it"]
2025 November	281	COMPLETED	Beginner	81	0	0		0	0	0	096B6DC128C1AA03FCDC089006508CE07FC0EEA0A2EBCBBDF0B871D2649C9DA1	BEE68EDFAE1A36FED3CEA28F9F64481348AA23BFC91A10A6AC38A1F17D5BDB54	raw/period-281-division-81.html	raw/period-281-division-81.txt	raw/period-281-division-81.json	
2025 November	281	COMPLETED	Welcome	62	18	8	Cherry Blossom:18;Cherry Blossom Hard:18;Temple at Zerzura:18;Temple at Zerzura - Hard:18;20,000 Leagues Under The Sea:18;20,000 Leagues Hard:18;Forgotten Fairyland:18;Forgotten Fairyland - Hard:18	144	5	139	F1C88B707055AB62AED374E3BABDCC33826103A022759C497D16559637985BFE	6B48223A337B9423EE65C7BCC71C4AAE39F2335915853DAA8053D58ADC23596F	raw/period-281-division-62.html	raw/period-281-division-62.txt	raw/period-281-division-62.json	["mini_G","ladybugg660","BIGDLONGSTROKE","Matt916","freitag68","𝙹𝚞𝚕𝚒𝚊𝚗","BadWolff🐺","Camdawg15","KDK","Drew_0706","SubZero","fake4real","ANDRIA77","Merged into 8588","WIGS","DaisyShaw","TILTBOMB","4-cough"]
2025 November	281	COMPLETED	Semi Pro 2	114	10	8	Cherry Blossom:10;Cherry Blossom Hard:10;Temple at Zerzura:10;Temple at Zerzura - Hard:10;20,000 Leagues Under The Sea:10;20,000 Leagues Hard:10;Forgotten Fairyland:10;Forgotten Fairyland - Hard:10	80	57	23	2B9B252A018C15D8CB6FAE9FB729669F92E23522F4EBF02F69022E27DF4D7EB1	08A71EA43FCAE6EC4B95B63330103C2EF544FDF63D6DD1594654A2348E4F76CE	raw/period-281-division-114.html	raw/period-281-division-114.txt	raw/period-281-division-114.json	["peach🌻","Jennem","ARTSY","Bethann","Ultrafox_Lynne","WendyW(Wyndemere2020)","RYANL503","Sandtrap","MAMAGOATZ","RUBBERDUCK"]
2025 November	281	COMPLETED	Semi Pro 3	115	6	8	Cherry Blossom:6;Cherry Blossom Hard:6;Temple at Zerzura:6;Temple at Zerzura - Hard:6;20,000 Leagues Under The Sea:6;20,000 Leagues Hard:6;Forgotten Fairyland:6;Forgotten Fairyland - Hard:6	48	28	20	33927A01B4D47BF202D32DF810C658A8F4C09D4A65640D02D4EF51E09A242357	6AC4BD7529BDE5315205DE6C284FFC17EE9B8A1F822A87B0ECC17E50CD1A20D4	raw/period-281-division-115.html	raw/period-281-division-115.txt	raw/period-281-division-115.json	["Nic79","Savy","KillERBee","Heisenberg","TommyGunnzFund","WAREY84"]
2025 October	261	COMPLETED	Master	21	10	8	Seagull Stacks:10;Seagull Stacks - Hard:10;Wallace & Gromit:10;Wallace & Gromit - Hard:10;8-Bit Lair:10;8-Bit Lair - Hard:10;Raptor Cliff's:10;Raptor Cliff's - Hard:10	80	80	0	26F09C00FB5161D9AAC7880E88E3F4D3BE29BD9DB6A44700AB4775BEF4401FD6	147ECC3A1D0E4D77B1DDAE5E21CE63EC2D9432C3F089759E7B2C128D0DBB5383	raw/period-261-division-21.html	raw/period-261-division-21.txt	raw/period-261-division-21.json	["El Jorge","Blutes87","INDY","POLANECE","Mully","icecreamman7450","Gobson","PETERK9FLORIDA","Shooter_McGavin","Neo Impossible"]
2025 October	261	COMPLETED	Elite	22	10	8	Seagull Stacks:10;Seagull Stacks - Hard:10;Wallace & Gromit:10;Wallace & Gromit - Hard:10;8-Bit Lair:10;8-Bit Lair - Hard:10;Raptor Cliff's:10;Raptor Cliff's - Hard:10	80	76	4	247478D7E92B6C2310EFA357861C469D4E926567060D37D93523FAF3860C024D	F448C57ABB4FFE17A40C787F79CA10B358F13B4B79F82D06FBCAA3E214BCAE0B	raw/period-261-division-22.html	raw/period-261-division-22.txt	raw/period-261-division-22.json	["Zanetti","Princess_Bankshot","yankeedude1123","Spicy - DawnSophia","stewiestewie","l7jazz","Maximus","steven2018","Derby_Daz","gomarino13"]
2025 October	261	COMPLETED	Pro 1	23	10	8	Seagull Stacks:10;Seagull Stacks - Hard:10;Wallace & Gromit:10;Wallace & Gromit - Hard:10;8-Bit Lair:10;8-Bit Lair - Hard:10;Raptor Cliff's:10;Raptor Cliff's - Hard:10	80	76	4	614150E90E6B80494463D0E376E7025F0D731E80496E3C10475F2EC821DE33C2	CBB812F532B789FFE0C3221F0F86917DCD4605FD866453A1683C63BD1F3C2C4E	raw/period-261-division-23.html	raw/period-261-division-23.txt	raw/period-261-division-23.json	["mammothrept","TrickyDicky","bigja33","gopats37","YODA","deebee","Slappy","PaulV-PPP 🇨🇦","roknhorsebrat","YUK1N"]
2025 October	261	COMPLETED	Pro 2	24	10	8	Seagull Stacks:10;Seagull Stacks - Hard:10;Wallace & Gromit:10;Wallace & Gromit - Hard:10;8-Bit Lair:10;8-Bit Lair - Hard:10;Raptor Cliff's:10;Raptor Cliff's - Hard:10	80	49	31	08DE7BFA539B09189C9B69A56EDDCC738D9859A2AFF0F495648BC25F9A1E985C	31E8E312A111302EF1F8333DAE3E158F3E332A67C1BCF97CA6761FB09031CA0F	raw/period-261-division-24.html	raw/period-261-division-24.txt	raw/period-261-division-24.json	["AndyP1970","GuyB22","Chelle💯","JES_BEACHY","D3bb13","KCRob","FROGMAN","𝙹𝚞𝚕𝚒𝚊𝚗","Merged into 8588","sarahloo1971"]
2025 October	261	COMPLETED	Pro 3	25	10	8	Seagull Stacks:10;Seagull Stacks - Hard:10;Wallace & Gromit:10;Wallace & Gromit - Hard:10;8-Bit Lair:10;8-Bit Lair - Hard:10;Raptor Cliff's:10;Raptor Cliff's - Hard:10	80	68	12	53F4E3A2DAD90069135AD2F319EA1B3D9619E2DA58A45E579681C771021D5A72	7FE6F2264BBA601A726D61D6383F65C4D28160B93B396AD35EB6A41EB010E08C	raw/period-261-division-25.html	raw/period-261-division-25.txt	raw/period-261-division-25.json	["Sj_76","musical_atv 🎻","Chipnputt","DABIGWILLO","NuttyGrandpa","awesome_kris","SHA_HOOF_NA","leanin2it","Alyssa38","lynniebodd"]
2025 October	261	COMPLETED	Semi Pro 1	113	10	8	Seagull Stacks:10;Seagull Stacks - Hard:10;Wallace & Gromit:10;Wallace & Gromit - Hard:10;8-Bit Lair:10;8-Bit Lair - Hard:10;Raptor Cliff's:10;Raptor Cliff's - Hard:10	80	77	3	BE9DB6BF74155B5874AE8A41CBAFBE2080F0389F234A615636029F10F4E5CA4C	F0A2508ED632378ABB8A4914F94D659B4C4F66AA150133F1D344CDC3DF67703F	raw/period-261-division-113.html	raw/period-261-division-113.txt	raw/period-261-division-113.json	["SerenityMoon","Fry_Lock","DMD-Enditnow","Master_KP","Raccoons Whisker","Jennem","lacey068","ARTSY","peach🌻","Missi"]
2025 October	261	COMPLETED	Beginner	81	0	0		0	0	0	CF2851FCB12E6162185BAD78DBA2121B06FBF386F101E538ED2164B6639ED35E	E1B2B5EE5A8C5A42F1B2A082FD5E7690C13D031717679AD18650CD1ADB0519EC	raw/period-261-division-81.html	raw/period-261-division-81.txt	raw/period-261-division-81.json	
2025 October	261	COMPLETED	Welcome	62	15	8	Seagull Stacks:15;Seagull Stacks - Hard:15;Wallace & Gromit:15;Wallace & Gromit - Hard:15;8-Bit Lair:15;8-Bit Lair - Hard:15;Raptor Cliff's:15;Raptor Cliff's - Hard:15	120	17	103	0093A3C45433DD55A459F37E7248684411CF4B85ED5BFE50DBC6B1CC5D12200B	58C99CE70DBFC5E34C94A52D95A188B043CFABF7E48FA2926C168691271452F6	raw/period-261-division-62.html	raw/period-261-division-62.txt	raw/period-261-division-62.json	["IMJOMAMA","TILTBOMB","JUICE_WRLD","Matt916","BadWolff🐺","DaisyShaw","Asphaltcowboy67","SubZero","ladybugg660","WIGS","Drew_0706","fake4real","Camdawg15","mini_G","4-cough"]
2025 October	261	COMPLETED	Semi Pro 2	114	8	8	Seagull Stacks:8;Seagull Stacks - Hard:8;Wallace & Gromit:8;Wallace & Gromit - Hard:8;8-Bit Lair:8;8-Bit Lair - Hard:8;Raptor Cliff's:8;Raptor Cliff's - Hard:8	64	47	17	E06E76C620D9E1872C4F95744199542A86E93E937C4CE477D2131082AC4ED670	D6C9E983A788194C63B180D24C0BAAEB12CB613AB4E1AC4CDA0D53DCD0441370	raw/period-261-division-114.html	raw/period-261-division-114.txt	raw/period-261-division-114.json	["ZoeDarlin","Sandtrap","freitag68","plucky✌","Kd","MAMAGOATZ","Bethann","RUBBERDUCK"]
2025 October	261	COMPLETED	Semi Pro 3	115	8	8	Seagull Stacks:8;Seagull Stacks - Hard:8;Wallace & Gromit:8;Wallace & Gromit - Hard:8;8-Bit Lair:8;8-Bit Lair - Hard:8;Raptor Cliff's:8;Raptor Cliff's - Hard:8	64	54	10	4E037F8DC4AE0DAAAF39B0AF2E91F80D33C97B4A86B814A0C8234600FAC65039	04155A3450EBF4430C1E2E6B7493E4CF859F9F404B1991DF0B710135C4AA4B2E	raw/period-261-division-115.html	raw/period-261-division-115.txt	raw/period-261-division-115.json	["WendyW(Wyndemere2020)","Savy","KillERBee","Ultrafox_Lynne","RYANL503","Heisenberg","TommyGunnzFund","WAREY84"]
2025 September	241	COMPLETED	Master	21	10	8	Tourist Trap:10;Tourist Trap Hard:10;Gardens of Babylon:10;Gardens of Babylon Hard:10;Holiday Hideaway:10;Holiday Hideaway - Hard:10;Tokyo:10;Tokyo - Hard:10	80	78	2	6B502F42E2D1E399B32A8BEB2873D34A8497825E882D1D1FBD3E673447139EF8	A8B473FC6C5DBB5B8D8573BBBA522DFFB09E76507816FA616595E7BA603D7399	raw/period-241-division-21.html	raw/period-241-division-21.txt	raw/period-241-division-21.json	["Blutes87","INDY","POLANECE","Gobson","El Jorge","Neo Impossible","Mully","steven2018","Princess_Bankshot","l7jazz"]
2025 September	241	COMPLETED	Elite	22	10	8	Tourist Trap:10;Tourist Trap Hard:10;Gardens of Babylon:10;Gardens of Babylon Hard:10;Holiday Hideaway:10;Holiday Hideaway - Hard:10;Tokyo:10;Tokyo - Hard:10	80	80	0	80F7D9AD80D4A9386014F627E4F404EB3BE5D26E998705A9E8BF0FC0BC778F55	85492C45937659A3E804479101B5BF59D637CC72BA0D75F34809FE74CB7725DB	raw/period-241-division-22.html	raw/period-241-division-22.txt	raw/period-241-division-22.json	["PETERK9FLORIDA","icecreamman7450","Maximus","Shooter_McGavin","Spicy - DawnSophia","YODA","bigja33","gopats37","Derby_Daz","gomarino13"]
2025 September	241	COMPLETED	Pro 1	23	9	8	Tourist Trap:9;Tourist Trap Hard:9;Gardens of Babylon:9;Gardens of Babylon Hard:9;Holiday Hideaway:9;Holiday Hideaway - Hard:9;Tokyo:9;Tokyo - Hard:9	72	64	8	B7A7133070F34BE5173AF41C734B9FBAD22A1D1C7659A343EDD5BA6A4969C6C4	1A30CB46D62F01F340F18196387330F038A0FE464AE5914E04CB69289B5108B9	raw/period-241-division-23.html	raw/period-241-division-23.txt	raw/period-241-division-23.json	["Zanetti","yankeedude1123","Slappy","TrickyDicky","stewiestewie","deebee","mammothrept","𝙹𝚞𝚕𝚒𝚊𝚗","JES_BEACHY"]
2025 September	241	COMPLETED	Pro 2	24	8	8	Tourist Trap:8;Tourist Trap Hard:8;Gardens of Babylon:8;Gardens of Babylon Hard:8;Holiday Hideaway:8;Holiday Hideaway - Hard:8;Tokyo:8;Tokyo - Hard:8	64	48	16	B19E4C43DEF1EA04C8E6A6A5293C7634262E04D67970D6C932426FA4221D243C	C177C3E3EA6D596BD4D069D1649B54D9DEEBF57C5EA46A0AEEF5E6CA031FA64F	raw/period-241-division-24.html	raw/period-241-division-24.txt	raw/period-241-division-24.json	["roknhorsebrat","YUK1N","PaulV-PPP 🇨🇦","KCRob","sarahloo1971","leanin2it","Merged into 8588","FROGMAN"]
2025 September	241	COMPLETED	Pro 3	25	14	8	Tourist Trap:14;Tourist Trap Hard:14;Gardens of Babylon:14;Gardens of Babylon Hard:14;Holiday Hideaway:14;Holiday Hideaway - Hard:14;Tokyo:14;Tokyo - Hard:14	112	111	1	A034D9720EFC3936B1041F0CB51B886E65316338661EF05A839C74E5D28A8668	FA789D6F0BFF3A7EB7161CFAB50E86540E65A2D7E121EA9FABCC55574B8E83B6	raw/period-241-division-25.html	raw/period-241-division-25.txt	raw/period-241-division-25.json	["Chelle💯","AndyP1970","GuyB22","D3bb13","DMD-Enditnow","awesome_kris","Chipnputt","SHA_HOOF_NA","DABIGWILLO","Alyssa38","lacey068","lynniebodd","SerenityMoon","peach🌻"]
2025 September	241	COMPLETED	Semi Pro 1	113	9	8	Tourist Trap:9;Tourist Trap Hard:9;Gardens of Babylon:9;Gardens of Babylon Hard:9;Holiday Hideaway:9;Holiday Hideaway - Hard:9;Tokyo:9;Tokyo - Hard:9	72	65	7	8C069BB98A08BBFD61DB3A8EBDC99A8D6E2DC548583BEF253E59CA686FFF5733	A30A6C2936D2374C3057A4EA3BCA7B93EA8DA656446857193000519D55BA5B31	raw/period-241-division-113.html	raw/period-241-division-113.txt	raw/period-241-division-113.json	["musical_atv 🎻","Sj_76","freitag68","NuttyGrandpa","ARTSY","Jennem","Kd","Sandtrap","Missi"]
2025 September	241	COMPLETED	Beginner	81	0	0		0	0	0	43062A860CF3724243C2E947E25A79FD869F1EF4EA88F891FC274FDB1889A585	4C390986A50EFDBF79598151A5BFA5122721FB0353C3A490FCF8CAE737C9C58D	raw/period-241-division-81.html	raw/period-241-division-81.txt	raw/period-241-division-81.json	
2025 September	241	COMPLETED	Welcome	62	31	8	Tourist Trap:25;Tourist Trap Hard:25;Gardens of Babylon:25;Gardens of Babylon Hard:25;Holiday Hideaway:25;Holiday Hideaway - Hard:25;Tokyo:25;Tokyo - Hard:25	200	7	193	32792B680445C581E2CCB6207B699B385DBF65458B480F44F84D5FAE42019495	CC0B42EEC16D3B16DCD005E9940CE647DD9498700721D29FBD9B6EE4A771FA5B	raw/period-241-division-62.html	raw/period-241-division-62.txt	raw/period-241-division-62.json	["mini_G","SubZero","4-cough","Matt916","sirtacoman13","SQUEEZY_JIBBZ","JUICE_WRLD","Awkward3Sauce","bendybear","Empzurg","BadWolff🐺","DaisyShaw","Drew_0706","Asphaltcowboy67","TILTBOMB","CHERIE_ROSE","WIGS","Merged into 8189","Andrew_Holmes","GALICE1975","LLABB23_LISA","IMJOMAMA","KYLE","RINTARA","fake4real","StevieWonderful","PUTT_FOR_DOH","Camdawg15","Chachi Mendelo","SKEETER78","ladybugg660"]
2025 September	241	COMPLETED	Semi Pro 2	114	8	8	Tourist Trap:8;Tourist Trap Hard:8;Gardens of Babylon:8;Gardens of Babylon Hard:8;Holiday Hideaway:8;Holiday Hideaway - Hard:8;Tokyo:8;Tokyo - Hard:8	64	63	1	90F15BD7368D5DC95C4EC4640C11DDCD462D235B511750DDB98B0BE5C6B55199	CD31D79129EF8E64D1BAF12EB943F1E60775C9875F53E72244C043A4D630B2B5	raw/period-241-division-114.html	raw/period-241-division-114.txt	raw/period-241-division-114.json	["Fry_Lock","Raccoons Whisker","Master_KP","plucky✌","KillERBee","SavageX89","WendyW(Wyndemere2020)","MAMAGOATZ"]
2025 September	241	COMPLETED	Semi Pro 3	115	8	8	Tourist Trap:8;Tourist Trap Hard:8;Gardens of Babylon:8;Gardens of Babylon Hard:8;Holiday Hideaway:8;Holiday Hideaway - Hard:8;Tokyo:8;Tokyo - Hard:8	64	47	17	A493C311E58922B69EFB40F5D32C2AB06945E63FB3F0D120E0FF19A9738FBA7B	E4AD386294C2ACBC5C3D9F317219957B3B1AC109D7202221405BD5FBEED80BA6	raw/period-241-division-115.html	raw/period-241-division-115.txt	raw/period-241-division-115.json	["ZoeDarlin","Ultrafox_Lynne","RUBBERDUCK","ANDRIA77","Bethann","Savy","KDK","SMILEROBIN"]
2025 August	221	COMPLETED	Master	21	10	8	El Dorado:10;El Dorado Hard:10;Atlantis:10;Atlantis Hard:10;Alfheim:10;Alfheim Hard:10;Ice Lair:10;Ice Lair - Hard:10	80	66	14	35B2BA2F9CC0977A748FF24A6E27024B654249EE085E9988D18C073EAC08FC31	2497804BA151154A5C0956E2A750E39EA05C23C940F03CC7E8DDF310D1189331	raw/period-221-division-21.html	raw/period-221-division-21.txt	raw/period-221-division-21.json	["POLANECE","El Jorge","Derby_Daz","INDY","Mully","Princess_Bankshot","Gobson","l7jazz","DaisyShaw","YODA"]
2025 August	221	COMPLETED	Elite	22	10	8	El Dorado:10;El Dorado Hard:10;Atlantis:10;Atlantis Hard:10;Alfheim:10;Alfheim Hard:10;Ice Lair:10;Ice Lair - Hard:10	80	75	5	C4C320CFABB0A75079D032AE4977CC66337576D2EA67DEECCED51C425E0F8E18	0A0DE98769A00C98A8893FCC0CB2C0883CDE310ECA9F8D8DBDB3FD8EFE7C9DEE	raw/period-221-division-22.html	raw/period-221-division-22.txt	raw/period-221-division-22.json	["Neo Impossible","steven2018","Blutes87","bigja33","TrickyDicky","gopats37","stewiestewie","Maximus","PETERK9FLORIDA","Slappy"]
2025 August	221	COMPLETED	Pro 1	23	10	8	El Dorado:10;El Dorado Hard:10;Atlantis:10;Atlantis Hard:10;Alfheim:10;Alfheim Hard:10;Ice Lair:10;Ice Lair - Hard:10	80	57	23	62D7800727E4992F633683220192A6330C9962A4832C9698AD782063F2416691	2FE929329D8539DDB70CC5C10E394B09797BEADFF06642105CAC6177A1A396AA	raw/period-221-division-23.html	raw/period-221-division-23.txt	raw/period-221-division-23.json	["leanin2it","icecreamman7450","gomarino13","JES_BEACHY","Spicy - DawnSophia","Shooter_McGavin","4-cough","deebee","Matt916","YUK1N"]
2025 August	221	COMPLETED	Pro 2	24	10	8	El Dorado:10;El Dorado Hard:10;Atlantis:10;Atlantis Hard:10;Alfheim:10;Alfheim Hard:10;Ice Lair:10;Ice Lair - Hard:10	80	65	15	A3DE28BF386E5B7D479EACDBB038002E06087804825E60ACB9E983E9526174A3	429C60C2BD8080592140825637F13FECE3150C312EED79CE51F30653D48D285B	raw/period-221-division-24.html	raw/period-221-division-24.txt	raw/period-221-division-24.json	["Zanetti","𝙹𝚞𝚕𝚒𝚊𝚗","yankeedude1123","roknhorsebrat","mammothrept","KCRob","DABIGWILLO","sarahloo1971","Drew_0706","lacey068"]
2025 August	221	COMPLETED	Pro 3	25	19	8	El Dorado:19;El Dorado Hard:19;Atlantis:19;Atlantis Hard:19;Alfheim:19;Alfheim Hard:19;Ice Lair:19;Ice Lair - Hard:19	152	133	19	36BFDE45F133C7B44F1F94CC33C674F162D81950CF2BA4673AAF5392897250FC	6AE0EC6873F62F2E4F0DB10C9252784A9CD746334C09A2EF0AFB7B0BC734D068	raw/period-221-division-25.html	raw/period-221-division-25.txt	raw/period-221-division-25.json	["JUICE_WRLD","mini_G","FROGMAN","PaulV-PPP 🇨🇦","Merged into 8588","awesome_kris","Chipnputt","StevieWonderful","Alyssa38","DMD-Enditnow","Kd","SerenityMoon","peach🌻","Jennem","lynniebodd","SHA_HOOF_NA","freitag68","AndyP1970","Asphaltcowboy67"]
2025 August	221	COMPLETED	Semi Pro 1	113	9	8	El Dorado:9;El Dorado Hard:9;Atlantis:9;Atlantis Hard:9;Alfheim:9;Alfheim Hard:9;Ice Lair:9;Ice Lair - Hard:9	72	63	9	82BEC6479961F6DF423D6C7A57500CD5FBF56837534188CEEF486ABCE78325AB	5B0193708F376865890BDA5EB14284C90781DC88033BBB1512144D61B0DE3DEE	raw/period-221-division-113.html	raw/period-221-division-113.txt	raw/period-221-division-113.json	["Chelle💯","GuyB22","Sj_76","Sandtrap","Missi","D3bb13","ARTSY","Andrew_Holmes","BadWolff🐺"]
2025 August	221	COMPLETED	Beginner	81	0	0		0	0	0	6A6E49056F97B7DD450C2293BBCDFBBAB6DDD2C1C10BB300525D1D6E0411A55B	4A7E8A7A40029A29FCFA252CBFF56BEE72B151948C6ECD1C41A85F39BF6EAA72	raw/period-221-division-81.html	raw/period-221-division-81.txt	raw/period-221-division-81.json	
2025 August	221	COMPLETED	Welcome	62	15	8	El Dorado:15;El Dorado Hard:15;Atlantis:15;Atlantis Hard:15;Alfheim:15;Alfheim Hard:15;Ice Lair:15;Ice Lair - Hard:15	120	2	118	F0717CB3D889EE46D95ECFE0E6BF2B4148A61CB0E96BF992773D9C74340C8B5A	C1A77988930A99F6367724BE52133B635E32D5188D69BB3F287EBD0140B33002	raw/period-221-division-62.html	raw/period-221-division-62.txt	raw/period-221-division-62.json	["Awkward3Sauce","Empzurg","bendybear","sirtacoman13","SQUEEZY_JIBBZ","KYLE","Merged into 8189","GALICE1975","LLABB23_LISA","RINTARA","CHERIE_ROSE","Chachi Mendelo","SKEETER78","Captain","PUTT_FOR_DOH"]
2025 August	221	COMPLETED	Semi Pro 2	114	10	8	El Dorado:10;El Dorado Hard:10;Atlantis:10;Atlantis Hard:10;Alfheim:10;Alfheim Hard:10;Ice Lair:10;Ice Lair - Hard:10	80	66	14	3982EB8DE75A3426B8CECC29728CCDAF067BABCEA46F11A0070531E7C1AA1593	4953F60F7BC63BA541E911E7CECCAF782423B660E1CD59E2D13D1388C0AD6CC3	raw/period-221-division-114.html	raw/period-221-division-114.txt	raw/period-221-division-114.json	["fake4real","musical_atv 🎻","NuttyGrandpa","KillERBee","WendyW(Wyndemere2020)","MAMAGOATZ","SavageMom71","SMILEROBIN","plucky✌","Savy"]
2025 August	221	COMPLETED	Semi Pro 3	115	10	8	El Dorado:10;El Dorado Hard:10;Atlantis:10;Atlantis Hard:10;Alfheim:10;Alfheim Hard:10;Ice Lair:10;Ice Lair - Hard:10	80	71	9	FC243CF4B89796964A751E323D278C656FB94AB753D8EED9DC8A048DA11AF82C	46B87700BFC3ABD204235B025D55DF26EE76D03A2E912BEFC8407C18D8745716	raw/period-221-division-115.html	raw/period-221-division-115.txt	raw/period-221-division-115.json	["Fry_Lock","Bethann","Master_KP","ANDRIA77","Raccoons Whisker","KDK","Ultrafox_Lynne","Heisenberg","IMJOMAMA","RYANL503"]
2025 July	201	COMPLETED	Master	21	10	8	Bogey's Bonanza:10;Bogey's Bonanza Hard:10;Upside Town:10;Upside Town - Hard:10;Journey to the Center of the Earth:10;Center of the Earth - Hard:10;Crystal Lair:10;Crystal Lair - Hard:10	80	78	2	D8A4A898B2F23A95D6E945416677D36E97D9973CCB9B5836F5F664E90EE2B231	F8D4BD2FDBDED868FC0BA9C4286582C555A4BCDF69A28DC9DADD95BD70460085	raw/period-201-division-21.html	raw/period-201-division-21.txt	raw/period-201-division-21.json	["INDY","El Jorge","Neo Impossible","Mully","POLANECE","DaisyShaw","Gobson","stewiestewie","TrickyDicky","Derby_Daz"]
2025 July	201	COMPLETED	Elite	22	10	8	Bogey's Bonanza:10;Bogey's Bonanza Hard:10;Upside Town:10;Upside Town - Hard:10;Journey to the Center of the Earth:10;Center of the Earth - Hard:10;Crystal Lair:10;Crystal Lair - Hard:10	80	76	4	CD7E49561169DC1BCC0EF7D56A10F3EE3A26A65EF987890F893BA2CD25BBF1AF	7BE72E8E2F4DEA67F46AE71D269BFA21AE6903ACB131F503768BA7454942B735	raw/period-201-division-22.html	raw/period-201-division-22.txt	raw/period-201-division-22.json	["Princess_Bankshot","bigja33","YODA","Slappy","l7jazz","steven2018","Matt916","Maximus","Spicy - DawnSophia","leanin2it"]
2025 July	201	COMPLETED	Pro 1	23	9	8	Bogey's Bonanza:9;Bogey's Bonanza Hard:9;Upside Town:9;Upside Town - Hard:9;Journey to the Center of the Earth:9;Center of the Earth - Hard:9;Crystal Lair:9;Crystal Lair - Hard:9	72	66	6	087A32FF8BB58BC1E0E1B7EFAF5E73D67102821BE8BF6CC28695A87891920621	694C1C8E90089F579DABD5174C5CA0DC5006C48DC67115CE7F8472FD6E22252D	raw/period-201-division-23.html	raw/period-201-division-23.txt	raw/period-201-division-23.json	["Blutes87","gomarino13","gopats37","JES_BEACHY","PETERK9FLORIDA","lacey068","Drew_0706","icecreamman7450","deebee"]
2025 July	201	COMPLETED	Pro 2	24	10	8	Bogey's Bonanza:10;Bogey's Bonanza Hard:10;Upside Town:10;Upside Town - Hard:10;Journey to the Center of the Earth:10;Center of the Earth - Hard:10;Crystal Lair:10;Crystal Lair - Hard:10	80	72	8	20EE393F093ACC38A7CD73D523FBA74D285E6982E276A4C1B2FACA67605159A1	85B2E08DDBFA9715E61E708A3F1BDCC124A1A3BCDD3EC208780331CCAF7A00AA	raw/period-201-division-24.html	raw/period-201-division-24.txt	raw/period-201-division-24.json	["YUK1N","Merged into 8648","DABIGWILLO","4-cough","DMD-Enditnow","roknhorsebrat","mammothrept","sarahloo1971","lynniebodd","Asphaltcowboy67"]
2025 July	201	COMPLETED	Pro 3	25	15	8	Bogey's Bonanza:15;Bogey's Bonanza Hard:15;Upside Town:15;Upside Town - Hard:15;Journey to the Center of the Earth:15;Center of the Earth - Hard:15;Crystal Lair:15;Crystal Lair - Hard:15	120	98	22	3685165168A460A9DD6A7575E7FE2776690C6CE85C5E257FAAEF186BDD4CEA8E	2E67DBE21D1FDCA69F059E842BDE550B9545F40D0F47848EE5953EA30891277B	raw/period-201-division-25.html	raw/period-201-division-25.txt	raw/period-201-division-25.json	["Zanetti","𝙹𝚞𝚕𝚒𝚊𝚗","KCRob","Kd","Chipnputt","Alyssa38","awesome_kris","SHA_HOOF_NA","JUICE_WRLD","D3bb13","StevieWonderful","ARTSY","Missi","SQUEEZY_JIBBZ","Empzurg"]
2025 July	201	COMPLETED	Semi Pro 1	113	9	8	Bogey's Bonanza:9;Bogey's Bonanza Hard:9;Upside Town:9;Upside Town - Hard:9;Journey to the Center of the Earth:9;Center of the Earth - Hard:9;Crystal Lair:9;Crystal Lair - Hard:9	72	44	28	C823DF3C178D6FCC1709347EDBFDF5B1B0A7457BC00D1481739B8E4E3C5168EE	6F2B08E906A27F525ED4C9B480839027479253BA95E26202DCBA59F688E4A8CF	raw/period-201-division-113.html	raw/period-201-division-113.txt	raw/period-201-division-113.json	["BERT","Jennem","peach🌻","SerenityMoon","Chachi Mendelo","Andrew_Holmes","Chelle💯","Awkward3Sauce","BadWolff🐺"]
2025 July	201	COMPLETED	Beginner	81	9	8	Bogey's Bonanza:9;Bogey's Bonanza Hard:9;Upside Town:9;Upside Town - Hard:9;Journey to the Center of the Earth:9;Center of the Earth - Hard:9;Crystal Lair:9;Crystal Lair - Hard:9	72	38	34	418B8D024F2CA8F10D200AAC16183605765F1A48B7A762115F76CA96260AC513	0BB7CF477846BBA55E3D131737F93A6F1037AD9F377C43A821138E5B1D652805	raw/period-201-division-81.html	raw/period-201-division-81.txt	raw/period-201-division-81.json	["Merged into 8708","Earthling","TommyGunnzFund","BIGDLONGSTROKE","Bearded_Driver","ladybugg660","Sarahlynn727","GALICE1975","KYLE"]
2025 July	201	COMPLETED	Welcome	62	5	8	Bogey's Bonanza:5;Bogey's Bonanza Hard:5;Upside Town:5;Upside Town - Hard:5;Journey to the Center of the Earth:5;Center of the Earth - Hard:5;Crystal Lair:5;Crystal Lair - Hard:5	40	1	39	AB3154287F276DEC434096B4FFDA90800848B386636364D86BCB893BCAD93623	7730ABAE1ADCBCF707154C8A8308EC4C6E3FA834189D157BD92C417C4B79B48D	raw/period-201-division-62.html	raw/period-201-division-62.txt	raw/period-201-division-62.json	["Captain","KDK","Merged into 8189","ANDRIA77","PUTT_FOR_DOH"]
2025 July	201	COMPLETED	Semi Pro 2	114	5	8	Bogey's Bonanza:5;Bogey's Bonanza Hard:5;Upside Town:5;Upside Town - Hard:5;Journey to the Center of the Earth:5;Center of the Earth - Hard:5;Crystal Lair:5;Crystal Lair - Hard:5	40	32	8	FB36014E0206B33A5764CFF38BDAF130C45E3A3B45DC71D2568AA4AAEAA345B2	F9D990755F9D874AB915C960993ADF13D5F765D5F69C152FBD7963EEE282A783	raw/period-201-division-114.html	raw/period-201-division-114.txt	raw/period-201-division-114.json	["GuyB22","Sandtrap","Sj_76","Savy","fake4real"]
2025 July	201	COMPLETED	Semi Pro 3	115	7	8	Bogey's Bonanza:7;Bogey's Bonanza Hard:7;Upside Town:7;Upside Town - Hard:7;Journey to the Center of the Earth:7;Center of the Earth - Hard:7;Crystal Lair:7;Crystal Lair - Hard:7	56	42	14	AE6E9C2C7FBDAA238E91C55C4C4F228B6663B093E7FF8432E9C70E51D41B49D5	9EDAA418DD2C18B5ACD3D8FBDEB1B953320D3AC913917021BD382E72F57F6698	raw/period-201-division-115.html	raw/period-201-division-115.txt	raw/period-201-division-115.json	["NuttyGrandpa","plucky✌","MAMAGOATZ","WendyW(Wyndemere2020)","musical_atv 🎻","Master_KP","RYANL503"]
2025 June	181	COMPLETED	Master	21	10	8	Arizona Modern:10;Arizona Modern Hard:10;Quixote Valley:10;Quixote Valley Hard:10;Venice:10;Venice - Hard:10;Mars Gardens:10;Mars Gardens - Hard:10	80	76	4	1B01C00DFE3AE9871692C6FF4D832FEB459C62DCF055471402A45C0CF4147CDE	61980E8700CBC7A5E5B302E5677D331B060396437EA38DDE35FED382FEAAD35C	raw/period-181-division-21.html	raw/period-181-division-21.txt	raw/period-181-division-21.json	["El Jorge","TrickyDicky","Derby_Daz","Neo Impossible","POLANECE","Mully","bigja33","Princess_Bankshot","Gobson","leanin2it"]
2025 June	181	COMPLETED	Elite	22	10	8	Arizona Modern:10;Arizona Modern Hard:10;Quixote Valley:10;Quixote Valley Hard:10;Venice:10;Venice - Hard:10;Mars Gardens:10;Mars Gardens - Hard:10	80	77	3	4C0877147B5A447151EABCABB6068A54D1F9D956AEC6CB6FFA60687A828A7EC1	B5E5B9AA982AE8BC55EBAE72E618B7BBB475F53540AE0D734AC2AC3E5E393881	raw/period-181-division-22.html	raw/period-181-division-22.txt	raw/period-181-division-22.json	["Maximus","Matt916","stewiestewie","INDY","yankeedude1123","Spicy - DawnSophia","Drew_0706","DaisyShaw","Slappy","PETERK9FLORIDA"]
2025 June	181	COMPLETED	Pro 1	23	10	8	Arizona Modern:10;Arizona Modern Hard:10;Quixote Valley:10;Quixote Valley Hard:10;Venice:10;Venice - Hard:10;Mars Gardens:10;Mars Gardens - Hard:10	80	78	2	26477219CC9566D3B5AAE541149DF6E4EEB4421C3A2B0CCE92E3633BD0F24384	DC87EB2744AEEDDDEA3BA945A8971339C8462669792778CAC656F271014731F2	raw/period-181-division-23.html	raw/period-181-division-23.txt	raw/period-181-division-23.json	["YODA","steven2018","l7jazz","gomarino13","icecreamman7450","deebee","mammothrept","YUK1N","JES_BEACHY","DABIGWILLO"]
2025 June	181	COMPLETED	Pro 2	24	10	8	Arizona Modern:10;Arizona Modern Hard:10;Quixote Valley:10;Quixote Valley Hard:10;Venice:10;Venice - Hard:10;Mars Gardens:10;Mars Gardens - Hard:10	80	67	13	9E396B5C439A7E6CEBE5C364589C53A689931CBC5F83FDA6502466E2CD7053B7	5C9ED81A6003D462929E85741D0BC08AA8427D9CE14D55CF04A62A4726EF7316	raw/period-181-division-24.html	raw/period-181-division-24.txt	raw/period-181-division-24.json	["Blutes87","roknhorsebrat","gopats37","Asphaltcowboy67","lacey068","sarahloo1971","SQUEEZY_JIBBZ","Empzurg","Merged into 8648","KCRob"]
2025 June	181	COMPLETED	Pro 3	25	12	8	Arizona Modern:12;Arizona Modern Hard:12;Quixote Valley:12;Quixote Valley Hard:12;Venice:12;Venice - Hard:12;Mars Gardens:12;Mars Gardens - Hard:12	96	85	11	4BCBE04CCB0A98761339430335DE89CDB93E9001693FAD55394BC233A4AC38F5	D077D86E6175FD3C3B65D86F3CCF31FC38643320FE5CFDC72DA80FE119945731	raw/period-181-division-25.html	raw/period-181-division-25.txt	raw/period-181-division-25.json	["4-cough","lynniebodd","D3bb13","DMD-Enditnow","awesome_kris","peach🌻","SHA_HOOF_NA","Missi","Chipnputt","ARTSY","Chachi Mendelo","SerenityMoon"]
2025 June	181	COMPLETED	Semi Pro 1	113	8	8	Arizona Modern:8;Arizona Modern Hard:8;Quixote Valley:8;Quixote Valley Hard:8;Venice:8;Venice - Hard:8;Mars Gardens:8;Mars Gardens - Hard:8	64	36	28	984D68A0233533526B46C2F727AEC5468ABC06F34F22FFF89E675041D7D3DB3E	736A8338F122AEA28957995E608C5080A129A33F3D42C4E1C9895B7A438E9292	raw/period-181-division-113.html	raw/period-181-division-113.txt	raw/period-181-division-113.json	["BadWolff🐺","StevieWonderful","Kd","Alyssa38","PUTT_FOR_DOH","Awkward3Sauce","Jennem","Captain"]
2025 June	181	COMPLETED	Beginner	81	8	8	Arizona Modern:8;Arizona Modern Hard:8;Quixote Valley:8;Quixote Valley Hard:8;Venice:8;Venice - Hard:8;Mars Gardens:8;Mars Gardens - Hard:8	64	29	35	F71B48FF6FB4D57A3D4DF3084BB943CDA5819BD674C88AC6BD18F7BE0978A2AA	043A8688265A71D8CE162A29BA3B4D7F6B17BD02CEDA85EC985CE647C8290526	raw/period-181-division-81.html	raw/period-181-division-81.txt	raw/period-181-division-81.json	["bendybear","Heisenberg","RINTARA","KYLE","Merged into 8189","GALICE1975","ladybugg660","Bearded_Driver"]
2025 June	181	COMPLETED	Welcome	62	6	8	Arizona Modern:6;Arizona Modern Hard:6;Quixote Valley:6;Quixote Valley Hard:6;Venice:6;Venice - Hard:6;Mars Gardens:6;Mars Gardens - Hard:6	48	0	48	07F1FC83713195533A27E4C97E249DF5CC4E3EF4DD8D28FB1BD24E8DC37631B2	C6722651CE481E667867C192906245C4FC9867F7969A4503E5A3A4826321CA22	raw/period-181-division-62.html	raw/period-181-division-62.txt	raw/period-181-division-62.json	["MrDachshund81","olle","JIMMY_BUCKETS","onesilygrl","SNOWBALL","Jen"]
2025 June	181	COMPLETED	Semi Pro 2	114	6	8	Arizona Modern:6;Arizona Modern Hard:6;Quixote Valley:6;Quixote Valley Hard:6;Venice:6;Venice - Hard:6;Mars Gardens:6;Mars Gardens - Hard:6	48	32	16	E0962B5B2FDB4F6241C8ABE500507B8F0F831C2764AC275CBFB09FAB291CBC3E	E27B3FE7F400520247E057DE31134CAF9076B9262A509AF25C444CF53CF22E79	raw/period-181-division-114.html	raw/period-181-division-114.txt	raw/period-181-division-114.json	["Chelle💯","BERT","Andrew_Holmes","fake4real","ANDRIA77","Savy"]
2025 June	181	COMPLETED	Semi Pro 3	115	10	8	Arizona Modern:10;Arizona Modern Hard:10;Quixote Valley:10;Quixote Valley Hard:10;Venice:10;Venice - Hard:10;Mars Gardens:10;Mars Gardens - Hard:10	80	51	29	E070EB67BA9FCABE147DF5928DE11B4DEA47F39DD8B595667398E6FDAFCDE542	12B09FA4D2E8B4E181A250FFF59789FC508B47C1DD3D31D7A4C8461E30A6991E	raw/period-181-division-115.html	raw/period-181-division-115.txt	raw/period-181-division-115.json	["GuyB22","RYANL503","Sj_76","Sandtrap","LLABB23_LISA","plucky✌","NuttyGrandpa","Master_KP","KDK","freitag68"]
2025 May	161	COMPLETED	Master	21	10	8	Original Gothic:10;Original Gothic Hard:10;Labyrinth:10;Labyrinth - Hard:10;Meow Wolf:10;Meow Wolf - Hard:10;Raptor Cliff's:10;Raptor Cliff's - Hard:10	80	74	6	E4F7C942E6B5B6A8A37502129F7C9C8FCF98A4C05DD8A69927792564E8FD5C93	9A7A6B5A8ED0B459EF33BD3CF18179E8CEBE20EABB57977E13741D0A29815243	raw/period-161-division-21.html	raw/period-161-division-21.txt	raw/period-161-division-21.json	["yankeedude1123","leanin2it","El Jorge","Mully","Princess_Bankshot","Slappy","Neo Impossible","Derby_Daz","Gobson","Matt916"]
2025 May	161	COMPLETED	Elite	22	10	8	Original Gothic:10;Original Gothic Hard:10;Labyrinth:10;Labyrinth - Hard:10;Meow Wolf:10;Meow Wolf - Hard:10;Raptor Cliff's:10;Raptor Cliff's - Hard:10	80	76	4	B1CBBF9F93A5063DF151B3C9D2BCF76D45752FF30778F1DE228F6D5698FE0460	8903AF518226D2B5373193BF95655FD279DF1A1E93BB5A31C55094FCB87A829F	raw/period-161-division-22.html	raw/period-161-division-22.txt	raw/period-161-division-22.json	["POLANECE","stewiestewie","bigja33","TrickyDicky","Drew_0706","YODA","l7jazz","Spicy - DawnSophia","Maximus","DABIGWILLO"]
2025 May	161	COMPLETED	Pro 1	23	10	8	Original Gothic:10;Original Gothic Hard:10;Labyrinth:10;Labyrinth - Hard:10;Meow Wolf:10;Meow Wolf - Hard:10;Raptor Cliff's:10;Raptor Cliff's - Hard:10	80	63	17	ED1081533CF336998F03F523BAD793B5E704D1D4E587D5D4355651AD7AA5569E	9487509886C5C9170C238E7898C11B7700ED5DE42264C07389A2631912477DDB	raw/period-161-division-23.html	raw/period-161-division-23.txt	raw/period-161-division-23.json	["SQUEEZY_JIBBZ","DaisyShaw","INDY","PETERK9FLORIDA","JES_BEACHY","gomarino13","mammothrept","deebee","MrDachshund81","KCRob"]
2025 May	161	COMPLETED	Pro 2	24	10	8	Original Gothic:10;Original Gothic Hard:10;Labyrinth:10;Labyrinth - Hard:10;Meow Wolf:10;Meow Wolf - Hard:10;Raptor Cliff's:10;Raptor Cliff's - Hard:10	80	79	1	9A6EA2261553099582326767ABC6D793A68855742ABF648D3B07D704D562164D	011F1E63535928FC212D6FBF44777B036384C5EE9541CE67DD90716BA8179D11	raw/period-161-division-24.html	raw/period-161-division-24.txt	raw/period-161-division-24.json	["steven2018","sarahloo1971","roknhorsebrat","icecreamman7450","YUK1N","ARTSY","Asphaltcowboy67","lacey068","awesome_kris","Merged into 8648"]
2025 May	161	COMPLETED	Pro 3	25	9	8	Original Gothic:9;Original Gothic Hard:9;Labyrinth:9;Labyrinth - Hard:9;Meow Wolf:9;Meow Wolf - Hard:9;Raptor Cliff's:9;Raptor Cliff's - Hard:9	72	60	12	FD4F748587C1FA7ADB53A4735E1792D6A82F986CEFF31A44D4CAB9FBF4A8BD7C	B968E1B3FB67CF9B49A1AF1F7FCD343C70CA65C642953D06D473724B2CB4E279	raw/period-161-division-25.html	raw/period-161-division-25.txt	raw/period-161-division-25.json	["Blutes87","gopats37","Empzurg","SerenityMoon","Chipnputt","peach🌻","Missi","lynniebodd","PUTT_FOR_DOH"]
2025 May	161	COMPLETED	Semi Pro 1	113	9	8	Original Gothic:9;Original Gothic Hard:9;Labyrinth:9;Labyrinth - Hard:9;Meow Wolf:9;Meow Wolf - Hard:9;Raptor Cliff's:9;Raptor Cliff's - Hard:9	72	43	29	ACD67FD222F10D23948C8AEC6E55492822B2DF9C092C979A257B3B17181C55BA	39BD0229878D7350A8BD71E3ADAB2F7CBD415129E1F862C5027D4F23D39C7B44	raw/period-161-division-113.html	raw/period-161-division-113.txt	raw/period-161-division-113.json	["ANDRIA77","D3bb13","DMD-Enditnow","SHA_HOOF_NA","Jennem","BadWolff🐺","Awkward3Sauce","Captain","Jen"]
2025 May	161	COMPLETED	Beginner	81	8	8	Original Gothic:8;Original Gothic Hard:8;Labyrinth:8;Labyrinth - Hard:8;Meow Wolf:8;Meow Wolf - Hard:8;Raptor Cliff's:8;Raptor Cliff's - Hard:8	64	42	22	98EB2DF58EA485461E4B85E45D78D599D28A1547D4AF16EE711BEACE13954FFD	3D1903B21F8FC78FFB52DB8B4DACE79CB2DFDBD55F9A83DB7353CCFD45917896	raw/period-161-division-81.html	raw/period-161-division-81.txt	raw/period-161-division-81.json	["TILTBOMB","KYLE","Raccoons Whisker","sirtacoman13","bendybear","Merged into 8189","ladybugg660","GALICE1975"]
2025 May	161	COMPLETED	Welcome	62	4	8	Original Gothic:4;Original Gothic Hard:4;Labyrinth:4;Labyrinth - Hard:4;Meow Wolf:4;Meow Wolf - Hard:4;Raptor Cliff's:4;Raptor Cliff's - Hard:4	32	0	32	18A5DD0C2CF9159D1880B5FD07CF9626CB5868F55D2221B60CE2A85959CE3B4B	3A07BB62E7B5C3BE0CB3AA01177AB239D5FE1533FF4C28C5EECA53EFC0997F05	raw/period-161-division-62.html	raw/period-161-division-62.txt	raw/period-161-division-62.json	["MIMIBELL1971","GAMINGGRAMMIE","Harry Highpants","Alisha0068"]
2025 May	161	COMPLETED	Semi Pro 2	114	8	8	Original Gothic:8;Original Gothic Hard:8;Labyrinth:8;Labyrinth - Hard:8;Meow Wolf:8;Meow Wolf - Hard:8;Raptor Cliff's:8;Raptor Cliff's - Hard:8	64	32	32	34EED8007D40E87C539A2BA5028B303AA1E9551F7B095D0C193C8C49C6476E83	7796EB9EB8B367D1F70600A5EA776F74C84B15EDB03350BF0385869950F4D12D	raw/period-161-division-114.html	raw/period-161-division-114.txt	raw/period-161-division-114.json	["StevieWonderful","Alyssa38","Kd","fake4real","JIMMY_BUCKETS","RYANL503","SNOWBALL","onesilygrl"]
2025 May	161	COMPLETED	Semi Pro 3	115	10	8	Original Gothic:10;Original Gothic Hard:10;Labyrinth:10;Labyrinth - Hard:10;Meow Wolf:10;Meow Wolf - Hard:10;Raptor Cliff's:10;Raptor Cliff's - Hard:10	80	53	27	B9FDE2B0F939BC91DD10B2CED65015CAB6DED5DEA22CBA82714581DED312F586	CF75B9105BB626B476CD8B668666D16077282DDDBFD125AB0322186AACDF9C0D	raw/period-161-division-115.html	raw/period-161-division-115.txt	raw/period-161-division-115.json	["NuttyGrandpa","Chelle💯","Andrew_Holmes","Savy","Master_KP","BERT","KDK","plucky✌","olle","freitag68"]
2025 April	141	COMPLETED	Master	21	10	8	Sweetopia:10;Sweetopia - Hard:10;Laser Lair:10;Laser Lair - Hard:10;Widow’s Walkabout:10;Widow’s Walkabout - Hard:10;Mount Olympus:10;Mount Olympus - Hard:10	80	79	1	B0C3CD87E10354CDC44CE75F468895886964D72A5EB2056794A281A108740004	F8506BD6CC5830F09902EFC18763C0CA89EF2E01A0FD61907D75CD08D02B313A	raw/period-141-division-21.html	raw/period-141-division-21.txt	raw/period-141-division-21.json	["El Jorge","TrickyDicky","Slappy","Mully","bigja33","yankeedude1123","Gobson","Neo Impossible","Princess_Bankshot","stewiestewie"]
2025 April	141	COMPLETED	Elite	22	10	8	Sweetopia:10;Sweetopia - Hard:10;Laser Lair:10;Laser Lair - Hard:10;Widow’s Walkabout:10;Widow’s Walkabout - Hard:10;Mount Olympus:10;Mount Olympus - Hard:10	80	68	12	28B5DE6A5C9D82DD9F5CE7E26F698D756550DEE227EE00B3E1E35ED772ECDF37	96D67D307EA7239769588FD36E84BFB663CD3C499788FCD5AC93784FCE99130A	raw/period-141-division-22.html	raw/period-141-division-22.txt	raw/period-141-division-22.json	["leanin2it","Matt916","Drew_0706","Spicy - DawnSophia","DABIGWILLO","Derby_Daz","Maximus","JES_BEACHY","Chicagobry","MrDachshund81"]
2025 April	141	COMPLETED	Pro 1	23	10	8	Sweetopia:10;Sweetopia - Hard:10;Laser Lair:10;Laser Lair - Hard:10;Widow’s Walkabout:10;Widow’s Walkabout - Hard:10;Mount Olympus:10;Mount Olympus - Hard:10	80	76	4	845482A0549956F73ADAFFE77D44A5AFAF0A6598F8891B4BD21329F05DA889CB	DDAD6BC9267EE6E57D33743947D31019F03A9BEA9809929CDECF0FF47B39908A	raw/period-141-division-23.html	raw/period-141-division-23.txt	raw/period-141-division-23.json	["POLANECE","l7jazz","deebee","mammothrept","gomarino13","YODA","DaisyShaw","sarahloo1971","awesome_kris","YUK1N"]
2025 April	141	COMPLETED	Pro 2	24	10	8	Sweetopia:10;Sweetopia - Hard:10;Laser Lair:10;Laser Lair - Hard:10;Widow’s Walkabout:10;Widow’s Walkabout - Hard:10;Mount Olympus:10;Mount Olympus - Hard:10	80	78	2	BB884B6505CAC738317083D76B8003D4E19973C7EA0305EE21AE14BF0253CF75	FE80734613C2BB99EB06126559F2FCB5B1DE81BDC87413481D580081241E439B	raw/period-141-division-24.html	raw/period-141-division-24.txt	raw/period-141-division-24.json	["PETERK9FLORIDA","INDY","JIMMY_BUCKETS","roknhorsebrat","StevieWonderful","SQUEEZY_JIBBZ","KIM","KCRob","DMD-Enditnow","ARTSY"]
2025 April	141	COMPLETED	Pro 3	25	16	8	Sweetopia:16;Sweetopia - Hard:16;Laser Lair:16;Laser Lair - Hard:16;Widow’s Walkabout:16;Widow’s Walkabout - Hard:16;Mount Olympus:16;Mount Olympus - Hard:16	128	99	29	AF4A5C3C8BE629CEBA4B0A7D3770B3BBF1995CC3C956985818CBEF5FB9046607	8689D7E44532507631D9AA946C3228BC67850E7B5B088920105A8D131692FFF7	raw/period-141-division-25.html	raw/period-141-division-25.txt	raw/period-141-division-25.json	["Asphaltcowboy67","icecreamman7450","Merged into 8648","SerenityMoon","lacey068","Jen","steven2018","Empzurg","Chipnputt","Missi","ANDRIA77","lynniebodd","Captain","fake4real","Harry Highpants","BadWolff🐺"]
2025 April	141	COMPLETED	Semi Pro 1	113	0	0		0	0	0	5655698F93D3DA3412CE7E80B2D48B4A415AA46B1E1CF8DA7C5CADE30A8A628A	A677E0F4C3E7C0C07DE5A5317B00CEDD05CB80559841B0AF9DA91DA6A2CEEC89	raw/period-141-division-113.html	raw/period-141-division-113.txt	raw/period-141-division-113.json	
2025 April	141	COMPLETED	Beginner	81	10	8	Sweetopia:10;Sweetopia - Hard:10;Laser Lair:10;Laser Lair - Hard:10;Widow’s Walkabout:10;Widow’s Walkabout - Hard:10;Mount Olympus:10;Mount Olympus - Hard:10	80	41	39	D3D47B318241CECCD46185AB12E25007CA49146F6095616F9884D7673E699665	D3015F28E0CAECCFDD2B45F18AFFB6359587C5AFB4185C945574DE21AA31BF40	raw/period-141-division-81.html	raw/period-141-division-81.txt	raw/period-141-division-81.json	["Kd","GALICE1975","SKEETER78","Golfshark","ladybugg660","MIMIBELL1971","SNOWBALL","Jaynice","TILTBOMB","GAMINGGRAMMIE"]
2025 April	141	COMPLETED	Welcome	62	13	8	Sweetopia:13;Sweetopia - Hard:13;Laser Lair:13;Laser Lair - Hard:13;Widow’s Walkabout:13;Widow’s Walkabout - Hard:13;Mount Olympus:13;Mount Olympus - Hard:13	104	2	102	C3E24E7BE1F52A07DB46ADACEB1435B043537DC2BF52624D8B1654D4B1B89B9A	8219217CA7E6563C833AA63D50CD184795B1F874A02A81DCC8FFF09537FD533C	raw/period-141-division-62.html	raw/period-141-division-62.txt	raw/period-141-division-62.json	["Dandnt65","Nate Porteous","beezy1","CHIP_PUTTY","callmemike","Ladyrider60","FROGMAN","LuckyOrSucky","PUTT_FOR_DOH","RUBBERDUCK","CATHY G","ThePrankser15","BEVE3630"]
2025 April	141	COMPLETED	Semi Pro 2	114	0	0		0	0	0	2691A81228870B231B01A60CFD4B818122CBCB83FFF33EC81875DBB31B1F0FE0	126AF1855EDE1BE7BCE5D0DDDACF1F0EA9041700E3611433C4025AE70EA59893	raw/period-141-division-114.html	raw/period-141-division-114.txt	raw/period-141-division-114.json	
2025 April	141	COMPLETED	Semi Pro 3	115	0	0		0	0	0	B0C3B5A5BB0800B478A6F06814A1CBF07FC85FF48440B6629C712D00184BB7AB	DF6A1E007CF1D44EEF481E1218D60A46E570ACD18BBD7A98FF551CC4664A1898	raw/period-141-division-115.html	raw/period-141-division-115.txt	raw/period-141-division-115.json	
2025 March	121	COMPLETED	Master	21	10	8	Tethys Station:10;Tethys Station - Hard:10;Temple at Zerzura:10;Temple at Zerzura - Hard:10;20,000 Leagues Under The Sea:10;20,000 Leagues Hard:10;Around The World in 80 Days:10;Around The World - Hard:10	80	80	0	E3A6690948600B5199A8D9A5881CED2771E304873ED8997BC3776F85084395CA	7508AD1D78114DCD7E59B362D301D44A3ACF79293D7DE94F5FCC635749C6E81D	raw/period-121-division-21.html	raw/period-121-division-21.txt	raw/period-121-division-21.json	["El Jorge","Mully","DABIGWILLO","yankeedude1123","Gobson","TrickyDicky","Slappy","Derby_Daz","Princess_Bankshot","JES_BEACHY"]
2025 March	121	COMPLETED	Elite	22	10	8	Tethys Station:10;Tethys Station - Hard:10;Temple at Zerzura:10;Temple at Zerzura - Hard:10;20,000 Leagues Under The Sea:10;20,000 Leagues Hard:10;Around The World in 80 Days:10;Around The World - Hard:10	80	69	11	1DD1EC0B9513286F86E4ADB167209253CB7F63D5190D2CC68B698B04FAE3D540	59D82016299D4823C22EF3F55B7DC1B012F2E61ABECD89FDCFFEF4CECBAFC9B5	raw/period-121-division-22.html	raw/period-121-division-22.txt	raw/period-121-division-22.json	["Neo Impossible","Chicagobry","bigja33","leanin2it","Maximus","stewiestewie","MrDachshund81","DaisyShaw","PaulV-PPP 🇨🇦","YUK1N"]
2025 March	121	COMPLETED	Pro 1	23	10	8	Tethys Station:10;Tethys Station - Hard:10;Temple at Zerzura:10;Temple at Zerzura - Hard:10;20,000 Leagues Under The Sea:10;20,000 Leagues Hard:10;Around The World in 80 Days:10;Around The World - Hard:10	80	76	4	4E5EBC8242CD5A2555A402F243DD18BA4F03E380A07678EB2D5B4C4177875140	7919D6A35C1D071874A3D1C0A70B6A3D6F7FDAB02AA4F99591D6C8F3F942AB82	raw/period-121-division-23.html	raw/period-121-division-23.txt	raw/period-121-division-23.json	["Matt916","Drew_0706","roknhorsebrat","awesome_kris","deebee","ARTSY","Spicy - DawnSophia","sarahloo1971","mammothrept","SQUEEZY_JIBBZ"]
2025 March	121	COMPLETED	Pro 2	24	10	8	Tethys Station:10;Tethys Station - Hard:10;Temple at Zerzura:10;Temple at Zerzura - Hard:10;20,000 Leagues Under The Sea:10;20,000 Leagues Hard:10;Around The World in 80 Days:10;Around The World - Hard:10	80	78	2	56725FD8B15757EB2D61EA4AF819B4F25A2D6CBD8034960979F33CFE63E38069	2FF312334779066B4494155BD5271D164E4AAF447A3B1964F0965565860C1738	raw/period-121-division-24.html	raw/period-121-division-24.txt	raw/period-121-division-24.json	["YODA","POLANECE","DMD-Enditnow","lynniebodd","gomarino13","l7jazz","KIM","SerenityMoon","Merged into 8648","KCRob"]
2025 March	121	COMPLETED	Pro 3	25	15	8	Tethys Station:15;Tethys Station - Hard:15;Temple at Zerzura:15;Temple at Zerzura - Hard:15;20,000 Leagues Under The Sea:15;20,000 Leagues Hard:15;Around The World in 80 Days:15;Around The World - Hard:15	120	105	15	22A6CA57D7FC4B05798C48E6E25D7DE36990818C4C473F6D80BF909C57AAA265	F19FB272F05F98D8EE410FF2D23B6BABB3A96AC807AB2FAFDE788CA1B448D97E	raw/period-121-division-25.html	raw/period-121-division-25.txt	raw/period-121-division-25.json	["Empzurg","Awkward3Sauce","StevieWonderful","JIMMY_BUCKETS","BadWolff🐺","PETERK9FLORIDA","INDY","SHA_HOOF_NA","Chipnputt","Savy","plucky✌","Jennem","freitag68","olle","Captain"]
2025 March	121	COMPLETED	Semi Pro 1	113	0	0		0	0	0	828C804394F85AB8D9C42458A2B2692928C0E66C4F823F7DE1204233A824D06C	789E35D1DB3A35B3B1BA3C3627128C337722665004CEC18F60DCABCB452C0EDB	raw/period-121-division-113.html	raw/period-121-division-113.txt	raw/period-121-division-113.json	
2025 March	121	COMPLETED	Beginner	81	4	8	Tethys Station:4;Tethys Station - Hard:4;Temple at Zerzura:4;Temple at Zerzura - Hard:4;20,000 Leagues Under The Sea:4;20,000 Leagues Hard:4;Around The World in 80 Days:4;Around The World - Hard:4	32	13	19	DD0077C91DEE04C597F87D088F4D6A5A2DADE9B9DDB9CCD8CC6927A50F023EEA	A6AB76841611BA42C8D40AF4F4D064FE7C5FD4D8306284072D5C0A8532884812	raw/period-121-division-81.html	raw/period-121-division-81.txt	raw/period-121-division-81.json	["Bethann","SavageMom71","ladybugg660","Cheesekernd"]
2025 March	121	COMPLETED	Welcome	62	14	8	Tethys Station:14;Tethys Station - Hard:14;Temple at Zerzura:14;Temple at Zerzura - Hard:14;20,000 Leagues Under The Sea:14;20,000 Leagues Hard:14;Around The World in 80 Days:14;Around The World - Hard:14	112	0	112	A1DFDE6313E25AA6D3836BFC849A12B12F79CBC8CE27ED4A11AE1A5D88FC396C	F6DCE59A44C5D710ECFCC7F914E0FC5EC0A26E4E76884EC95F282D48C3ABCF6A	raw/period-121-division-62.html	raw/period-121-division-62.txt	raw/period-121-division-62.json	["UroPa","Dandnt65","SNOWBALL","PUTT_FOR_DOH","Nate Porteous","beezy1","CATHY G","RUBBERDUCK","Ladyrider60","callmemike","CHIP_PUTTY","LuckyOrSucky","BEVE3630","FROGMAN"]
2025 March	121	COMPLETED	Semi Pro 2	114	0	0		0	0	0	B9EC576C5D6373D700E66D5ED4BFEF5F6EECB126A6C061256345528D7588D8C6	F6AB2E91704F62FA47AC56E5FE832F0F1E051F710835F92A6B683131EDB05722	raw/period-121-division-114.html	raw/period-121-division-114.txt	raw/period-121-division-114.json	
2025 March	121	COMPLETED	Semi Pro 3	115	0	0		0	0	0	EB1F10F9FC0A70F441F01B8FFF18664B7D2F844E2BF9A9386F424F6F5E386EDE	42F97AB721E24F426CC889902E1A0867EA1BE71294F49F8F69C1E8D1B54C784B	raw/period-121-division-115.html	raw/period-121-division-115.txt	raw/period-121-division-115.json	
2025 February	101	COMPLETED	Master	21	10	8	Gardens of Babylon:10;Gardens of Babylon Hard:10;El Dorado:10;El Dorado Hard:10;Wallace & Gromit:10;Wallace & Gromit - Hard:10;Viva Las Elvis:10;Viva Las Elvis - Hard:10	80	79	1	7986C7422B392E645D2DE90100DC6691B3D82A33EAF61D841F21E13C0131D974	F9144141B5D686D3C39A942B3BFD313B7800B07A004CD5F22D7E6056EB51DF3C	raw/period-101-division-21.html	raw/period-101-division-21.txt	raw/period-101-division-21.json	["Princess_Bankshot","TrickyDicky","yankeedude1123","El Jorge","stewiestewie","Gobson","Neo Impossible","leanin2it","Mully","Derby_Daz"]
2025 February	101	COMPLETED	Elite	22	10	8	Gardens of Babylon:10;Gardens of Babylon Hard:10;El Dorado:10;El Dorado Hard:10;Wallace & Gromit:10;Wallace & Gromit - Hard:10;Viva Las Elvis:10;Viva Las Elvis - Hard:10	80	69	11	BCAF1C951F9C65BD2CE29A0E3197C3919F8AD82F69D1D8585E33A1D9EFBD2091	8C1B041CE82BD2AFB992057B39A046AFB1302CFD87333BF806CB1CE299498968	raw/period-101-division-22.html	raw/period-101-division-22.txt	raw/period-101-division-22.json	["DABIGWILLO","MrDachshund81","JES_BEACHY","Maximus","Slappy","PaulV-PPP 🇨🇦","bigja33","SQUEEZY_JIBBZ","deebee","LuckyOrSucky"]
2025 February	101	COMPLETED	Pro 1	23	10	8	Gardens of Babylon:10;Gardens of Babylon Hard:10;El Dorado:10;El Dorado Hard:10;Wallace & Gromit:10;Wallace & Gromit - Hard:10;Viva Las Elvis:10;Viva Las Elvis - Hard:10	80	80	0	1ED1E157E076A5F0D655E354D90731092BAD0DF2DF31F7CB0E1F1D19AC1A2196	4FCB94F62F9CFE795FCDE966129F953A8EDDAD5A0BE5B3D6CB1192D243E6D295	raw/period-101-division-23.html	raw/period-101-division-23.txt	raw/period-101-division-23.json	["roknhorsebrat","DaisyShaw","YUK1N","Chicagobry","awesome_kris","Spicy - DawnSophia","lynniebodd","ARTSY","SerenityMoon","sarahloo1971"]
2025 February	101	COMPLETED	Pro 2	24	10	8	Gardens of Babylon:10;Gardens of Babylon Hard:10;El Dorado:10;El Dorado Hard:10;Wallace & Gromit:10;Wallace & Gromit - Hard:10;Viva Las Elvis:10;Viva Las Elvis - Hard:10	80	72	8	3D89E060CF8285F58EAB5D2F65314B991F2B7DCE098CDD6729AD3A646B8FB22B	21EBA4253494F74EA34BEE2B51F6BC903B2575AFF93D7F12A10268BBE3CF44F2	raw/period-101-division-24.html	raw/period-101-division-24.txt	raw/period-101-division-24.json	["Matt916","KCRob","mammothrept","Drew_0706","Merged into 8648","KIM","Jennem","DMD-Enditnow","Savy","CHIP_PUTTY"]
2025 February	101	COMPLETED	Pro 3	25	16	8	Gardens of Babylon:16;Gardens of Babylon Hard:16;El Dorado:16;El Dorado Hard:16;Wallace & Gromit:16;Wallace & Gromit - Hard:16;Viva Las Elvis:16;Viva Las Elvis - Hard:16	128	92	36	4E6C8271738A63686D49737C4B86A40B9292A8A97F72F62D2AE60D84AE1D8D48	3DBD27BC575F1B31A381F44F599386C61F0FF3AFD908D47C5E24D6DEDAD45C71	raw/period-101-division-25.html	raw/period-101-division-25.txt	raw/period-101-division-25.json	["POLANECE","PUTT_FOR_DOH","YODA","RYANL503","gomarino13","Awkward3Sauce","Chipnputt","l7jazz","Alisha0068","Missi","BadWolff🐺","Master_KP","fake4real","Captain","StevieWonderful","UroPa"]
2025 February	101	COMPLETED	Semi Pro 1	113	0	0		0	0	0	5EF6D5CBB5E725348880C02217037DF858FF58AEDE2D3851BE68C684B57A68D0	3AF5734C6399022C1C2A7EC89AF717B5DB77DA55B683607466270487818CB22B	raw/period-101-division-113.html	raw/period-101-division-113.txt	raw/period-101-division-113.json	
2025 February	101	COMPLETED	Beginner	81	6	8	Gardens of Babylon:6;Gardens of Babylon Hard:6;El Dorado:6;El Dorado Hard:6;Wallace & Gromit:6;Wallace & Gromit - Hard:6;Viva Las Elvis:6;Viva Las Elvis - Hard:6	48	20	28	7B2D97A4280AAD07621D311F14D1579A67C6A2B8A7BA9CDA8694BA740ADAF206	9100C62EE0171BD0B62204136DB39AE4CDAFAB5FC68E81A7C87898369F1659C5	raw/period-101-division-81.html	raw/period-101-division-81.txt	raw/period-101-division-81.json	["SMILEROBIN","BEVE3630","Ladyrider60","beezy1","SKEETER78","GALICE1975"]
2025 February	101	COMPLETED	Welcome	62	5	8	Gardens of Babylon:5;Gardens of Babylon Hard:5;El Dorado:5;El Dorado Hard:5;Wallace & Gromit:5;Wallace & Gromit - Hard:5;Viva Las Elvis:5;Viva Las Elvis - Hard:5	40	0	40	CCE9FA29FEFFD420A2AA3B66D60C46E78017D2006BF6484C8D13D9600B5FB360	33531CA6A636D2F976DDB00F3F4DE33B78532D48C014748CFBB3B1B6138A7DA2	raw/period-101-division-62.html	raw/period-101-division-62.txt	raw/period-101-division-62.json	["crispynut","CATHY G","Nate Porteous","FROGMAN","DESERT_RAT"]
2025 February	101	COMPLETED	Semi Pro 2	114	0	0		0	0	0	6F7F6CF59A3606E74DF00787CE607D191E77AFE36D44C316372000BB95A942DC	DBCED68B2550C82E7D95B2C10CE7BDE363D9F6C23680D73B2575699B68EB8850	raw/period-101-division-114.html	raw/period-101-division-114.txt	raw/period-101-division-114.json	
2025 February	101	COMPLETED	Semi Pro 3	115	0	0		0	0	0	618172588F3CDAE768B658873C32E1422E815B1233A6AFB6A610D8043DEF5290	25C0C2668CEE3B67E560E1CC6D6A5D8D7D96D6C580F0B8484F453A8650498B3F	raw/period-101-division-115.html	raw/period-101-division-115.txt	raw/period-101-division-115.json	
2025 January	81	COMPLETED	Master	21	10	8	Tourist Trap:10;Tourist Trap Hard:10;Upside Town:10;Upside Town - Hard:10;Journey to the Center of the Earth:10;Center of the Earth - Hard:10;Alfheim:10;Alfheim Hard:10	80	80	0	5A91658B96BBD442351C10E8E0B212DD7FEF0E6E175CC32155F92AE615B58AA0	37612127F1997313000CFE3238DC981B1DE68F5F2B74CD6D3E2FDBCA89979EC5	raw/period-81-division-21.html	raw/period-81-division-21.txt	raw/period-81-division-21.json	["yankeedude1123","TrickyDicky","El Jorge","PaulV-PPP 🇨🇦","Princess_Bankshot","Mully","Neo Impossible","Maximus","Slappy","Derby_Daz"]
2025 January	81	COMPLETED	Elite	22	10	8	Tourist Trap:10;Tourist Trap Hard:10;Upside Town:10;Upside Town - Hard:10;Journey to the Center of the Earth:10;Center of the Earth - Hard:10;Alfheim:10;Alfheim Hard:10	80	75	5	9D41B08CF26DE1AFD767FBF8B0D20E9ADAA99093E28385B07FBBD76BE9594221	05264D8C6ADF09C0527B7587543315AE4829BAA3686B8DAFA9E7DDE72D7F7D92	raw/period-81-division-22.html	raw/period-81-division-22.txt	raw/period-81-division-22.json	["Chicagobry","MrDachshund81","stewiestewie","DABIGWILLO","JES_BEACHY","deebee","Gobson","YUK1N","leanin2it","SerenityMoon"]
2025 January	81	COMPLETED	Pro 1	23	10	8	Tourist Trap:10;Tourist Trap Hard:10;Upside Town:10;Upside Town - Hard:10;Journey to the Center of the Earth:10;Center of the Earth - Hard:10;Alfheim:10;Alfheim Hard:10	80	74	6	90CD217621CF923760F1F35EF7BA71B7B4ACBFE4278D26151D506844BE5901B1	124C0C9338790A37A7203C8A1EB77A5C030C16DDA4D235630432CBE6D698E131	raw/period-81-division-23.html	raw/period-81-division-23.txt	raw/period-81-division-23.json	["awesome_kris","bigja33","LuckyOrSucky","roknhorsebrat","SQUEEZY_JIBBZ","Jennem","Spicy - DawnSophia","Savy","lynniebodd","DESERT_RAT"]
2025 January	81	COMPLETED	Pro 2	24	9	8	Tourist Trap:9;Tourist Trap Hard:9;Upside Town:9;Upside Town - Hard:9;Journey to the Center of the Earth:9;Center of the Earth - Hard:9;Alfheim:9;Alfheim Hard:9	72	59	13	1B79439C409A89C766EC51FAC34098923115EEA51B17D4EDFCB662F46C593A08	916992E6451C948AFC2214166E27CFB51673C5F3CE839FC990E07496AB35079F	raw/period-81-division-24.html	raw/period-81-division-24.txt	raw/period-81-division-24.json	["RYANL503","ARTSY","mammothrept","DaisyShaw","KIM","sarahloo1971","DMD-Enditnow","KCRob","UroPa"]
2025 January	81	COMPLETED	Pro 3	25	18	8	Tourist Trap:18;Tourist Trap Hard:18;Upside Town:18;Upside Town - Hard:18;Journey to the Center of the Earth:18;Center of the Earth - Hard:18;Alfheim:18;Alfheim Hard:18	144	126	18	A70C1B9DA580ED44844B7CB67B52A802F91EDC928524B2706DC99A97E6ACC62A	51CED49E3BFD9F8CFA30ED929C08236C7E511E69A8F3D15DEE7F2C0A58F08BF0	raw/period-81-division-25.html	raw/period-81-division-25.txt	raw/period-81-division-25.json	["CHIP_PUTTY","PUTT_FOR_DOH","StevieWonderful","Drew_0706","Alisha0068","Missi","Matt916","Awkward3Sauce","l7jazz","Merged into 8648","Captain","plucky✌","D3bb13","Chipnputt","gomarino13","DOMEY","JIMMY_BUCKETS","BadWolff🐺"]
2025 January	81	COMPLETED	Semi Pro 1	113	0	0		0	0	0	5A2872461049B5F29257BF4959F36367FA2C8DAF8519F7933F8A25F043251CF6	EC4007B284B598745E4167BEC595872CA3D2A5194D137F128EBBA95A4915D1F6	raw/period-81-division-113.html	raw/period-81-division-113.txt	raw/period-81-division-113.json	
2025 January	81	COMPLETED	Beginner	81	0	0		0	0	0	B3430F8BD94A20077740AFBBD03A85F331A81C1225E493860F7BCEC862C5B2E2	9274D17535C3483E2B65C45C339A3D0E245E5CE1957F5C0B74147A5E130FF0D0	raw/period-81-division-81.html	raw/period-81-division-81.txt	raw/period-81-division-81.json	
2025 January	81	COMPLETED	Welcome	62	1	8	Tourist Trap:1;Tourist Trap Hard:1;Upside Town:1;Upside Town - Hard:1;Journey to the Center of the Earth:1;Center of the Earth - Hard:1;Alfheim:1;Alfheim Hard:1	8	0	8	1EB1E8E3C07331E65903413E7CAD5E19733A1C435C4C1AD1674EF5665A733E83	FB3E83B100005C9CA30EA04AF6807E963ADA4126CBCF0CE153A8602AC136E28B	raw/period-81-division-62.html	raw/period-81-division-62.txt	raw/period-81-division-62.json	"Nate Porteous"
2025 January	81	COMPLETED	Semi Pro 2	114	0	0		0	0	0	81D5E92015E7AD02D50382D9F231FCA7F6DBB3FFDBC7F98FDC4AA992ADC1F45F	1A9B5AE5D21251DF699B1CC9D7978F0D8745A656DF16B60DD4A6725AAA344A22	raw/period-81-division-114.html	raw/period-81-division-114.txt	raw/period-81-division-114.json	
2025 January	81	COMPLETED	Semi Pro 3	115	0	0		0	0	0	C39582F7A6EE39DA62AA21EFC5D0AE12006AC241D914044A5510A2E56CE5CA39	EE575F8B000F2040A74BC813367491CE5B5B242242F2AD609CFF491DAD49FB93	raw/period-81-division-115.html	raw/period-81-division-115.txt	raw/period-81-division-115.json	
2024 December	58	COMPLETED	Master	21	10	8	Cherry Blossom:10;Cherry Blossom Hard:10;Myst:10;Myst Hard:10;8-Bit Lair:10;8-Bit Lair - Hard:10;Holiday Hideaway:10;Holiday Hideaway - Hard:10	80	80	0	30008ECEBD180F7B2BFD363DFD0412CB792543E9650DCD14D1E2D7223FF6E931	01EEAA728BB931A50C5E953A321D7A6722496439E8B4B47BAFBB30135F2363E2	raw/period-58-division-21.html	raw/period-58-division-21.txt	raw/period-58-division-21.json	["TrickyDicky","YUK1N","Mully","Princess_Bankshot","yankeedude1123","El Jorge","Slappy","Neo Impossible","stewiestewie","leanin2it"]
2024 December	58	COMPLETED	Elite	22	10	8	Cherry Blossom:10;Cherry Blossom Hard:10;Myst:10;Myst Hard:10;8-Bit Lair:10;8-Bit Lair - Hard:10;Holiday Hideaway:10;Holiday Hideaway - Hard:10	80	71	9	DE32665B433069D379921C19B241E74944B1983DEDBCBA6DB07B2B892CC2A5A3	59A20BE8DD96FC9AE57FCB217822BF4F3E46C791E1B8EF664A30ED725E09AF1C	raw/period-58-division-22.html	raw/period-58-division-22.txt	raw/period-58-division-22.json	["PaulV-PPP 🇨🇦","DESERT_RAT","bigja33","Maximus","DABIGWILLO","Derby_Daz","JES_BEACHY","Danielaoculus","deebee","SerenityMoon"]
2024 December	58	COMPLETED	Pro 1	23	10	8	Cherry Blossom:10;Cherry Blossom Hard:10;Myst:10;Myst Hard:10;8-Bit Lair:10;8-Bit Lair - Hard:10;Holiday Hideaway:10;Holiday Hideaway - Hard:10	80	73	7	C77E0B4EB4D8666FC9D31A67DC785BCCC48D7FFE2808A8E0B43E83841CF414F4	F5E9EEC82014BEC4581D4AF5EDD60DE91BE911F80246C37B494672AD1618D1A6	raw/period-58-division-23.html	raw/period-58-division-23.txt	raw/period-58-division-23.json	["Gobson","MrDachshund81","Chicagobry","Jennem","roknhorsebrat","awesome_kris","lynniebodd","SQUEEZY_JIBBZ","sarahloo1971","UroPa"]
2024 December	58	COMPLETED	Pro 2	24	10	8	Cherry Blossom:10;Cherry Blossom Hard:10;Myst:10;Myst Hard:10;8-Bit Lair:10;8-Bit Lair - Hard:10;Holiday Hideaway:10;Holiday Hideaway - Hard:10	80	58	22	86D308A52EFD524D5BF42D1E92E33338569D3C53438E610D0EE20B3D4AC01AD4	85C11F29A5E17EE2CDD9DAB6B128BA6E5CDF37578D9770E54FE3C8642ECF7115	raw/period-58-division-24.html	raw/period-58-division-24.txt	raw/period-58-division-24.json	["LuckyOrSucky","Spicy - DawnSophia","Savy","gomarino13","mammothrept","DMD-Enditnow","RYANL503","KCRob","ZONK","JIMMY_BUCKETS"]
2024 December	58	COMPLETED	Pro 3	25	13	8	Cherry Blossom:13;Cherry Blossom Hard:13;Myst:13;Myst Hard:13;8-Bit Lair:13;8-Bit Lair - Hard:13;Holiday Hideaway:13;Holiday Hideaway - Hard:13	104	82	22	9B7809251114FE65CE5CE701FD613E702D3E55CA6CBE02FD2F8B80C57E3E5067	29284923B250E09F4F0B81E94F1CE15CF4ECF6F23B45BDB4A07FEDD761225847	raw/period-58-division-25.html	raw/period-58-division-25.txt	raw/period-58-division-25.json	["DaisyShaw","BadWolff🐺","KIM","Chelle💯","StevieWonderful","plucky✌","Alisha0068","SNOWBALL","ARTSY","Chipnputt","Drew_0706","Captain","callmemike"]
2024 December	58	COMPLETED	Semi Pro 1	113	0	0		0	0	0	3FFD1E6A3225C5103F3BCECBD982A40CDB4C46F18E9FA90EF21CCB2B83FA40D4	511C8A08368C3188CF5DEC5736FC08E4E1EE0FAFE1EC098D2D4E2C585E4B8D8F	raw/period-58-division-113.html	raw/period-58-division-113.txt	raw/period-58-division-113.json	
2024 December	58	COMPLETED	Beginner	81	0	0		0	0	0	020DF1020655BA164B45C19EA4F55E87F95A577677BE299E8DBC6F0BCF1E10BD	B879D752DDB5FE870A1CBC27C0AF733DE0A4B75FACFEB7511B46EF43DA4FEC36	raw/period-58-division-81.html	raw/period-58-division-81.txt	raw/period-58-division-81.json	
2024 December	58	COMPLETED	Welcome	62	18	8	Cherry Blossom:18;Cherry Blossom Hard:18;Myst:18;Myst Hard:18;8-Bit Lair:18;8-Bit Lair - Hard:18;Holiday Hideaway:18;Holiday Hideaway - Hard:18	144	2	142	E680F1EAFA0F969ACEF6A40E721CB60FA01072B7EEA969D072E2E78D69E1F131	1D1003902A60A5E7C89249DDEC0505A36A523A4D699C1A7AA702F3350855C7E8	raw/period-58-division-62.html	raw/period-58-division-62.txt	raw/period-58-division-62.json	["StrokeLimitReached","HARLEY","parody4life","GHINI","peach🌻","Golfshark","kenmorefield","Grezza","ALLIGATOR65","ThePrankser15","TENBEERS","KATIEMAC21","GALICE1975","Gooch","BUBBAFRAME","zero","MOENSHINER","Brit_The_Elder"]
2024 December	58	COMPLETED	Semi Pro 2	114	0	0		0	0	0	752D379A012619F454FA978E7E5511A59E958793EF87D16E032FBCB7930B68FD	53B4880FAE02618AF793741D9FC9E80EBB27A4B02F2F5B46D9651943C0A9D783	raw/period-58-division-114.html	raw/period-58-division-114.txt	raw/period-58-division-114.json	
2024 December	58	COMPLETED	Semi Pro 3	115	0	0		0	0	0	D5DEAF8C1C58DC9F6DF6EE2E256FE7F8CA1CBECEDCB73CB998624A3505C66065	3C683AC4B302173A6F5EE63144DC1820C803BD1598A23504E4955684E2C68BBC	raw/period-58-division-115.html	raw/period-58-division-115.txt	raw/period-58-division-115.json	
2024 November	57	COMPLETED	Master	21	10	8	Bogey's Bonanza:10;Bogey's Bonanza Hard:10;Quixote Valley:10;Quixote Valley Hard:10;Atlantis:10;Atlantis Hard:10;Venice:10;Venice - Hard:10	80	80	0	5B05DE8D4E3DA7978E214582FA6BB3B51D0E714F900901E0E881ADD9B2B7A2B9	B10A01EAADC3E2F800FB7CA74F25563A65EB8614A5812D0CD76FE5A95969038A	raw/period-57-division-21.html	raw/period-57-division-21.txt	raw/period-57-division-21.json	["Neo Impossible","yankeedude1123","stewiestewie","El Jorge","leanin2it","deebee","TrickyDicky","Derby_Daz","Princess_Bankshot","Maximus"]
2024 November	57	COMPLETED	Elite	22	8	8	Bogey's Bonanza:8;Bogey's Bonanza Hard:8;Quixote Valley:8;Quixote Valley Hard:8;Atlantis:8;Atlantis Hard:8;Venice:8;Venice - Hard:8	64	62	2	F442184AA7BB53BA5A48F884AF742AEF7C22FA2A0E402EB82E887EA2A1A9F214	A28D8F07122D24CC07054B579AF2F52F196D82FEFABEBBDE856E8956950D09FB	raw/period-57-division-22.html	raw/period-57-division-22.txt	raw/period-57-division-22.json	["Mully","JES_BEACHY","Slappy","PaulV-PPP 🇨🇦","YUK1N","bigja33","UroPa","SerenityMoon"]
2024 November	57	COMPLETED	Pro 1	23	10	8	Bogey's Bonanza:10;Bogey's Bonanza Hard:10;Quixote Valley:10;Quixote Valley Hard:10;Atlantis:10;Atlantis Hard:10;Venice:10;Venice - Hard:10	80	78	2	6FFD5AE41FBEE63EFF9668089CE84156C61C78A7416D1BEBA9C89A91E5B260B7	AA13DF4490DBE3060DCE1EF10320A1355F7311E03E46490CC0365BF2FE21B956	raw/period-57-division-23.html	raw/period-57-division-23.txt	raw/period-57-division-23.json	["DESERT_RAT","DABIGWILLO","Savy","Danielaoculus","roknhorsebrat","awesome_kris","SQUEEZY_JIBBZ","ZONK","Jennem","DMD-Enditnow"]
2024 November	57	COMPLETED	Pro 2	24	10	8	Bogey's Bonanza:10;Bogey's Bonanza Hard:10;Quixote Valley:10;Quixote Valley Hard:10;Atlantis:10;Atlantis Hard:10;Venice:10;Venice - Hard:10	80	66	14	B1ADAF585EEFDA9BF97B5479FA4135A72B684144615D59B5332896F70B90405E	B1B3B82739941D495096AE220EF427DC16B2C7D5175A093E5ABFE6E280434A8C	raw/period-57-division-24.html	raw/period-57-division-24.txt	raw/period-57-division-24.json	["MrDachshund81","Chicagobry","sarahloo1971","lynniebodd","gomarino13","mammothrept","KCRob","Spicy - DawnSophia","RYANL503","ALLIGATOR65"]
2024 November	57	COMPLETED	Pro 3	25	15	8	Bogey's Bonanza:15;Bogey's Bonanza Hard:15;Quixote Valley:15;Quixote Valley Hard:15;Atlantis:15;Atlantis Hard:15;Venice:15;Venice - Hard:15	120	95	25	DAE905BC7E06F785137E56DC2F816985649F0CFA466697D7969ED6DEAF7E85AC	197FC089AC5808E48DCD4F60C18A361773D687B5552680BAA4AC0B38D8B5DB0C	raw/period-57-division-25.html	raw/period-57-division-25.txt	raw/period-57-division-25.json	["BadWolff🐺","Gobson","BUBBAFRAME","LuckyOrSucky","D3bb13","freitag68","JIMMY_BUCKETS","SNOWBALL","Master_KP","PUTT_FOR_DOH","DOMEY","Awkward3Sauce","Chipnputt","Captain","zero"]
2024 November	57	COMPLETED	Semi Pro 1	113	0	0		0	0	0	5B3BFD5330BA3A573CEB3D892A56B6293E29CD4AEAABF52F7912BB78EA9FF6CD	21D7275A0FC0024E81A5C5CE8243F6E6974F391D66678172F5D90AE71534E9CF	raw/period-57-division-113.html	raw/period-57-division-113.txt	raw/period-57-division-113.json	
2024 November	57	COMPLETED	Beginner	81	0	0		0	0	0	AF71EDD76F81113B7435A91514A85F34EA99C4E0F2F42B9B31275CDA87DF2996	6704F6BC2956D802C9D1A4556AF07B60152405003DD62D2DB7F1B5B19FF68453	raw/period-57-division-81.html	raw/period-57-division-81.txt	raw/period-57-division-81.json	
2024 November	57	COMPLETED	Welcome	62	0	0		0	0	0	644028386D41D1A27841ACEC991480E3F292553D8535C44A2BAE7EC30A533014	7AD10E222A0187874EEF79F0287FE93E435FA841F54715EE2E18C1A821BAF16C	raw/period-57-division-62.html	raw/period-57-division-62.txt	raw/period-57-division-62.json	
2024 November	57	COMPLETED	Semi Pro 2	114	0	0		0	0	0	78908369F1D255079E024A447C73598E18A27DC0969B6E48476B147AFCF763FB	BF4FB4D80E6E997B4B213CD90CBD9C44F3E8E6BB6528AE1A89CF9E4AE89182E4	raw/period-57-division-114.html	raw/period-57-division-114.txt	raw/period-57-division-114.json	
2024 November	57	COMPLETED	Semi Pro 3	115	0	0		0	0	0	48F6D775B5D9CB81059B8ABF900BBFB53E489E917CC596DA348CC8DB1609DCB4	6735477CCC668ACDA46EF85D21EA4611A9D9A61F90F0DBB5CC03B7644D70835A	raw/period-57-division-115.html	raw/period-57-division-115.txt	raw/period-57-division-115.json	
2024 October	56	COMPLETED	Master	21	9	8	Seagull Stacks:9;Seagull Stacks - Hard:9;Arizona Modern:9;Arizona Modern Hard:9;Labyrinth:9;Labyrinth - Hard:9;Mars Gardens:9;Mars Gardens - Hard:9	72	68	4	164427C0D9192EACF65D04AA4869FF76530CC654F103F1897A175BF5FEC07BE2	24751386DD6D02A3805A1EBD2619F3B0A4FA6FF0C887EA05EA0450922AB3A6AD	raw/period-56-division-21.html	raw/period-56-division-21.txt	raw/period-56-division-21.json	["leanin2it","Princess_Bankshot","TrickyDicky","stewiestewie","Derby_Daz","Slappy","deebee","Neo Impossible","AmberWave"]
2024 October	56	COMPLETED	Elite	22	10	8	Seagull Stacks:10;Seagull Stacks - Hard:10;Arizona Modern:10;Arizona Modern Hard:10;Labyrinth:10;Labyrinth - Hard:10;Mars Gardens:10;Mars Gardens - Hard:10	80	77	3	A7622B29B3BB0F3069160FF0E91E7420AA296D4FCB0FF80FB2704FD789CA412A	7F0140C6445619B525DADF0F842574E407313294074C875D4151283A55022C41	raw/period-56-division-22.html	raw/period-56-division-22.txt	raw/period-56-division-22.json	["yankeedude1123","El Jorge","bigja33","PaulV-PPP 🇨🇦","YUK1N","Maximus","JES_BEACHY","Savy","DESERT_RAT","UroPa"]
2024 October	56	COMPLETED	Pro 1	23	10	8	Seagull Stacks:10;Seagull Stacks - Hard:10;Arizona Modern:10;Arizona Modern Hard:10;Labyrinth:10;Labyrinth - Hard:10;Mars Gardens:10;Mars Gardens - Hard:10	80	61	19	10D8330808956F588F310AA0937E052BD2827E71ED39AB624C3388FFB95802D8	34566A10099FA697259E7E7C71542EAEF74337C8705951A7466D2D3891E5642D	raw/period-56-division-23.html	raw/period-56-division-23.txt	raw/period-56-division-23.json	["CRAZYHORSE","KCRob","roknhorsebrat","Jennem","SerenityMoon","Mully","SQUEEZY_JIBBZ","DABIGWILLO","ALLIGATOR65","halfpint"]
2024 October	56	COMPLETED	Pro 2	24	9	8	Seagull Stacks:9;Seagull Stacks - Hard:9;Arizona Modern:9;Arizona Modern Hard:9;Labyrinth:9;Labyrinth - Hard:9;Mars Gardens:9;Mars Gardens - Hard:9	72	70	2	691F5A0FA88A339E4B1DF8D59DEA9ADAB15155D62D8100D2A4E07AEAA6294415	ADB733F341AA2CD82B6FF865AC21619130BB1AE30505CA3FB161F43FBAA4B634	raw/period-56-division-24.html	raw/period-56-division-24.txt	raw/period-56-division-24.json	["awesome_kris","lynniebodd","Danielaoculus","ZONK","freitag68","DMD-Enditnow","Spicy - DawnSophia","D3bb13","gomarino13"]
2024 October	56	COMPLETED	Pro 3	25	14	8	Seagull Stacks:14;Seagull Stacks - Hard:14;Arizona Modern:14;Arizona Modern Hard:14;Labyrinth:14;Labyrinth - Hard:14;Mars Gardens:14;Mars Gardens - Hard:14	112	91	21	C000ADB6D2E4E7CB3D7252804E6E529BB05FBF93E232848E58D21201BBFF5E52	74C4C6DC7574190F0049A25BE97FBE097AFE98E63AD3F49901C0EB8E624C75B3	raw/period-56-division-25.html	raw/period-56-division-25.txt	raw/period-56-division-25.json	["MrDachshund81","mammothrept","Chipnputt","sarahloo1971","JIMMY_BUCKETS","Chicagobry","DOMEY","PUTT_FOR_DOH","BadWolff🐺","Awkward3Sauce","RYANL503","Dandnt65","Captain","LuckyOrSucky"]
2024 October	56	COMPLETED	Semi Pro 1	113	0	0		0	0	0	2FA59FCE00D9A36B3C1D5C3384B1D67C21C27665E0A1B7A36D8D4C3A46842319	09838B2264DC33897F3F825D980FD74B4F2835C7DE8D0450A12DE7625D29D718	raw/period-56-division-113.html	raw/period-56-division-113.txt	raw/period-56-division-113.json	
2024 October	56	COMPLETED	Beginner	81	0	0		0	0	0	0B6F219126E6E4BD3A60771D9256198866F550E08E2513125D760B09FC803D3A	ABDDE1C5F9B8EB2B84A9FBD58AD80F4185CCBCC4DB478ACEAC097DB2817F37E1	raw/period-56-division-81.html	raw/period-56-division-81.txt	raw/period-56-division-81.json	
2024 October	56	COMPLETED	Welcome	62	0	0		0	0	0	30C914BC88076164FCFFEB6B32729C676B7BD0BC34D5574E3ED9620E97345C0F	16E05F49E155FF5B9BDB2F5AA7D791DAA1AF3D6DA437D32A7AD1C4F30EED8B7D	raw/period-56-division-62.html	raw/period-56-division-62.txt	raw/period-56-division-62.json	
2024 October	56	COMPLETED	Semi Pro 2	114	0	0		0	0	0	47C6316607DB93291ED789BE0F08F723D4AE99C3F6F61C02A0378666026A8DFE	DE464C7B5B928AF07D05D7992A625E30DF8B44C41DF970D8ED061AE742B9CF19	raw/period-56-division-114.html	raw/period-56-division-114.txt	raw/period-56-division-114.json	
2024 October	56	COMPLETED	Semi Pro 3	115	0	0		0	0	0	E5BC60BC15FA014D01C8E18314792C374EEF314A6E4999B0988EF304F76340DF	9E4E0ADCF2E86EF0BC05CF7554C7C0FB2C94A22C6119BA36482610613BA2CE53	raw/period-56-division-115.html	raw/period-56-division-115.txt	raw/period-56-division-115.json	
2024 September	55	COMPLETED	Master	21	10	8	Tethys Station:10;Tethys Station - Hard:10;Sweetopia:10;Sweetopia - Hard:10;Shangri-La:10;Shangri-La - Hard:10;Temple at Zerzura:10;Temple at Zerzura - Hard:10	80	80	0	9DC3B321CC1582A144A700A6BBBAC282AA1B18A24691A332B9603A3D5773189C	725165172574509E7BB8223E72A97A31B76DBE69DC65A3BCB2938F6AF5A7A0D1	raw/period-55-division-21.html	raw/period-55-division-21.txt	raw/period-55-division-21.json	["TrickyDicky","Matt916","spiral37","Slappy","Derby_Daz","Princess_Bankshot","stewiestewie","Neo Impossible","Maximus","YUK1N"]
2024 September	55	COMPLETED	Elite	22	10	8	Tethys Station:10;Tethys Station - Hard:10;Sweetopia:10;Sweetopia - Hard:10;Shangri-La:10;Shangri-La - Hard:10;Temple at Zerzura:10;Temple at Zerzura - Hard:10	80	73	7	882442DB6923858D85D7B74359BD4271861801CFCADB345C7133A23D0DCC5911	AEBC6B3D738DDE013FDC3DBA489CE8F9C8027A6DF6408D18CBF83989AA5006CB	raw/period-55-division-22.html	raw/period-55-division-22.txt	raw/period-55-division-22.json	["deebee","DESERT_RAT","AmberWave","JES_BEACHY","leanin2it","PaulV-PPP 🇨🇦","DABIGWILLO","UroPa","Savy","halfpint"]
2024 September	55	COMPLETED	Pro 1	23	10	8	Tethys Station:10;Tethys Station - Hard:10;Sweetopia:10;Sweetopia - Hard:10;Shangri-La:10;Shangri-La - Hard:10;Temple at Zerzura:10;Temple at Zerzura - Hard:10	80	78	2	FD1E916F4C7C82E31A2C99278720ED288F9C340957F1AC1A3B3EDD6C52E27133	31B4CE7A3AD00687A076014E59759BDB04FAC5BB1DFA79FEBB914FABEF4C1FD7	raw/period-55-division-23.html	raw/period-55-division-23.txt	raw/period-55-division-23.json	["𝙹𝚞𝚕𝚒𝚊𝚗","Jennem","bigja33","yankeedude1123","ALLIGATOR65","awesome_kris","KCRob","SerenityMoon","freitag68","roknhorsebrat"]
2024 September	55	COMPLETED	Pro 2	24	10	8	Tethys Station:10;Tethys Station - Hard:10;Sweetopia:10;Sweetopia - Hard:10;Shangri-La:10;Shangri-La - Hard:10;Temple at Zerzura:10;Temple at Zerzura - Hard:10	80	73	7	1082BC6B848F960BC02DA80BCD51403B738FB6B4733DD1D71E6074E65AF30C28	4D6A1B904C7D726327E6460CE55AC3C741054769907D2862D10BF1C37E32DFC2	raw/period-55-division-24.html	raw/period-55-division-24.txt	raw/period-55-division-24.json	["D3bb13","DMD-Enditnow","SQUEEZY_JIBBZ","ZONK","CRAZYHORSE","Mully","Spicy - DawnSophia","lynniebodd","Awkward3Sauce","Chicagobry"]
2024 September	55	COMPLETED	Pro 3	25	19	8	Tethys Station:19;Tethys Station - Hard:19;Sweetopia:19;Sweetopia - Hard:19;Shangri-La:19;Shangri-La - Hard:19;Temple at Zerzura:19;Temple at Zerzura - Hard:19	152	99	53	497F5CF915BC89FE74F02A32A57A94097A8F82109CF64D35D9E096E824004833	5AD46D1D520E4DDE92622604341E6298BF5A60D81296EA3D1A8012DC53009888	raw/period-55-division-25.html	raw/period-55-division-25.txt	raw/period-55-division-25.json	["El Jorge","Captain","sarahloo1971","BadWolff🐺","gomarino13","The_Goldenboy","Danielaoculus","JUICE_WRLD","JIMMY_BUCKETS","Dandnt65","DOMEY","Chipnputt","Brit_The_Elder","PYRAMIDD","Metum","Calassy","DeathByZeth","StrokeLimitReached","Duckk"]
2024 September	55	COMPLETED	Semi Pro 1	113	0	0		0	0	0	D51867E36560B3047E6C72A7F2DCC2A7BE157CB2BA64009D0883C9CF5AEEEA50	05A8CBA46D5DED4BA754441661629EFA9385BE6A724A51DC9B897E3B50100113	raw/period-55-division-113.html	raw/period-55-division-113.txt	raw/period-55-division-113.json	
2024 September	55	COMPLETED	Beginner	81	0	0		0	0	0	27C12D6CBA9C79867B8B36716F3B04784A56C4B126ADA27ACC61475FAC62616E	50C8048C1C4C27775CDFC0142EAE074C87CE1B6A3FBB448F0468A92FDBE9F809	raw/period-55-division-81.html	raw/period-55-division-81.txt	raw/period-55-division-81.json	
2024 September	55	COMPLETED	Welcome	62	0	0		0	0	0	1215E1FE39EE0C81DFEE90AFCEB3A1FCD809E1AB64EA1ABFCDD0AD10AEB9A58A	1B3116936C25EA921EDE2805CBCB2C308105C87E0F1843FB3476963CF8241324	raw/period-55-division-62.html	raw/period-55-division-62.txt	raw/period-55-division-62.json	
2024 September	55	COMPLETED	Semi Pro 2	114	0	0		0	0	0	1C713FDB3D729452B9BE460EE116D77B5A689D2B30A131D40A176B394EB3B5E2	5CF9FB3F8A7EC3AE183B90818754E7651D3F58A7EF5AA4232D20BAD301380FFC	raw/period-55-division-114.html	raw/period-55-division-114.txt	raw/period-55-division-114.json	
2024 September	55	COMPLETED	Semi Pro 3	115	0	0		0	0	0	66CC530A03A470E9643D12A71087240B0D60D3CFF730F1B255F973FABA397A29	FECDA28501C7BBAEC23DDB4185F81D2097EAD0E4FF1FF8E6F5F202526561293D	raw/period-55-division-115.html	raw/period-55-division-115.txt	raw/period-55-division-115.json	
2024 August	54	COMPLETED	Master	21	10	8	Gardens of Babylon:10;Gardens of Babylon Hard:10;20,000 Leagues Under The Sea:10;20,000 Leagues Hard:10;Widow’s Walkabout:10;Widow’s Walkabout - Hard:10;Wallace & Gromit:10;Wallace & Gromit - Hard:10	80	78	2	083CF8BFE6C5D9C8A8AEADBB334F266682A3D263B42FD221456F99AED6C2E1FA	0365C41D2D5A30EC6272814A01CDEF6C01DC9774778FC744288954388D50C315	raw/period-54-division-21.html	raw/period-54-division-21.txt	raw/period-54-division-21.json	["TrickyDicky","stewiestewie","Matt916","Slappy","Princess_Bankshot","spiral37","Neo Impossible","JES_BEACHY","DABIGWILLO","PaulV-PPP 🇨🇦"]
2024 August	54	COMPLETED	Elite	22	10	8	Gardens of Babylon:10;Gardens of Babylon Hard:10;20,000 Leagues Under The Sea:10;20,000 Leagues Hard:10;Widow’s Walkabout:10;Widow’s Walkabout - Hard:10;Wallace & Gromit:10;Wallace & Gromit - Hard:10	80	80	0	93D7FAE74523B1DF3A798BD2E5FC259F08669074BAF66E31AA6EE08B256454E4	700D8FC0E8DBDBC452FBE239F39D2352F034D463A62A4BE3DF94346D9825BA1A	raw/period-54-division-22.html	raw/period-54-division-22.txt	raw/period-54-division-22.json	["Derby_Daz","YUK1N","halfpint","ALLIGATOR65","DESERT_RAT","Maximus","AmberWave","roknhorsebrat","deebee","freitag68"]
2024 August	54	COMPLETED	Pro 1	23	10	8	Gardens of Babylon:10;Gardens of Babylon Hard:10;20,000 Leagues Under The Sea:10;20,000 Leagues Hard:10;Widow’s Walkabout:10;Widow’s Walkabout - Hard:10;Wallace & Gromit:10;Wallace & Gromit - Hard:10	80	69	11	F4A889F0866FA491FAFFBC025DF8A01DD77241F416981012D355FB524BAE4358	198057D84523D7E224AFDF2141BB0D2FCFE8C1FD99EFC4D10FD296365EC98FC1	raw/period-54-division-23.html	raw/period-54-division-23.txt	raw/period-54-division-23.json	["Savy","leanin2it","UroPa","KCRob","Jennem","awesome_kris","D3bb13","SerenityMoon","Chicagobry","Awkward3Sauce"]
2024 August	54	COMPLETED	Pro 2	24	10	8	Gardens of Babylon:10;Gardens of Babylon Hard:10;20,000 Leagues Under The Sea:10;20,000 Leagues Hard:10;Widow’s Walkabout:10;Widow’s Walkabout - Hard:10;Wallace & Gromit:10;Wallace & Gromit - Hard:10	80	72	8	9E7DD6FAE6405B31BF7C79ACE6C82210B793D4D3FBB4856DBFA9325368995339	E38279C4F92A11DFDF6674D0E39F258A58D435999D08A1F49B7F349729800E50	raw/period-54-division-24.html	raw/period-54-division-24.txt	raw/period-54-division-24.json	["bigja33","𝙹𝚞𝚕𝚒𝚊𝚗","yankeedude1123","SQUEEZY_JIBBZ","Mully","lynniebodd","DeathByZeth","Chipnputt","DMD-Enditnow","Brit_The_Elder"]
2024 August	54	COMPLETED	Pro 3	25	14	8	Gardens of Babylon:14;Gardens of Babylon Hard:14;20,000 Leagues Under The Sea:14;20,000 Leagues Hard:14;Widow’s Walkabout:14;Widow’s Walkabout - Hard:14;Wallace & Gromit:14;Wallace & Gromit - Hard:14	112	79	33	9B7338E852D47747EF5D3DFFF0FF27101FEB8A64613BF59A93BEA02CC47753DE	55D1A6EEEE5014FA776E867E94A18D15EA333E1B75FACDD5842A00E798D18AAA	raw/period-54-division-25.html	raw/period-54-division-25.txt	raw/period-54-division-25.json	["StrokeLimitReached","CRAZYHORSE","PYRAMIDD","gomarino13","Spicy - DawnSophia","Metum","ZONK","JUICE_WRLD","BadWolff🐺","StevieWonderful","sarahloo1971","Duckk","Grezza","Captain"]
2024 August	54	COMPLETED	Semi Pro 1	113	0	0		0	0	0	E7CFE851FC21A950072B67F1562739BE62459A9237B0F99AB79F2D50CCF37B9A	FF07DEA2D1EE85229F22804B6F002F2477D9BAF966A3BDCB1445B75DE7E90072	raw/period-54-division-113.html	raw/period-54-division-113.txt	raw/period-54-division-113.json	
2024 August	54	COMPLETED	Beginner	81	0	0		0	0	0	AD5366BF8BE25C7D8F667319E6A81360A87172088277DB7FA0D118ABA40D1747	B81D4011A5BFCCC86AE546A64FEC4E3141167ADE32862EBCC8FA961EBF1FE642	raw/period-54-division-81.html	raw/period-54-division-81.txt	raw/period-54-division-81.json	
2024 August	54	COMPLETED	Welcome	62	0	0		0	0	0	DC9A778AD542D464183E76E7F87B6C8237C175A059C942716F0D8D3011C5CCAB	B6D3C7C3628D668C5D7F384BA9B09CE6C3C90094ADD773DF518D051E12D3E61F	raw/period-54-division-62.html	raw/period-54-division-62.txt	raw/period-54-division-62.json	
2024 August	54	COMPLETED	Semi Pro 2	114	0	0		0	0	0	8F688EDB885BC582EFC4F29E6C526438F9E7A1E2B08B691BD3D8A0CDC900D900	CBB9ED2B117BDE33967A83277CB315088F781462316C8712D01F3D27377E3361	raw/period-54-division-114.html	raw/period-54-division-114.txt	raw/period-54-division-114.json	
2024 August	54	COMPLETED	Semi Pro 3	115	0	0		0	0	0	090E40B79AB41AF1F3A77E64833C2F2E3DBDD5AB4A5E2945BABEBECD637BC51D	1330EBD76B3E8C55866A0D1059971793BADA1518910468D976B4FD9FA1D01BB3	raw/period-54-division-115.html	raw/period-54-division-115.txt	raw/period-54-division-115.json	
2024 July	53	COMPLETED	Master	21	0	0		0	0	0	4C50A8E903AB835203FF2CD7CC8BB30CD820611E52FE01A3694039B19E6EC253	9743B0D6420E94FF23760228BC7F5EFE066917E3C10A36A065F589D59C65338B	raw/period-53-division-21.html	raw/period-53-division-21.txt	raw/period-53-division-21.json	
2024 July	53	COMPLETED	Elite	22	0	0		0	0	0	223168432A96DE949AD13C2DF4ECC0C90A81F345036F096339EB95FDC3BA1214	A6E4F75BAEAA436728D3681100E665D10494A94D3A1DCA6BCE41441B70434153	raw/period-53-division-22.html	raw/period-53-division-22.txt	raw/period-53-division-22.json	
2024 July	53	COMPLETED	Pro 1	23	0	0		0	0	0	8CE6240201896B4E5E0154BDF5A65D9D14AA32A170ED457B74E4E0AD32BA3751	5DCE2E6D4D3F4ADB04038F91ADC0850430350D79AC0C07F259DBFFA3C4326D54	raw/period-53-division-23.html	raw/period-53-division-23.txt	raw/period-53-division-23.json	
2024 July	53	COMPLETED	Pro 2	24	0	0		0	0	0	E615D03F52F23D02A09871EE51519411E6748BC1251EDFA584B6FC0A8A69BCA9	AFC2A50749FCAD1191BC1BCAADE413EAD330D1E5F42ECFE81AE4E1B16A89DCC2	raw/period-53-division-24.html	raw/period-53-division-24.txt	raw/period-53-division-24.json	
2024 July	53	COMPLETED	Pro 3	25	0	0		0	0	0	744A4343C4E745C4BBD8D38A4BE00FE70E3F33526A7DADE236FC958AD838276C	905B965BABEE2F58B838C0EEBF61B39E5EF153052695399DBB2643388D465DF1	raw/period-53-division-25.html	raw/period-53-division-25.txt	raw/period-53-division-25.json	
2024 July	53	COMPLETED	Semi Pro 1	113	0	0		0	0	0	D5EB02BFF68EB66A9227CA4C6393E75573F697C791861C768E21DE9C8518C3BC	C241C4B7B8E9E91DB35F801052C1D30923284AA43B98A76292986A6DB9E66930	raw/period-53-division-113.html	raw/period-53-division-113.txt	raw/period-53-division-113.json	
2024 July	53	COMPLETED	Beginner	81	0	0		0	0	0	15C944431CCA83B83B52D4E44A48C47D8E31A4C59C908368DCA15EE9FE05F9DF	8668409E22DBC83372B35108D9D1FAF532EC567235DD6774E35423C7B2240B86	raw/period-53-division-81.html	raw/period-53-division-81.txt	raw/period-53-division-81.json	
2024 July	53	COMPLETED	Welcome	62	0	0		0	0	0	EC26AC2307DAA605BE8A8DD0FF2CB6F8D8C1FDC6E2C62E568DC140F6D1076AF6	C46EA755F6A61141D8BF616540284DCF91649C80A6898BEBD1BFEECFF25B6AC4	raw/period-53-division-62.html	raw/period-53-division-62.txt	raw/period-53-division-62.json	
2024 July	53	COMPLETED	Semi Pro 2	114	0	0		0	0	0	567FEB32AB35BD173EBF233497A77418A39388EDB9CD1020BE4DB2545041FB56	CFA89DF19CC7B3A1CCBD05FE85F9236A17FF2B51942F787453438DF3A4DF5816	raw/period-53-division-114.html	raw/period-53-division-114.txt	raw/period-53-division-114.json	
2024 July	53	COMPLETED	Semi Pro 3	115	0	0		0	0	0	195CC8744E0ACA9D9F49C736431941CAE899C27301C047B2F8FDDBDF6A19EECB	C3A40C3EF251A134C453AB54DF1654BDA230CD7DCEBD61D927D0EC12985B2F74	raw/period-53-division-115.html	raw/period-53-division-115.txt	raw/period-53-division-115.json	
2024 June	52	COMPLETED	Master	21	0	0		0	0	0	BE0A7E9F6E303747E1DF968DBC466BDCF4DB5503E5196F2265A069299F1C543C	EDBD87DD1413BE5603D3BA05FA33BF4D6BD4E45D3FF36199357F5645C0E9D0C1	raw/period-52-division-21.html	raw/period-52-division-21.txt	raw/period-52-division-21.json	
2024 June	52	COMPLETED	Elite	22	0	0		0	0	0	43966F3401C31337A62CE4905293C07DA1C06B60DC2068306EF6B19278673C6A	AFDC7FD50DE9369E97B5967732BDEF9948F1F00E9C13BF7D2F2D8491168AAB6B	raw/period-52-division-22.html	raw/period-52-division-22.txt	raw/period-52-division-22.json	
2024 June	52	COMPLETED	Pro 1	23	0	0		0	0	0	99E922DFB2222C1D26A47D33C8A661E622687A48F55359EB53DD493739D0A584	D6B799696934B2F51804AB923BFFD770D09E7945AD60CD97E0F4C4FAF44EEEC6	raw/period-52-division-23.html	raw/period-52-division-23.txt	raw/period-52-division-23.json	
2024 June	52	COMPLETED	Pro 2	24	0	0		0	0	0	58B11EEA85300B3B4E10CB371CC220B0019883EA83B49E1422BC76615E8BDDBB	AC1F03CF3CFCD777D273108297791871064AE8D177C49D07D264C38E80A96AF7	raw/period-52-division-24.html	raw/period-52-division-24.txt	raw/period-52-division-24.json	
2024 June	52	COMPLETED	Pro 3	25	0	0		0	0	0	ECB73ACFE827F81829C87175F8D97ED1514CDFDCC9A1532D0F744CEB32A49708	82054CF49356279BC5D9B34CC47F96E2FFD6AF3ED931876E428D184B71C797A0	raw/period-52-division-25.html	raw/period-52-division-25.txt	raw/period-52-division-25.json	
2024 June	52	COMPLETED	Semi Pro 1	113	0	0		0	0	0	9FFCFE6D23E0CCD9B8F3E69775BB2CB8665D9817138D5CECDB6CFA153A66C974	5482196B7C90BBD3F112CA20E842DF262919FAA283B6F5CF15C46ACD84099EBC	raw/period-52-division-113.html	raw/period-52-division-113.txt	raw/period-52-division-113.json	
2024 June	52	COMPLETED	Beginner	81	0	0		0	0	0	95C2384290E2B30912379D655A8BE2BF76E6BC76E86249D2E56BFAC45FF7AB88	6043485FCE5475EC9EF6688863AFFE4C66E85629C2DA8C48AD7592949D0A5B50	raw/period-52-division-81.html	raw/period-52-division-81.txt	raw/period-52-division-81.json	
2024 June	52	COMPLETED	Welcome	62	0	0		0	0	0	F71C1010DEE20CACDBB4AC7DE39302E1EE41474B73A56D791450ED3725762687	C62079821B9E5076C1BF27A40B37ABC9C5D54EC346AAAF5ABBE2A3E9F6F72EFD	raw/period-52-division-62.html	raw/period-52-division-62.txt	raw/period-52-division-62.json	
2024 June	52	COMPLETED	Semi Pro 2	114	0	0		0	0	0	562B5EAEB6E91DC891B476D415EF60817D56F4E00BEE637B982C5B4EECFDD4F5	909DEF8A3AF9398622FF44B61D4E877EB508E8E58FA6A9F8B04F1CB2CA462A8A	raw/period-52-division-114.html	raw/period-52-division-114.txt	raw/period-52-division-114.json	
2024 June	52	COMPLETED	Semi Pro 3	115	0	0		0	0	0	52462C48AC4374505B6B69238BC30DEEFEBEE2B10DB24E3DA6345F63F04A6990	E47E4706B3C50F6A186092FC78710858F879DFB35D7D5FC13A901740DB8D18AF	raw/period-52-division-115.html	raw/period-52-division-115.txt	raw/period-52-division-115.json	
2024 May	51	COMPLETED	Master	21	0	0		0	0	0	2EFCDA8229AB329B9E4CDE1ABB05465AD6153C2B06CCD0DA3BB65E6E1F8CA57D	34B6B66A53D32504CA91F9DDA3D8D475B9569C3AEBD53F34C90B0EA0432C8FF1	raw/period-51-division-21.html	raw/period-51-division-21.txt	raw/period-51-division-21.json	
2024 May	51	COMPLETED	Elite	22	0	0		0	0	0	A17F75AC451EE1CB7178B3109BEF1544FC419DD90A51A3F2BCB7B7ACEFF9BAE9	DD8AD8CE36E4F80F4F7F90B01268DB50234BB8AACD0DD3F728BCB3606AA0C3EA	raw/period-51-division-22.html	raw/period-51-division-22.txt	raw/period-51-division-22.json	
2024 May	51	COMPLETED	Pro 1	23	0	0		0	0	0	9AD485CCC1405024B5C0CCF8641194CC664EC8B8053BF41EB5289A7EBF5ACA10	ADA1885F72C6B6F82B3EB5B127A29FAA465BDB37FCAF70136A7A01EA23553389	raw/period-51-division-23.html	raw/period-51-division-23.txt	raw/period-51-division-23.json	
2024 May	51	COMPLETED	Pro 2	24	0	0		0	0	0	0840AB9FC523F56A2921C9B28394A6CED0C74709C9E6F378FD71492FE8874C81	ED6726E48946F2026DB68BFC1AC1552AB7017AD3449E0FC65FBF7D97C962D7CC	raw/period-51-division-24.html	raw/period-51-division-24.txt	raw/period-51-division-24.json	
2024 May	51	COMPLETED	Pro 3	25	0	0		0	0	0	370866DC6FA96DB888A1B78E24376842804E649D1ACE6A1065742E5A401E397B	AD63276084F120349BC3313EC9B4D298B8E8E77216501904715EB2AC1E8A7FCA	raw/period-51-division-25.html	raw/period-51-division-25.txt	raw/period-51-division-25.json	
2024 May	51	COMPLETED	Semi Pro 1	113	0	0		0	0	0	C8F230627B0D6E2F1C395AB660DE4CC1643E6C5B44DF9B5363A6F05BCB4A5291	771B70595B92DC0657B4B2E7766D2297817620096AAC2C470C5627802CBBBB72	raw/period-51-division-113.html	raw/period-51-division-113.txt	raw/period-51-division-113.json	
2024 May	51	COMPLETED	Beginner	81	0	0		0	0	0	AFF7E1068F3B4BF7DD31E9A050C2340402602D550245CC186C73AFF8041951E3	024AADC5AD276109D09648DB53B79E1B61454D50FDF4D4E64C5CCE21670A4BF5	raw/period-51-division-81.html	raw/period-51-division-81.txt	raw/period-51-division-81.json	
2024 May	51	COMPLETED	Welcome	62	0	0		0	0	0	E312A6EFDF2D1EE655B519CBBBA72B50DFEE7931662F7267F7335951D717660A	662BA8990FAE64F36A55CD9DAD8F9E72C8DB9985D86BF04AEB4F4D6AB16CF565	raw/period-51-division-62.html	raw/period-51-division-62.txt	raw/period-51-division-62.json	
2024 May	51	COMPLETED	Semi Pro 2	114	0	0		0	0	0	F60B29D9A190F31048D8E3F7BC4FAD0BA48BB3F912BB4121CEA7830297BD2EEA	E263AB5B6996D9E7986DDD5299B17C2451DC7B7687FEC7AE3501D2576C948E19	raw/period-51-division-114.html	raw/period-51-division-114.txt	raw/period-51-division-114.json	
2024 May	51	COMPLETED	Semi Pro 3	115	0	0		0	0	0	B338B5C387337FB8510438011564E76B4C5D1FB3B20B3558D5536F4B8DADF0BA	3B78618ECE3F81F5B2AEC4679645B34F0E590BA3A40120607C6E92A245CF2360	raw/period-51-division-115.html	raw/period-51-division-115.txt	raw/period-51-division-115.json	
2024 April	50	COMPLETED	Master	21	0	0		0	0	0	E878226C5223F225DC9EC7466A92881FFFCBAADB194EBB011A92EDD44244BB59	BDDACB2F081D5FBDB10C776D2757B1DA9D54BC1629177DBB7D76A34EA6D600AB	raw/period-50-division-21.html	raw/period-50-division-21.txt	raw/period-50-division-21.json	
2024 April	50	COMPLETED	Elite	22	0	0		0	0	0	8F5CA20ADABB6F9F7D565C2A7838B7464A2CD1A699CBC6B86DDD104A0CD6367C	29AA6AD2DADDBC66C1AF00391F7CDF37C2A406F27B899DB99DA8F2B73E93BFEB	raw/period-50-division-22.html	raw/period-50-division-22.txt	raw/period-50-division-22.json	
2024 April	50	COMPLETED	Pro 1	23	0	0		0	0	0	804DBD8DFC0238879AE92EE81BB723B103448E73666DBB74ADCAC434A03678CC	F85FE63B3D28199C30CA78F39E9F67F759BCEB1D685AA269884C7893E319F9EE	raw/period-50-division-23.html	raw/period-50-division-23.txt	raw/period-50-division-23.json	
2024 April	50	COMPLETED	Pro 2	24	0	0		0	0	0	DDC2ED357943AD33592946C6C891063C460585CF403DED0BF5D4BA37F3BBA9FA	3E75A17168B53AF8930387A74C9CBAE61531A108C0690E2C5A56F3318A63EED9	raw/period-50-division-24.html	raw/period-50-division-24.txt	raw/period-50-division-24.json	
2024 April	50	COMPLETED	Pro 3	25	0	0		0	0	0	6547190EC83BAE14057080E649C04BAB76E13BF307BAD673C41E06F6CEE76992	8E73051A1FBDD67E05569E157EE05E9525CA7BFF729A95362E98721738B2373D	raw/period-50-division-25.html	raw/period-50-division-25.txt	raw/period-50-division-25.json	
2024 April	50	COMPLETED	Semi Pro 1	113	0	0		0	0	0	0BFBD3B5B3BE020B4EB7A7DF7A7740DC6879988D9A9093B477CB84A3DC03433D	41F073C5E1335285E89D0E5505D7F07EEE9BF67363E1ECA498173D3EFB9C1832	raw/period-50-division-113.html	raw/period-50-division-113.txt	raw/period-50-division-113.json	
2024 April	50	COMPLETED	Beginner	81	0	0		0	0	0	124BC496774D920C3EE07B47A8922EC7AB6F860E2E5FD37E83E8588C3CA53FDB	BDC8232A7031D50973D3A907B5A09B5821E7C8C9F14986C293720FC244B70079	raw/period-50-division-81.html	raw/period-50-division-81.txt	raw/period-50-division-81.json	
2024 April	50	COMPLETED	Welcome	62	0	0		0	0	0	1A87F9377E49D6516039CC72B1A16773C0F5042EFD682BD5B4E41C5A2C3AA78C	A68A7E09BD8776E074F3943CF8AE733C1C09B8E2531BE6F4B9DF19B6FAEEB3B8	raw/period-50-division-62.html	raw/period-50-division-62.txt	raw/period-50-division-62.json	
2024 April	50	COMPLETED	Semi Pro 2	114	0	0		0	0	0	AE7BBD287A28768AAA7CE9F3952F80D71561FC03C13CE33FAAA09BBE3BF167D6	280CE3F786605202AB85C3757C459940DB07749D0C7F94CC293CA80BE325E000	raw/period-50-division-114.html	raw/period-50-division-114.txt	raw/period-50-division-114.json	
2024 April	50	COMPLETED	Semi Pro 3	115	0	0		0	0	0	7007D7FBF5B12B66935E57A4893149231BE785582255438D233EE0C0A0F46591	854FC17D72503070C7F1FBB1A5B68BC24C48E37DBF24E73CC0568D282AB0B549	raw/period-50-division-115.html	raw/period-50-division-115.txt	raw/period-50-division-115.json	
2024 March	49	COMPLETED	Master	21	0	0		0	0	0	BEE73312E73F6A90E0D107E4785E4BC33918396741D523F54304E7FD79FFC59D	1F6E09421DB8D84EC43B1CBD816A5EE12C64EB04C37D2AA6A4197E2F3B94D04B	raw/period-49-division-21.html	raw/period-49-division-21.txt	raw/period-49-division-21.json	
2024 March	49	COMPLETED	Elite	22	0	0		0	0	0	21582CFE965511AC5B460E3A76D926B81EA05B71A3BF1B3BFB1289D2FE1D8B3E	D54EB967522BFF286BD6063BC54576F55BC8E489B3A382336C83AFBEE9195686	raw/period-49-division-22.html	raw/period-49-division-22.txt	raw/period-49-division-22.json	
2024 March	49	COMPLETED	Pro 1	23	0	0		0	0	0	C4DFA8701669E4D086644850A91BD23DFC39F038116D97960002A9DFCB8C94C1	B0ADDF0BE877F0947694562B833EDB6B3DF15769CF8FA962742A1469F29DB6E7	raw/period-49-division-23.html	raw/period-49-division-23.txt	raw/period-49-division-23.json	
2024 March	49	COMPLETED	Pro 2	24	0	0		0	0	0	1A9E3FC7121E6374C044F0D16D086EBE21EEDC4C059BEDBD2C23420DA5565AE4	F9EDBB75091FBEDA74EC099E9024DCF13D82C2397BBCB60257F6194B30D2AA84	raw/period-49-division-24.html	raw/period-49-division-24.txt	raw/period-49-division-24.json	
2024 March	49	COMPLETED	Pro 3	25	0	0		0	0	0	83F021224527C0360F5FE8F124BE7EFF5EF381BDA50D07EAC52A18BDDD9CF68D	50882172BDBE3054C4E34AC57344B0EEBA6C49EF7DC54E7208092D01F25327C9	raw/period-49-division-25.html	raw/period-49-division-25.txt	raw/period-49-division-25.json	
2024 March	49	COMPLETED	Semi Pro 1	113	0	0		0	0	0	41FEEC49F78650F21F7180FE635CB59977A1B99023C82008DE6CD8C76807C3EE	AD7A0600026CD5F6DA8CC3C7F70F7DF9677F21D3CEDD586E401CEBE96973E666	raw/period-49-division-113.html	raw/period-49-division-113.txt	raw/period-49-division-113.json	
2024 March	49	COMPLETED	Beginner	81	0	0		0	0	0	94DE321963A9437CEA7FFFCFC626EDD00C77296F8F4F362F7020DB6BF09B6B3F	99526586E3242E239D5E811C35A409FCD00FDEFC7EF15F2174646FA7FA02EA6E	raw/period-49-division-81.html	raw/period-49-division-81.txt	raw/period-49-division-81.json	
2024 March	49	COMPLETED	Welcome	62	0	0		0	0	0	9C91A18BCCC94A4CA73F1585E158C038808B32A9DB5E8EFB2C1BE9F679E9731A	904C91AD7AF091EBDC69BBEE70368EE80DDF628C70EBA556C791AE4CEDA1D786	raw/period-49-division-62.html	raw/period-49-division-62.txt	raw/period-49-division-62.json	
2024 March	49	COMPLETED	Semi Pro 2	114	0	0		0	0	0	A1EA54AC93C1521A3DC9421D3BDEF25102F31B8CF05661064AF7437CEA025157	D5AAFD57D577F2E30BAB417DD9105B49DA68B3AB0FD33B45D05438CD232CB4F1	raw/period-49-division-114.html	raw/period-49-division-114.txt	raw/period-49-division-114.json	
2024 March	49	COMPLETED	Semi Pro 3	115	0	0		0	0	0	7F5C487903F584F717C2FCFF0B7E3E3595D51B68AFED48F730B5D62336B1354B	1324D7E7C98B36221C72631118792C466C084DEE62BDCE9B9D5B187CFCF86983	raw/period-49-division-115.html	raw/period-49-division-115.txt	raw/period-49-division-115.json	
2024 February	48	COMPLETED	Master	21	0	0		0	0	0	98149EE0E1A2CF53123565D93D4B5F13475FDBEB180ED8FC12A331A29FF3D6D0	698550A18D75E14E26DBC03654B5CC5444D3A0CE21CB40D0DA69C4C6DF4C1900	raw/period-48-division-21.html	raw/period-48-division-21.txt	raw/period-48-division-21.json	
2024 February	48	COMPLETED	Elite	22	0	0		0	0	0	1AB0594ADF7464ACACCAD8CA5E9654EE76FCA683CE3F1EA1C39538D053E6D4D2	7B27FF959845BA11E9BA0DC81406C4E907E141EEC2E5C408899E398018D71B83	raw/period-48-division-22.html	raw/period-48-division-22.txt	raw/period-48-division-22.json	
2024 February	48	COMPLETED	Pro 1	23	0	0		0	0	0	356B623607A15ED5A887A7730E19681D29195B268ACA6AA7393F4B6D75BB210A	2511FE7B0F0D920C7BD9CAAB104F275B3AC354BACF4075D36EE3F8CA5A9F1657	raw/period-48-division-23.html	raw/period-48-division-23.txt	raw/period-48-division-23.json	
2024 February	48	COMPLETED	Pro 2	24	0	0		0	0	0	3C9F0DF125F0DFE500C0BFB485DD0094215E159227FE7B5EFCD8CAA1132F54C4	05F76DBE729B5A4F0FCA6F6CB9ED2953CCD05BC68E87C04658D3AA88650C6F08	raw/period-48-division-24.html	raw/period-48-division-24.txt	raw/period-48-division-24.json	
2024 February	48	COMPLETED	Pro 3	25	0	0		0	0	0	71E7FE10F9E92AAEC308190447F82D2C8470B1FEE239643F8469027D36E54F61	0E7BE61B3DFA8335769972C5732EBF613659C79DE30A1F8F4F7270C1603BE4B2	raw/period-48-division-25.html	raw/period-48-division-25.txt	raw/period-48-division-25.json	
2024 February	48	COMPLETED	Semi Pro 1	113	0	0		0	0	0	FCFBDFC031BA80507674CB9047B500957AB86C495BF6D8E6CE45944CF2D507AF	BAD7992D3497C34BBADFBC44F849C3259F393A5A33AC692C8E6486D746205979	raw/period-48-division-113.html	raw/period-48-division-113.txt	raw/period-48-division-113.json	
2024 February	48	COMPLETED	Beginner	81	0	0		0	0	0	B9DA5918F846085955C3E9855F59B217F9FBB1C5F408EE5BD461352F500CD4CC	61116AC4D162ED612A97ED305122B4C409324A6432ADDE02CF0AF0B41A9BFA91	raw/period-48-division-81.html	raw/period-48-division-81.txt	raw/period-48-division-81.json	
2024 February	48	COMPLETED	Welcome	62	0	0		0	0	0	7192B0E10F6671500382631B426B1F489BFE25355C8E4F7172DAF41076FF4EF3	6544B5216B13F651B17E35505858CCD4C9485402C80618A62664AAF5F791F1BD	raw/period-48-division-62.html	raw/period-48-division-62.txt	raw/period-48-division-62.json	
2024 February	48	COMPLETED	Semi Pro 2	114	0	0		0	0	0	8E19E2DFD35E5B25CDBAA644CA2807AFB42B1AE31A0490EB9367D0BFFC6FFFFA	F174E96B8EA23914F2A817D6370098BD3C79D16F9613829C7C2E2D0B87E468F2	raw/period-48-division-114.html	raw/period-48-division-114.txt	raw/period-48-division-114.json	
2024 February	48	COMPLETED	Semi Pro 3	115	0	0		0	0	0	35EFA4B11D6A02DCFE8A9BF7C17667798F1447CE832FAB3D9BB126EE5279E8C7	71EB03EFEE53185D46208518F9D2FAB86AED9E0AD1C8967F1203CC5CF00EFEE3	raw/period-48-division-115.html	raw/period-48-division-115.txt	raw/period-48-division-115.json	
2024 January	47	COMPLETED	Master	21	0	0		0	0	0	96DEC66FBDEF149F485CA11858F584261F180E4094C4EC4B7656373B72079104	EE8A8690DCBA9B6E0FF1CBB64080F32C6BC2ACA5BC98FF72DC7E95F459881647	raw/period-47-division-21.html	raw/period-47-division-21.txt	raw/period-47-division-21.json	
2024 January	47	COMPLETED	Elite	22	0	0		0	0	0	2C982EC2BFA58DB9050961F09D594D497971AEDFCED686854787D9873FD307B6	EA7D8ED6145A518A8459F52E17EE20A0E49BC53E5D5A068E4DAD33561DCB532E	raw/period-47-division-22.html	raw/period-47-division-22.txt	raw/period-47-division-22.json	
2024 January	47	COMPLETED	Pro 1	23	0	0		0	0	0	F343BF6BC3976380F7911FCDA37FF36E0198D2A796AB3EA4AAD1D051DBCA9E1B	F886773C6162D93789F3B301518F982A4E3268E2FBE723B4C1CCA52E4AF99790	raw/period-47-division-23.html	raw/period-47-division-23.txt	raw/period-47-division-23.json	
2024 January	47	COMPLETED	Pro 2	24	0	0		0	0	0	1185D7FB26AFAAE5F002B6741AEAB2CC031A2DBED495F46FB8E65F3D579EAC53	973D6F272E1B85AFF860366E5A36CA6B666B65D5272B9BB5B88C02387692DE55	raw/period-47-division-24.html	raw/period-47-division-24.txt	raw/period-47-division-24.json	
2024 January	47	COMPLETED	Pro 3	25	0	0		0	0	0	8DB0BB0627725D330DCA4E51F8B0CF393A7BB260B0879FEDA1079A5F1EC6D127	782226415FD8C5658CAF9AE3EEEE45C08A5AB5BEF529F5394C75EC9A07079A12	raw/period-47-division-25.html	raw/period-47-division-25.txt	raw/period-47-division-25.json	
2024 January	47	COMPLETED	Semi Pro 1	113	0	0		0	0	0	DC5CDA8F51076418860917AE47032F16D43CE357C925DDF7B6CDA7D80EBEBC84	A78321552EE4181E8413EC2490FD29C3E0A154C26409772E72A9D3DE96ED32E5	raw/period-47-division-113.html	raw/period-47-division-113.txt	raw/period-47-division-113.json	
2024 January	47	COMPLETED	Beginner	81	0	0		0	0	0	66F18D842E403CC90BF799F071E6076B9232B23317EBB566296285A7EFAD6A18	87CA869CE4D950FD973A33D5C640FC42686FA021BA0C97BFE6E43B6AE766442A	raw/period-47-division-81.html	raw/period-47-division-81.txt	raw/period-47-division-81.json	
2024 January	47	COMPLETED	Welcome	62	0	0		0	0	0	C3F91367463550C6C8CEC794BCBE40E5E65F4FB54B266C14D7B396667F4B2492	BCB24C74ECEF852F70629D1E314C149DA18E1B83C2FE3F4002778938E05E4969	raw/period-47-division-62.html	raw/period-47-division-62.txt	raw/period-47-division-62.json	
2024 January	47	COMPLETED	Semi Pro 2	114	0	0		0	0	0	502A6F9A6EC552DB0F537B95C6259958AF0B066562518E361C725792678E1252	1916F22EF38D8AF0DF63DB89FF4F0005F038F454B7B5832CC5954B199CF991D1	raw/period-47-division-114.html	raw/period-47-division-114.txt	raw/period-47-division-114.json	
2024 January	47	COMPLETED	Semi Pro 3	115	0	0		0	0	0	FE884CBEEDA3F9863BAC55746DD2F9222221C351162EF641737F0C0FC0EBDFA6	D2DC0FEF2A88FCA14AE27581F1284534AB57E95ECF9F43CE6236A68FC755FB51	raw/period-47-division-115.html	raw/period-47-division-115.txt	raw/period-47-division-115.json	

