period	period_id	division	division_source_value	source_player_name_exact	source_player_id	course_game_identifier	exact_score_text	parsed_numeric_score	played_state	missing_score_state	leader_placement	evidence_filename
2025 May	161	Master	21	yankeedude1123	4927	Original Gothic	-23	-23	scored	false	8	period-161-division-21.html
2025 May	161	Master	21	leanin2it	6950	Original Gothic	-22	-22	scored	false	2	period-161-division-21.html
2025 May	161	Master	21	El Jorge	24	Original Gothic	-21	-21	scored	false	1	period-161-division-21.html
2025 May	161	Master	21	Mully	88	Original Gothic	-21	-21	scored	false	7	period-161-division-21.html
2025 May	161	Master	21	Princess_Bankshot	4945	Original Gothic	-21	-21	scored	false	3	period-161-division-21.html
2025 May	161	Master	21	Slappy	1705	Original Gothic	-20	-20	scored	false	9	period-161-division-21.html
2025 May	161	Master	21	Neo Impossible	1205	Original Gothic	-20	-20	scored	false	4	period-161-division-21.html
2025 May	161	Master	21	Derby_Daz	54	Original Gothic	-20	-20	scored	false	5	period-161-division-21.html
2025 May	161	Master	21	Gobson	4645	Original Gothic	-19	-19	scored	false	6	period-161-division-21.html
2025 May	161	Master	21	Matt916	32	Original Gothic			missing	true	10	period-161-division-21.html
2025 May	161	Master	21	Derby_Daz	54	Original Gothic Hard	-22	-22	scored	false	5	period-161-division-21.html
2025 May	161	Master	21	Mully	88	Original Gothic Hard	-22	-22	scored	false	7	period-161-division-21.html
2025 May	161	Master	21	Gobson	4645	Original Gothic Hard	-22	-22	scored	false	6	period-161-division-21.html
2025 May	161	Master	21	El Jorge	24	Original Gothic Hard	-21	-21	scored	false	1	period-161-division-21.html
2025 May	161	Master	21	Neo Impossible	1205	Original Gothic Hard	-21	-21	scored	false	4	period-161-division-21.html
2025 May	161	Master	21	Princess_Bankshot	4945	Original Gothic Hard	-20	-20	scored	false	3	period-161-division-21.html
2025 May	161	Master	21	leanin2it	6950	Original Gothic Hard	-18	-18	scored	false	2	period-161-division-21.html
2025 May	161	Master	21	yankeedude1123	4927	Original Gothic Hard	-17	-17	scored	false	8	period-161-division-21.html
2025 May	161	Master	21	Slappy	1705	Original Gothic Hard	-11	-11	scored	false	9	period-161-division-21.html
2025 May	161	Master	21	Matt916	32	Original Gothic Hard			missing	true	10	period-161-division-21.html
2025 May	161	Master	21	Princess_Bankshot	4945	Labyrinth	-27	-27	scored	false	3	period-161-division-21.html
2025 May	161	Master	21	leanin2it	6950	Labyrinth	-26	-26	scored	false	2	period-161-division-21.html
2025 May	161	Master	21	El Jorge	24	Labyrinth	-24	-24	scored	false	1	period-161-division-21.html
2025 May	161	Master	21	Neo Impossible	1205	Labyrinth	-24	-24	scored	false	4	period-161-division-21.html
2025 May	161	Master	21	Matt916	32	Labyrinth	-24	-24	scored	false	10	period-161-division-21.html
2025 May	161	Master	21	Mully	88	Labyrinth	-23	-23	scored	false	7	period-161-division-21.html
2025 May	161	Master	21	Derby_Daz	54	Labyrinth	-23	-23	scored	false	5	period-161-division-21.html
2025 May	161	Master	21	Slappy	1705	Labyrinth	-22	-22	scored	false	9	period-161-division-21.html
2025 May	161	Master	21	Gobson	4645	Labyrinth	-20	-20	scored	false	6	period-161-division-21.html
2025 May	161	Master	21	yankeedude1123	4927	Labyrinth	-16	-16	scored	false	8	period-161-division-21.html
2025 May	161	Master	21	Gobson	4645	Labyrinth - Hard	-25	-25	scored	false	6	period-161-division-21.html
2025 May	161	Master	21	Princess_Bankshot	4945	Labyrinth - Hard	-21	-21	scored	false	3	period-161-division-21.html
2025 May	161	Master	21	yankeedude1123	4927	Labyrinth - Hard	-21	-21	scored	false	8	period-161-division-21.html
2025 May	161	Master	21	Neo Impossible	1205	Labyrinth - Hard	-19	-19	scored	false	4	period-161-division-21.html
2025 May	161	Master	21	El Jorge	24	Labyrinth - Hard	-17	-17	scored	false	1	period-161-division-21.html
2025 May	161	Master	21	leanin2it	6950	Labyrinth - Hard	-17	-17	scored	false	2	period-161-division-21.html
2025 May	161	Master	21	Derby_Daz	54	Labyrinth - Hard	-17	-17	scored	false	5	period-161-division-21.html
2025 May	161	Master	21	Slappy	1705	Labyrinth - Hard	-16	-16	scored	false	9	period-161-division-21.html
2025 May	161	Master	21	Matt916	32	Labyrinth - Hard	-14	-14	scored	false	10	period-161-division-21.html
2025 May	161	Master	21	Mully	88	Labyrinth - Hard	6	6	scored	false	7	period-161-division-21.html
2025 May	161	Master	21	Derby_Daz	54	Meow Wolf	-24	-24	scored	false	5	period-161-division-21.html
2025 May	161	Master	21	Mully	88	Meow Wolf	-24	-24	scored	false	7	period-161-division-21.html
2025 May	161	Master	21	El Jorge	24	Meow Wolf	-23	-23	scored	false	1	period-161-division-21.html
2025 May	161	Master	21	yankeedude1123	4927	Meow Wolf	-23	-23	scored	false	8	period-161-division-21.html
2025 May	161	Master	21	Neo Impossible	1205	Meow Wolf	-22	-22	scored	false	4	period-161-division-21.html
2025 May	161	Master	21	Princess_Bankshot	4945	Meow Wolf	-22	-22	scored	false	3	period-161-division-21.html
2025 May	161	Master	21	leanin2it	6950	Meow Wolf	-20	-20	scored	false	2	period-161-division-21.html
2025 May	161	Master	21	Gobson	4645	Meow Wolf	-20	-20	scored	false	6	period-161-division-21.html
2025 May	161	Master	21	Slappy	1705	Meow Wolf	-18	-18	scored	false	9	period-161-division-21.html
2025 May	161	Master	21	Matt916	32	Meow Wolf			missing	true	10	period-161-division-21.html
2025 May	161	Master	21	Mully	88	Meow Wolf - Hard	-22	-22	scored	false	7	period-161-division-21.html
2025 May	161	Master	21	Gobson	4645	Meow Wolf - Hard	-20	-20	scored	false	6	period-161-division-21.html
2025 May	161	Master	21	Neo Impossible	1205	Meow Wolf - Hard	-20	-20	scored	false	4	period-161-division-21.html
2025 May	161	Master	21	Princess_Bankshot	4945	Meow Wolf - Hard	-20	-20	scored	false	3	period-161-division-21.html
2025 May	161	Master	21	yankeedude1123	4927	Meow Wolf - Hard	-19	-19	scored	false	8	period-161-division-21.html
2025 May	161	Master	21	El Jorge	24	Meow Wolf - Hard	-18	-18	scored	false	1	period-161-division-21.html
2025 May	161	Master	21	Slappy	1705	Meow Wolf - Hard	-18	-18	scored	false	9	period-161-division-21.html
2025 May	161	Master	21	leanin2it	6950	Meow Wolf - Hard	-17	-17	scored	false	2	period-161-division-21.html
2025 May	161	Master	21	Derby_Daz	54	Meow Wolf - Hard	-16	-16	scored	false	5	period-161-division-21.html
2025 May	161	Master	21	Matt916	32	Meow Wolf - Hard			missing	true	10	period-161-division-21.html
2025 May	161	Master	21	leanin2it	6950	Raptor Cliff's	-26	-26	scored	false	2	period-161-division-21.html
2025 May	161	Master	21	El Jorge	24	Raptor Cliff's	-25	-25	scored	false	1	period-161-division-21.html
2025 May	161	Master	21	Derby_Daz	54	Raptor Cliff's	-24	-24	scored	false	5	period-161-division-21.html
2025 May	161	Master	21	Princess_Bankshot	4945	Raptor Cliff's	-22	-22	scored	false	3	period-161-division-21.html
2025 May	161	Master	21	Neo Impossible	1205	Raptor Cliff's	-20	-20	scored	false	4	period-161-division-21.html
2025 May	161	Master	21	Slappy	1705	Raptor Cliff's	-19	-19	scored	false	9	period-161-division-21.html
2025 May	161	Master	21	yankeedude1123	4927	Raptor Cliff's	-18	-18	scored	false	8	period-161-division-21.html
2025 May	161	Master	21	Gobson	4645	Raptor Cliff's	-17	-17	scored	false	6	period-161-division-21.html
2025 May	161	Master	21	Mully	88	Raptor Cliff's	-16	-16	scored	false	7	period-161-division-21.html
2025 May	161	Master	21	Matt916	32	Raptor Cliff's			missing	true	10	period-161-division-21.html
2025 May	161	Master	21	leanin2it	6950	Raptor Cliff's - Hard	-21	-21	scored	false	2	period-161-division-21.html
2025 May	161	Master	21	El Jorge	24	Raptor Cliff's - Hard	-20	-20	scored	false	1	period-161-division-21.html
2025 May	161	Master	21	Gobson	4645	Raptor Cliff's - Hard	-19	-19	scored	false	6	period-161-division-21.html
2025 May	161	Master	21	Neo Impossible	1205	Raptor Cliff's - Hard	-17	-17	scored	false	4	period-161-division-21.html
2025 May	161	Master	21	yankeedude1123	4927	Raptor Cliff's - Hard	-16	-16	scored	false	8	period-161-division-21.html
2025 May	161	Master	21	Derby_Daz	54	Raptor Cliff's - Hard	-15	-15	scored	false	5	period-161-division-21.html
2025 May	161	Master	21	Princess_Bankshot	4945	Raptor Cliff's - Hard	-14	-14	scored	false	3	period-161-division-21.html
2025 May	161	Master	21	Slappy	1705	Raptor Cliff's - Hard	-6	-6	scored	false	9	period-161-division-21.html
2025 May	161	Master	21	Mully	88	Raptor Cliff's - Hard	-2	-2	scored	false	7	period-161-division-21.html
2025 May	161	Master	21	Matt916	32	Raptor Cliff's - Hard			missing	true	10	period-161-division-21.html
2025 August	221	Master	21	POLANECE	7948	El Dorado	-26	-26	scored	false	1	period-221-division-21.html
2025 August	221	Master	21	El Jorge	24	El Dorado	-25	-25	scored	false	3	period-221-division-21.html
2025 August	221	Master	21	Derby_Daz	54	El Dorado	-24	-24	scored	false	9	period-221-division-21.html
2025 August	221	Master	21	INDY	22	El Dorado	-23	-23	scored	false	2	period-221-division-21.html
2025 August	221	Master	21	Mully	88	El Dorado	-23	-23	scored	false	4	period-221-division-21.html
2025 August	221	Master	21	Princess_Bankshot	4945	El Dorado	-21	-21	scored	false	6	period-221-division-21.html
2025 August	221	Master	21	Gobson	4645	El Dorado	-20	-20	scored	false	5	period-221-division-21.html
2025 August	221	Master	21	l7jazz	7908	El Dorado	-19	-19	scored	false	7	period-221-division-21.html
2025 August	221	Master	21	DaisyShaw	7848	El Dorado			missing	true		period-221-division-21.html
2025 August	221	Master	21	YODA	105	El Dorado			missing	true	8	period-221-division-21.html
2025 August	221	Master	21	POLANECE	7948	El Dorado Hard	-23	-23	scored	false	1	period-221-division-21.html
2025 August	221	Master	21	YODA	105	El Dorado Hard	-21	-21	scored	false	8	period-221-division-21.html
2025 August	221	Master	21	El Jorge	24	El Dorado Hard	-21	-21	scored	false	3	period-221-division-21.html
2025 August	221	Master	21	Mully	88	El Dorado Hard	-20	-20	scored	false	4	period-221-division-21.html
2025 August	221	Master	21	Gobson	4645	El Dorado Hard	-17	-17	scored	false	5	period-221-division-21.html
2025 August	221	Master	21	INDY	22	El Dorado Hard	-17	-17	scored	false	2	period-221-division-21.html
2025 August	221	Master	21	Derby_Daz	54	El Dorado Hard	-14	-14	scored	false	9	period-221-division-21.html
2025 August	221	Master	21	l7jazz	7908	El Dorado Hard	-11	-11	scored	false	7	period-221-division-21.html
2025 August	221	Master	21	Princess_Bankshot	4945	El Dorado Hard	-9	-9	scored	false	6	period-221-division-21.html
2025 August	221	Master	21	DaisyShaw	7848	El Dorado Hard			missing	true		period-221-division-21.html
2025 August	221	Master	21	INDY	22	Atlantis	-27	-27	scored	false	2	period-221-division-21.html
2025 August	221	Master	21	Princess_Bankshot	4945	Atlantis	-26	-26	scored	false	6	period-221-division-21.html
2025 August	221	Master	21	Mully	88	Atlantis	-26	-26	scored	false	4	period-221-division-21.html
2025 August	221	Master	21	POLANECE	7948	Atlantis	-25	-25	scored	false	1	period-221-division-21.html
2025 August	221	Master	21	YODA	105	Atlantis	-24	-24	scored	false	8	period-221-division-21.html
2025 August	221	Master	21	Derby_Daz	54	Atlantis	-24	-24	scored	false	9	period-221-division-21.html
2025 August	221	Master	21	El Jorge	24	Atlantis	-22	-22	scored	false	3	period-221-division-21.html
2025 August	221	Master	21	l7jazz	7908	Atlantis	-19	-19	scored	false	7	period-221-division-21.html
2025 August	221	Master	21	Gobson	4645	Atlantis	-18	-18	scored	false	5	period-221-division-21.html
2025 August	221	Master	21	DaisyShaw	7848	Atlantis			missing	true		period-221-division-21.html
2025 August	221	Master	21	Gobson	4645	Atlantis Hard	-19	-19	scored	false	5	period-221-division-21.html
2025 August	221	Master	21	POLANECE	7948	Atlantis Hard	-18	-18	scored	false	1	period-221-division-21.html
2025 August	221	Master	21	Derby_Daz	54	Atlantis Hard	-18	-18	scored	false	9	period-221-division-21.html
2025 August	221	Master	21	YODA	105	Atlantis Hard	-17	-17	scored	false	8	period-221-division-21.html
2025 August	221	Master	21	INDY	22	Atlantis Hard	-16	-16	scored	false	2	period-221-division-21.html
2025 August	221	Master	21	Mully	88	Atlantis Hard	-14	-14	scored	false	4	period-221-division-21.html
2025 August	221	Master	21	Princess_Bankshot	4945	Atlantis Hard	-13	-13	scored	false	6	period-221-division-21.html
2025 August	221	Master	21	El Jorge	24	Atlantis Hard	-12	-12	scored	false	3	period-221-division-21.html
2025 August	221	Master	21	l7jazz	7908	Atlantis Hard	-10	-10	scored	false	7	period-221-division-21.html
2025 August	221	Master	21	DaisyShaw	7848	Atlantis Hard			missing	true		period-221-division-21.html
2025 August	221	Master	21	INDY	22	Alfheim	-25	-25	scored	false	2	period-221-division-21.html
2025 August	221	Master	21	Mully	88	Alfheim	-24	-24	scored	false	4	period-221-division-21.html
2025 August	221	Master	21	Gobson	4645	Alfheim	-22	-22	scored	false	5	period-221-division-21.html
2025 August	221	Master	21	POLANECE	7948	Alfheim	-22	-22	scored	false	1	period-221-division-21.html
2025 August	221	Master	21	El Jorge	24	Alfheim	-22	-22	scored	false	3	period-221-division-21.html
2025 August	221	Master	21	Princess_Bankshot	4945	Alfheim	-19	-19	scored	false	6	period-221-division-21.html
2025 August	221	Master	21	l7jazz	7908	Alfheim	-16	-16	scored	false	7	period-221-division-21.html
2025 August	221	Master	21	Derby_Daz	54	Alfheim			missing	true	9	period-221-division-21.html
2025 August	221	Master	21	DaisyShaw	7848	Alfheim			missing	true		period-221-division-21.html
2025 August	221	Master	21	YODA	105	Alfheim			missing	true	8	period-221-division-21.html
2025 August	221	Master	21	INDY	22	Alfheim Hard	-27	-27	scored	false	2	period-221-division-21.html
2025 August	221	Master	21	Princess_Bankshot	4945	Alfheim Hard	-24	-24	scored	false	6	period-221-division-21.html
2025 August	221	Master	21	POLANECE	7948	Alfheim Hard	-24	-24	scored	false	1	period-221-division-21.html
2025 August	221	Master	21	Gobson	4645	Alfheim Hard	-23	-23	scored	false	5	period-221-division-21.html
2025 August	221	Master	21	Mully	88	Alfheim Hard	-20	-20	scored	false	4	period-221-division-21.html
2025 August	221	Master	21	El Jorge	24	Alfheim Hard	-19	-19	scored	false	3	period-221-division-21.html
2025 August	221	Master	21	YODA	105	Alfheim Hard	-17	-17	scored	false	8	period-221-division-21.html
2025 August	221	Master	21	l7jazz	7908	Alfheim Hard	-17	-17	scored	false	7	period-221-division-21.html
2025 August	221	Master	21	Derby_Daz	54	Alfheim Hard			missing	true	9	period-221-division-21.html
2025 August	221	Master	21	DaisyShaw	7848	Alfheim Hard			missing	true		period-221-division-21.html
2025 August	221	Master	21	INDY	22	Ice Lair	-26	-26	scored	false	2	period-221-division-21.html
2025 August	221	Master	21	El Jorge	24	Ice Lair	-24	-24	scored	false	3	period-221-division-21.html
2025 August	221	Master	21	Princess_Bankshot	4945	Ice Lair	-24	-24	scored	false	6	period-221-division-21.html
2025 August	221	Master	21	Gobson	4645	Ice Lair	-23	-23	scored	false	5	period-221-division-21.html
2025 August	221	Master	21	POLANECE	7948	Ice Lair	-20	-20	scored	false	1	period-221-division-21.html
2025 August	221	Master	21	Mully	88	Ice Lair	-17	-17	scored	false	4	period-221-division-21.html
2025 August	221	Master	21	l7jazz	7908	Ice Lair	-17	-17	scored	false	7	period-221-division-21.html
2025 August	221	Master	21	YODA	105	Ice Lair	-17	-17	scored	false	8	period-221-division-21.html
2025 August	221	Master	21	Derby_Daz	54	Ice Lair			missing	true	9	period-221-division-21.html
2025 August	221	Master	21	DaisyShaw	7848	Ice Lair			missing	true		period-221-division-21.html
2025 August	221	Master	21	El Jorge	24	Ice Lair - Hard	-20	-20	scored	false	3	period-221-division-21.html
2025 August	221	Master	21	POLANECE	7948	Ice Lair - Hard	-17	-17	scored	false	1	period-221-division-21.html
2025 August	221	Master	21	INDY	22	Ice Lair - Hard	-15	-15	scored	false	2	period-221-division-21.html
2025 August	221	Master	21	Mully	88	Ice Lair - Hard	-14	-14	scored	false	4	period-221-division-21.html
2025 August	221	Master	21	Gobson	4645	Ice Lair - Hard	-14	-14	scored	false	5	period-221-division-21.html
2025 August	221	Master	21	Derby_Daz	54	Ice Lair - Hard	-13	-13	scored	false	9	period-221-division-21.html
2025 August	221	Master	21	YODA	105	Ice Lair - Hard	-12	-12	scored	false	8	period-221-division-21.html
2025 August	221	Master	21	l7jazz	7908	Ice Lair - Hard	-7	-7	scored	false	7	period-221-division-21.html
2025 August	221	Master	21	DaisyShaw	7848	Ice Lair - Hard			missing	true		period-221-division-21.html
2025 August	221	Master	21	Princess_Bankshot	4945	Ice Lair - Hard			missing	true	6	period-221-division-21.html
2025 September	241	Master	21	Blutes87	41	Tourist Trap	-25	-25	scored	false	1	period-241-division-21.html
2025 September	241	Master	21	INDY	22	Tourist Trap	-25	-25	scored	false	2	period-241-division-21.html
2025 September	241	Master	21	POLANECE	7948	Tourist Trap	-24	-24	scored	false	4	period-241-division-21.html
2025 September	241	Master	21	Gobson	4645	Tourist Trap	-24	-24	scored	false	3	period-241-division-21.html
2025 September	241	Master	21	El Jorge	24	Tourist Trap	-23	-23	scored	false	5	period-241-division-21.html
2025 September	241	Master	21	Neo Impossible	1205	Tourist Trap	-23	-23	scored	false	6	period-241-division-21.html
2025 September	241	Master	21	Mully	88	Tourist Trap	-23	-23	scored	false	7	period-241-division-21.html
2025 September	241	Master	21	steven2018	8229	Tourist Trap	-22	-22	scored	false	8	period-241-division-21.html
2025 September	241	Master	21	Princess_Bankshot	4945	Tourist Trap	-22	-22	scored	false	9	period-241-division-21.html
2025 September	241	Master	21	l7jazz	7908	Tourist Trap	-9	-9	scored	false	10	period-241-division-21.html
2025 September	241	Master	21	Gobson	4645	Tourist Trap Hard	-25	-25	scored	false	3	period-241-division-21.html
2025 September	241	Master	21	Blutes87	41	Tourist Trap Hard	-23	-23	scored	false	1	period-241-division-21.html
2025 September	241	Master	21	Mully	88	Tourist Trap Hard	-22	-22	scored	false	7	period-241-division-21.html
2025 September	241	Master	21	INDY	22	Tourist Trap Hard	-21	-21	scored	false	2	period-241-division-21.html
2025 September	241	Master	21	POLANECE	7948	Tourist Trap Hard	-19	-19	scored	false	4	period-241-division-21.html
2025 September	241	Master	21	El Jorge	24	Tourist Trap Hard	-19	-19	scored	false	5	period-241-division-21.html
2025 September	241	Master	21	Neo Impossible	1205	Tourist Trap Hard	-19	-19	scored	false	6	period-241-division-21.html
2025 September	241	Master	21	Princess_Bankshot	4945	Tourist Trap Hard	-18	-18	scored	false	9	period-241-division-21.html
2025 September	241	Master	21	steven2018	8229	Tourist Trap Hard	-18	-18	scored	false	8	period-241-division-21.html
2025 September	241	Master	21	l7jazz	7908	Tourist Trap Hard	-8	-8	scored	false	10	period-241-division-21.html
2025 September	241	Master	21	Blutes87	41	Gardens of Babylon	-29	-29	scored	false	1	period-241-division-21.html
2025 September	241	Master	21	INDY	22	Gardens of Babylon	-29	-29	scored	false	2	period-241-division-21.html
2025 September	241	Master	21	POLANECE	7948	Gardens of Babylon	-29	-29	scored	false	4	period-241-division-21.html
2025 September	241	Master	21	Neo Impossible	1205	Gardens of Babylon	-28	-28	scored	false	6	period-241-division-21.html
2025 September	241	Master	21	El Jorge	24	Gardens of Babylon	-27	-27	scored	false	5	period-241-division-21.html
2025 September	241	Master	21	Gobson	4645	Gardens of Babylon	-25	-25	scored	false	3	period-241-division-21.html
2025 September	241	Master	21	steven2018	8229	Gardens of Babylon	-23	-23	scored	false	8	period-241-division-21.html
2025 September	241	Master	21	Princess_Bankshot	4945	Gardens of Babylon	-22	-22	scored	false	9	period-241-division-21.html
2025 September	241	Master	21	l7jazz	7908	Gardens of Babylon	-20	-20	scored	false	10	period-241-division-21.html
2025 September	241	Master	21	Mully	88	Gardens of Babylon	-19	-19	scored	false	7	period-241-division-21.html
2025 September	241	Master	21	El Jorge	24	Gardens of Babylon Hard	-25	-25	scored	false	5	period-241-division-21.html
2025 September	241	Master	21	Gobson	4645	Gardens of Babylon Hard	-23	-23	scored	false	3	period-241-division-21.html
2025 September	241	Master	21	INDY	22	Gardens of Babylon Hard	-23	-23	scored	false	2	period-241-division-21.html
2025 September	241	Master	21	Mully	88	Gardens of Babylon Hard	-22	-22	scored	false	7	period-241-division-21.html
2025 September	241	Master	21	Neo Impossible	1205	Gardens of Babylon Hard	-22	-22	scored	false	6	period-241-division-21.html
2025 September	241	Master	21	Blutes87	41	Gardens of Babylon Hard	-21	-21	scored	false	1	period-241-division-21.html
2025 September	241	Master	21	POLANECE	7948	Gardens of Babylon Hard	-19	-19	scored	false	4	period-241-division-21.html
2025 September	241	Master	21	steven2018	8229	Gardens of Babylon Hard	-17	-17	scored	false	8	period-241-division-21.html
2025 September	241	Master	21	l7jazz	7908	Gardens of Babylon Hard	-15	-15	scored	false	10	period-241-division-21.html
2025 September	241	Master	21	Princess_Bankshot	4945	Gardens of Babylon Hard	-14	-14	scored	false	9	period-241-division-21.html
2025 September	241	Master	21	Gobson	4645	Holiday Hideaway	-22	-22	scored	false	3	period-241-division-21.html
2025 September	241	Master	21	POLANECE	7948	Holiday Hideaway	-21	-21	scored	false	4	period-241-division-21.html
2025 September	241	Master	21	Blutes87	41	Holiday Hideaway	-21	-21	scored	false	1	period-241-division-21.html
2025 September	241	Master	21	Neo Impossible	1205	Holiday Hideaway	-21	-21	scored	false	6	period-241-division-21.html
2025 September	241	Master	21	INDY	22	Holiday Hideaway	-21	-21	scored	false	2	period-241-division-21.html
2025 September	241	Master	21	steven2018	8229	Holiday Hideaway	-21	-21	scored	false	8	period-241-division-21.html
2025 September	241	Master	21	El Jorge	24	Holiday Hideaway	-18	-18	scored	false	5	period-241-division-21.html
2025 September	241	Master	21	Mully	88	Holiday Hideaway	-18	-18	scored	false	7	period-241-division-21.html
2025 September	241	Master	21	Princess_Bankshot	4945	Holiday Hideaway	-18	-18	scored	false	9	period-241-division-21.html
2025 September	241	Master	21	l7jazz	7908	Holiday Hideaway			missing	true	10	period-241-division-21.html
2025 September	241	Master	21	INDY	22	Holiday Hideaway - Hard	-20	-20	scored	false	2	period-241-division-21.html
2025 September	241	Master	21	Mully	88	Holiday Hideaway - Hard	-19	-19	scored	false	7	period-241-division-21.html
2025 September	241	Master	21	Blutes87	41	Holiday Hideaway - Hard	-17	-17	scored	false	1	period-241-division-21.html
2025 September	241	Master	21	El Jorge	24	Holiday Hideaway - Hard	-16	-16	scored	false	5	period-241-division-21.html
2025 September	241	Master	21	POLANECE	7948	Holiday Hideaway - Hard	-15	-15	scored	false	4	period-241-division-21.html
2025 September	241	Master	21	Neo Impossible	1205	Holiday Hideaway - Hard	-13	-13	scored	false	6	period-241-division-21.html
2025 September	241	Master	21	steven2018	8229	Holiday Hideaway - Hard	-12	-12	scored	false	8	period-241-division-21.html
2025 September	241	Master	21	Princess_Bankshot	4945	Holiday Hideaway - Hard	-8	-8	scored	false	9	period-241-division-21.html
2025 September	241	Master	21	Gobson	4645	Holiday Hideaway - Hard	-7	-7	scored	false	3	period-241-division-21.html
2025 September	241	Master	21	l7jazz	7908	Holiday Hideaway - Hard			missing	true	10	period-241-division-21.html
2025 September	241	Master	21	POLANECE	7948	Tokyo	-25	-25	scored	false	4	period-241-division-21.html
2025 September	241	Master	21	Blutes87	41	Tokyo	-25	-25	scored	false	1	period-241-division-21.html
2025 September	241	Master	21	El Jorge	24	Tokyo	-24	-24	scored	false	5	period-241-division-21.html
2025 September	241	Master	21	Gobson	4645	Tokyo	-24	-24	scored	false	3	period-241-division-21.html
2025 September	241	Master	21	Princess_Bankshot	4945	Tokyo	-22	-22	scored	false	9	period-241-division-21.html
2025 September	241	Master	21	INDY	22	Tokyo	-22	-22	scored	false	2	period-241-division-21.html
2025 September	241	Master	21	steven2018	8229	Tokyo	-22	-22	scored	false	8	period-241-division-21.html
2025 September	241	Master	21	Neo Impossible	1205	Tokyo	-21	-21	scored	false	6	period-241-division-21.html
2025 September	241	Master	21	Mully	88	Tokyo	-20	-20	scored	false	7	period-241-division-21.html
2025 September	241	Master	21	l7jazz	7908	Tokyo	-19	-19	scored	false	10	period-241-division-21.html
2025 September	241	Master	21	Gobson	4645	Tokyo - Hard	-20	-20	scored	false	3	period-241-division-21.html
2025 September	241	Master	21	El Jorge	24	Tokyo - Hard	-19	-19	scored	false	5	period-241-division-21.html
2025 September	241	Master	21	INDY	22	Tokyo - Hard	-18	-18	scored	false	2	period-241-division-21.html
2025 September	241	Master	21	Blutes87	41	Tokyo - Hard	-18	-18	scored	false	1	period-241-division-21.html
2025 September	241	Master	21	POLANECE	7948	Tokyo - Hard	-17	-17	scored	false	4	period-241-division-21.html
2025 September	241	Master	21	steven2018	8229	Tokyo - Hard	-16	-16	scored	false	8	period-241-division-21.html
2025 September	241	Master	21	Neo Impossible	1205	Tokyo - Hard	-16	-16	scored	false	6	period-241-division-21.html
2025 September	241	Master	21	Princess_Bankshot	4945	Tokyo - Hard	-15	-15	scored	false	9	period-241-division-21.html
2025 September	241	Master	21	l7jazz	7908	Tokyo - Hard	-14	-14	scored	false	10	period-241-division-21.html
2025 September	241	Master	21	Mully	88	Tokyo - Hard	-13	-13	scored	false	7	period-241-division-21.html
2026 March	361	Semi Pro 2	114	NuttyGrandpa	93	Arizona Modern	-24	-24	scored	false	2	period-361-division-114.html
2026 March	361	Semi Pro 2	114	Earthling	230	Arizona Modern	-21	-21	scored	false	1	period-361-division-114.html
2026 March	361	Semi Pro 2	114	Audrey	8608	Arizona Modern	-17	-17	scored	false	3	period-361-division-114.html
2026 March	361	Semi Pro 2	114	SMILEROBIN	7589	Arizona Modern	-17	-17	scored	false	4	period-361-division-114.html
2026 March	361	Semi Pro 2	114	Bearded_Driver	8428	Arizona Modern	-14	-14	scored	false	7	period-361-division-114.html
2026 March	361	Semi Pro 2	114	WendyW(Wyndemere2020)	7231	Arizona Modern	-13	-13	scored	false	5	period-361-division-114.html
2026 March	361	Semi Pro 2	114	Heisenberg	8388	Arizona Modern	-11	-11	scored	false	6	period-361-division-114.html
2026 March	361	Semi Pro 2	114	Earthling	230	Arizona Modern Hard	-14	-14	scored	false	1	period-361-division-114.html
2026 March	361	Semi Pro 2	114	NuttyGrandpa	93	Arizona Modern Hard	-12	-12	scored	false	2	period-361-division-114.html
2026 March	361	Semi Pro 2	114	Audrey	8608	Arizona Modern Hard	-11	-11	scored	false	3	period-361-division-114.html
2026 March	361	Semi Pro 2	114	Heisenberg	8388	Arizona Modern Hard	-8	-8	scored	false	6	period-361-division-114.html
2026 March	361	Semi Pro 2	114	Bearded_Driver	8428	Arizona Modern Hard	-3	-3	scored	false	7	period-361-division-114.html
2026 March	361	Semi Pro 2	114	WendyW(Wyndemere2020)	7231	Arizona Modern Hard	2	2	scored	false	5	period-361-division-114.html
2026 March	361	Semi Pro 2	114	SMILEROBIN	7589	Arizona Modern Hard	8	8	scored	false	4	period-361-division-114.html
2026 March	361	Semi Pro 2	114	Earthling	230	Original Gothic	-19	-19	scored	false	1	period-361-division-114.html
2026 March	361	Semi Pro 2	114	NuttyGrandpa	93	Original Gothic	-17	-17	scored	false	2	period-361-division-114.html
2026 March	361	Semi Pro 2	114	Audrey	8608	Original Gothic	-16	-16	scored	false	3	period-361-division-114.html
2026 March	361	Semi Pro 2	114	SMILEROBIN	7589	Original Gothic	-12	-12	scored	false	4	period-361-division-114.html
2026 March	361	Semi Pro 2	114	WendyW(Wyndemere2020)	7231	Original Gothic	-12	-12	scored	false	5	period-361-division-114.html
2026 March	361	Semi Pro 2	114	Heisenberg	8388	Original Gothic	-11	-11	scored	false	6	period-361-division-114.html
2026 March	361	Semi Pro 2	114	Bearded_Driver	8428	Original Gothic	-10	-10	scored	false	7	period-361-division-114.html
2026 March	361	Semi Pro 2	114	NuttyGrandpa	93	Original Gothic Hard	-15	-15	scored	false	2	period-361-division-114.html
2026 March	361	Semi Pro 2	114	Audrey	8608	Original Gothic Hard	-14	-14	scored	false	3	period-361-division-114.html
2026 March	361	Semi Pro 2	114	SMILEROBIN	7589	Original Gothic Hard	-10	-10	scored	false	4	period-361-division-114.html
2026 March	361	Semi Pro 2	114	Earthling	230	Original Gothic Hard	-9	-9	scored	false	1	period-361-division-114.html
2026 March	361	Semi Pro 2	114	WendyW(Wyndemere2020)	7231	Original Gothic Hard	-7	-7	scored	false	5	period-361-division-114.html
2026 March	361	Semi Pro 2	114	Heisenberg	8388	Original Gothic Hard	-4	-4	scored	false	6	period-361-division-114.html
2026 March	361	Semi Pro 2	114	Bearded_Driver	8428	Original Gothic Hard	0	0	scored	false	7	period-361-division-114.html
2026 March	361	Semi Pro 2	114	NuttyGrandpa	93	Sweetopia	-15	-15	scored	false	2	period-361-division-114.html
2026 March	361	Semi Pro 2	114	Earthling	230	Sweetopia	-14	-14	scored	false	1	period-361-division-114.html
2026 March	361	Semi Pro 2	114	Audrey	8608	Sweetopia	-12	-12	scored	false	3	period-361-division-114.html
2026 March	361	Semi Pro 2	114	SMILEROBIN	7589	Sweetopia	-11	-11	scored	false	4	period-361-division-114.html
2026 March	361	Semi Pro 2	114	WendyW(Wyndemere2020)	7231	Sweetopia	-7	-7	scored	false	5	period-361-division-114.html
2026 March	361	Semi Pro 2	114	Bearded_Driver	8428	Sweetopia	-6	-6	scored	false	7	period-361-division-114.html
2026 March	361	Semi Pro 2	114	Heisenberg	8388	Sweetopia	-5	-5	scored	false	6	period-361-division-114.html
2026 March	361	Semi Pro 2	114	Earthling	230	Sweetopia - Hard	-13	-13	scored	false	1	period-361-division-114.html
2026 March	361	Semi Pro 2	114	NuttyGrandpa	93	Sweetopia - Hard	-10	-10	scored	false	2	period-361-division-114.html
2026 March	361	Semi Pro 2	114	Audrey	8608	Sweetopia - Hard	-9	-9	scored	false	3	period-361-division-114.html
2026 March	361	Semi Pro 2	114	Heisenberg	8388	Sweetopia - Hard	-6	-6	scored	false	6	period-361-division-114.html
2026 March	361	Semi Pro 2	114	SMILEROBIN	7589	Sweetopia - Hard	-1	-1	scored	false	4	period-361-division-114.html
2026 March	361	Semi Pro 2	114	WendyW(Wyndemere2020)	7231	Sweetopia - Hard	1	1	scored	false	5	period-361-division-114.html
2026 March	361	Semi Pro 2	114	Bearded_Driver	8428	Sweetopia - Hard	7	7	scored	false	7	period-361-division-114.html
2026 March	361	Semi Pro 2	114	Earthling	230	Laser Lair	-19	-19	scored	false	1	period-361-division-114.html
2026 March	361	Semi Pro 2	114	NuttyGrandpa	93	Laser Lair	-17	-17	scored	false	2	period-361-division-114.html
2026 March	361	Semi Pro 2	114	SMILEROBIN	7589	Laser Lair	-16	-16	scored	false	4	period-361-division-114.html
2026 March	361	Semi Pro 2	114	Audrey	8608	Laser Lair	-16	-16	scored	false	3	period-361-division-114.html
2026 March	361	Semi Pro 2	114	Bearded_Driver	8428	Laser Lair	-10	-10	scored	false	7	period-361-division-114.html
2026 March	361	Semi Pro 2	114	WendyW(Wyndemere2020)	7231	Laser Lair	-9	-9	scored	false	5	period-361-division-114.html
2026 March	361	Semi Pro 2	114	Heisenberg	8388	Laser Lair	-7	-7	scored	false	6	period-361-division-114.html
2026 March	361	Semi Pro 2	114	Earthling	230	Laser Lair - Hard	-21	-21	scored	false	1	period-361-division-114.html
2026 March	361	Semi Pro 2	114	Audrey	8608	Laser Lair - Hard	-14	-14	scored	false	3	period-361-division-114.html
2026 March	361	Semi Pro 2	114	NuttyGrandpa	93	Laser Lair - Hard	-10	-10	scored	false	2	period-361-division-114.html
2026 March	361	Semi Pro 2	114	WendyW(Wyndemere2020)	7231	Laser Lair - Hard	-10	-10	scored	false	5	period-361-division-114.html
2026 March	361	Semi Pro 2	114	Heisenberg	8388	Laser Lair - Hard	2	2	scored	false	6	period-361-division-114.html
2026 March	361	Semi Pro 2	114	Bearded_Driver	8428	Laser Lair - Hard	2	2	scored	false	7	period-361-division-114.html
2026 March	361	Semi Pro 2	114	SMILEROBIN	7589	Laser Lair - Hard	4	4	scored	false	4	period-361-division-114.html
2026 March	361	Semi Pro 3	115	DARLAVA	8528	Arizona Modern	-19	-19	scored	false	2	period-361-division-115.html
2026 March	361	Semi Pro 3	115	Sj_76	129	Arizona Modern	-13	-13	scored	false	1	period-361-division-115.html
2026 March	361	Semi Pro 3	115	SHANNON_OLIVEOWL	8888	Arizona Modern	-12	-12	scored	false	3	period-361-division-115.html
2026 March	361	Semi Pro 3	115	Woofmaster521 (Kathy)	8390	Arizona Modern			missing	true	4	period-361-division-115.html
2026 March	361	Semi Pro 3	115	Chicagobry	7125	Arizona Modern			missing	true	5	period-361-division-115.html
2026 March	361	Semi Pro 3	115	Sj_76	129	Arizona Modern Hard	-15	-15	scored	false	1	period-361-division-115.html
2026 March	361	Semi Pro 3	115	DARLAVA	8528	Arizona Modern Hard	-11	-11	scored	false	2	period-361-division-115.html
2026 March	361	Semi Pro 3	115	Woofmaster521 (Kathy)	8390	Arizona Modern Hard			missing	true	4	period-361-division-115.html
2026 March	361	Semi Pro 3	115	SHANNON_OLIVEOWL	8888	Arizona Modern Hard			missing	true	3	period-361-division-115.html
2026 March	361	Semi Pro 3	115	Chicagobry	7125	Arizona Modern Hard			missing	true	5	period-361-division-115.html
2026 March	361	Semi Pro 3	115	DARLAVA	8528	Original Gothic	-15	-15	scored	false	2	period-361-division-115.html
2026 March	361	Semi Pro 3	115	Sj_76	129	Original Gothic	-13	-13	scored	false	1	period-361-division-115.html
2026 March	361	Semi Pro 3	115	Chicagobry	7125	Original Gothic			missing	true	5	period-361-division-115.html
2026 March	361	Semi Pro 3	115	SHANNON_OLIVEOWL	8888	Original Gothic			missing	true	3	period-361-division-115.html
2026 March	361	Semi Pro 3	115	Woofmaster521 (Kathy)	8390	Original Gothic			missing	true	4	period-361-division-115.html
2026 March	361	Semi Pro 3	115	Sj_76	129	Original Gothic Hard	-6	-6	scored	false	1	period-361-division-115.html
2026 March	361	Semi Pro 3	115	DARLAVA	8528	Original Gothic Hard	-6	-6	scored	false	2	period-361-division-115.html
2026 March	361	Semi Pro 3	115	Woofmaster521 (Kathy)	8390	Original Gothic Hard			missing	true	4	period-361-division-115.html
2026 March	361	Semi Pro 3	115	SHANNON_OLIVEOWL	8888	Original Gothic Hard			missing	true	3	period-361-division-115.html
2026 March	361	Semi Pro 3	115	Chicagobry	7125	Original Gothic Hard			missing	true	5	period-361-division-115.html
2026 March	361	Semi Pro 3	115	Sj_76	129	Sweetopia	-15	-15	scored	false	1	period-361-division-115.html
2026 March	361	Semi Pro 3	115	SHANNON_OLIVEOWL	8888	Sweetopia	-8	-8	scored	false	3	period-361-division-115.html
2026 March	361	Semi Pro 3	115	DARLAVA	8528	Sweetopia	-4	-4	scored	false	2	period-361-division-115.html
2026 March	361	Semi Pro 3	115	Woofmaster521 (Kathy)	8390	Sweetopia	2	2	scored	false	4	period-361-division-115.html
2026 March	361	Semi Pro 3	115	Chicagobry	7125	Sweetopia			missing	true	5	period-361-division-115.html
2026 March	361	Semi Pro 3	115	Sj_76	129	Sweetopia - Hard	-3	-3	scored	false	1	period-361-division-115.html
2026 March	361	Semi Pro 3	115	DARLAVA	8528	Sweetopia - Hard	-2	-2	scored	false	2	period-361-division-115.html
2026 March	361	Semi Pro 3	115	Woofmaster521 (Kathy)	8390	Sweetopia - Hard	10	10	scored	false	4	period-361-division-115.html
2026 March	361	Semi Pro 3	115	Chicagobry	7125	Sweetopia - Hard			missing	true	5	period-361-division-115.html
2026 March	361	Semi Pro 3	115	SHANNON_OLIVEOWL	8888	Sweetopia - Hard			missing	true	3	period-361-division-115.html
2026 March	361	Semi Pro 3	115	DARLAVA	8528	Laser Lair	-17	-17	scored	false	2	period-361-division-115.html
2026 March	361	Semi Pro 3	115	Sj_76	129	Laser Lair	-16	-16	scored	false	1	period-361-division-115.html
2026 March	361	Semi Pro 3	115	Woofmaster521 (Kathy)	8390	Laser Lair			missing	true	4	period-361-division-115.html
2026 March	361	Semi Pro 3	115	SHANNON_OLIVEOWL	8888	Laser Lair			missing	true	3	period-361-division-115.html
2026 March	361	Semi Pro 3	115	Chicagobry	7125	Laser Lair			missing	true	5	period-361-division-115.html
2026 March	361	Semi Pro 3	115	Chicagobry	7125	Laser Lair - Hard	-13	-13	scored	false	5	period-361-division-115.html
2026 March	361	Semi Pro 3	115	DARLAVA	8528	Laser Lair - Hard	-7	-7	scored	false	2	period-361-division-115.html
2026 March	361	Semi Pro 3	115	Sj_76	129	Laser Lair - Hard	3	3	scored	false	1	period-361-division-115.html
2026 March	361	Semi Pro 3	115	SHANNON_OLIVEOWL	8888	Laser Lair - Hard			missing	true	3	period-361-division-115.html
2026 March	361	Semi Pro 3	115	Woofmaster521 (Kathy)	8390	Laser Lair - Hard			missing	true	4	period-361-division-115.html
2026 April	381	Semi Pro 2	114	DARLAVA	8528	Labyrinth	-12	-12	scored	false	7	period-381-division-114.html
2026 April	381	Semi Pro 2	114	SMILEROBIN	7589	Labyrinth	-11	-11	scored	false	3	period-381-division-114.html
2026 April	381	Semi Pro 2	114	Heisenberg	8388	Labyrinth	-11	-11	scored	false	5	period-381-division-114.html
2026 April	381	Semi Pro 2	114	Sj_76	129	Labyrinth	-9	-9	scored	false	1	period-381-division-114.html
2026 April	381	Semi Pro 2	114	WendyW(Wyndemere2020)	7231	Labyrinth	-8	-8	scored	false	6	period-381-division-114.html
2026 April	381	Semi Pro 2	114	Bearded_Driver	8428	Labyrinth	-6	-6	scored	false	2	period-381-division-114.html
2026 April	381	Semi Pro 2	114	IMJOMAMA	7552	Labyrinth	-3	-3	scored	false	4	period-381-division-114.html
2026 April	381	Semi Pro 2	114	Bethann	8129	Labyrinth			missing	true	8	period-381-division-114.html
2026 April	381	Semi Pro 2	114	WendyW(Wyndemere2020)	7231	Labyrinth - Hard	-9	-9	scored	false	6	period-381-division-114.html
2026 April	381	Semi Pro 2	114	Sj_76	129	Labyrinth - Hard	-7	-7	scored	false	1	period-381-division-114.html
2026 April	381	Semi Pro 2	114	DARLAVA	8528	Labyrinth - Hard	1	1	scored	false	7	period-381-division-114.html
2026 April	381	Semi Pro 2	114	IMJOMAMA	7552	Labyrinth - Hard	1	1	scored	false	4	period-381-division-114.html
2026 April	381	Semi Pro 2	114	Bearded_Driver	8428	Labyrinth - Hard	5	5	scored	false	2	period-381-division-114.html
2026 April	381	Semi Pro 2	114	SMILEROBIN	7589	Labyrinth - Hard	5	5	scored	false	3	period-381-division-114.html
2026 April	381	Semi Pro 2	114	Heisenberg	8388	Labyrinth - Hard	8	8	scored	false	5	period-381-division-114.html
2026 April	381	Semi Pro 2	114	Bethann	8129	Labyrinth - Hard			missing	true	8	period-381-division-114.html
2026 April	381	Semi Pro 2	114	Sj_76	129	El Dorado	-12	-12	scored	false	1	period-381-division-114.html
2026 April	381	Semi Pro 2	114	Bearded_Driver	8428	El Dorado	-11	-11	scored	false	2	period-381-division-114.html
2026 April	381	Semi Pro 2	114	IMJOMAMA	7552	El Dorado	-9	-9	scored	false	4	period-381-division-114.html
2026 April	381	Semi Pro 2	114	DARLAVA	8528	El Dorado	-9	-9	scored	false	7	period-381-division-114.html
2026 April	381	Semi Pro 2	114	Heisenberg	8388	El Dorado	-7	-7	scored	false	5	period-381-division-114.html
2026 April	381	Semi Pro 2	114	Bethann	8129	El Dorado	-6	-6	scored	false	8	period-381-division-114.html
2026 April	381	Semi Pro 2	114	SMILEROBIN	7589	El Dorado	4	4	scored	false	3	period-381-division-114.html
2026 April	381	Semi Pro 2	114	WendyW(Wyndemere2020)	7231	El Dorado			missing	true	6	period-381-division-114.html
2026 April	381	Semi Pro 2	114	Sj_76	129	El Dorado Hard	-8	-8	scored	false	1	period-381-division-114.html
2026 April	381	Semi Pro 2	114	Heisenberg	8388	El Dorado Hard	-2	-2	scored	false	5	period-381-division-114.html
2026 April	381	Semi Pro 2	114	SMILEROBIN	7589	El Dorado Hard	10	10	scored	false	3	period-381-division-114.html
2026 April	381	Semi Pro 2	114	Bearded_Driver	8428	El Dorado Hard	12	12	scored	false	2	period-381-division-114.html
2026 April	381	Semi Pro 2	114	IMJOMAMA	7552	El Dorado Hard	13	13	scored	false	4	period-381-division-114.html
2026 April	381	Semi Pro 2	114	Bethann	8129	El Dorado Hard			missing	true	8	period-381-division-114.html
2026 April	381	Semi Pro 2	114	WendyW(Wyndemere2020)	7231	El Dorado Hard			missing	true	6	period-381-division-114.html
2026 April	381	Semi Pro 2	114	DARLAVA	8528	El Dorado Hard			missing	true	7	period-381-division-114.html
2026 April	381	Semi Pro 2	114	DARLAVA	8528	Wallace & Gromit	-17	-17	scored	false	7	period-381-division-114.html
2026 April	381	Semi Pro 2	114	Heisenberg	8388	Wallace & Gromit	-16	-16	scored	false	5	period-381-division-114.html
2026 April	381	Semi Pro 2	114	WendyW(Wyndemere2020)	7231	Wallace & Gromit	-14	-14	scored	false	6	period-381-division-114.html
2026 April	381	Semi Pro 2	114	Bearded_Driver	8428	Wallace & Gromit	-14	-14	scored	false	2	period-381-division-114.html
2026 April	381	Semi Pro 2	114	Sj_76	129	Wallace & Gromit	-13	-13	scored	false	1	period-381-division-114.html
2026 April	381	Semi Pro 2	114	IMJOMAMA	7552	Wallace & Gromit	-13	-13	scored	false	4	period-381-division-114.html
2026 April	381	Semi Pro 2	114	Bethann	8129	Wallace & Gromit	-12	-12	scored	false	8	period-381-division-114.html
2026 April	381	Semi Pro 2	114	SMILEROBIN	7589	Wallace & Gromit	-11	-11	scored	false	3	period-381-division-114.html
2026 April	381	Semi Pro 2	114	WendyW(Wyndemere2020)	7231	Wallace & Gromit - Hard	-6	-6	scored	false	6	period-381-division-114.html
2026 April	381	Semi Pro 2	114	DARLAVA	8528	Wallace & Gromit - Hard	-5	-5	scored	false	7	period-381-division-114.html
2026 April	381	Semi Pro 2	114	Sj_76	129	Wallace & Gromit - Hard	-4	-4	scored	false	1	period-381-division-114.html
2026 April	381	Semi Pro 2	114	Bethann	8129	Wallace & Gromit - Hard	-1	-1	scored	false	8	period-381-division-114.html
2026 April	381	Semi Pro 2	114	Bearded_Driver	8428	Wallace & Gromit - Hard	2	2	scored	false	2	period-381-division-114.html
2026 April	381	Semi Pro 2	114	IMJOMAMA	7552	Wallace & Gromit - Hard	9	9	scored	false	4	period-381-division-114.html
2026 April	381	Semi Pro 2	114	SMILEROBIN	7589	Wallace & Gromit - Hard	15	15	scored	false	3	period-381-division-114.html
2026 April	381	Semi Pro 2	114	Heisenberg	8388	Wallace & Gromit - Hard			missing	true	5	period-381-division-114.html
2026 April	381	Semi Pro 2	114	Sj_76	129	8-Bit Lair	-13	-13	scored	false	1	period-381-division-114.html
2026 April	381	Semi Pro 2	114	SMILEROBIN	7589	8-Bit Lair	-8	-8	scored	false	3	period-381-division-114.html
2026 April	381	Semi Pro 2	114	WendyW(Wyndemere2020)	7231	8-Bit Lair	-8	-8	scored	false	6	period-381-division-114.html
2026 April	381	Semi Pro 2	114	IMJOMAMA	7552	8-Bit Lair	-5	-5	scored	false	4	period-381-division-114.html
2026 April	381	Semi Pro 2	114	Heisenberg	8388	8-Bit Lair	-4	-4	scored	false	5	period-381-division-114.html
2026 April	381	Semi Pro 2	114	Bearded_Driver	8428	8-Bit Lair	-3	-3	scored	false	2	period-381-division-114.html
2026 April	381	Semi Pro 2	114	DARLAVA	8528	8-Bit Lair	-2	-2	scored	false	7	period-381-division-114.html
2026 April	381	Semi Pro 2	114	Bethann	8129	8-Bit Lair			missing	true	8	period-381-division-114.html
2026 April	381	Semi Pro 2	114	WendyW(Wyndemere2020)	7231	8-Bit Lair - Hard	-6	-6	scored	false	6	period-381-division-114.html
2026 April	381	Semi Pro 2	114	Sj_76	129	8-Bit Lair - Hard	-5	-5	scored	false	1	period-381-division-114.html
2026 April	381	Semi Pro 2	114	SMILEROBIN	7589	8-Bit Lair - Hard	7	7	scored	false	3	period-381-division-114.html
2026 April	381	Semi Pro 2	114	IMJOMAMA	7552	8-Bit Lair - Hard	8	8	scored	false	4	period-381-division-114.html
2026 April	381	Semi Pro 2	114	Bearded_Driver	8428	8-Bit Lair - Hard	11	11	scored	false	2	period-381-division-114.html
2026 April	381	Semi Pro 2	114	Heisenberg	8388	8-Bit Lair - Hard	14	14	scored	false	5	period-381-division-114.html
2026 April	381	Semi Pro 2	114	Bethann	8129	8-Bit Lair - Hard			missing	true	8	period-381-division-114.html
2026 April	381	Semi Pro 2	114	DARLAVA	8528	8-Bit Lair - Hard			missing	true	7	period-381-division-114.html
2026 April	381	Welcome	62	breezy	9249	Labyrinth	-22	-22	scored	false	2	period-381-division-62.html
2026 April	381	Welcome	62	Gatorsfan89	8828	Labyrinth	-18	-18	scored	false	3	period-381-division-62.html
2026 April	381	Welcome	62	ANDOFGOD	9168	Labyrinth	-17	-17	scored	false	5	period-381-division-62.html
2026 April	381	Welcome	62	pluff	9250	Labyrinth	-16	-16	scored	false	1	period-381-division-62.html
2026 April	381	Welcome	62	Fry_Lock	8008	Labyrinth	-8	-8	scored	false	4	period-381-division-62.html
2026 April	381	Welcome	62	Puffin	9149	Labyrinth			missing	true		period-381-division-62.html
2026 April	381	Welcome	62	Maximus_PrimeIV	9228	Labyrinth			missing	true	8	period-381-division-62.html
2026 April	381	Welcome	62	Woofmaster521 (Kathy)	8390	Labyrinth			missing	true		period-381-division-62.html
2026 April	381	Welcome	62	sarahloo1971	63	Labyrinth			missing	true	7	period-381-division-62.html
2026 April	381	Welcome	62	HaphazardOak007	9148	Labyrinth			missing	true	6	period-381-division-62.html
2026 April	381	Welcome	62	SHANNON_OLIVEOWL	8888	Labyrinth			missing	true		period-381-division-62.html
2026 April	381	Welcome	62	Chicagobry	7125	Labyrinth			missing	true		period-381-division-62.html
2026 April	381	Welcome	62	sarahloo1971	63	Labyrinth - Hard	-18	-18	scored	false	7	period-381-division-62.html
2026 April	381	Welcome	62	pluff	9250	Labyrinth - Hard	-17	-17	scored	false	1	period-381-division-62.html
2026 April	381	Welcome	62	breezy	9249	Labyrinth - Hard	-10	-10	scored	false	2	period-381-division-62.html
2026 April	381	Welcome	62	Woofmaster521 (Kathy)	8390	Labyrinth - Hard			missing	true		period-381-division-62.html
2026 April	381	Welcome	62	Chicagobry	7125	Labyrinth - Hard			missing	true		period-381-division-62.html
2026 April	381	Welcome	62	HaphazardOak007	9148	Labyrinth - Hard			missing	true	6	period-381-division-62.html
2026 April	381	Welcome	62	Maximus_PrimeIV	9228	Labyrinth - Hard			missing	true	8	period-381-division-62.html
2026 April	381	Welcome	62	Fry_Lock	8008	Labyrinth - Hard			missing	true	4	period-381-division-62.html
2026 April	381	Welcome	62	Puffin	9149	Labyrinth - Hard			missing	true		period-381-division-62.html
2026 April	381	Welcome	62	SHANNON_OLIVEOWL	8888	Labyrinth - Hard			missing	true		period-381-division-62.html
2026 April	381	Welcome	62	Gatorsfan89	8828	Labyrinth - Hard			missing	true	3	period-381-division-62.html
2026 April	381	Welcome	62	ANDOFGOD	9168	Labyrinth - Hard			missing	true	5	period-381-division-62.html
2026 April	381	Welcome	62	pluff	9250	El Dorado	-23	-23	scored	false	1	period-381-division-62.html
2026 April	381	Welcome	62	Gatorsfan89	8828	El Dorado	-17	-17	scored	false	3	period-381-division-62.html
2026 April	381	Welcome	62	breezy	9249	El Dorado	-14	-14	scored	false	2	period-381-division-62.html
2026 April	381	Welcome	62	ANDOFGOD	9168	El Dorado	-13	-13	scored	false	5	period-381-division-62.html
2026 April	381	Welcome	62	Fry_Lock	8008	El Dorado	-10	-10	scored	false	4	period-381-division-62.html
2026 April	381	Welcome	62	HaphazardOak007	9148	El Dorado			missing	true	6	period-381-division-62.html
2026 April	381	Welcome	62	Maximus_PrimeIV	9228	El Dorado			missing	true	8	period-381-division-62.html
2026 April	381	Welcome	62	Woofmaster521 (Kathy)	8390	El Dorado			missing	true		period-381-division-62.html
2026 April	381	Welcome	62	Chicagobry	7125	El Dorado			missing	true		period-381-division-62.html
2026 April	381	Welcome	62	SHANNON_OLIVEOWL	8888	El Dorado			missing	true		period-381-division-62.html
2026 April	381	Welcome	62	Puffin	9149	El Dorado			missing	true		period-381-division-62.html
2026 April	381	Welcome	62	sarahloo1971	63	El Dorado			missing	true	7	period-381-division-62.html
2026 April	381	Welcome	62	pluff	9250	El Dorado Hard	-17	-17	scored	false	1	period-381-division-62.html
2026 April	381	Welcome	62	Gatorsfan89	8828	El Dorado Hard	-10	-10	scored	false	3	period-381-division-62.html
2026 April	381	Welcome	62	breezy	9249	El Dorado Hard	0	0	scored	false	2	period-381-division-62.html
2026 April	381	Welcome	62	Woofmaster521 (Kathy)	8390	El Dorado Hard			missing	true		period-381-division-62.html
2026 April	381	Welcome	62	sarahloo1971	63	El Dorado Hard			missing	true	7	period-381-division-62.html
2026 April	381	Welcome	62	Puffin	9149	El Dorado Hard			missing	true		period-381-division-62.html
2026 April	381	Welcome	62	Maximus_PrimeIV	9228	El Dorado Hard			missing	true	8	period-381-division-62.html
2026 April	381	Welcome	62	ANDOFGOD	9168	El Dorado Hard			missing	true	5	period-381-division-62.html
2026 April	381	Welcome	62	SHANNON_OLIVEOWL	8888	El Dorado Hard			missing	true		period-381-division-62.html
2026 April	381	Welcome	62	HaphazardOak007	9148	El Dorado Hard			missing	true	6	period-381-division-62.html
2026 April	381	Welcome	62	Fry_Lock	8008	El Dorado Hard			missing	true	4	period-381-division-62.html
2026 April	381	Welcome	62	Chicagobry	7125	El Dorado Hard			missing	true		period-381-division-62.html
2026 April	381	Welcome	62	breezy	9249	Wallace & Gromit	-25	-25	scored	false	2	period-381-division-62.html
2026 April	381	Welcome	62	pluff	9250	Wallace & Gromit	-17	-17	scored	false	1	period-381-division-62.html
2026 April	381	Welcome	62	ANDOFGOD	9168	Wallace & Gromit	-12	-12	scored	false	5	period-381-division-62.html
2026 April	381	Welcome	62	sarahloo1971	63	Wallace & Gromit			missing	true	7	period-381-division-62.html
2026 April	381	Welcome	62	Maximus_PrimeIV	9228	Wallace & Gromit			missing	true	8	period-381-division-62.html
2026 April	381	Welcome	62	Puffin	9149	Wallace & Gromit			missing	true		period-381-division-62.html
2026 April	381	Welcome	62	Fry_Lock	8008	Wallace & Gromit			missing	true	4	period-381-division-62.html
2026 April	381	Welcome	62	SHANNON_OLIVEOWL	8888	Wallace & Gromit			missing	true		period-381-division-62.html
2026 April	381	Welcome	62	Gatorsfan89	8828	Wallace & Gromit			missing	true	3	period-381-division-62.html
2026 April	381	Welcome	62	HaphazardOak007	9148	Wallace & Gromit			missing	true	6	period-381-division-62.html
2026 April	381	Welcome	62	Chicagobry	7125	Wallace & Gromit			missing	true		period-381-division-62.html
2026 April	381	Welcome	62	Woofmaster521 (Kathy)	8390	Wallace & Gromit			missing	true		period-381-division-62.html
2026 April	381	Welcome	62	pluff	9250	Wallace & Gromit - Hard	-13	-13	scored	false	1	period-381-division-62.html
2026 April	381	Welcome	62	breezy	9249	Wallace & Gromit - Hard	-5	-5	scored	false	2	period-381-division-62.html
2026 April	381	Welcome	62	Chicagobry	7125	Wallace & Gromit - Hard			missing	true		period-381-division-62.html
2026 April	381	Welcome	62	sarahloo1971	63	Wallace & Gromit - Hard			missing	true	7	period-381-division-62.html
2026 April	381	Welcome	62	Fry_Lock	8008	Wallace & Gromit - Hard			missing	true	4	period-381-division-62.html
2026 April	381	Welcome	62	HaphazardOak007	9148	Wallace & Gromit - Hard			missing	true	6	period-381-division-62.html
2026 April	381	Welcome	62	Maximus_PrimeIV	9228	Wallace & Gromit - Hard			missing	true	8	period-381-division-62.html
2026 April	381	Welcome	62	ANDOFGOD	9168	Wallace & Gromit - Hard			missing	true	5	period-381-division-62.html
2026 April	381	Welcome	62	Puffin	9149	Wallace & Gromit - Hard			missing	true		period-381-division-62.html
2026 April	381	Welcome	62	Gatorsfan89	8828	Wallace & Gromit - Hard			missing	true	3	period-381-division-62.html
2026 April	381	Welcome	62	SHANNON_OLIVEOWL	8888	Wallace & Gromit - Hard			missing	true		period-381-division-62.html
2026 April	381	Welcome	62	Woofmaster521 (Kathy)	8390	Wallace & Gromit - Hard			missing	true		period-381-division-62.html
2026 April	381	Welcome	62	Gatorsfan89	8828	8-Bit Lair	-18	-18	scored	false	3	period-381-division-62.html
2026 April	381	Welcome	62	Fry_Lock	8008	8-Bit Lair	-15	-15	scored	false	4	period-381-division-62.html
2026 April	381	Welcome	62	HaphazardOak007	9148	8-Bit Lair	6	6	scored	false	6	period-381-division-62.html
2026 April	381	Welcome	62	Chicagobry	7125	8-Bit Lair			missing	true		period-381-division-62.html
2026 April	381	Welcome	62	sarahloo1971	63	8-Bit Lair			missing	true	7	period-381-division-62.html
2026 April	381	Welcome	62	Puffin	9149	8-Bit Lair			missing	true		period-381-division-62.html
2026 April	381	Welcome	62	Maximus_PrimeIV	9228	8-Bit Lair			missing	true	8	period-381-division-62.html
2026 April	381	Welcome	62	Woofmaster521 (Kathy)	8390	8-Bit Lair			missing	true		period-381-division-62.html
2026 April	381	Welcome	62	SHANNON_OLIVEOWL	8888	8-Bit Lair			missing	true		period-381-division-62.html
2026 April	381	Welcome	62	pluff	9250	8-Bit Lair			missing	true	1	period-381-division-62.html
2026 April	381	Welcome	62	breezy	9249	8-Bit Lair			missing	true	2	period-381-division-62.html
2026 April	381	Welcome	62	ANDOFGOD	9168	8-Bit Lair			missing	true	5	period-381-division-62.html
2026 April	381	Welcome	62	Fry_Lock	8008	8-Bit Lair - Hard	-6	-6	scored	false	4	period-381-division-62.html
2026 April	381	Welcome	62	Maximus_PrimeIV	9228	8-Bit Lair - Hard	-4	-4	scored	false	8	period-381-division-62.html
2026 April	381	Welcome	62	HaphazardOak007	9148	8-Bit Lair - Hard	25	25	scored	false	6	period-381-division-62.html
2026 April	381	Welcome	62	sarahloo1971	63	8-Bit Lair - Hard			missing	true	7	period-381-division-62.html
2026 April	381	Welcome	62	Woofmaster521 (Kathy)	8390	8-Bit Lair - Hard			missing	true		period-381-division-62.html
2026 April	381	Welcome	62	Gatorsfan89	8828	8-Bit Lair - Hard			missing	true	3	period-381-division-62.html
2026 April	381	Welcome	62	pluff	9250	8-Bit Lair - Hard			missing	true	1	period-381-division-62.html
2026 April	381	Welcome	62	Chicagobry	7125	8-Bit Lair - Hard			missing	true		period-381-division-62.html
2026 April	381	Welcome	62	breezy	9249	8-Bit Lair - Hard			missing	true	2	period-381-division-62.html
2026 April	381	Welcome	62	SHANNON_OLIVEOWL	8888	8-Bit Lair - Hard			missing	true		period-381-division-62.html
2026 April	381	Welcome	62	ANDOFGOD	9168	8-Bit Lair - Hard			missing	true	5	period-381-division-62.html
2026 April	381	Welcome	62	Puffin	9149	8-Bit Lair - Hard			missing	true		period-381-division-62.html
2026 May	401	Semi Pro 2	114	KillERBee	7173	Quixote Valley	-10	-10	scored	false	1	period-401-division-114.html
2026 May	401	Semi Pro 2	114	WendyW(Wyndemere2020)	7231	Quixote Valley	-9	-9	scored	false	3	period-401-division-114.html
2026 May	401	Semi Pro 2	114	IMJOMAMA	7552	Quixote Valley	-8	-8	scored	false	2	period-401-division-114.html
2026 May	401	Semi Pro 2	114	Heisenberg	8388	Quixote Valley	-7	-7	scored	false	5	period-401-division-114.html
2026 May	401	Semi Pro 2	114	DARLAVA	8528	Quixote Valley			missing	true	4	period-401-division-114.html
2026 May	401	Semi Pro 2	114	nootnootthesnek	9150	Quixote Valley			missing	true		period-401-division-114.html
2026 May	401	Semi Pro 2	114	SHA_HOOF_NA	7553	Quixote Valley			missing	true		period-401-division-114.html
2026 May	401	Semi Pro 2	114	IMJOMAMA	7552	Quixote Valley Hard	-5	-5	scored	false	2	period-401-division-114.html
2026 May	401	Semi Pro 2	114	KillERBee	7173	Quixote Valley Hard	-3	-3	scored	false	1	period-401-division-114.html
2026 May	401	Semi Pro 2	114	WendyW(Wyndemere2020)	7231	Quixote Valley Hard	0	0	scored	false	3	period-401-division-114.html
2026 May	401	Semi Pro 2	114	DARLAVA	8528	Quixote Valley Hard	6	6	scored	false	4	period-401-division-114.html
2026 May	401	Semi Pro 2	114	SHA_HOOF_NA	7553	Quixote Valley Hard			missing	true		period-401-division-114.html
2026 May	401	Semi Pro 2	114	nootnootthesnek	9150	Quixote Valley Hard			missing	true		period-401-division-114.html
2026 May	401	Semi Pro 2	114	Heisenberg	8388	Quixote Valley Hard			missing	true	5	period-401-division-114.html
2026 May	401	Semi Pro 2	114	IMJOMAMA	7552	Atlantis	-16	-16	scored	false	2	period-401-division-114.html
2026 May	401	Semi Pro 2	114	KillERBee	7173	Atlantis	-16	-16	scored	false	1	period-401-division-114.html
2026 May	401	Semi Pro 2	114	WendyW(Wyndemere2020)	7231	Atlantis	-16	-16	scored	false	3	period-401-division-114.html
2026 May	401	Semi Pro 2	114	DARLAVA	8528	Atlantis	-14	-14	scored	false	4	period-401-division-114.html
2026 May	401	Semi Pro 2	114	Heisenberg	8388	Atlantis	-14	-14	scored	false	5	period-401-division-114.html
2026 May	401	Semi Pro 2	114	nootnootthesnek	9150	Atlantis			missing	true		period-401-division-114.html
2026 May	401	Semi Pro 2	114	SHA_HOOF_NA	7553	Atlantis			missing	true		period-401-division-114.html
2026 May	401	Semi Pro 2	114	IMJOMAMA	7552	Atlantis Hard	-7	-7	scored	false	2	period-401-division-114.html
2026 May	401	Semi Pro 2	114	KillERBee	7173	Atlantis Hard	1	1	scored	false	1	period-401-division-114.html
2026 May	401	Semi Pro 2	114	WendyW(Wyndemere2020)	7231	Atlantis Hard	6	6	scored	false	3	period-401-division-114.html
2026 May	401	Semi Pro 2	114	SHA_HOOF_NA	7553	Atlantis Hard			missing	true		period-401-division-114.html
2026 May	401	Semi Pro 2	114	DARLAVA	8528	Atlantis Hard			missing	true	4	period-401-division-114.html
2026 May	401	Semi Pro 2	114	nootnootthesnek	9150	Atlantis Hard			missing	true		period-401-division-114.html
2026 May	401	Semi Pro 2	114	Heisenberg	8388	Atlantis Hard			missing	true	5	period-401-division-114.html
2026 May	401	Semi Pro 2	114	IMJOMAMA	7552	Raptor Cliff's	-10	-10	scored	false	2	period-401-division-114.html
2026 May	401	Semi Pro 2	114	KillERBee	7173	Raptor Cliff's	-7	-7	scored	false	1	period-401-division-114.html
2026 May	401	Semi Pro 2	114	WendyW(Wyndemere2020)	7231	Raptor Cliff's	-4	-4	scored	false	3	period-401-division-114.html
2026 May	401	Semi Pro 2	114	DARLAVA	8528	Raptor Cliff's			missing	true	4	period-401-division-114.html
2026 May	401	Semi Pro 2	114	nootnootthesnek	9150	Raptor Cliff's			missing	true		period-401-division-114.html
2026 May	401	Semi Pro 2	114	SHA_HOOF_NA	7553	Raptor Cliff's			missing	true		period-401-division-114.html
2026 May	401	Semi Pro 2	114	Heisenberg	8388	Raptor Cliff's			missing	true	5	period-401-division-114.html
2026 May	401	Semi Pro 2	114	KillERBee	7173	Raptor Cliff's - Hard	0	0	scored	false	1	period-401-division-114.html
2026 May	401	Semi Pro 2	114	WendyW(Wyndemere2020)	7231	Raptor Cliff's - Hard	9	9	scored	false	3	period-401-division-114.html
2026 May	401	Semi Pro 2	114	IMJOMAMA	7552	Raptor Cliff's - Hard	10	10	scored	false	2	period-401-division-114.html
2026 May	401	Semi Pro 2	114	DARLAVA	8528	Raptor Cliff's - Hard			missing	true	4	period-401-division-114.html
2026 May	401	Semi Pro 2	114	SHA_HOOF_NA	7553	Raptor Cliff's - Hard			missing	true		period-401-division-114.html
2026 May	401	Semi Pro 2	114	nootnootthesnek	9150	Raptor Cliff's - Hard			missing	true		period-401-division-114.html
2026 May	401	Semi Pro 2	114	Heisenberg	8388	Raptor Cliff's - Hard			missing	true	5	period-401-division-114.html
2026 May	401	Semi Pro 2	114	KillERBee	7173	Tokyo	-11	-11	scored	false	1	period-401-division-114.html
2026 May	401	Semi Pro 2	114	WendyW(Wyndemere2020)	7231	Tokyo	-11	-11	scored	false	3	period-401-division-114.html
2026 May	401	Semi Pro 2	114	IMJOMAMA	7552	Tokyo	-8	-8	scored	false	2	period-401-division-114.html
2026 May	401	Semi Pro 2	114	nootnootthesnek	9150	Tokyo			missing	true		period-401-division-114.html
2026 May	401	Semi Pro 2	114	SHA_HOOF_NA	7553	Tokyo			missing	true		period-401-division-114.html
2026 May	401	Semi Pro 2	114	DARLAVA	8528	Tokyo			missing	true	4	period-401-division-114.html
2026 May	401	Semi Pro 2	114	Heisenberg	8388	Tokyo			missing	true	5	period-401-division-114.html
2026 May	401	Semi Pro 2	114	KillERBee	7173	Tokyo - Hard	-7	-7	scored	false	1	period-401-division-114.html
2026 May	401	Semi Pro 2	114	IMJOMAMA	7552	Tokyo - Hard	0	0	scored	false	2	period-401-division-114.html
2026 May	401	Semi Pro 2	114	WendyW(Wyndemere2020)	7231	Tokyo - Hard	1	1	scored	false	3	period-401-division-114.html
2026 May	401	Semi Pro 2	114	SHA_HOOF_NA	7553	Tokyo - Hard			missing	true		period-401-division-114.html
2026 May	401	Semi Pro 2	114	nootnootthesnek	9150	Tokyo - Hard			missing	true		period-401-division-114.html
2026 May	401	Semi Pro 2	114	DARLAVA	8528	Tokyo - Hard			missing	true	4	period-401-division-114.html
2026 May	401	Semi Pro 2	114	Heisenberg	8388	Tokyo - Hard			missing	true	5	period-401-division-114.html
2026 May	401	Semi Pro 3	115	Maximus_PrimeIV	9228	Quixote Valley	-11	-11	scored	false	2	period-401-division-115.html
2026 May	401	Semi Pro 3	115	Bethann	8129	Quixote Valley	-6	-6	scored	false	1	period-401-division-115.html
2026 May	401	Semi Pro 3	115	Gatorsfan89	8828	Quixote Valley			missing	true	3	period-401-division-115.html
2026 May	401	Semi Pro 3	115	HaphazardOak007	9148	Quixote Valley			missing	true		period-401-division-115.html
2026 May	401	Semi Pro 3	115	ANDOFGOD	9168	Quixote Valley			missing	true		period-401-division-115.html
2026 May	401	Semi Pro 3	115	Fry_Lock	8008	Quixote Valley			missing	true		period-401-division-115.html
2026 May	401	Semi Pro 3	115	sarahloo1971	63	Quixote Valley			missing	true	3	period-401-division-115.html
2026 May	401	Semi Pro 3	115	sarahloo1971	63	Quixote Valley Hard	-16	-16	scored	false	3	period-401-division-115.html
2026 May	401	Semi Pro 3	115	Bethann	8129	Quixote Valley Hard			missing	true	1	period-401-division-115.html
2026 May	401	Semi Pro 3	115	Gatorsfan89	8828	Quixote Valley Hard			missing	true	3	period-401-division-115.html
2026 May	401	Semi Pro 3	115	ANDOFGOD	9168	Quixote Valley Hard			missing	true		period-401-division-115.html
2026 May	401	Semi Pro 3	115	HaphazardOak007	9148	Quixote Valley Hard			missing	true		period-401-division-115.html
2026 May	401	Semi Pro 3	115	Maximus_PrimeIV	9228	Quixote Valley Hard			missing	true	2	period-401-division-115.html
2026 May	401	Semi Pro 3	115	Fry_Lock	8008	Quixote Valley Hard			missing	true		period-401-division-115.html
2026 May	401	Semi Pro 3	115	Maximus_PrimeIV	9228	Atlantis	-20	-20	scored	false	2	period-401-division-115.html
2026 May	401	Semi Pro 3	115	Bethann	8129	Atlantis	-17	-17	scored	false	1	period-401-division-115.html
2026 May	401	Semi Pro 3	115	Gatorsfan89	8828	Atlantis			missing	true	3	period-401-division-115.html
2026 May	401	Semi Pro 3	115	ANDOFGOD	9168	Atlantis			missing	true		period-401-division-115.html
2026 May	401	Semi Pro 3	115	HaphazardOak007	9148	Atlantis			missing	true		period-401-division-115.html
2026 May	401	Semi Pro 3	115	sarahloo1971	63	Atlantis			missing	true	3	period-401-division-115.html
2026 May	401	Semi Pro 3	115	Fry_Lock	8008	Atlantis			missing	true		period-401-division-115.html
2026 May	401	Semi Pro 3	115	Maximus_PrimeIV	9228	Atlantis Hard	-19	-19	scored	false	2	period-401-division-115.html
2026 May	401	Semi Pro 3	115	Bethann	8129	Atlantis Hard	1	1	scored	false	1	period-401-division-115.html
2026 May	401	Semi Pro 3	115	Gatorsfan89	8828	Atlantis Hard			missing	true	3	period-401-division-115.html
2026 May	401	Semi Pro 3	115	HaphazardOak007	9148	Atlantis Hard			missing	true		period-401-division-115.html
2026 May	401	Semi Pro 3	115	ANDOFGOD	9168	Atlantis Hard			missing	true		period-401-division-115.html
2026 May	401	Semi Pro 3	115	Fry_Lock	8008	Atlantis Hard			missing	true		period-401-division-115.html
2026 May	401	Semi Pro 3	115	sarahloo1971	63	Atlantis Hard			missing	true	3	period-401-division-115.html
2026 May	401	Semi Pro 3	115	Bethann	8129	Raptor Cliff's			missing	true	1	period-401-division-115.html
2026 May	401	Semi Pro 3	115	Fry_Lock	8008	Raptor Cliff's			missing	true		period-401-division-115.html
2026 May	401	Semi Pro 3	115	Maximus_PrimeIV	9228	Raptor Cliff's			missing	true	2	period-401-division-115.html
2026 May	401	Semi Pro 3	115	HaphazardOak007	9148	Raptor Cliff's			missing	true		period-401-division-115.html
2026 May	401	Semi Pro 3	115	ANDOFGOD	9168	Raptor Cliff's			missing	true		period-401-division-115.html
2026 May	401	Semi Pro 3	115	Gatorsfan89	8828	Raptor Cliff's			missing	true	3	period-401-division-115.html
2026 May	401	Semi Pro 3	115	sarahloo1971	63	Raptor Cliff's			missing	true	3	period-401-division-115.html
2026 May	401	Semi Pro 3	115	Fry_Lock	8008	Raptor Cliff's - Hard			missing	true		period-401-division-115.html
2026 May	401	Semi Pro 3	115	sarahloo1971	63	Raptor Cliff's - Hard			missing	true	3	period-401-division-115.html
2026 May	401	Semi Pro 3	115	Bethann	8129	Raptor Cliff's - Hard			missing	true	1	period-401-division-115.html
2026 May	401	Semi Pro 3	115	HaphazardOak007	9148	Raptor Cliff's - Hard			missing	true		period-401-division-115.html
2026 May	401	Semi Pro 3	115	Gatorsfan89	8828	Raptor Cliff's - Hard			missing	true	3	period-401-division-115.html
2026 May	401	Semi Pro 3	115	ANDOFGOD	9168	Raptor Cliff's - Hard			missing	true		period-401-division-115.html
2026 May	401	Semi Pro 3	115	Maximus_PrimeIV	9228	Raptor Cliff's - Hard			missing	true	2	period-401-division-115.html
2026 May	401	Semi Pro 3	115	Bethann	8129	Tokyo	-6	-6	scored	false	1	period-401-division-115.html
2026 May	401	Semi Pro 3	115	Fry_Lock	8008	Tokyo			missing	true		period-401-division-115.html
2026 May	401	Semi Pro 3	115	HaphazardOak007	9148	Tokyo			missing	true		period-401-division-115.html
2026 May	401	Semi Pro 3	115	Gatorsfan89	8828	Tokyo			missing	true	3	period-401-division-115.html
2026 May	401	Semi Pro 3	115	ANDOFGOD	9168	Tokyo			missing	true		period-401-division-115.html
2026 May	401	Semi Pro 3	115	sarahloo1971	63	Tokyo			missing	true	3	period-401-division-115.html
2026 May	401	Semi Pro 3	115	Maximus_PrimeIV	9228	Tokyo			missing	true	2	period-401-division-115.html
2026 May	401	Semi Pro 3	115	Gatorsfan89	8828	Tokyo - Hard	-5	-5	scored	false	3	period-401-division-115.html
2026 May	401	Semi Pro 3	115	Bethann	8129	Tokyo - Hard	5	5	scored	false	1	period-401-division-115.html
2026 May	401	Semi Pro 3	115	ANDOFGOD	9168	Tokyo - Hard			missing	true		period-401-division-115.html
2026 May	401	Semi Pro 3	115	HaphazardOak007	9148	Tokyo - Hard			missing	true		period-401-division-115.html
2026 May	401	Semi Pro 3	115	sarahloo1971	63	Tokyo - Hard			missing	true	3	period-401-division-115.html
2026 May	401	Semi Pro 3	115	Maximus_PrimeIV	9228	Tokyo - Hard			missing	true	2	period-401-division-115.html
2026 May	401	Semi Pro 3	115	Fry_Lock	8008	Tokyo - Hard			missing	true		period-401-division-115.html
2026 May	401	Pro 3	25	leanin2it	6950	Quixote Valley	-16	-16	scored	false	1	period-401-division-25.html
2026 May	401	Pro 3	25	BadWolff🐺	6947	Quixote Valley	-13	-13	scored	false	6	period-401-division-25.html
2026 May	401	Pro 3	25	Nic79	7176	Quixote Valley	-13	-13	scored	false	2	period-401-division-25.html
2026 May	401	Pro 3	25	lynniebodd	222	Quixote Valley	-13	-13	scored	false	9	period-401-division-25.html
2026 May	401	Pro 3	25	breezy	9249	Quixote Valley	-12	-12	scored	false	10	period-401-division-25.html
2026 May	401	Pro 3	25	musical_atv 🎻	8148	Quixote Valley	-10	-10	scored	false	4	period-401-division-25.html
2026 May	401	Pro 3	25	Kd	8188	Quixote Valley	-10	-10	scored	false	3	period-401-division-25.html
2026 May	401	Pro 3	25	NuttyGrandpa	93	Quixote Valley	-8	-8	scored	false	8	period-401-division-25.html
2026 May	401	Pro 3	25	gopats37	101	Quixote Valley			missing	true		period-401-division-25.html
2026 May	401	Pro 3	25	D3bb13	72	Quixote Valley			missing	true	5	period-401-division-25.html
2026 May	401	Pro 3	25	pluff	9250	Quixote Valley			missing	true	7	period-401-division-25.html
2026 May	401	Pro 3	25	ARTSY	7610	Quixote Valley			missing	true		period-401-division-25.html
2026 May	401	Pro 3	25	leanin2it	6950	Quixote Valley Hard	-18	-18	scored	false	1	period-401-division-25.html
2026 May	401	Pro 3	25	musical_atv 🎻	8148	Quixote Valley Hard	-14	-14	scored	false	4	period-401-division-25.html
2026 May	401	Pro 3	25	BadWolff🐺	6947	Quixote Valley Hard	-13	-13	scored	false	6	period-401-division-25.html
2026 May	401	Pro 3	25	pluff	9250	Quixote Valley Hard	-13	-13	scored	false	7	period-401-division-25.html
2026 May	401	Pro 3	25	Nic79	7176	Quixote Valley Hard	-13	-13	scored	false	2	period-401-division-25.html
2026 May	401	Pro 3	25	Kd	8188	Quixote Valley Hard	-12	-12	scored	false	3	period-401-division-25.html
2026 May	401	Pro 3	25	NuttyGrandpa	93	Quixote Valley Hard	-10	-10	scored	false	8	period-401-division-25.html
2026 May	401	Pro 3	25	lynniebodd	222	Quixote Valley Hard	-10	-10	scored	false	9	period-401-division-25.html
2026 May	401	Pro 3	25	gopats37	101	Quixote Valley Hard			missing	true		period-401-division-25.html
2026 May	401	Pro 3	25	D3bb13	72	Quixote Valley Hard			missing	true	5	period-401-division-25.html
2026 May	401	Pro 3	25	breezy	9249	Quixote Valley Hard			missing	true	10	period-401-division-25.html
2026 May	401	Pro 3	25	ARTSY	7610	Quixote Valley Hard			missing	true		period-401-division-25.html
2026 May	401	Pro 3	25	leanin2it	6950	Atlantis	-27	-27	scored	false	1	period-401-division-25.html
2026 May	401	Pro 3	25	D3bb13	72	Atlantis	-24	-24	scored	false	5	period-401-division-25.html
2026 May	401	Pro 3	25	pluff	9250	Atlantis	-22	-22	scored	false	7	period-401-division-25.html
2026 May	401	Pro 3	25	breezy	9249	Atlantis	-20	-20	scored	false	10	period-401-division-25.html
2026 May	401	Pro 3	25	Kd	8188	Atlantis	-19	-19	scored	false	3	period-401-division-25.html
2026 May	401	Pro 3	25	Nic79	7176	Atlantis	-18	-18	scored	false	2	period-401-division-25.html
2026 May	401	Pro 3	25	NuttyGrandpa	93	Atlantis	-17	-17	scored	false	8	period-401-division-25.html
2026 May	401	Pro 3	25	lynniebodd	222	Atlantis	-17	-17	scored	false	9	period-401-division-25.html
2026 May	401	Pro 3	25	musical_atv 🎻	8148	Atlantis	-13	-13	scored	false	4	period-401-division-25.html
2026 May	401	Pro 3	25	BadWolff🐺	6947	Atlantis			missing	true	6	period-401-division-25.html
2026 May	401	Pro 3	25	gopats37	101	Atlantis			missing	true		period-401-division-25.html
2026 May	401	Pro 3	25	ARTSY	7610	Atlantis			missing	true		period-401-division-25.html
2026 May	401	Pro 3	25	pluff	9250	Atlantis Hard	-17	-17	scored	false	7	period-401-division-25.html
2026 May	401	Pro 3	25	leanin2it	6950	Atlantis Hard	-16	-16	scored	false	1	period-401-division-25.html
2026 May	401	Pro 3	25	Nic79	7176	Atlantis Hard	-12	-12	scored	false	2	period-401-division-25.html
2026 May	401	Pro 3	25	Kd	8188	Atlantis Hard	-12	-12	scored	false	3	period-401-division-25.html
2026 May	401	Pro 3	25	D3bb13	72	Atlantis Hard	-10	-10	scored	false	5	period-401-division-25.html
2026 May	401	Pro 3	25	lynniebodd	222	Atlantis Hard	-8	-8	scored	false	9	period-401-division-25.html
2026 May	401	Pro 3	25	breezy	9249	Atlantis Hard	-8	-8	scored	false	10	period-401-division-25.html
2026 May	401	Pro 3	25	NuttyGrandpa	93	Atlantis Hard	-6	-6	scored	false	8	period-401-division-25.html
2026 May	401	Pro 3	25	musical_atv 🎻	8148	Atlantis Hard	-4	-4	scored	false	4	period-401-division-25.html
2026 May	401	Pro 3	25	BadWolff🐺	6947	Atlantis Hard			missing	true	6	period-401-division-25.html
2026 May	401	Pro 3	25	ARTSY	7610	Atlantis Hard			missing	true		period-401-division-25.html
2026 May	401	Pro 3	25	gopats37	101	Atlantis Hard			missing	true		period-401-division-25.html
2026 May	401	Pro 3	25	leanin2it	6950	Raptor Cliff's	-24	-24	scored	false	1	period-401-division-25.html
2026 May	401	Pro 3	25	pluff	9250	Raptor Cliff's	-21	-21	scored	false	7	period-401-division-25.html
2026 May	401	Pro 3	25	D3bb13	72	Raptor Cliff's	-17	-17	scored	false	5	period-401-division-25.html
2026 May	401	Pro 3	25	Kd	8188	Raptor Cliff's	-16	-16	scored	false	3	period-401-division-25.html
2026 May	401	Pro 3	25	Nic79	7176	Raptor Cliff's	-15	-15	scored	false	2	period-401-division-25.html
2026 May	401	Pro 3	25	NuttyGrandpa	93	Raptor Cliff's	-14	-14	scored	false	8	period-401-division-25.html
2026 May	401	Pro 3	25	musical_atv 🎻	8148	Raptor Cliff's	-12	-12	scored	false	4	period-401-division-25.html
2026 May	401	Pro 3	25	lynniebodd	222	Raptor Cliff's	-11	-11	scored	false	9	period-401-division-25.html
2026 May	401	Pro 3	25	BadWolff🐺	6947	Raptor Cliff's	-3	-3	scored	false	6	period-401-division-25.html
2026 May	401	Pro 3	25	gopats37	101	Raptor Cliff's			missing	true		period-401-division-25.html
2026 May	401	Pro 3	25	breezy	9249	Raptor Cliff's			missing	true	10	period-401-division-25.html
2026 May	401	Pro 3	25	ARTSY	7610	Raptor Cliff's			missing	true		period-401-division-25.html
2026 May	401	Pro 3	25	Nic79	7176	Raptor Cliff's - Hard	-12	-12	scored	false	2	period-401-division-25.html
2026 May	401	Pro 3	25	Kd	8188	Raptor Cliff's - Hard	-11	-11	scored	false	3	period-401-division-25.html
2026 May	401	Pro 3	25	leanin2it	6950	Raptor Cliff's - Hard	-11	-11	scored	false	1	period-401-division-25.html
2026 May	401	Pro 3	25	BadWolff🐺	6947	Raptor Cliff's - Hard	-10	-10	scored	false	6	period-401-division-25.html
2026 May	401	Pro 3	25	musical_atv 🎻	8148	Raptor Cliff's - Hard	-7	-7	scored	false	4	period-401-division-25.html
2026 May	401	Pro 3	25	NuttyGrandpa	93	Raptor Cliff's - Hard	-5	-5	scored	false	8	period-401-division-25.html
2026 May	401	Pro 3	25	D3bb13	72	Raptor Cliff's - Hard	-3	-3	scored	false	5	period-401-division-25.html
2026 May	401	Pro 3	25	ARTSY	7610	Raptor Cliff's - Hard			missing	true		period-401-division-25.html
2026 May	401	Pro 3	25	gopats37	101	Raptor Cliff's - Hard			missing	true		period-401-division-25.html
2026 May	401	Pro 3	25	breezy	9249	Raptor Cliff's - Hard			missing	true	10	period-401-division-25.html
2026 May	401	Pro 3	25	pluff	9250	Raptor Cliff's - Hard			missing	true	7	period-401-division-25.html
2026 May	401	Pro 3	25	lynniebodd	222	Raptor Cliff's - Hard			missing	true	9	period-401-division-25.html
2026 May	401	Pro 3	25	pluff	9250	Tokyo	-24	-24	scored	false	7	period-401-division-25.html
2026 May	401	Pro 3	25	Kd	8188	Tokyo	-19	-19	scored	false	3	period-401-division-25.html
2026 May	401	Pro 3	25	leanin2it	6950	Tokyo	-19	-19	scored	false	1	period-401-division-25.html
2026 May	401	Pro 3	25	Nic79	7176	Tokyo	-18	-18	scored	false	2	period-401-division-25.html
2026 May	401	Pro 3	25	BadWolff🐺	6947	Tokyo	-18	-18	scored	false	6	period-401-division-25.html
2026 May	401	Pro 3	25	musical_atv 🎻	8148	Tokyo	-17	-17	scored	false	4	period-401-division-25.html
2026 May	401	Pro 3	25	breezy	9249	Tokyo	-17	-17	scored	false	10	period-401-division-25.html
2026 May	401	Pro 3	25	D3bb13	72	Tokyo	-16	-16	scored	false	5	period-401-division-25.html
2026 May	401	Pro 3	25	NuttyGrandpa	93	Tokyo			missing	true	8	period-401-division-25.html
2026 May	401	Pro 3	25	gopats37	101	Tokyo			missing	true		period-401-division-25.html
2026 May	401	Pro 3	25	lynniebodd	222	Tokyo			missing	true	9	period-401-division-25.html
2026 May	401	Pro 3	25	ARTSY	7610	Tokyo			missing	true		period-401-division-25.html
2026 May	401	Pro 3	25	leanin2it	6950	Tokyo - Hard	-17	-17	scored	false	1	period-401-division-25.html
2026 May	401	Pro 3	25	D3bb13	72	Tokyo - Hard	-9	-9	scored	false	5	period-401-division-25.html
2026 May	401	Pro 3	25	Nic79	7176	Tokyo - Hard	-8	-8	scored	false	2	period-401-division-25.html
2026 May	401	Pro 3	25	Kd	8188	Tokyo - Hard	-7	-7	scored	false	3	period-401-division-25.html
2026 May	401	Pro 3	25	BadWolff🐺	6947	Tokyo - Hard	-5	-5	scored	false	6	period-401-division-25.html
2026 May	401	Pro 3	25	musical_atv 🎻	8148	Tokyo - Hard	-4	-4	scored	false	4	period-401-division-25.html
2026 May	401	Pro 3	25	pluff	9250	Tokyo - Hard			missing	true	7	period-401-division-25.html
2026 May	401	Pro 3	25	gopats37	101	Tokyo - Hard			missing	true		period-401-division-25.html
2026 May	401	Pro 3	25	NuttyGrandpa	93	Tokyo - Hard			missing	true	8	period-401-division-25.html
2026 May	401	Pro 3	25	ARTSY	7610	Tokyo - Hard			missing	true		period-401-division-25.html
2026 May	401	Pro 3	25	breezy	9249	Tokyo - Hard			missing	true	10	period-401-division-25.html
2026 May	401	Pro 3	25	lynniebodd	222	Tokyo - Hard			missing	true	9	period-401-division-25.html
2026 June	421	Semi Pro 2	114	ladytea	7408	Seagull Stacks	-19	-19	scored	false	1	period-421-division-114.html
2026 June	421	Semi Pro 2	114	Heisenberg	8388	Seagull Stacks	-18	-18	scored	false	2	period-421-division-114.html
2026 June	421	Semi Pro 2	114	Bethann	8129	Seagull Stacks	-12	-12	scored	false	4	period-421-division-114.html
2026 June	421	Semi Pro 2	114	Earthling	230	Seagull Stacks	-12	-12	scored	false	3	period-421-division-114.html
2026 June	421	Semi Pro 2	114	DARLAVA	8528	Seagull Stacks			missing	true	5	period-421-division-114.html
2026 June	421	Semi Pro 2	114	Maximus_PrimeIV	9228	Seagull Stacks			missing	true		period-421-division-114.html
2026 June	421	Semi Pro 2	114	ladytea	7408	Seagull Stacks - Hard	-8	-8	scored	false	1	period-421-division-114.html
2026 June	421	Semi Pro 2	114	Earthling	230	Seagull Stacks - Hard	11	11	scored	false	3	period-421-division-114.html
2026 June	421	Semi Pro 2	114	Bethann	8129	Seagull Stacks - Hard			missing	true	4	period-421-division-114.html
2026 June	421	Semi Pro 2	114	DARLAVA	8528	Seagull Stacks - Hard			missing	true	5	period-421-division-114.html
2026 June	421	Semi Pro 2	114	Maximus_PrimeIV	9228	Seagull Stacks - Hard			missing	true		period-421-division-114.html
2026 June	421	Semi Pro 2	114	Heisenberg	8388	Seagull Stacks - Hard			missing	true	2	period-421-division-114.html
2026 June	421	Semi Pro 2	114	ladytea	7408	Bogey's Bonanza	-16	-16	scored	false	1	period-421-division-114.html
2026 June	421	Semi Pro 2	114	Earthling	230	Bogey's Bonanza	-15	-15	scored	false	3	period-421-division-114.html
2026 June	421	Semi Pro 2	114	Heisenberg	8388	Bogey's Bonanza	-14	-14	scored	false	2	period-421-division-114.html
2026 June	421	Semi Pro 2	114	Bethann	8129	Bogey's Bonanza	-11	-11	scored	false	4	period-421-division-114.html
2026 June	421	Semi Pro 2	114	DARLAVA	8528	Bogey's Bonanza			missing	true	5	period-421-division-114.html
2026 June	421	Semi Pro 2	114	Maximus_PrimeIV	9228	Bogey's Bonanza			missing	true		period-421-division-114.html
2026 June	421	Semi Pro 2	114	ladytea	7408	Bogey's Bonanza Hard	-11	-11	scored	false	1	period-421-division-114.html
2026 June	421	Semi Pro 2	114	Heisenberg	8388	Bogey's Bonanza Hard	9	9	scored	false	2	period-421-division-114.html
2026 June	421	Semi Pro 2	114	Earthling	230	Bogey's Bonanza Hard	16	16	scored	false	3	period-421-division-114.html
2026 June	421	Semi Pro 2	114	Maximus_PrimeIV	9228	Bogey's Bonanza Hard			missing	true		period-421-division-114.html
2026 June	421	Semi Pro 2	114	DARLAVA	8528	Bogey's Bonanza Hard			missing	true	5	period-421-division-114.html
2026 June	421	Semi Pro 2	114	Bethann	8129	Bogey's Bonanza Hard			missing	true	4	period-421-division-114.html
2026 June	421	Semi Pro 2	114	ladytea	7408	Journey to the Center of the Earth	-19	-19	scored	false	1	period-421-division-114.html
2026 June	421	Semi Pro 2	114	Earthling	230	Journey to the Center of the Earth	-14	-14	scored	false	3	period-421-division-114.html
2026 June	421	Semi Pro 2	114	Heisenberg	8388	Journey to the Center of the Earth	-9	-9	scored	false	2	period-421-division-114.html
2026 June	421	Semi Pro 2	114	Maximus_PrimeIV	9228	Journey to the Center of the Earth			missing	true		period-421-division-114.html
2026 June	421	Semi Pro 2	114	DARLAVA	8528	Journey to the Center of the Earth			missing	true	5	period-421-division-114.html
2026 June	421	Semi Pro 2	114	Bethann	8129	Journey to the Center of the Earth			missing	true	4	period-421-division-114.html
2026 June	421	Semi Pro 2	114	ladytea	7408	Center of the Earth - Hard	-7	-7	scored	false	1	period-421-division-114.html
2026 June	421	Semi Pro 2	114	Earthling	230	Center of the Earth - Hard	-5	-5	scored	false	3	period-421-division-114.html
2026 June	421	Semi Pro 2	114	Heisenberg	8388	Center of the Earth - Hard	3	3	scored	false	2	period-421-division-114.html
2026 June	421	Semi Pro 2	114	DARLAVA	8528	Center of the Earth - Hard	5	5	scored	false	5	period-421-division-114.html
2026 June	421	Semi Pro 2	114	Bethann	8129	Center of the Earth - Hard			missing	true	4	period-421-division-114.html
2026 June	421	Semi Pro 2	114	Maximus_PrimeIV	9228	Center of the Earth - Hard			missing	true		period-421-division-114.html
2026 June	421	Semi Pro 2	114	ladytea	7408	Alfheim	-16	-16	scored	false	1	period-421-division-114.html
2026 June	421	Semi Pro 2	114	Bethann	8129	Alfheim	-10	-10	scored	false	4	period-421-division-114.html
2026 June	421	Semi Pro 2	114	Heisenberg	8388	Alfheim	-6	-6	scored	false	2	period-421-division-114.html
2026 June	421	Semi Pro 2	114	Earthling	230	Alfheim			missing	true	3	period-421-division-114.html
2026 June	421	Semi Pro 2	114	DARLAVA	8528	Alfheim			missing	true	5	period-421-division-114.html
2026 June	421	Semi Pro 2	114	Maximus_PrimeIV	9228	Alfheim			missing	true		period-421-division-114.html
2026 June	421	Semi Pro 2	114	ladytea	7408	Alfheim Hard	-18	-18	scored	false	1	period-421-division-114.html
2026 June	421	Semi Pro 2	114	Heisenberg	8388	Alfheim Hard	-6	-6	scored	false	2	period-421-division-114.html
2026 June	421	Semi Pro 2	114	Maximus_PrimeIV	9228	Alfheim Hard			missing	true		period-421-division-114.html
2026 June	421	Semi Pro 2	114	DARLAVA	8528	Alfheim Hard			missing	true	5	period-421-division-114.html
2026 June	421	Semi Pro 2	114	Earthling	230	Alfheim Hard			missing	true	3	period-421-division-114.html
2026 June	421	Semi Pro 2	114	Bethann	8129	Alfheim Hard			missing	true	4	period-421-division-114.html
2026 July	441	Pro 3	25	BadWolff🐺	6947	Tourist Trap	-21	-21	scored	false	2	period-441-division-25.html
2026 July	441	Pro 3	25	Fakku_FR	9268	Tourist Trap	-21	-21	scored	false	1	period-441-division-25.html
2026 July	441	Pro 3	25	Jennem	104	Tourist Trap	-21	-21	scored	false	3	period-441-division-25.html
2026 July	441	Pro 3	25	Golfshark	9328	Tourist Trap	-20	-20	scored	false	4	period-441-division-25.html
2026 July	441	Pro 3	25	Sj_76	129	Tourist Trap	-17	-17	scored	false	6	period-441-division-25.html
2026 July	441	Pro 3	25	Chicagobry	7125	Tourist Trap	-15	-15	scored	false	7	period-441-division-25.html
2026 July	441	Pro 3	25	Audrey	8608	Tourist Trap	-14	-14	scored	false	5	period-441-division-25.html
2026 July	441	Pro 3	25	pluff	9250	Tourist Trap			missing	true		period-441-division-25.html
2026 July	441	Pro 3	25	breezy	9249	Tourist Trap			missing	true		period-441-division-25.html
2026 July	441	Pro 3	25	lynniebodd	222	Tourist Trap			missing	true		period-441-division-25.html
2026 July	441	Pro 3	25	Fakku_FR	9268	Tourist Trap Hard	-16	-16	scored	false	1	period-441-division-25.html
2026 July	441	Pro 3	25	BadWolff🐺	6947	Tourist Trap Hard	-15	-15	scored	false	2	period-441-division-25.html
2026 July	441	Pro 3	25	Sj_76	129	Tourist Trap Hard	-13	-13	scored	false	6	period-441-division-25.html
2026 July	441	Pro 3	25	Jennem	104	Tourist Trap Hard	-10	-10	scored	false	3	period-441-division-25.html
2026 July	441	Pro 3	25	Chicagobry	7125	Tourist Trap Hard	-9	-9	scored	false	7	period-441-division-25.html
2026 July	441	Pro 3	25	Audrey	8608	Tourist Trap Hard	-9	-9	scored	false	5	period-441-division-25.html
2026 July	441	Pro 3	25	Golfshark	9328	Tourist Trap Hard	-5	-5	scored	false	4	period-441-division-25.html
2026 July	441	Pro 3	25	lynniebodd	222	Tourist Trap Hard			missing	true		period-441-division-25.html
2026 July	441	Pro 3	25	breezy	9249	Tourist Trap Hard			missing	true		period-441-division-25.html
2026 July	441	Pro 3	25	pluff	9250	Tourist Trap Hard			missing	true		period-441-division-25.html
2026 July	441	Pro 3	25	Golfshark	9328	Upside Town	-15	-15	scored	false	4	period-441-division-25.html
2026 July	441	Pro 3	25	Fakku_FR	9268	Upside Town	-12	-12	scored	false	1	period-441-division-25.html
2026 July	441	Pro 3	25	BadWolff🐺	6947	Upside Town	-12	-12	scored	false	2	period-441-division-25.html
2026 July	441	Pro 3	25	Audrey	8608	Upside Town	-8	-8	scored	false	5	period-441-division-25.html
2026 July	441	Pro 3	25	Jennem	104	Upside Town	-8	-8	scored	false	3	period-441-division-25.html
2026 July	441	Pro 3	25	Sj_76	129	Upside Town	1	1	scored	false	6	period-441-division-25.html
2026 July	441	Pro 3	25	pluff	9250	Upside Town			missing	true		period-441-division-25.html
2026 July	441	Pro 3	25	Chicagobry	7125	Upside Town			missing	true	7	period-441-division-25.html
2026 July	441	Pro 3	25	breezy	9249	Upside Town			missing	true		period-441-division-25.html
2026 July	441	Pro 3	25	lynniebodd	222	Upside Town			missing	true		period-441-division-25.html
2026 July	441	Pro 3	25	Fakku_FR	9268	Upside Town - Hard	-13	-13	scored	false	1	period-441-division-25.html
2026 July	441	Pro 3	25	Golfshark	9328	Upside Town - Hard	-11	-11	scored	false	4	period-441-division-25.html
2026 July	441	Pro 3	25	BadWolff🐺	6947	Upside Town - Hard	-9	-9	scored	false	2	period-441-division-25.html
2026 July	441	Pro 3	25	Sj_76	129	Upside Town - Hard	-3	-3	scored	false	6	period-441-division-25.html
2026 July	441	Pro 3	25	Jennem	104	Upside Town - Hard	-3	-3	scored	false	3	period-441-division-25.html
2026 July	441	Pro 3	25	Audrey	8608	Upside Town - Hard	-1	-1	scored	false	5	period-441-division-25.html
2026 July	441	Pro 3	25	Chicagobry	7125	Upside Town - Hard			missing	true	7	period-441-division-25.html
2026 July	441	Pro 3	25	lynniebodd	222	Upside Town - Hard			missing	true		period-441-division-25.html
2026 July	441	Pro 3	25	breezy	9249	Upside Town - Hard			missing	true		period-441-division-25.html
2026 July	441	Pro 3	25	pluff	9250	Upside Town - Hard			missing	true		period-441-division-25.html
2026 July	441	Pro 3	25	Fakku_FR	9268	Gardens of Babylon	-26	-26	scored	false	1	period-441-division-25.html
2026 July	441	Pro 3	25	Jennem	104	Gardens of Babylon	-22	-22	scored	false	3	period-441-division-25.html
2026 July	441	Pro 3	25	BadWolff🐺	6947	Gardens of Babylon	-21	-21	scored	false	2	period-441-division-25.html
2026 July	441	Pro 3	25	Audrey	8608	Gardens of Babylon	-19	-19	scored	false	5	period-441-division-25.html
2026 July	441	Pro 3	25	Golfshark	9328	Gardens of Babylon	-19	-19	scored	false	4	period-441-division-25.html
2026 July	441	Pro 3	25	Sj_76	129	Gardens of Babylon	-13	-13	scored	false	6	period-441-division-25.html
2026 July	441	Pro 3	25	Chicagobry	7125	Gardens of Babylon	-7	-7	scored	false	7	period-441-division-25.html
2026 July	441	Pro 3	25	breezy	9249	Gardens of Babylon			missing	true		period-441-division-25.html
2026 July	441	Pro 3	25	pluff	9250	Gardens of Babylon			missing	true		period-441-division-25.html
2026 July	441	Pro 3	25	lynniebodd	222	Gardens of Babylon			missing	true		period-441-division-25.html
2026 July	441	Pro 3	25	Jennem	104	Gardens of Babylon Hard	-14	-14	scored	false	3	period-441-division-25.html
2026 July	441	Pro 3	25	BadWolff🐺	6947	Gardens of Babylon Hard	-13	-13	scored	false	2	period-441-division-25.html
2026 July	441	Pro 3	25	Fakku_FR	9268	Gardens of Babylon Hard	-12	-12	scored	false	1	period-441-division-25.html
2026 July	441	Pro 3	25	Audrey	8608	Gardens of Babylon Hard	-8	-8	scored	false	5	period-441-division-25.html
2026 July	441	Pro 3	25	Chicagobry	7125	Gardens of Babylon Hard	-2	-2	scored	false	7	period-441-division-25.html
2026 July	441	Pro 3	25	Golfshark	9328	Gardens of Babylon Hard	2	2	scored	false	4	period-441-division-25.html
2026 July	441	Pro 3	25	Sj_76	129	Gardens of Babylon Hard	7	7	scored	false	6	period-441-division-25.html
2026 July	441	Pro 3	25	pluff	9250	Gardens of Babylon Hard			missing	true		period-441-division-25.html
2026 July	441	Pro 3	25	breezy	9249	Gardens of Babylon Hard			missing	true		period-441-division-25.html
2026 July	441	Pro 3	25	lynniebodd	222	Gardens of Babylon Hard			missing	true		period-441-division-25.html
2026 July	441	Pro 3	25	Fakku_FR	9268	Mars Gardens	-21	-21	scored	false	1	period-441-division-25.html
2026 July	441	Pro 3	25	Golfshark	9328	Mars Gardens	-19	-19	scored	false	4	period-441-division-25.html
2026 July	441	Pro 3	25	Chicagobry	7125	Mars Gardens	-17	-17	scored	false	7	period-441-division-25.html
2026 July	441	Pro 3	25	BadWolff🐺	6947	Mars Gardens	-14	-14	scored	false	2	period-441-division-25.html
2026 July	441	Pro 3	25	Audrey	8608	Mars Gardens	-12	-12	scored	false	5	period-441-division-25.html
2026 July	441	Pro 3	25	Jennem	104	Mars Gardens	-11	-11	scored	false	3	period-441-division-25.html
2026 July	441	Pro 3	25	Sj_76	129	Mars Gardens	-2	-2	scored	false	6	period-441-division-25.html
2026 July	441	Pro 3	25	pluff	9250	Mars Gardens			missing	true		period-441-division-25.html
2026 July	441	Pro 3	25	breezy	9249	Mars Gardens			missing	true		period-441-division-25.html
2026 July	441	Pro 3	25	lynniebodd	222	Mars Gardens			missing	true		period-441-division-25.html
2026 July	441	Pro 3	25	BadWolff🐺	6947	Mars Gardens - Hard	-10	-10	scored	false	2	period-441-division-25.html
2026 July	441	Pro 3	25	Fakku_FR	9268	Mars Gardens - Hard	-8	-8	scored	false	1	period-441-division-25.html
2026 July	441	Pro 3	25	Audrey	8608	Mars Gardens - Hard	-8	-8	scored	false	5	period-441-division-25.html
2026 July	441	Pro 3	25	Jennem	104	Mars Gardens - Hard	-8	-8	scored	false	3	period-441-division-25.html
2026 July	441	Pro 3	25	Chicagobry	7125	Mars Gardens - Hard	-7	-7	scored	false	7	period-441-division-25.html
2026 July	441	Pro 3	25	Golfshark	9328	Mars Gardens - Hard	-6	-6	scored	false	4	period-441-division-25.html
2026 July	441	Pro 3	25	Sj_76	129	Mars Gardens - Hard	0	0	scored	false	6	period-441-division-25.html
2026 July	441	Pro 3	25	breezy	9249	Mars Gardens - Hard			missing	true		period-441-division-25.html
2026 July	441	Pro 3	25	pluff	9250	Mars Gardens - Hard			missing	true		period-441-division-25.html
2026 July	441	Pro 3	25	lynniebodd	222	Mars Gardens - Hard			missing	true		period-441-division-25.html
2024 September	55	Pro 3	25	El Jorge	24	Tethys Station	-26	-26	scored	false	1	period-55-division-25.html
2024 September	55	Pro 3	25	Captain	57	Tethys Station	-25	-25	scored	false	11	period-55-division-25.html
2024 September	55	Pro 3	25	sarahloo1971	63	Tethys Station	-23	-23	scored	false	6	period-55-division-25.html
2024 September	55	Pro 3	25	BadWolff🐺	6947	Tethys Station	-23	-23	scored	false	9	period-55-division-25.html
2024 September	55	Pro 3	25	gomarino13	7171	Tethys Station	-22	-22	scored	false	4	period-55-division-25.html
2024 September	55	Pro 3	25	The_Goldenboy	7568	Tethys Station	-21	-21	scored	false	3	period-55-division-25.html
2024 September	55	Pro 3	25	Danielaoculus	7179	Tethys Station	-21	-21	scored	false	5	period-55-division-25.html
2024 September	55	Pro 3	25	JUICE_WRLD	7508	Tethys Station	-20	-20	scored	false	2	period-55-division-25.html
2024 September	55	Pro 3	25	JIMMY_BUCKETS	7550	Tethys Station	-19	-19	scored	false	7	period-55-division-25.html
2024 September	55	Pro 3	25	Dandnt65	362	Tethys Station	-17	-17	scored	false	10	period-55-division-25.html
2024 September	55	Pro 3	25	DOMEY	164	Tethys Station	-17	-17	scored	false	8	period-55-division-25.html
2024 September	55	Pro 3	25	Chipnputt	7172	Tethys Station	-16	-16	scored	false	13	period-55-division-25.html
2024 September	55	Pro 3	25	Brit_The_Elder	109	Tethys Station	-13	-13	scored	false	12	period-55-division-25.html
2024 September	55	Pro 3	25	PYRAMIDD	7468	Tethys Station			missing	true	15	period-55-division-25.html
2024 September	55	Pro 3	25	Metum	6625	Tethys Station			missing	true		period-55-division-25.html
2024 September	55	Pro 3	25	Calassy	33	Tethys Station			missing	true	14	period-55-division-25.html
2024 September	55	Pro 3	25	DeathByZeth	4865	Tethys Station			missing	true		period-55-division-25.html
2024 September	55	Pro 3	25	StrokeLimitReached	47	Tethys Station			missing	true	16	period-55-division-25.html
2024 September	55	Pro 3	25	Duckk	421	Tethys Station			missing	true		period-55-division-25.html
2024 September	55	Pro 3	25	El Jorge	24	Tethys Station - Hard	-22	-22	scored	false	1	period-55-division-25.html
2024 September	55	Pro 3	25	JUICE_WRLD	7508	Tethys Station - Hard	-19	-19	scored	false	2	period-55-division-25.html
2024 September	55	Pro 3	25	gomarino13	7171	Tethys Station - Hard	-18	-18	scored	false	4	period-55-division-25.html
2024 September	55	Pro 3	25	The_Goldenboy	7568	Tethys Station - Hard	-16	-16	scored	false	3	period-55-division-25.html
2024 September	55	Pro 3	25	Danielaoculus	7179	Tethys Station - Hard	-13	-13	scored	false	5	period-55-division-25.html
2024 September	55	Pro 3	25	JIMMY_BUCKETS	7550	Tethys Station - Hard	-12	-12	scored	false	7	period-55-division-25.html
2024 September	55	Pro 3	25	Captain	57	Tethys Station - Hard	-12	-12	scored	false	11	period-55-division-25.html
2024 September	55	Pro 3	25	Chipnputt	7172	Tethys Station - Hard	-11	-11	scored	false	13	period-55-division-25.html
2024 September	55	Pro 3	25	BadWolff🐺	6947	Tethys Station - Hard	-8	-8	scored	false	9	period-55-division-25.html
2024 September	55	Pro 3	25	sarahloo1971	63	Tethys Station - Hard	-8	-8	scored	false	6	period-55-division-25.html
2024 September	55	Pro 3	25	DOMEY	164	Tethys Station - Hard	-7	-7	scored	false	8	period-55-division-25.html
2024 September	55	Pro 3	25	Brit_The_Elder	109	Tethys Station - Hard	-3	-3	scored	false	12	period-55-division-25.html
2024 September	55	Pro 3	25	Dandnt65	362	Tethys Station - Hard	3	3	scored	false	10	period-55-division-25.html
2024 September	55	Pro 3	25	StrokeLimitReached	47	Tethys Station - Hard			missing	true	16	period-55-division-25.html
2024 September	55	Pro 3	25	PYRAMIDD	7468	Tethys Station - Hard			missing	true	15	period-55-division-25.html
2024 September	55	Pro 3	25	Calassy	33	Tethys Station - Hard			missing	true	14	period-55-division-25.html
2024 September	55	Pro 3	25	Duckk	421	Tethys Station - Hard			missing	true		period-55-division-25.html
2024 September	55	Pro 3	25	Metum	6625	Tethys Station - Hard			missing	true		period-55-division-25.html
2024 September	55	Pro 3	25	DeathByZeth	4865	Tethys Station - Hard			missing	true		period-55-division-25.html
2024 September	55	Pro 3	25	The_Goldenboy	7568	Sweetopia	-20	-20	scored	false	3	period-55-division-25.html
2024 September	55	Pro 3	25	JUICE_WRLD	7508	Sweetopia	-20	-20	scored	false	2	period-55-division-25.html
2024 September	55	Pro 3	25	Captain	57	Sweetopia	-20	-20	scored	false	11	period-55-division-25.html
2024 September	55	Pro 3	25	El Jorge	24	Sweetopia	-20	-20	scored	false	1	period-55-division-25.html
2024 September	55	Pro 3	25	Danielaoculus	7179	Sweetopia	-18	-18	scored	false	5	period-55-division-25.html
2024 September	55	Pro 3	25	BadWolff🐺	6947	Sweetopia	-18	-18	scored	false	9	period-55-division-25.html
2024 September	55	Pro 3	25	Calassy	33	Sweetopia	-18	-18	scored	false	14	period-55-division-25.html
2024 September	55	Pro 3	25	gomarino13	7171	Sweetopia	-17	-17	scored	false	4	period-55-division-25.html
2024 September	55	Pro 3	25	sarahloo1971	63	Sweetopia	-17	-17	scored	false	6	period-55-division-25.html
2024 September	55	Pro 3	25	JIMMY_BUCKETS	7550	Sweetopia	-16	-16	scored	false	7	period-55-division-25.html
2024 September	55	Pro 3	25	DOMEY	164	Sweetopia	-15	-15	scored	false	8	period-55-division-25.html
2024 September	55	Pro 3	25	Dandnt65	362	Sweetopia	-14	-14	scored	false	10	period-55-division-25.html
2024 September	55	Pro 3	25	Brit_The_Elder	109	Sweetopia	-13	-13	scored	false	12	period-55-division-25.html
2024 September	55	Pro 3	25	Chipnputt	7172	Sweetopia	-11	-11	scored	false	13	period-55-division-25.html
2024 September	55	Pro 3	25	PYRAMIDD	7468	Sweetopia			missing	true	15	period-55-division-25.html
2024 September	55	Pro 3	25	Metum	6625	Sweetopia			missing	true		period-55-division-25.html
2024 September	55	Pro 3	25	Duckk	421	Sweetopia			missing	true		period-55-division-25.html
2024 September	55	Pro 3	25	StrokeLimitReached	47	Sweetopia			missing	true	16	period-55-division-25.html
2024 September	55	Pro 3	25	DeathByZeth	4865	Sweetopia			missing	true		period-55-division-25.html
2024 September	55	Pro 3	25	JUICE_WRLD	7508	Sweetopia - Hard	-20	-20	scored	false	2	period-55-division-25.html
2024 September	55	Pro 3	25	El Jorge	24	Sweetopia - Hard	-19	-19	scored	false	1	period-55-division-25.html
2024 September	55	Pro 3	25	Captain	57	Sweetopia - Hard	-16	-16	scored	false	11	period-55-division-25.html
2024 September	55	Pro 3	25	StrokeLimitReached	47	Sweetopia - Hard	-15	-15	scored	false	16	period-55-division-25.html
2024 September	55	Pro 3	25	Danielaoculus	7179	Sweetopia - Hard	-13	-13	scored	false	5	period-55-division-25.html
2024 September	55	Pro 3	25	The_Goldenboy	7568	Sweetopia - Hard	-12	-12	scored	false	3	period-55-division-25.html
2024 September	55	Pro 3	25	Brit_The_Elder	109	Sweetopia - Hard	-11	-11	scored	false	12	period-55-division-25.html
2024 September	55	Pro 3	25	Calassy	33	Sweetopia - Hard	-10	-10	scored	false	14	period-55-division-25.html
2024 September	55	Pro 3	25	sarahloo1971	63	Sweetopia - Hard	-10	-10	scored	false	6	period-55-division-25.html
2024 September	55	Pro 3	25	JIMMY_BUCKETS	7550	Sweetopia - Hard	-9	-9	scored	false	7	period-55-division-25.html
2024 September	55	Pro 3	25	BadWolff🐺	6947	Sweetopia - Hard	-8	-8	scored	false	9	period-55-division-25.html
2024 September	55	Pro 3	25	gomarino13	7171	Sweetopia - Hard	-7	-7	scored	false	4	period-55-division-25.html
2024 September	55	Pro 3	25	DOMEY	164	Sweetopia - Hard	-7	-7	scored	false	8	period-55-division-25.html
2024 September	55	Pro 3	25	Dandnt65	362	Sweetopia - Hard	-6	-6	scored	false	10	period-55-division-25.html
2024 September	55	Pro 3	25	Chipnputt	7172	Sweetopia - Hard	-2	-2	scored	false	13	period-55-division-25.html
2024 September	55	Pro 3	25	DeathByZeth	4865	Sweetopia - Hard			missing	true		period-55-division-25.html
2024 September	55	Pro 3	25	Duckk	421	Sweetopia - Hard			missing	true		period-55-division-25.html
2024 September	55	Pro 3	25	PYRAMIDD	7468	Sweetopia - Hard			missing	true	15	period-55-division-25.html
2024 September	55	Pro 3	25	Metum	6625	Sweetopia - Hard			missing	true		period-55-division-25.html
2024 September	55	Pro 3	25	sarahloo1971	63	Shangri-La	-31	-31	scored	false	6	period-55-division-25.html
2024 September	55	Pro 3	25	BadWolff🐺	6947	Shangri-La	-30	-30	scored	false	9	period-55-division-25.html
2024 September	55	Pro 3	25	gomarino13	7171	Shangri-La	-28	-28	scored	false	4	period-55-division-25.html
2024 September	55	Pro 3	25	El Jorge	24	Shangri-La	-28	-28	scored	false	1	period-55-division-25.html
2024 September	55	Pro 3	25	JUICE_WRLD	7508	Shangri-La	-26	-26	scored	false	2	period-55-division-25.html
2024 September	55	Pro 3	25	The_Goldenboy	7568	Shangri-La	-24	-24	scored	false	3	period-55-division-25.html
2024 September	55	Pro 3	25	DOMEY	164	Shangri-La	-24	-24	scored	false	8	period-55-division-25.html
2024 September	55	Pro 3	25	Danielaoculus	7179	Shangri-La	-24	-24	scored	false	5	period-55-division-25.html
2024 September	55	Pro 3	25	Dandnt65	362	Shangri-La	-21	-21	scored	false	10	period-55-division-25.html
2024 September	55	Pro 3	25	JIMMY_BUCKETS	7550	Shangri-La	-18	-18	scored	false	7	period-55-division-25.html
2024 September	55	Pro 3	25	Chipnputt	7172	Shangri-La	-12	-12	scored	false	13	period-55-division-25.html
2024 September	55	Pro 3	25	StrokeLimitReached	47	Shangri-La			missing	true	16	period-55-division-25.html
2024 September	55	Pro 3	25	Duckk	421	Shangri-La			missing	true		period-55-division-25.html
2024 September	55	Pro 3	25	Brit_The_Elder	109	Shangri-La			missing	true	12	period-55-division-25.html
2024 September	55	Pro 3	25	Calassy	33	Shangri-La			missing	true	14	period-55-division-25.html
2024 September	55	Pro 3	25	Metum	6625	Shangri-La			missing	true		period-55-division-25.html
2024 September	55	Pro 3	25	PYRAMIDD	7468	Shangri-La			missing	true	15	period-55-division-25.html
2024 September	55	Pro 3	25	Captain	57	Shangri-La			missing	true	11	period-55-division-25.html
2024 September	55	Pro 3	25	DeathByZeth	4865	Shangri-La			missing	true		period-55-division-25.html
2024 September	55	Pro 3	25	gomarino13	7171	Shangri-La - Hard	-22	-22	scored	false	4	period-55-division-25.html
2024 September	55	Pro 3	25	El Jorge	24	Shangri-La - Hard	-21	-21	scored	false	1	period-55-division-25.html
2024 September	55	Pro 3	25	JUICE_WRLD	7508	Shangri-La - Hard	-20	-20	scored	false	2	period-55-division-25.html
2024 September	55	Pro 3	25	BadWolff🐺	6947	Shangri-La - Hard	-19	-19	scored	false	9	period-55-division-25.html
2024 September	55	Pro 3	25	The_Goldenboy	7568	Shangri-La - Hard	-16	-16	scored	false	3	period-55-division-25.html
2024 September	55	Pro 3	25	Danielaoculus	7179	Shangri-La - Hard	-14	-14	scored	false	5	period-55-division-25.html
2024 September	55	Pro 3	25	Dandnt65	362	Shangri-La - Hard	-12	-12	scored	false	10	period-55-division-25.html
2024 September	55	Pro 3	25	sarahloo1971	63	Shangri-La - Hard	-12	-12	scored	false	6	period-55-division-25.html
2024 September	55	Pro 3	25	JIMMY_BUCKETS	7550	Shangri-La - Hard	-12	-12	scored	false	7	period-55-division-25.html
2024 September	55	Pro 3	25	DOMEY	164	Shangri-La - Hard	-11	-11	scored	false	8	period-55-division-25.html
2024 September	55	Pro 3	25	Chipnputt	7172	Shangri-La - Hard	-5	-5	scored	false	13	period-55-division-25.html
2024 September	55	Pro 3	25	Brit_The_Elder	109	Shangri-La - Hard			missing	true	12	period-55-division-25.html
2024 September	55	Pro 3	25	Duckk	421	Shangri-La - Hard			missing	true		period-55-division-25.html
2024 September	55	Pro 3	25	Calassy	33	Shangri-La - Hard			missing	true	14	period-55-division-25.html
2024 September	55	Pro 3	25	Metum	6625	Shangri-La - Hard			missing	true		period-55-division-25.html
2024 September	55	Pro 3	25	PYRAMIDD	7468	Shangri-La - Hard			missing	true	15	period-55-division-25.html
2024 September	55	Pro 3	25	StrokeLimitReached	47	Shangri-La - Hard			missing	true	16	period-55-division-25.html
2024 September	55	Pro 3	25	Captain	57	Shangri-La - Hard			missing	true	11	period-55-division-25.html
2024 September	55	Pro 3	25	DeathByZeth	4865	Shangri-La - Hard			missing	true		period-55-division-25.html
2024 September	55	Pro 3	25	El Jorge	24	Temple at Zerzura	-27	-27	scored	false	1	period-55-division-25.html
2024 September	55	Pro 3	25	The_Goldenboy	7568	Temple at Zerzura	-23	-23	scored	false	3	period-55-division-25.html
2024 September	55	Pro 3	25	JUICE_WRLD	7508	Temple at Zerzura	-22	-22	scored	false	2	period-55-division-25.html
2024 September	55	Pro 3	25	Danielaoculus	7179	Temple at Zerzura	-19	-19	scored	false	5	period-55-division-25.html
2024 September	55	Pro 3	25	DOMEY	164	Temple at Zerzura	-19	-19	scored	false	8	period-55-division-25.html
2024 September	55	Pro 3	25	JIMMY_BUCKETS	7550	Temple at Zerzura	-18	-18	scored	false	7	period-55-division-25.html
2024 September	55	Pro 3	25	gomarino13	7171	Temple at Zerzura	-17	-17	scored	false	4	period-55-division-25.html
2024 September	55	Pro 3	25	Dandnt65	362	Temple at Zerzura	-15	-15	scored	false	10	period-55-division-25.html
2024 September	55	Pro 3	25	Brit_The_Elder	109	Temple at Zerzura	-14	-14	scored	false	12	period-55-division-25.html
2024 September	55	Pro 3	25	PYRAMIDD	7468	Temple at Zerzura	-12	-12	scored	false	15	period-55-division-25.html
2024 September	55	Pro 3	25	sarahloo1971	63	Temple at Zerzura	-9	-9	scored	false	6	period-55-division-25.html
2024 September	55	Pro 3	25	BadWolff🐺	6947	Temple at Zerzura			missing	true	9	period-55-division-25.html
2024 September	55	Pro 3	25	Duckk	421	Temple at Zerzura			missing	true		period-55-division-25.html
2024 September	55	Pro 3	25	StrokeLimitReached	47	Temple at Zerzura			missing	true	16	period-55-division-25.html
2024 September	55	Pro 3	25	Metum	6625	Temple at Zerzura			missing	true		period-55-division-25.html
2024 September	55	Pro 3	25	Calassy	33	Temple at Zerzura			missing	true	14	period-55-division-25.html
2024 September	55	Pro 3	25	Chipnputt	7172	Temple at Zerzura			missing	true	13	period-55-division-25.html
2024 September	55	Pro 3	25	Captain	57	Temple at Zerzura			missing	true	11	period-55-division-25.html
2024 September	55	Pro 3	25	DeathByZeth	4865	Temple at Zerzura			missing	true		period-55-division-25.html
2024 September	55	Pro 3	25	El Jorge	24	Temple at Zerzura - Hard	-19	-19	scored	false	1	period-55-division-25.html
2024 September	55	Pro 3	25	JUICE_WRLD	7508	Temple at Zerzura - Hard	-19	-19	scored	false	2	period-55-division-25.html
2024 September	55	Pro 3	25	Danielaoculus	7179	Temple at Zerzura - Hard	-12	-12	scored	false	5	period-55-division-25.html
2024 September	55	Pro 3	25	The_Goldenboy	7568	Temple at Zerzura - Hard	-12	-12	scored	false	3	period-55-division-25.html
2024 September	55	Pro 3	25	gomarino13	7171	Temple at Zerzura - Hard	-12	-12	scored	false	4	period-55-division-25.html
2024 September	55	Pro 3	25	DOMEY	164	Temple at Zerzura - Hard	-9	-9	scored	false	8	period-55-division-25.html
2024 September	55	Pro 3	25	JIMMY_BUCKETS	7550	Temple at Zerzura - Hard	-9	-9	scored	false	7	period-55-division-25.html
2024 September	55	Pro 3	25	sarahloo1971	63	Temple at Zerzura - Hard	-4	-4	scored	false	6	period-55-division-25.html
2024 September	55	Pro 3	25	Dandnt65	362	Temple at Zerzura - Hard	-3	-3	scored	false	10	period-55-division-25.html
2024 September	55	Pro 3	25	Brit_The_Elder	109	Temple at Zerzura - Hard	-1	-1	scored	false	12	period-55-division-25.html
2024 September	55	Pro 3	25	PYRAMIDD	7468	Temple at Zerzura - Hard	8	8	scored	false	15	period-55-division-25.html
2024 September	55	Pro 3	25	Chipnputt	7172	Temple at Zerzura - Hard			missing	true	13	period-55-division-25.html
2024 September	55	Pro 3	25	DeathByZeth	4865	Temple at Zerzura - Hard			missing	true		period-55-division-25.html
2024 September	55	Pro 3	25	StrokeLimitReached	47	Temple at Zerzura - Hard			missing	true	16	period-55-division-25.html
2024 September	55	Pro 3	25	Metum	6625	Temple at Zerzura - Hard			missing	true		period-55-division-25.html
2024 September	55	Pro 3	25	BadWolff🐺	6947	Temple at Zerzura - Hard			missing	true	9	period-55-division-25.html
2024 September	55	Pro 3	25	Duckk	421	Temple at Zerzura - Hard			missing	true		period-55-division-25.html
2024 September	55	Pro 3	25	Captain	57	Temple at Zerzura - Hard			missing	true	11	period-55-division-25.html
2024 September	55	Pro 3	25	Calassy	33	Temple at Zerzura - Hard			missing	true	14	period-55-division-25.html
2024 November	57	Pro 1	23	DESERT_RAT	7180	Bogey's Bonanza	-24	-24	scored	false	1	period-57-division-23.html
2024 November	57	Pro 1	23	DABIGWILLO	3506	Bogey's Bonanza	-22	-22	scored	false	2	period-57-division-23.html
2024 November	57	Pro 1	23	Savy	6970	Bogey's Bonanza	-21	-21	scored	false	8	period-57-division-23.html
2024 November	57	Pro 1	23	Danielaoculus	7179	Bogey's Bonanza	-20	-20	scored	false	3	period-57-division-23.html
2024 November	57	Pro 1	23	roknhorsebrat	6165	Bogey's Bonanza	-20	-20	scored	false	5	period-57-division-23.html
2024 November	57	Pro 1	23	awesome_kris	7207	Bogey's Bonanza	-20	-20	scored	false	7	period-57-division-23.html
2024 November	57	Pro 1	23	SQUEEZY_JIBBZ	46	Bogey's Bonanza	-18	-18	scored	false	4	period-57-division-23.html
2024 November	57	Pro 1	23	ZONK	3826	Bogey's Bonanza	-18	-18	scored	false	10	period-57-division-23.html
2024 November	57	Pro 1	23	Jennem	104	Bogey's Bonanza	-17	-17	scored	false	6	period-57-division-23.html
2024 November	57	Pro 1	23	DMD-Enditnow	7175	Bogey's Bonanza	-15	-15	scored	false	9	period-57-division-23.html
2024 November	57	Pro 1	23	DESERT_RAT	7180	Bogey's Bonanza Hard	-21	-21	scored	false	1	period-57-division-23.html
2024 November	57	Pro 1	23	DABIGWILLO	3506	Bogey's Bonanza Hard	-18	-18	scored	false	2	period-57-division-23.html
2024 November	57	Pro 1	23	Jennem	104	Bogey's Bonanza Hard	-14	-14	scored	false	6	period-57-division-23.html
2024 November	57	Pro 1	23	SQUEEZY_JIBBZ	46	Bogey's Bonanza Hard	-13	-13	scored	false	4	period-57-division-23.html
2024 November	57	Pro 1	23	Danielaoculus	7179	Bogey's Bonanza Hard	-13	-13	scored	false	3	period-57-division-23.html
2024 November	57	Pro 1	23	DMD-Enditnow	7175	Bogey's Bonanza Hard	-12	-12	scored	false	9	period-57-division-23.html
2024 November	57	Pro 1	23	Savy	6970	Bogey's Bonanza Hard	-12	-12	scored	false	8	period-57-division-23.html
2024 November	57	Pro 1	23	roknhorsebrat	6165	Bogey's Bonanza Hard	-9	-9	scored	false	5	period-57-division-23.html
2024 November	57	Pro 1	23	ZONK	3826	Bogey's Bonanza Hard	-7	-7	scored	false	10	period-57-division-23.html
2024 November	57	Pro 1	23	awesome_kris	7207	Bogey's Bonanza Hard	-7	-7	scored	false	7	period-57-division-23.html
2024 November	57	Pro 1	23	DESERT_RAT	7180	Quixote Valley	-19	-19	scored	false	1	period-57-division-23.html
2024 November	57	Pro 1	23	DABIGWILLO	3506	Quixote Valley	-17	-17	scored	false	2	period-57-division-23.html
2024 November	57	Pro 1	23	ZONK	3826	Quixote Valley	-16	-16	scored	false	10	period-57-division-23.html
2024 November	57	Pro 1	23	Danielaoculus	7179	Quixote Valley	-16	-16	scored	false	3	period-57-division-23.html
2024 November	57	Pro 1	23	awesome_kris	7207	Quixote Valley	-15	-15	scored	false	7	period-57-division-23.html
2024 November	57	Pro 1	23	roknhorsebrat	6165	Quixote Valley	-15	-15	scored	false	5	period-57-division-23.html
2024 November	57	Pro 1	23	Jennem	104	Quixote Valley	-14	-14	scored	false	6	period-57-division-23.html
2024 November	57	Pro 1	23	Savy	6970	Quixote Valley	-14	-14	scored	false	8	period-57-division-23.html
2024 November	57	Pro 1	23	SQUEEZY_JIBBZ	46	Quixote Valley	-13	-13	scored	false	4	period-57-division-23.html
2024 November	57	Pro 1	23	DMD-Enditnow	7175	Quixote Valley	-12	-12	scored	false	9	period-57-division-23.html
2024 November	57	Pro 1	23	DABIGWILLO	3506	Quixote Valley Hard	-21	-21	scored	false	2	period-57-division-23.html
2024 November	57	Pro 1	23	ZONK	3826	Quixote Valley Hard	-17	-17	scored	false	10	period-57-division-23.html
2024 November	57	Pro 1	23	DESERT_RAT	7180	Quixote Valley Hard	-16	-16	scored	false	1	period-57-division-23.html
2024 November	57	Pro 1	23	Danielaoculus	7179	Quixote Valley Hard	-14	-14	scored	false	3	period-57-division-23.html
2024 November	57	Pro 1	23	roknhorsebrat	6165	Quixote Valley Hard	-14	-14	scored	false	5	period-57-division-23.html
2024 November	57	Pro 1	23	SQUEEZY_JIBBZ	46	Quixote Valley Hard	-12	-12	scored	false	4	period-57-division-23.html
2024 November	57	Pro 1	23	awesome_kris	7207	Quixote Valley Hard	-11	-11	scored	false	7	period-57-division-23.html
2024 November	57	Pro 1	23	Jennem	104	Quixote Valley Hard	-10	-10	scored	false	6	period-57-division-23.html
2024 November	57	Pro 1	23	DMD-Enditnow	7175	Quixote Valley Hard	-10	-10	scored	false	9	period-57-division-23.html
2024 November	57	Pro 1	23	Savy	6970	Quixote Valley Hard	-9	-9	scored	false	8	period-57-division-23.html
2024 November	57	Pro 1	23	SQUEEZY_JIBBZ	46	Atlantis	-28	-28	scored	false	4	period-57-division-23.html
2024 November	57	Pro 1	23	DABIGWILLO	3506	Atlantis	-25	-25	scored	false	2	period-57-division-23.html
2024 November	57	Pro 1	23	DESERT_RAT	7180	Atlantis	-24	-24	scored	false	1	period-57-division-23.html
2024 November	57	Pro 1	23	ZONK	3826	Atlantis	-23	-23	scored	false	10	period-57-division-23.html
2024 November	57	Pro 1	23	Jennem	104	Atlantis	-22	-22	scored	false	6	period-57-division-23.html
2024 November	57	Pro 1	23	Danielaoculus	7179	Atlantis	-21	-21	scored	false	3	period-57-division-23.html
2024 November	57	Pro 1	23	DMD-Enditnow	7175	Atlantis	-20	-20	scored	false	9	period-57-division-23.html
2024 November	57	Pro 1	23	awesome_kris	7207	Atlantis	-20	-20	scored	false	7	period-57-division-23.html
2024 November	57	Pro 1	23	Savy	6970	Atlantis	-20	-20	scored	false	8	period-57-division-23.html
2024 November	57	Pro 1	23	roknhorsebrat	6165	Atlantis	-17	-17	scored	false	5	period-57-division-23.html
2024 November	57	Pro 1	23	DESERT_RAT	7180	Atlantis Hard	-18	-18	scored	false	1	period-57-division-23.html
2024 November	57	Pro 1	23	Danielaoculus	7179	Atlantis Hard	-17	-17	scored	false	3	period-57-division-23.html
2024 November	57	Pro 1	23	roknhorsebrat	6165	Atlantis Hard	-14	-14	scored	false	5	period-57-division-23.html
2024 November	57	Pro 1	23	SQUEEZY_JIBBZ	46	Atlantis Hard	-12	-12	scored	false	4	period-57-division-23.html
2024 November	57	Pro 1	23	awesome_kris	7207	Atlantis Hard	-12	-12	scored	false	7	period-57-division-23.html
2024 November	57	Pro 1	23	ZONK	3826	Atlantis Hard	-11	-11	scored	false	10	period-57-division-23.html
2024 November	57	Pro 1	23	Savy	6970	Atlantis Hard	-10	-10	scored	false	8	period-57-division-23.html
2024 November	57	Pro 1	23	DMD-Enditnow	7175	Atlantis Hard	-9	-9	scored	false	9	period-57-division-23.html
2024 November	57	Pro 1	23	DABIGWILLO	3506	Atlantis Hard	-8	-8	scored	false	2	period-57-division-23.html
2024 November	57	Pro 1	23	Jennem	104	Atlantis Hard	-6	-6	scored	false	6	period-57-division-23.html
2024 November	57	Pro 1	23	DESERT_RAT	7180	Venice	-21	-21	scored	false	1	period-57-division-23.html
2024 November	57	Pro 1	23	Danielaoculus	7179	Venice	-20	-20	scored	false	3	period-57-division-23.html
2024 November	57	Pro 1	23	SQUEEZY_JIBBZ	46	Venice	-18	-18	scored	false	4	period-57-division-23.html
2024 November	57	Pro 1	23	Jennem	104	Venice	-17	-17	scored	false	6	period-57-division-23.html
2024 November	57	Pro 1	23	DABIGWILLO	3506	Venice	-16	-16	scored	false	2	period-57-division-23.html
2024 November	57	Pro 1	23	roknhorsebrat	6165	Venice	-14	-14	scored	false	5	period-57-division-23.html
2024 November	57	Pro 1	23	awesome_kris	7207	Venice	-13	-13	scored	false	7	period-57-division-23.html
2024 November	57	Pro 1	23	Savy	6970	Venice	-12	-12	scored	false	8	period-57-division-23.html
2024 November	57	Pro 1	23	DMD-Enditnow	7175	Venice	-11	-11	scored	false	9	period-57-division-23.html
2024 November	57	Pro 1	23	ZONK	3826	Venice			missing	true	10	period-57-division-23.html
2024 November	57	Pro 1	23	Savy	6970	Venice - Hard	-14	-14	scored	false	8	period-57-division-23.html
2024 November	57	Pro 1	23	DESERT_RAT	7180	Venice - Hard	-13	-13	scored	false	1	period-57-division-23.html
2024 November	57	Pro 1	23	roknhorsebrat	6165	Venice - Hard	-13	-13	scored	false	5	period-57-division-23.html
2024 November	57	Pro 1	23	Danielaoculus	7179	Venice - Hard	-13	-13	scored	false	3	period-57-division-23.html
2024 November	57	Pro 1	23	Jennem	104	Venice - Hard	-12	-12	scored	false	6	period-57-division-23.html
2024 November	57	Pro 1	23	DABIGWILLO	3506	Venice - Hard	-10	-10	scored	false	2	period-57-division-23.html
2024 November	57	Pro 1	23	SQUEEZY_JIBBZ	46	Venice - Hard	-9	-9	scored	false	4	period-57-division-23.html
2024 November	57	Pro 1	23	DMD-Enditnow	7175	Venice - Hard	-6	-6	scored	false	9	period-57-division-23.html
2024 November	57	Pro 1	23	awesome_kris	7207	Venice - Hard	-3	-3	scored	false	7	period-57-division-23.html
2024 November	57	Pro 1	23	ZONK	3826	Venice - Hard			missing	true	10	period-57-division-23.html
2024 December	58	Pro 1	23	Gobson	4645	Cherry Blossom	-28	-28	scored	false	1	period-58-division-23.html
2024 December	58	Pro 1	23	MrDachshund81	5425	Cherry Blossom	-27	-27	scored	false	2	period-58-division-23.html
2024 December	58	Pro 1	23	Chicagobry	7125	Cherry Blossom	-27	-27	scored	false	3	period-58-division-23.html
2024 December	58	Pro 1	23	Jennem	104	Cherry Blossom	-25	-25	scored	false	7	period-58-division-23.html
2024 December	58	Pro 1	23	roknhorsebrat	6165	Cherry Blossom	-24	-24	scored	false	4	period-58-division-23.html
2024 December	58	Pro 1	23	awesome_kris	7207	Cherry Blossom	-23	-23	scored	false	5	period-58-division-23.html
2024 December	58	Pro 1	23	lynniebodd	222	Cherry Blossom	-23	-23	scored	false	6	period-58-division-23.html
2024 December	58	Pro 1	23	SQUEEZY_JIBBZ	46	Cherry Blossom	-21	-21	scored	false	8	period-58-division-23.html
2024 December	58	Pro 1	23	sarahloo1971	63	Cherry Blossom	-20	-20	scored	false	10	period-58-division-23.html
2024 December	58	Pro 1	23	UroPa	302	Cherry Blossom	-20	-20	scored	false	9	period-58-division-23.html
2024 December	58	Pro 1	23	Gobson	4645	Cherry Blossom Hard	-23	-23	scored	false	1	period-58-division-23.html
2024 December	58	Pro 1	23	awesome_kris	7207	Cherry Blossom Hard	-23	-23	scored	false	5	period-58-division-23.html
2024 December	58	Pro 1	23	SQUEEZY_JIBBZ	46	Cherry Blossom Hard	-21	-21	scored	false	8	period-58-division-23.html
2024 December	58	Pro 1	23	MrDachshund81	5425	Cherry Blossom Hard	-20	-20	scored	false	2	period-58-division-23.html
2024 December	58	Pro 1	23	Chicagobry	7125	Cherry Blossom Hard	-19	-19	scored	false	3	period-58-division-23.html
2024 December	58	Pro 1	23	lynniebodd	222	Cherry Blossom Hard	-17	-17	scored	false	6	period-58-division-23.html
2024 December	58	Pro 1	23	Jennem	104	Cherry Blossom Hard	-15	-15	scored	false	7	period-58-division-23.html
2024 December	58	Pro 1	23	sarahloo1971	63	Cherry Blossom Hard	-14	-14	scored	false	10	period-58-division-23.html
2024 December	58	Pro 1	23	roknhorsebrat	6165	Cherry Blossom Hard	-13	-13	scored	false	4	period-58-division-23.html
2024 December	58	Pro 1	23	UroPa	302	Cherry Blossom Hard			missing	true	9	period-58-division-23.html
2024 December	58	Pro 1	23	UroPa	302	Myst	-27	-27	scored	false	9	period-58-division-23.html
2024 December	58	Pro 1	23	Gobson	4645	Myst	-26	-26	scored	false	1	period-58-division-23.html
2024 December	58	Pro 1	23	MrDachshund81	5425	Myst	-25	-25	scored	false	2	period-58-division-23.html
2024 December	58	Pro 1	23	Chicagobry	7125	Myst	-24	-24	scored	false	3	period-58-division-23.html
2024 December	58	Pro 1	23	SQUEEZY_JIBBZ	46	Myst	-23	-23	scored	false	8	period-58-division-23.html
2024 December	58	Pro 1	23	Jennem	104	Myst	-22	-22	scored	false	7	period-58-division-23.html
2024 December	58	Pro 1	23	roknhorsebrat	6165	Myst	-22	-22	scored	false	4	period-58-division-23.html
2024 December	58	Pro 1	23	lynniebodd	222	Myst	-21	-21	scored	false	6	period-58-division-23.html
2024 December	58	Pro 1	23	awesome_kris	7207	Myst	-18	-18	scored	false	5	period-58-division-23.html
2024 December	58	Pro 1	23	sarahloo1971	63	Myst			missing	true	10	period-58-division-23.html
2024 December	58	Pro 1	23	Gobson	4645	Myst Hard	-22	-22	scored	false	1	period-58-division-23.html
2024 December	58	Pro 1	23	MrDachshund81	5425	Myst Hard	-18	-18	scored	false	2	period-58-division-23.html
2024 December	58	Pro 1	23	Chicagobry	7125	Myst Hard	-18	-18	scored	false	3	period-58-division-23.html
2024 December	58	Pro 1	23	roknhorsebrat	6165	Myst Hard	-14	-14	scored	false	4	period-58-division-23.html
2024 December	58	Pro 1	23	lynniebodd	222	Myst Hard	-13	-13	scored	false	6	period-58-division-23.html
2024 December	58	Pro 1	23	awesome_kris	7207	Myst Hard	-12	-12	scored	false	5	period-58-division-23.html
2024 December	58	Pro 1	23	SQUEEZY_JIBBZ	46	Myst Hard	-12	-12	scored	false	8	period-58-division-23.html
2024 December	58	Pro 1	23	Jennem	104	Myst Hard	-9	-9	scored	false	7	period-58-division-23.html
2024 December	58	Pro 1	23	UroPa	302	Myst Hard			missing	true	9	period-58-division-23.html
2024 December	58	Pro 1	23	sarahloo1971	63	Myst Hard			missing	true	10	period-58-division-23.html
2024 December	58	Pro 1	23	UroPa	302	8-Bit Lair	-20	-20	scored	false	9	period-58-division-23.html
2024 December	58	Pro 1	23	MrDachshund81	5425	8-Bit Lair	-18	-18	scored	false	2	period-58-division-23.html
2024 December	58	Pro 1	23	sarahloo1971	63	8-Bit Lair	-18	-18	scored	false	10	period-58-division-23.html
2024 December	58	Pro 1	23	roknhorsebrat	6165	8-Bit Lair	-17	-17	scored	false	4	period-58-division-23.html
2024 December	58	Pro 1	23	Chicagobry	7125	8-Bit Lair	-16	-16	scored	false	3	period-58-division-23.html
2024 December	58	Pro 1	23	lynniebodd	222	8-Bit Lair	-15	-15	scored	false	6	period-58-division-23.html
2024 December	58	Pro 1	23	Gobson	4645	8-Bit Lair	-15	-15	scored	false	1	period-58-division-23.html
2024 December	58	Pro 1	23	SQUEEZY_JIBBZ	46	8-Bit Lair	-14	-14	scored	false	8	period-58-division-23.html
2024 December	58	Pro 1	23	awesome_kris	7207	8-Bit Lair	-13	-13	scored	false	5	period-58-division-23.html
2024 December	58	Pro 1	23	Jennem	104	8-Bit Lair	-12	-12	scored	false	7	period-58-division-23.html
2024 December	58	Pro 1	23	SQUEEZY_JIBBZ	46	8-Bit Lair - Hard	-18	-18	scored	false	8	period-58-division-23.html
2024 December	58	Pro 1	23	sarahloo1971	63	8-Bit Lair - Hard	-15	-15	scored	false	10	period-58-division-23.html
2024 December	58	Pro 1	23	Chicagobry	7125	8-Bit Lair - Hard	-12	-12	scored	false	3	period-58-division-23.html
2024 December	58	Pro 1	23	MrDachshund81	5425	8-Bit Lair - Hard	-11	-11	scored	false	2	period-58-division-23.html
2024 December	58	Pro 1	23	awesome_kris	7207	8-Bit Lair - Hard	-9	-9	scored	false	5	period-58-division-23.html
2024 December	58	Pro 1	23	Gobson	4645	8-Bit Lair - Hard	-9	-9	scored	false	1	period-58-division-23.html
2024 December	58	Pro 1	23	roknhorsebrat	6165	8-Bit Lair - Hard	-8	-8	scored	false	4	period-58-division-23.html
2024 December	58	Pro 1	23	Jennem	104	8-Bit Lair - Hard	-8	-8	scored	false	7	period-58-division-23.html
2024 December	58	Pro 1	23	lynniebodd	222	8-Bit Lair - Hard	4	4	scored	false	6	period-58-division-23.html
2024 December	58	Pro 1	23	UroPa	302	8-Bit Lair - Hard			missing	true	9	period-58-division-23.html
2024 December	58	Pro 1	23	Gobson	4645	Holiday Hideaway	-22	-22	scored	false	1	period-58-division-23.html
2024 December	58	Pro 1	23	UroPa	302	Holiday Hideaway	-20	-20	scored	false	9	period-58-division-23.html
2024 December	58	Pro 1	23	MrDachshund81	5425	Holiday Hideaway	-19	-19	scored	false	2	period-58-division-23.html
2024 December	58	Pro 1	23	Chicagobry	7125	Holiday Hideaway	-18	-18	scored	false	3	period-58-division-23.html
2024 December	58	Pro 1	23	sarahloo1971	63	Holiday Hideaway	-16	-16	scored	false	10	period-58-division-23.html
2024 December	58	Pro 1	23	lynniebodd	222	Holiday Hideaway	-16	-16	scored	false	6	period-58-division-23.html
2024 December	58	Pro 1	23	Jennem	104	Holiday Hideaway	-15	-15	scored	false	7	period-58-division-23.html
2024 December	58	Pro 1	23	roknhorsebrat	6165	Holiday Hideaway	-13	-13	scored	false	4	period-58-division-23.html
2024 December	58	Pro 1	23	awesome_kris	7207	Holiday Hideaway	-12	-12	scored	false	5	period-58-division-23.html
2024 December	58	Pro 1	23	SQUEEZY_JIBBZ	46	Holiday Hideaway			missing	true	8	period-58-division-23.html
2024 December	58	Pro 1	23	Gobson	4645	Holiday Hideaway - Hard	-17	-17	scored	false	1	period-58-division-23.html
2024 December	58	Pro 1	23	UroPa	302	Holiday Hideaway - Hard	-16	-16	scored	false	9	period-58-division-23.html
2024 December	58	Pro 1	23	MrDachshund81	5425	Holiday Hideaway - Hard	-12	-12	scored	false	2	period-58-division-23.html
2024 December	58	Pro 1	23	Chicagobry	7125	Holiday Hideaway - Hard	-10	-10	scored	false	3	period-58-division-23.html
2024 December	58	Pro 1	23	roknhorsebrat	6165	Holiday Hideaway - Hard	-10	-10	scored	false	4	period-58-division-23.html
2024 December	58	Pro 1	23	awesome_kris	7207	Holiday Hideaway - Hard	-10	-10	scored	false	5	period-58-division-23.html
2024 December	58	Pro 1	23	lynniebodd	222	Holiday Hideaway - Hard	-9	-9	scored	false	6	period-58-division-23.html
2024 December	58	Pro 1	23	Jennem	104	Holiday Hideaway - Hard	-5	-5	scored	false	7	period-58-division-23.html
2024 December	58	Pro 1	23	sarahloo1971	63	Holiday Hideaway - Hard	-4	-4	scored	false	10	period-58-division-23.html
2024 December	58	Pro 1	23	SQUEEZY_JIBBZ	46	Holiday Hideaway - Hard			missing	true	8	period-58-division-23.html
