period_type,season_number,division,game_number,player_a_exact_name,player_b_exact_name,player_a_source_row,player_b_source_row,player_a_source_cells,player_b_source_cells,player_a_score_entry_text,player_b_score_entry_text,effective_text_color,user_entered_text_color,pairing_state,evidence_type,source_workbook,source_tab,source_tab_id,source_range,source_url,provenance
season,12,Division 1,1,BIGJA,WAREY84,4,5,I4:J4,I5:J5,Easy=; Hard=,Easy=; Hard=,"{""green"":1,""red"":1}","{""green"":1,""red"":1}",PARTIAL — NEEDS REVIEW,SOURCE COLOR CONFIRMED,PRO WEEK CURRENT,S12,2138061538,B4:Z4; B5:Z5,https://docs.google.com/spreadsheets/d/1X8IM5qjBFTDyNgP8tl4eYBry9aFgK0cGj-B1sl2ddNI/edit,PRO WEEK CURRENT / S12 / B4:Z4; B5:Z5
season,12,Division 1,2,BIGJA,PRINCESS_BANKSHOT,4,7,O4:P4,O7:P7,Easy=-21; Hard=-17,Easy=-18; Hard=-8,"{""blue"":1,""green"":1}","{""blue"":1,""green"":1}",SOURCE COLOR CONFIRMED — PLAYED,SOURCE COLOR CONFIRMED,PRO WEEK CURRENT,S12,2138061538,B4:Z4; B7:Z7,https://docs.google.com/spreadsheets/d/1X8IM5qjBFTDyNgP8tl4eYBry9aFgK0cGj-B1sl2ddNI/edit,PRO WEEK CURRENT / S12 / B4:Z4; B7:Z7
season,12,Division 1,3,BIGJA,YODA5753,4,6,U4:V4,U6:V6,Easy=-18; Hard=-8,Easy=-15; Hard=-2,"{""green"":1,""red"":1}","{""green"":1,""red"":1}",SOURCE COLOR CONFIRMED — PLAYED,SOURCE COLOR CONFIRMED,PRO WEEK CURRENT,S12,2138061538,B4:Z4; B6:Z6,https://docs.google.com/spreadsheets/d/1X8IM5qjBFTDyNgP8tl4eYBry9aFgK0cGj-B1sl2ddNI/edit,PRO WEEK CURRENT / S12 / B4:Z4; B6:Z6
season,12,Division 1,2,WAREY84,YODA5753,5,6,O5:P5,O6:P6,Easy=-18; Hard=-2,Easy=-16; Hard=-7,"{""red"":1}","{""red"":1}",SOURCE COLOR CONFIRMED — PLAYED,SOURCE COLOR CONFIRMED,PRO WEEK CURRENT,S12,2138061538,B5:Z5; B6:Z6,https://docs.google.com/spreadsheets/d/1X8IM5qjBFTDyNgP8tl4eYBry9aFgK0cGj-B1sl2ddNI/edit,PRO WEEK CURRENT / S12 / B5:Z5; B6:Z6
season,12,Division 1,3,WAREY84,PRINCESS_BANKSHOT,5,7,U5:V5,U7:V7,Easy=-15; Hard=-6,Easy=-13; Hard=-9,"{""blue"":1}","{""blue"":1}",SOURCE COLOR CONFIRMED — PLAYED,SOURCE COLOR CONFIRMED,PRO WEEK CURRENT,S12,2138061538,B5:Z5; B7:Z7,https://docs.google.com/spreadsheets/d/1X8IM5qjBFTDyNgP8tl4eYBry9aFgK0cGj-B1sl2ddNI/edit,PRO WEEK CURRENT / S12 / B5:Z5; B7:Z7
season,12,Division 1,1,YODA5753,PRINCESS_BANKSHOT,6,7,I6:J6,I7:J7,Easy=-15; Hard=2,Easy=-13; Hard=-10,"{""green"":1}","{""green"":1}",SOURCE COLOR CONFIRMED — PLAYED,SOURCE COLOR CONFIRMED,PRO WEEK CURRENT,S12,2138061538,B6:Z6; B7:Z7,https://docs.google.com/spreadsheets/d/1X8IM5qjBFTDyNgP8tl4eYBry9aFgK0cGj-B1sl2ddNI/edit,PRO WEEK CURRENT / S12 / B6:Z6; B7:Z7
season,12,Division 2,1,TRICKYDICKY,CHIPNPUTT,11,12,I11:J11,I12:J12,Easy=-15; Hard=-6,Easy=-13; Hard=-6,"{""blue"":1,""red"":1}","{""blue"":1,""red"":1}",SOURCE COLOR CONFIRMED — PLAYED,SOURCE COLOR CONFIRMED,PRO WEEK CURRENT,S12,2138061538,B11:Z11; B12:Z12,https://docs.google.com/spreadsheets/d/1X8IM5qjBFTDyNgP8tl4eYBry9aFgK0cGj-B1sl2ddNI/edit,PRO WEEK CURRENT / S12 / B11:Z11; B12:Z12
season,12,Division 2,2,TRICKYDICKY,PRINCESS_SPICY,11,14,O11:P11,O14:P14,Easy=-17; Hard=-9,Easy=-14; Hard=-4,"{""blue"":1}","{""blue"":1}",SOURCE COLOR CONFIRMED — PLAYED,SOURCE COLOR CONFIRMED,PRO WEEK CURRENT,S12,2138061538,B11:Z11; B14:Z14,https://docs.google.com/spreadsheets/d/1X8IM5qjBFTDyNgP8tl4eYBry9aFgK0cGj-B1sl2ddNI/edit,PRO WEEK CURRENT / S12 / B11:Z11; B14:Z14
season,12,Division 2,3,TRICKYDICKY,LAKE,11,13,U11:V11,U13:V13,Easy=-17; Hard=-12,Easy=-20; Hard=-3,"{""blue"":1,""red"":1}","{""blue"":1,""red"":1}",SOURCE COLOR CONFIRMED — PLAYED,SOURCE COLOR CONFIRMED,PRO WEEK CURRENT,S12,2138061538,B11:Z11; B13:Z13,https://docs.google.com/spreadsheets/d/1X8IM5qjBFTDyNgP8tl4eYBry9aFgK0cGj-B1sl2ddNI/edit,PRO WEEK CURRENT / S12 / B11:Z11; B13:Z13
season,12,Division 2,2,CHIPNPUTT,LAKE,12,13,O12:P12,O13:P13,Easy=-10; Hard=-8,Easy=-17; Hard=-10,"{""red"":1}","{""red"":1}",SOURCE COLOR CONFIRMED — PLAYED,SOURCE COLOR CONFIRMED,PRO WEEK CURRENT,S12,2138061538,B12:Z12; B13:Z13,https://docs.google.com/spreadsheets/d/1X8IM5qjBFTDyNgP8tl4eYBry9aFgK0cGj-B1sl2ddNI/edit,PRO WEEK CURRENT / S12 / B12:Z12; B13:Z13
season,12,Division 2,3,CHIPNPUTT,PRINCESS_SPICY,12,14,U12:V12,U14:V14,Easy=-15; Hard=-9,Easy=-14; Hard=-12,"{""blue"":1,""red"":0.6}","{""blue"":1,""red"":0.6}",SOURCE COLOR CONFIRMED — PLAYED,SOURCE COLOR CONFIRMED,PRO WEEK CURRENT,S12,2138061538,B12:Z12; B14:Z14,https://docs.google.com/spreadsheets/d/1X8IM5qjBFTDyNgP8tl4eYBry9aFgK0cGj-B1sl2ddNI/edit,PRO WEEK CURRENT / S12 / B12:Z12; B14:Z14
season,12,Division 2,1,LAKE,PRINCESS_SPICY,13,14,I13:J13,I14:J14,Easy=-20; Hard=-16,Easy=-14; Hard=-11,"{""blue"":1,""red"":0.6}","{""blue"":1,""red"":0.6}",SOURCE COLOR CONFIRMED — PLAYED,SOURCE COLOR CONFIRMED,PRO WEEK CURRENT,S12,2138061538,B13:Z13; B14:Z14,https://docs.google.com/spreadsheets/d/1X8IM5qjBFTDyNgP8tl4eYBry9aFgK0cGj-B1sl2ddNI/edit,PRO WEEK CURRENT / S12 / B13:Z13; B14:Z14
season,12,Division 3,1,WICKEDSHACK,MARKYB,18,19,I18:J18,I19:J19,Easy=-15; Hard=-1,Easy=-15; Hard=-2,"{""green"":1,""red"":1}","{""green"":1,""red"":1}",SOURCE COLOR CONFIRMED — PLAYED,SOURCE COLOR CONFIRMED,PRO WEEK CURRENT,S12,2138061538,B18:Z18; B19:Z19,https://docs.google.com/spreadsheets/d/1X8IM5qjBFTDyNgP8tl4eYBry9aFgK0cGj-B1sl2ddNI/edit,PRO WEEK CURRENT / S12 / B18:Z18; B19:Z19
season,12,Division 3,2,WICKEDSHACK,SLABDADDY,18,21,O18:P18,O21:P21,Easy=-12; Hard=-2,Easy=-13; Hard=0,"{""blue"":1,""green"":1}","{""blue"":1,""green"":1}",SOURCE COLOR CONFIRMED — PLAYED,SOURCE COLOR CONFIRMED,PRO WEEK CURRENT,S12,2138061538,B18:Z18; B21:Z21,https://docs.google.com/spreadsheets/d/1X8IM5qjBFTDyNgP8tl4eYBry9aFgK0cGj-B1sl2ddNI/edit,PRO WEEK CURRENT / S12 / B18:Z18; B21:Z21
season,12,Division 3,3,WICKEDSHACK,THEREALJB,18,20,U18:V18,U20:V20,Easy=-17; Hard=-11,Easy=-10; Hard=2,"{""blue"":1}","{""blue"":1}",SOURCE COLOR CONFIRMED — PLAYED,SOURCE COLOR CONFIRMED,PRO WEEK CURRENT,S12,2138061538,B18:Z18; B20:Z20,https://docs.google.com/spreadsheets/d/1X8IM5qjBFTDyNgP8tl4eYBry9aFgK0cGj-B1sl2ddNI/edit,PRO WEEK CURRENT / S12 / B18:Z18; B20:Z20
season,12,Division 3,2,MARKYB,THEREALJB,19,20,O19:P19,O20:P20,Easy=-15; Hard=-2,Easy=-15; Hard=-6,"{""red"":1}","{""red"":1}",SOURCE COLOR CONFIRMED — PLAYED,SOURCE COLOR CONFIRMED,PRO WEEK CURRENT,S12,2138061538,B19:Z19; B20:Z20,https://docs.google.com/spreadsheets/d/1X8IM5qjBFTDyNgP8tl4eYBry9aFgK0cGj-B1sl2ddNI/edit,PRO WEEK CURRENT / S12 / B19:Z19; B20:Z20
season,12,Division 3,3,MARKYB,SLABDADDY,19,21,U19:V19,U21:V21,Easy=-19; Hard=-14,Easy=-8; Hard=0,"{""red"":1}","{""red"":1}",SOURCE COLOR CONFIRMED — PLAYED,SOURCE COLOR CONFIRMED,PRO WEEK CURRENT,S12,2138061538,B19:Z19; B21:Z21,https://docs.google.com/spreadsheets/d/1X8IM5qjBFTDyNgP8tl4eYBry9aFgK0cGj-B1sl2ddNI/edit,PRO WEEK CURRENT / S12 / B19:Z19; B21:Z21
season,12,Division 3,1,THEREALJB,SLABDADDY,20,21,I20:J20,I21:J21,Easy=-17; Hard=-4,Easy=-16; Hard=-4,"{""green"":1}","{""green"":1}",SOURCE COLOR CONFIRMED — PLAYED,SOURCE COLOR CONFIRMED,PRO WEEK CURRENT,S12,2138061538,B20:Z20; B21:Z21,https://docs.google.com/spreadsheets/d/1X8IM5qjBFTDyNgP8tl4eYBry9aFgK0cGj-B1sl2ddNI/edit,PRO WEEK CURRENT / S12 / B20:Z20; B21:Z21
season,12,Division 4,1,GATORSFAN89,JAY,25,26,I25:J25,I26:J26,Easy=-3; Hard=-3,Easy=-14; Hard=-5,"{""red"":1}","{""red"":1}",SOURCE COLOR CONFIRMED — PLAYED,SOURCE COLOR CONFIRMED,PRO WEEK CURRENT,S12,2138061538,B25:Z25; B26:Z26,https://docs.google.com/spreadsheets/d/1X8IM5qjBFTDyNgP8tl4eYBry9aFgK0cGj-B1sl2ddNI/edit,PRO WEEK CURRENT / S12 / B25:Z25; B26:Z26
season,12,Division 4,2,GATORSFAN89,SARAHLYNN727,25,28,O25:P25,O28:P28,Easy=; Hard=,Easy=; Hard=,"{""blue"":1,""red"":0.6}","{""blue"":1,""red"":0.6}",PARTIAL — NEEDS REVIEW,SOURCE COLOR CONFIRMED,PRO WEEK CURRENT,S12,2138061538,B25:Z25; B28:Z28,https://docs.google.com/spreadsheets/d/1X8IM5qjBFTDyNgP8tl4eYBry9aFgK0cGj-B1sl2ddNI/edit,PRO WEEK CURRENT / S12 / B25:Z25; B28:Z28
season,12,Division 4,3,GATORSFAN89,ZOEDARLIN,25,27,U25:V25,U27:V27,Easy=; Hard=,Easy=; Hard=,"{""blue"":1}","{""blue"":1}",PARTIAL — NEEDS REVIEW,SOURCE COLOR CONFIRMED,PRO WEEK CURRENT,S12,2138061538,B25:Z25; B27:Z27,https://docs.google.com/spreadsheets/d/1X8IM5qjBFTDyNgP8tl4eYBry9aFgK0cGj-B1sl2ddNI/edit,PRO WEEK CURRENT / S12 / B25:Z25; B27:Z27
season,12,Division 4,2,JAY,ZOEDARLIN,26,27,O26:P26,O27:P27,Easy=; Hard=,Easy=; Hard=,"{""blue"":1,""red"":1}","{""blue"":1,""red"":1}",PARTIAL — NEEDS REVIEW,SOURCE COLOR CONFIRMED,PRO WEEK CURRENT,S12,2138061538,B26:Z26; B27:Z27,https://docs.google.com/spreadsheets/d/1X8IM5qjBFTDyNgP8tl4eYBry9aFgK0cGj-B1sl2ddNI/edit,PRO WEEK CURRENT / S12 / B26:Z26; B27:Z27
season,12,Division 4,3,JAY,SARAHLYNN727,26,28,U26:V26,U28:V28,Easy=; Hard=,Easy=; Hard=,"{""red"":1}","{""red"":1}",PARTIAL — NEEDS REVIEW,SOURCE COLOR CONFIRMED,PRO WEEK CURRENT,S12,2138061538,B26:Z26; B28:Z28,https://docs.google.com/spreadsheets/d/1X8IM5qjBFTDyNgP8tl4eYBry9aFgK0cGj-B1sl2ddNI/edit,PRO WEEK CURRENT / S12 / B26:Z26; B28:Z28
season,12,Division 4,1,ZOEDARLIN,SARAHLYNN727,27,28,I27:J27,I28:J28,Easy=; Hard=,Easy=; Hard=,"{""blue"":1}","{""blue"":1}",PARTIAL — NEEDS REVIEW,SOURCE COLOR CONFIRMED,PRO WEEK CURRENT,S12,2138061538,B27:Z27; B28:Z28,https://docs.google.com/spreadsheets/d/1X8IM5qjBFTDyNgP8tl4eYBry9aFgK0cGj-B1sl2ddNI/edit,PRO WEEK CURRENT / S12 / B27:Z27; B28:Z28
season,12,Division 7,1,RACCOONS_WHISKER,LADYRIDER60,46,47,I46:J46,I47:J47,Easy=-15; Hard=1,Easy=-12; Hard=18,"{""blue"":1,""green"":1}","{""blue"":1,""green"":1}",SOURCE COLOR CONFIRMED — PLAYED,SOURCE COLOR CONFIRMED,PRO WEEK CURRENT,S12,2138061538,B46:Z46; B47:Z47,https://docs.google.com/spreadsheets/d/1X8IM5qjBFTDyNgP8tl4eYBry9aFgK0cGj-B1sl2ddNI/edit,PRO WEEK CURRENT / S12 / B46:Z46; B47:Z47
season,12,Division 7,2,RACCOONS_WHISKER,,46,,O46:P46,,Easy=; Hard=,,"{""blue"":1}","{""blue"":1}",AMBIGUOUS / NEEDS REVIEW,SOURCE COLOR CONFIRMED — AMBIGUOUS GROUP,PRO WEEK CURRENT,S12,2138061538,B46:Z46,https://docs.google.com/spreadsheets/d/1X8IM5qjBFTDyNgP8tl4eYBry9aFgK0cGj-B1sl2ddNI/edit,PRO WEEK CURRENT / S12 / B46:Z46
season,12,Division 7,3,RACCOONS_WHISKER,KD,46,48,U46:V46,U48:V48,Easy=-8; Hard=-3,Easy=-10; Hard=-1,"{""green"":1}","{""green"":1}",SOURCE COLOR CONFIRMED — PLAYED,SOURCE COLOR CONFIRMED,PRO WEEK CURRENT,S12,2138061538,B46:Z46; B48:Z48,https://docs.google.com/spreadsheets/d/1X8IM5qjBFTDyNgP8tl4eYBry9aFgK0cGj-B1sl2ddNI/edit,PRO WEEK CURRENT / S12 / B46:Z46; B48:Z48
season,12,Division 7,2,LADYRIDER60,KD,47,48,O47:P47,O48:P48,Easy=-3; Hard=17,Easy=-8; Hard=-7,"{""green"":1,""red"":1}","{""green"":1,""red"":1}",SOURCE COLOR CONFIRMED — PLAYED,SOURCE COLOR CONFIRMED,PRO WEEK CURRENT,S12,2138061538,B47:Z47; B48:Z48,https://docs.google.com/spreadsheets/d/1X8IM5qjBFTDyNgP8tl4eYBry9aFgK0cGj-B1sl2ddNI/edit,PRO WEEK CURRENT / S12 / B47:Z47; B48:Z48
season,12,Division 7,3,LADYRIDER60,,47,,U47:V47,,Easy=; Hard=,,"{""blue"":1,""green"":1}","{""blue"":1,""green"":1}",AMBIGUOUS / NEEDS REVIEW,SOURCE COLOR CONFIRMED — AMBIGUOUS GROUP,PRO WEEK CURRENT,S12,2138061538,B47:Z47,https://docs.google.com/spreadsheets/d/1X8IM5qjBFTDyNgP8tl4eYBry9aFgK0cGj-B1sl2ddNI/edit,PRO WEEK CURRENT / S12 / B47:Z47
season,12,Division 7,1,KD,,48,,I48:J48,,Easy=; Hard=,,"{""green"":1}","{""green"":1}",AMBIGUOUS / NEEDS REVIEW,SOURCE COLOR CONFIRMED — AMBIGUOUS GROUP,PRO WEEK CURRENT,S12,2138061538,B48:Z48,https://docs.google.com/spreadsheets/d/1X8IM5qjBFTDyNgP8tl4eYBry9aFgK0cGj-B1sl2ddNI/edit,PRO WEEK CURRENT / S12 / B48:Z48
season,11,Division 1,1,YODA5753,TRICKYDICKY,4,5,I4:J4,I5:J5,Easy=; Hard=,Easy=; Hard=,"{""green"":1,""red"":1}","{""green"":1,""red"":1}",PARTIAL — NEEDS REVIEW,SOURCE COLOR CONFIRMED,PRO WEEK CURRENT,S11,139721681,B4:Z4; B5:Z5,https://docs.google.com/spreadsheets/d/1X8IM5qjBFTDyNgP8tl4eYBry9aFgK0cGj-B1sl2ddNI/edit,PRO WEEK CURRENT / S11 / B4:Z4; B5:Z5
season,11,Division 1,2,YODA5753,BIGJA,4,7,O4:P4,O7:P7,Easy=-15; Hard=-8,Easy=-20; Hard=-20,"{""blue"":1,""green"":1}","{""blue"":1,""green"":1}",SOURCE COLOR CONFIRMED — PLAYED,SOURCE COLOR CONFIRMED,PRO WEEK CURRENT,S11,139721681,B4:Z4; B7:Z7,https://docs.google.com/spreadsheets/d/1X8IM5qjBFTDyNgP8tl4eYBry9aFgK0cGj-B1sl2ddNI/edit,PRO WEEK CURRENT / S11 / B4:Z4; B7:Z7
season,11,Division 1,3,YODA5753,WAREY84,4,6,U4:V4,U6:V6,Easy=-13; Hard=-11,Easy=-8; Hard=-8,"{""green"":1,""red"":1}","{""green"":1,""red"":1}",SOURCE COLOR CONFIRMED — PLAYED,SOURCE COLOR CONFIRMED,PRO WEEK CURRENT,S11,139721681,B4:Z4; B6:Z6,https://docs.google.com/spreadsheets/d/1X8IM5qjBFTDyNgP8tl4eYBry9aFgK0cGj-B1sl2ddNI/edit,PRO WEEK CURRENT / S11 / B4:Z4; B6:Z6
season,11,Division 1,2,TRICKYDICKY,WAREY84,5,6,O5:P5,O6:P6,Easy=-6; Hard=-9,Easy=-11; Hard=-9,"{""red"":1}","{""red"":1}",SOURCE COLOR CONFIRMED — PLAYED,SOURCE COLOR CONFIRMED,PRO WEEK CURRENT,S11,139721681,B5:Z5; B6:Z6,https://docs.google.com/spreadsheets/d/1X8IM5qjBFTDyNgP8tl4eYBry9aFgK0cGj-B1sl2ddNI/edit,PRO WEEK CURRENT / S11 / B5:Z5; B6:Z6
season,11,Division 1,3,TRICKYDICKY,BIGJA,5,7,U5:V5,U7:V7,Easy=-17; Hard=-9,Easy=-16; Hard=-16,"{""blue"":1}","{""blue"":1}",SOURCE COLOR CONFIRMED — PLAYED,SOURCE COLOR CONFIRMED,PRO WEEK CURRENT,S11,139721681,B5:Z5; B7:Z7,https://docs.google.com/spreadsheets/d/1X8IM5qjBFTDyNgP8tl4eYBry9aFgK0cGj-B1sl2ddNI/edit,PRO WEEK CURRENT / S11 / B5:Z5; B7:Z7
season,11,Division 1,1,WAREY84,BIGJA,6,7,I6:J6,I7:J7,Easy=-13; Hard=-4,Easy=-19; Hard=-17,"{""green"":1}","{""green"":1}",SOURCE COLOR CONFIRMED — PLAYED,SOURCE COLOR CONFIRMED,PRO WEEK CURRENT,S11,139721681,B6:Z6; B7:Z7,https://docs.google.com/spreadsheets/d/1X8IM5qjBFTDyNgP8tl4eYBry9aFgK0cGj-B1sl2ddNI/edit,PRO WEEK CURRENT / S11 / B6:Z6; B7:Z7
season,11,Division 2,1,CHIPNPUTT,PRINCESS_BAKSHOT,11,12,I11:J11,I12:J12,Easy=-9; Hard=-7,Easy=-14; Hard=-12,"{""blue"":1,""red"":1}","{""blue"":1,""red"":1}",SOURCE COLOR CONFIRMED — PLAYED,SOURCE COLOR CONFIRMED,PRO WEEK CURRENT,S11,139721681,B11:Z11; B12:Z12,https://docs.google.com/spreadsheets/d/1X8IM5qjBFTDyNgP8tl4eYBry9aFgK0cGj-B1sl2ddNI/edit,PRO WEEK CURRENT / S11 / B11:Z11; B12:Z12
season,11,Division 2,2,CHIPNPUTT,LAKE,11,14,O11:P11,O14:P14,Easy=-12; Hard=-7,Easy=-15; Hard=-11,"{""blue"":1}","{""blue"":1}",SOURCE COLOR CONFIRMED — PLAYED,SOURCE COLOR CONFIRMED,PRO WEEK CURRENT,S11,139721681,B11:Z11; B14:Z14,https://docs.google.com/spreadsheets/d/1X8IM5qjBFTDyNgP8tl4eYBry9aFgK0cGj-B1sl2ddNI/edit,PRO WEEK CURRENT / S11 / B11:Z11; B14:Z14
season,11,Division 2,3,CHIPNPUTT,WICKEDSHACK,11,13,U11:V11,U13:V13,Easy=-16; Hard=-13,Easy=-15; Hard=1,"{""blue"":1,""red"":1}","{""blue"":1,""red"":1}",SOURCE COLOR CONFIRMED — PLAYED,SOURCE COLOR CONFIRMED,PRO WEEK CURRENT,S11,139721681,B11:Z11; B13:Z13,https://docs.google.com/spreadsheets/d/1X8IM5qjBFTDyNgP8tl4eYBry9aFgK0cGj-B1sl2ddNI/edit,PRO WEEK CURRENT / S11 / B11:Z11; B13:Z13
season,11,Division 2,2,PRINCESS_BAKSHOT,WICKEDSHACK,12,13,O12:P12,O13:P13,Easy=-19; Hard=-15,Easy=-10; Hard=-14,"{""red"":1}","{""red"":1}",SOURCE COLOR CONFIRMED — PLAYED,SOURCE COLOR CONFIRMED,PRO WEEK CURRENT,S11,139721681,B12:Z12; B13:Z13,https://docs.google.com/spreadsheets/d/1X8IM5qjBFTDyNgP8tl4eYBry9aFgK0cGj-B1sl2ddNI/edit,PRO WEEK CURRENT / S11 / B12:Z12; B13:Z13
season,11,Division 2,3,PRINCESS_BAKSHOT,LAKE,12,14,U12:V12,U14:V14,Easy=-19; Hard=-14,Easy=-17; Hard=-2,"{""blue"":1,""red"":0.6}","{""blue"":1,""red"":0.6}",SOURCE COLOR CONFIRMED — PLAYED,SOURCE COLOR CONFIRMED,PRO WEEK CURRENT,S11,139721681,B12:Z12; B14:Z14,https://docs.google.com/spreadsheets/d/1X8IM5qjBFTDyNgP8tl4eYBry9aFgK0cGj-B1sl2ddNI/edit,PRO WEEK CURRENT / S11 / B12:Z12; B14:Z14
season,11,Division 2,1,WICKEDSHACK,LAKE,13,14,I13:J13,I14:J14,Easy=; Hard=,Easy=; Hard=,"{""blue"":1,""red"":0.6}","{""blue"":1,""red"":0.6}",PARTIAL — NEEDS REVIEW,SOURCE COLOR CONFIRMED,PRO WEEK CURRENT,S11,139721681,B13:Z13; B14:Z14,https://docs.google.com/spreadsheets/d/1X8IM5qjBFTDyNgP8tl4eYBry9aFgK0cGj-B1sl2ddNI/edit,PRO WEEK CURRENT / S11 / B13:Z13; B14:Z14
season,11,Division 3,1,PRINCESS_SPICY,THEREALJB,18,19,I18:J18,I19:J19,Easy=-10; Hard=-9,Easy=-16; Hard=-13,"{""green"":1,""red"":1}","{""green"":1,""red"":1}",SOURCE COLOR CONFIRMED — PLAYED,SOURCE COLOR CONFIRMED,PRO WEEK CURRENT,S11,139721681,B18:Z18; B19:Z19,https://docs.google.com/spreadsheets/d/1X8IM5qjBFTDyNgP8tl4eYBry9aFgK0cGj-B1sl2ddNI/edit,PRO WEEK CURRENT / S11 / B18:Z18; B19:Z19
season,11,Division 3,2,PRINCESS_SPICY,FOXY,18,21,O18:P18,O21:P21,Easy=-14; Hard=-19,Easy=-11; Hard=-3,"{""blue"":1,""green"":1}","{""blue"":1,""green"":1}",SOURCE COLOR CONFIRMED — PLAYED,SOURCE COLOR CONFIRMED,PRO WEEK CURRENT,S11,139721681,B18:Z18; B21:Z21,https://docs.google.com/spreadsheets/d/1X8IM5qjBFTDyNgP8tl4eYBry9aFgK0cGj-B1sl2ddNI/edit,PRO WEEK CURRENT / S11 / B18:Z18; B21:Z21
season,11,Division 3,3,PRINCESS_SPICY,MARKYB,18,20,U18:V18,U20:V20,Easy=-13; Hard=-12,Easy=-11; Hard=-5,"{""blue"":1}","{""blue"":1}",SOURCE COLOR CONFIRMED — PLAYED,SOURCE COLOR CONFIRMED,PRO WEEK CURRENT,S11,139721681,B18:Z18; B20:Z20,https://docs.google.com/spreadsheets/d/1X8IM5qjBFTDyNgP8tl4eYBry9aFgK0cGj-B1sl2ddNI/edit,PRO WEEK CURRENT / S11 / B18:Z18; B20:Z20
season,11,Division 3,2,THEREALJB,MARKYB,19,20,O19:P19,O20:P20,Easy=-14; Hard=-10,Easy=-18; Hard=-8,"{""red"":1}","{""red"":1}",SOURCE COLOR CONFIRMED — PLAYED,SOURCE COLOR CONFIRMED,PRO WEEK CURRENT,S11,139721681,B19:Z19; B20:Z20,https://docs.google.com/spreadsheets/d/1X8IM5qjBFTDyNgP8tl4eYBry9aFgK0cGj-B1sl2ddNI/edit,PRO WEEK CURRENT / S11 / B19:Z19; B20:Z20
season,11,Division 3,3,THEREALJB,FOXY,19,21,U19:V19,U21:V21,Easy=; Hard=,Easy=; Hard=,"{""red"":1}","{""red"":1}",PARTIAL — NEEDS REVIEW,SOURCE COLOR CONFIRMED,PRO WEEK CURRENT,S11,139721681,B19:Z19; B21:Z21,https://docs.google.com/spreadsheets/d/1X8IM5qjBFTDyNgP8tl4eYBry9aFgK0cGj-B1sl2ddNI/edit,PRO WEEK CURRENT / S11 / B19:Z19; B21:Z21
season,11,Division 3,1,MARKYB,FOXY,20,21,I20:J20,I21:J21,Easy=-19; Hard=-12,Easy=-13; Hard=-1,"{""green"":1}","{""green"":1}",SOURCE COLOR CONFIRMED — PLAYED,SOURCE COLOR CONFIRMED,PRO WEEK CURRENT,S11,139721681,B20:Z20; B21:Z21,https://docs.google.com/spreadsheets/d/1X8IM5qjBFTDyNgP8tl4eYBry9aFgK0cGj-B1sl2ddNI/edit,PRO WEEK CURRENT / S11 / B20:Z20; B21:Z21
season,11,Division 4,1,JAY,SLABDADDY,25,26,I25:J25,I26:J26,Easy=-16; Hard=-11,Easy=-10; Hard=-11,"{""red"":1}","{""red"":1}",SOURCE COLOR CONFIRMED — PLAYED,SOURCE COLOR CONFIRMED,PRO WEEK CURRENT,S11,139721681,B25:Z25; B26:Z26,https://docs.google.com/spreadsheets/d/1X8IM5qjBFTDyNgP8tl4eYBry9aFgK0cGj-B1sl2ddNI/edit,PRO WEEK CURRENT / S11 / B25:Z25; B26:Z26
season,11,Division 4,2,JAY,RACCOONS_WHISKER,25,28,O25:P25,O28:P28,Easy=; Hard=,Easy=; Hard=,"{""blue"":1,""red"":0.6}","{""blue"":1,""red"":0.6}",PARTIAL — NEEDS REVIEW,SOURCE COLOR CONFIRMED,PRO WEEK CURRENT,S11,139721681,B25:Z25; B28:Z28,https://docs.google.com/spreadsheets/d/1X8IM5qjBFTDyNgP8tl4eYBry9aFgK0cGj-B1sl2ddNI/edit,PRO WEEK CURRENT / S11 / B25:Z25; B28:Z28
season,11,Division 4,3,JAY,GATORSFAN89,25,27,U25:V25,U27:V27,Easy=; Hard=,Easy=; Hard=,"{""blue"":1}","{""blue"":1}",PARTIAL — NEEDS REVIEW,SOURCE COLOR CONFIRMED,PRO WEEK CURRENT,S11,139721681,B25:Z25; B27:Z27,https://docs.google.com/spreadsheets/d/1X8IM5qjBFTDyNgP8tl4eYBry9aFgK0cGj-B1sl2ddNI/edit,PRO WEEK CURRENT / S11 / B25:Z25; B27:Z27
season,11,Division 4,2,SLABDADDY,GATORSFAN89,26,27,O26:P26,O27:P27,Easy=-16; Hard=-9,Easy=4; Hard=-12,"{""blue"":1,""red"":1}","{""blue"":1,""red"":1}",SOURCE COLOR CONFIRMED — PLAYED,SOURCE COLOR CONFIRMED,PRO WEEK CURRENT,S11,139721681,B26:Z26; B27:Z27,https://docs.google.com/spreadsheets/d/1X8IM5qjBFTDyNgP8tl4eYBry9aFgK0cGj-B1sl2ddNI/edit,PRO WEEK CURRENT / S11 / B26:Z26; B27:Z27
season,11,Division 4,3,SLABDADDY,RACCOONS_WHISKER,26,28,U26:V26,U28:V28,Easy=-13; Hard=-1,Easy=-6; Hard=1,"{""red"":1}","{""red"":1}",SOURCE COLOR CONFIRMED — PLAYED,SOURCE COLOR CONFIRMED,PRO WEEK CURRENT,S11,139721681,B26:Z26; B28:Z28,https://docs.google.com/spreadsheets/d/1X8IM5qjBFTDyNgP8tl4eYBry9aFgK0cGj-B1sl2ddNI/edit,PRO WEEK CURRENT / S11 / B26:Z26; B28:Z28
season,11,Division 4,1,GATORSFAN89,RACCOONS_WHISKER,27,28,I27:J27,I28:J28,Easy=-15; Hard=-13,Easy=-7; Hard=3,"{""blue"":1}","{""blue"":1}",SOURCE COLOR CONFIRMED — PLAYED,SOURCE COLOR CONFIRMED,PRO WEEK CURRENT,S11,139721681,B27:Z27; B28:Z28,https://docs.google.com/spreadsheets/d/1X8IM5qjBFTDyNgP8tl4eYBry9aFgK0cGj-B1sl2ddNI/edit,PRO WEEK CURRENT / S11 / B27:Z27; B28:Z28
season,11,Division 7,1,SARAHLYNN727,ZOEDARLIN,46,47,I46:J46,I47:J47,Easy=; Hard=,Easy=; Hard=,"{""blue"":1,""green"":1}","{""blue"":1,""green"":1}",PARTIAL — NEEDS REVIEW,SOURCE COLOR CONFIRMED,PRO WEEK CURRENT,S11,139721681,B46:Z46; B47:Z47,https://docs.google.com/spreadsheets/d/1X8IM5qjBFTDyNgP8tl4eYBry9aFgK0cGj-B1sl2ddNI/edit,PRO WEEK CURRENT / S11 / B46:Z46; B47:Z47
season,11,Division 7,2,SARAHLYNN727,LADYRIDER60,46,49,O46:P46,O49:P49,Easy=-7; Hard=-5,Easy=2; Hard=4,"{""blue"":1}","{""blue"":1}",SOURCE COLOR CONFIRMED — PLAYED,SOURCE COLOR CONFIRMED,PRO WEEK CURRENT,S11,139721681,B46:Z46; B49:Z49,https://docs.google.com/spreadsheets/d/1X8IM5qjBFTDyNgP8tl4eYBry9aFgK0cGj-B1sl2ddNI/edit,PRO WEEK CURRENT / S11 / B46:Z46; B49:Z49
season,11,Division 7,3,SARAHLYNN727,KD,46,48,U46:V46,U48:V48,Easy=; Hard=,Easy=; Hard=,"{""green"":1}","{""green"":1}",PARTIAL — NEEDS REVIEW,SOURCE COLOR CONFIRMED,PRO WEEK CURRENT,S11,139721681,B46:Z46; B48:Z48,https://docs.google.com/spreadsheets/d/1X8IM5qjBFTDyNgP8tl4eYBry9aFgK0cGj-B1sl2ddNI/edit,PRO WEEK CURRENT / S11 / B46:Z46; B48:Z48
season,11,Division 7,2,ZOEDARLIN,KD,47,48,O47:P47,O48:P48,Easy=-11; Hard=6,Easy=-2; Hard=0,"{""green"":1,""red"":1}","{""green"":1,""red"":1}",SOURCE COLOR CONFIRMED — PLAYED,SOURCE COLOR CONFIRMED,PRO WEEK CURRENT,S11,139721681,B47:Z47; B48:Z48,https://docs.google.com/spreadsheets/d/1X8IM5qjBFTDyNgP8tl4eYBry9aFgK0cGj-B1sl2ddNI/edit,PRO WEEK CURRENT / S11 / B47:Z47; B48:Z48
season,11,Division 7,3,ZOEDARLIN,LADYRIDER60,47,49,U47:V47,U49:V49,Easy=-8; Hard=-4,Easy=9; Hard=0,"{""blue"":1,""green"":1}","{""blue"":1,""green"":1}",SOURCE COLOR CONFIRMED — PLAYED,SOURCE COLOR CONFIRMED,PRO WEEK CURRENT,S11,139721681,B47:Z47; B49:Z49,https://docs.google.com/spreadsheets/d/1X8IM5qjBFTDyNgP8tl4eYBry9aFgK0cGj-B1sl2ddNI/edit,PRO WEEK CURRENT / S11 / B47:Z47; B49:Z49
season,11,Division 7,1,KD,LADYRIDER60,48,49,I48:J48,I49:J49,Easy=-2; Hard=6,Easy=-8; Hard=6,"{""green"":1}","{""green"":1}",SOURCE COLOR CONFIRMED — PLAYED,SOURCE COLOR CONFIRMED,PRO WEEK CURRENT,S11,139721681,B48:Z48; B49:Z49,https://docs.google.com/spreadsheets/d/1X8IM5qjBFTDyNgP8tl4eYBry9aFgK0cGj-B1sl2ddNI/edit,PRO WEEK CURRENT / S11 / B48:Z48; B49:Z49
season,10,Division 1,1,CHIPNPUTT,YODA5753,4,5,I4:J4,I5:J5,Easy=-22; Hard=-4,Easy=-19; Hard=-13,"{""green"":1,""red"":1}","{""green"":1,""red"":1}",SOURCE COLOR CONFIRMED — PLAYED,SOURCE COLOR CONFIRMED,PRO WEEK CURRENT,S10,808181826,B4:Z4; B5:Z5,https://docs.google.com/spreadsheets/d/1X8IM5qjBFTDyNgP8tl4eYBry9aFgK0cGj-B1sl2ddNI/edit,PRO WEEK CURRENT / S10 / B4:Z4; B5:Z5
season,10,Division 1,2,CHIPNPUTT,TRICKYDICKY,4,7,O4:P4,O7:P7,Easy=-22; Hard=-11,Easy=-21; Hard=-16,"{""blue"":1,""green"":1}","{""blue"":1,""green"":1}",SOURCE COLOR CONFIRMED — PLAYED,SOURCE COLOR CONFIRMED,PRO WEEK CURRENT,S10,808181826,B4:Z4; B7:Z7,https://docs.google.com/spreadsheets/d/1X8IM5qjBFTDyNgP8tl4eYBry9aFgK0cGj-B1sl2ddNI/edit,PRO WEEK CURRENT / S10 / B4:Z4; B7:Z7
season,10,Division 1,3,CHIPNPUTT,WAREY84,4,6,U4:V4,U6:V6,Easy=-15; Hard=-3,Easy=-21; Hard=-9,"{""green"":1,""red"":1}","{""green"":1,""red"":1}",SOURCE COLOR CONFIRMED — PLAYED,SOURCE COLOR CONFIRMED,PRO WEEK CURRENT,S10,808181826,B4:Z4; B6:Z6,https://docs.google.com/spreadsheets/d/1X8IM5qjBFTDyNgP8tl4eYBry9aFgK0cGj-B1sl2ddNI/edit,PRO WEEK CURRENT / S10 / B4:Z4; B6:Z6
season,10,Division 1,2,YODA5753,WAREY84,5,6,O5:P5,O6:P6,Easy=-22; Hard=-16,Easy=-22; Hard=2,"{""red"":1}","{""red"":1}",SOURCE COLOR CONFIRMED — PLAYED,SOURCE COLOR CONFIRMED,PRO WEEK CURRENT,S10,808181826,B5:Z5; B6:Z6,https://docs.google.com/spreadsheets/d/1X8IM5qjBFTDyNgP8tl4eYBry9aFgK0cGj-B1sl2ddNI/edit,PRO WEEK CURRENT / S10 / B5:Z5; B6:Z6
season,10,Division 1,3,YODA5753,TRICKYDICKY,5,7,U5:V5,U7:V7,Easy=-22; Hard=-13,Easy=-21; Hard=-2,"{""blue"":1}","{""blue"":1}",SOURCE COLOR CONFIRMED — PLAYED,SOURCE COLOR CONFIRMED,PRO WEEK CURRENT,S10,808181826,B5:Z5; B7:Z7,https://docs.google.com/spreadsheets/d/1X8IM5qjBFTDyNgP8tl4eYBry9aFgK0cGj-B1sl2ddNI/edit,PRO WEEK CURRENT / S10 / B5:Z5; B7:Z7
season,10,Division 1,1,WAREY84,TRICKYDICKY,6,7,I6:J6,I7:J7,Easy=-20; Hard=3,Easy=-22; Hard=-11,"{""green"":1}","{""green"":1}",SOURCE COLOR CONFIRMED — PLAYED,SOURCE COLOR CONFIRMED,PRO WEEK CURRENT,S10,808181826,B6:Z6; B7:Z7,https://docs.google.com/spreadsheets/d/1X8IM5qjBFTDyNgP8tl4eYBry9aFgK0cGj-B1sl2ddNI/edit,PRO WEEK CURRENT / S10 / B6:Z6; B7:Z7
season,10,Division 2,1,WICKEDSHACK,PRINCESS_BAKSHOT,11,12,I11:J11,I12:J12,Easy=-21; Hard=-3,Easy=-21; Hard=-18,"{""blue"":1,""red"":1}","{""blue"":1,""red"":1}",SOURCE COLOR CONFIRMED — PLAYED,SOURCE COLOR CONFIRMED,PRO WEEK CURRENT,S10,808181826,B11:Z11; B12:Z12,https://docs.google.com/spreadsheets/d/1X8IM5qjBFTDyNgP8tl4eYBry9aFgK0cGj-B1sl2ddNI/edit,PRO WEEK CURRENT / S10 / B11:Z11; B12:Z12
season,10,Division 2,2,WICKEDSHACK,BIGJA,11,14,O11:P11,O14:P14,Easy=-20; Hard=-11,Easy=-26; Hard=-16,"{""blue"":1}","{""blue"":1}",SOURCE COLOR CONFIRMED — PLAYED,SOURCE COLOR CONFIRMED,PRO WEEK CURRENT,S10,808181826,B11:Z11; B14:Z14,https://docs.google.com/spreadsheets/d/1X8IM5qjBFTDyNgP8tl4eYBry9aFgK0cGj-B1sl2ddNI/edit,PRO WEEK CURRENT / S10 / B11:Z11; B14:Z14
season,10,Division 2,3,WICKEDSHACK,PRINCESS_SPICY,11,13,U11:V11,U13:V13,Easy=-22; Hard=-10,Easy=-14; Hard=-10,"{""blue"":1,""red"":1}","{""blue"":1,""red"":1}",SOURCE COLOR CONFIRMED — PLAYED,SOURCE COLOR CONFIRMED,PRO WEEK CURRENT,S10,808181826,B11:Z11; B13:Z13,https://docs.google.com/spreadsheets/d/1X8IM5qjBFTDyNgP8tl4eYBry9aFgK0cGj-B1sl2ddNI/edit,PRO WEEK CURRENT / S10 / B11:Z11; B13:Z13
season,10,Division 2,2,PRINCESS_BAKSHOT,PRINCESS_SPICY,12,13,O12:P12,O13:P13,Easy=-18; Hard=-14,Easy=-20; Hard=-6,"{""red"":1}","{""red"":1}",SOURCE COLOR CONFIRMED — PLAYED,SOURCE COLOR CONFIRMED,PRO WEEK CURRENT,S10,808181826,B12:Z12; B13:Z13,https://docs.google.com/spreadsheets/d/1X8IM5qjBFTDyNgP8tl4eYBry9aFgK0cGj-B1sl2ddNI/edit,PRO WEEK CURRENT / S10 / B12:Z12; B13:Z13
season,10,Division 2,3,PRINCESS_BAKSHOT,BIGJA,12,14,U12:V12,U14:V14,Easy=-22; Hard=-24,Easy=-25; Hard=-21,"{""blue"":1,""red"":0.6}","{""blue"":1,""red"":0.6}",SOURCE COLOR CONFIRMED — PLAYED,SOURCE COLOR CONFIRMED,PRO WEEK CURRENT,S10,808181826,B12:Z12; B14:Z14,https://docs.google.com/spreadsheets/d/1X8IM5qjBFTDyNgP8tl4eYBry9aFgK0cGj-B1sl2ddNI/edit,PRO WEEK CURRENT / S10 / B12:Z12; B14:Z14
season,10,Division 2,1,PRINCESS_SPICY,BIGJA,13,14,I13:J13,I14:J14,Easy=-16; Hard=-5,Easy=-22; Hard=-16,"{""blue"":1,""red"":0.6}","{""blue"":1,""red"":0.6}",SOURCE COLOR CONFIRMED — PLAYED,SOURCE COLOR CONFIRMED,PRO WEEK CURRENT,S10,808181826,B13:Z13; B14:Z14,https://docs.google.com/spreadsheets/d/1X8IM5qjBFTDyNgP8tl4eYBry9aFgK0cGj-B1sl2ddNI/edit,PRO WEEK CURRENT / S10 / B13:Z13; B14:Z14
season,10,Division 3,1,BIRDMAN OF LONDON,JAY,18,19,I18:J18,I19:J19,Easy=-18; Hard=-17,Easy=-21; Hard=-12,"{""green"":1,""red"":1}","{""green"":1,""red"":1}",SOURCE COLOR CONFIRMED — PLAYED,SOURCE COLOR CONFIRMED,PRO WEEK CURRENT,S10,808181826,B18:Z18; B19:Z19,https://docs.google.com/spreadsheets/d/1X8IM5qjBFTDyNgP8tl4eYBry9aFgK0cGj-B1sl2ddNI/edit,PRO WEEK CURRENT / S10 / B18:Z18; B19:Z19
season,10,Division 3,2,BIRDMAN OF LONDON,THEREALJB,18,21,O18:P18,O21:P21,Easy=-13; Hard=-11,Easy=-16; Hard=-10,"{""blue"":1,""green"":1}","{""blue"":1,""green"":1}",SOURCE COLOR CONFIRMED — PLAYED,SOURCE COLOR CONFIRMED,PRO WEEK CURRENT,S10,808181826,B18:Z18; B21:Z21,https://docs.google.com/spreadsheets/d/1X8IM5qjBFTDyNgP8tl4eYBry9aFgK0cGj-B1sl2ddNI/edit,PRO WEEK CURRENT / S10 / B18:Z18; B21:Z21
season,10,Division 3,3,BIRDMAN OF LONDON,LAKE,18,20,U18:V18,U20:V20,Easy=-16; Hard=-12,Easy=-20; Hard=-11,"{""blue"":1}","{""blue"":1}",SOURCE COLOR CONFIRMED — PLAYED,SOURCE COLOR CONFIRMED,PRO WEEK CURRENT,S10,808181826,B18:Z18; B20:Z20,https://docs.google.com/spreadsheets/d/1X8IM5qjBFTDyNgP8tl4eYBry9aFgK0cGj-B1sl2ddNI/edit,PRO WEEK CURRENT / S10 / B18:Z18; B20:Z20
season,10,Division 3,2,JAY,LAKE,19,20,O19:P19,O20:P20,Easy=-15; Hard=-6,Easy=-24; Hard=-15,"{""red"":1}","{""red"":1}",SOURCE COLOR CONFIRMED — PLAYED,SOURCE COLOR CONFIRMED,PRO WEEK CURRENT,S10,808181826,B19:Z19; B20:Z20,https://docs.google.com/spreadsheets/d/1X8IM5qjBFTDyNgP8tl4eYBry9aFgK0cGj-B1sl2ddNI/edit,PRO WEEK CURRENT / S10 / B19:Z19; B20:Z20
season,10,Division 3,3,JAY,THEREALJB,19,21,U19:V19,U21:V21,Easy=-19; Hard=-6,Easy=-19; Hard=0,"{""red"":1}","{""red"":1}",SOURCE COLOR CONFIRMED — PLAYED,SOURCE COLOR CONFIRMED,PRO WEEK CURRENT,S10,808181826,B19:Z19; B21:Z21,https://docs.google.com/spreadsheets/d/1X8IM5qjBFTDyNgP8tl4eYBry9aFgK0cGj-B1sl2ddNI/edit,PRO WEEK CURRENT / S10 / B19:Z19; B21:Z21
season,10,Division 3,1,LAKE,THEREALJB,20,21,I20:J20,I21:J21,Easy=-18; Hard=-11,Easy=-14; Hard=-16,"{""green"":1}","{""green"":1}",SOURCE COLOR CONFIRMED — PLAYED,SOURCE COLOR CONFIRMED,PRO WEEK CURRENT,S10,808181826,B20:Z20; B21:Z21,https://docs.google.com/spreadsheets/d/1X8IM5qjBFTDyNgP8tl4eYBry9aFgK0cGj-B1sl2ddNI/edit,PRO WEEK CURRENT / S10 / B20:Z20; B21:Z21
season,10,Division 4,1,SLABDADDY,SARAHLYNN727,25,26,I25:J25,I26:J26,Easy=-19; Hard=-11,Easy=-9; Hard=-1,"{""red"":1}","{""red"":1}",SOURCE COLOR CONFIRMED — PLAYED,SOURCE COLOR CONFIRMED,PRO WEEK CURRENT,S10,808181826,B25:Z25; B26:Z26,https://docs.google.com/spreadsheets/d/1X8IM5qjBFTDyNgP8tl4eYBry9aFgK0cGj-B1sl2ddNI/edit,PRO WEEK CURRENT / S10 / B25:Z25; B26:Z26
season,10,Division 4,2,SLABDADDY,FOXY,25,28,O25:P25,O28:P28,Easy=-19; Hard=0,Easy=-15; Hard=-5,"{""blue"":1,""red"":0.6}","{""blue"":1,""red"":0.6}",SOURCE COLOR CONFIRMED — PLAYED,SOURCE COLOR CONFIRMED,PRO WEEK CURRENT,S10,808181826,B25:Z25; B28:Z28,https://docs.google.com/spreadsheets/d/1X8IM5qjBFTDyNgP8tl4eYBry9aFgK0cGj-B1sl2ddNI/edit,PRO WEEK CURRENT / S10 / B25:Z25; B28:Z28
season,10,Division 4,3,SLABDADDY,GATORSFAN89,25,27,U25:V25,U27:V27,Easy=-18; Hard=-13,Easy=-15; Hard=-3,"{""blue"":1}","{""blue"":1}",SOURCE COLOR CONFIRMED — PLAYED,SOURCE COLOR CONFIRMED,PRO WEEK CURRENT,S10,808181826,B25:Z25; B27:Z27,https://docs.google.com/spreadsheets/d/1X8IM5qjBFTDyNgP8tl4eYBry9aFgK0cGj-B1sl2ddNI/edit,PRO WEEK CURRENT / S10 / B25:Z25; B27:Z27
season,10,Division 4,2,SARAHLYNN727,GATORSFAN89,26,27,O26:P26,O27:P27,Easy=-11; Hard=-2,Easy=-23; Hard=-6,"{""blue"":1,""red"":1}","{""blue"":1,""red"":1}",SOURCE COLOR CONFIRMED — PLAYED,SOURCE COLOR CONFIRMED,PRO WEEK CURRENT,S10,808181826,B26:Z26; B27:Z27,https://docs.google.com/spreadsheets/d/1X8IM5qjBFTDyNgP8tl4eYBry9aFgK0cGj-B1sl2ddNI/edit,PRO WEEK CURRENT / S10 / B26:Z26; B27:Z27
season,10,Division 4,3,SARAHLYNN727,FOXY,26,28,U26:V26,U28:V28,Easy=-14; Hard=2,Easy=-15; Hard=-4,"{""red"":1}","{""red"":1}",SOURCE COLOR CONFIRMED — PLAYED,SOURCE COLOR CONFIRMED,PRO WEEK CURRENT,S10,808181826,B26:Z26; B28:Z28,https://docs.google.com/spreadsheets/d/1X8IM5qjBFTDyNgP8tl4eYBry9aFgK0cGj-B1sl2ddNI/edit,PRO WEEK CURRENT / S10 / B26:Z26; B28:Z28
season,10,Division 4,1,GATORSFAN89,FOXY,27,28,I27:J27,I28:J28,Easy=-16; Hard=0,Easy=-18; Hard=-9,"{""blue"":1}","{""blue"":1}",SOURCE COLOR CONFIRMED — PLAYED,SOURCE COLOR CONFIRMED,PRO WEEK CURRENT,S10,808181826,B27:Z27; B28:Z28,https://docs.google.com/spreadsheets/d/1X8IM5qjBFTDyNgP8tl4eYBry9aFgK0cGj-B1sl2ddNI/edit,PRO WEEK CURRENT / S10 / B27:Z27; B28:Z28
season,10,Division 7,1,KD,RACCOONS_WHISKER,46,47,I46:J46,I47:J47,Easy=-12; Hard=20,Easy=-17; Hard=-1,"{""blue"":1,""green"":1}","{""blue"":1,""green"":1}",SOURCE COLOR CONFIRMED — PLAYED,SOURCE COLOR CONFIRMED,PRO WEEK CURRENT,S10,808181826,B46:Z46; B47:Z47,https://docs.google.com/spreadsheets/d/1X8IM5qjBFTDyNgP8tl4eYBry9aFgK0cGj-B1sl2ddNI/edit,PRO WEEK CURRENT / S10 / B46:Z46; B47:Z47
season,10,Division 7,2,KD,LADYRIDER60,46,49,O46:P46,O49:P49,Easy=-14; Hard=4,Easy=-7; Hard=23,"{""blue"":1}","{""blue"":1}",SOURCE COLOR CONFIRMED — PLAYED,SOURCE COLOR CONFIRMED,PRO WEEK CURRENT,S10,808181826,B46:Z46; B49:Z49,https://docs.google.com/spreadsheets/d/1X8IM5qjBFTDyNgP8tl4eYBry9aFgK0cGj-B1sl2ddNI/edit,PRO WEEK CURRENT / S10 / B46:Z46; B49:Z49
season,10,Division 7,3,KD,ZOEDARLIN,46,48,U46:V46,U48:V48,Easy=-18; Hard=-4,Easy=-17; Hard=2,"{""green"":1}","{""green"":1}",SOURCE COLOR CONFIRMED — PLAYED,SOURCE COLOR CONFIRMED,PRO WEEK CURRENT,S10,808181826,B46:Z46; B48:Z48,https://docs.google.com/spreadsheets/d/1X8IM5qjBFTDyNgP8tl4eYBry9aFgK0cGj-B1sl2ddNI/edit,PRO WEEK CURRENT / S10 / B46:Z46; B48:Z48
season,10,Division 7,2,RACCOONS_WHISKER,ZOEDARLIN,47,48,O47:P47,O48:P48,Easy=-16; Hard=3,Easy=-18; Hard=3,"{""green"":1,""red"":1}","{""green"":1,""red"":1}",SOURCE COLOR CONFIRMED — PLAYED,SOURCE COLOR CONFIRMED,PRO WEEK CURRENT,S10,808181826,B47:Z47; B48:Z48,https://docs.google.com/spreadsheets/d/1X8IM5qjBFTDyNgP8tl4eYBry9aFgK0cGj-B1sl2ddNI/edit,PRO WEEK CURRENT / S10 / B47:Z47; B48:Z48
season,10,Division 7,3,RACCOONS_WHISKER,LADYRIDER60,47,49,U47:V47,U49:V49,Easy=-22; Hard=2,Easy=-5; Hard=-4,"{""blue"":1,""green"":1}","{""blue"":1,""green"":1}",SOURCE COLOR CONFIRMED — PLAYED,SOURCE COLOR CONFIRMED,PRO WEEK CURRENT,S10,808181826,B47:Z47; B49:Z49,https://docs.google.com/spreadsheets/d/1X8IM5qjBFTDyNgP8tl4eYBry9aFgK0cGj-B1sl2ddNI/edit,PRO WEEK CURRENT / S10 / B47:Z47; B49:Z49
season,10,Division 7,1,ZOEDARLIN,LADYRIDER60,48,49,I48:J48,I49:J49,Easy=-9; Hard=-4,Easy=-15; Hard=12,"{""green"":1}","{""green"":1}",SOURCE COLOR CONFIRMED — PLAYED,SOURCE COLOR CONFIRMED,PRO WEEK CURRENT,S10,808181826,B48:Z48; B49:Z49,https://docs.google.com/spreadsheets/d/1X8IM5qjBFTDyNgP8tl4eYBry9aFgK0cGj-B1sl2ddNI/edit,PRO WEEK CURRENT / S10 / B48:Z48; B49:Z49
season,9,Division 1,1,CHIPNPUTT,WAREY84,4,5,I4:J4,I5:J5,Easy=-16; Hard=-16,Easy=-21; Hard=-8,"{""green"":1,""red"":1}","{""green"":1,""red"":1}",SOURCE COLOR CONFIRMED — PLAYED,SOURCE COLOR CONFIRMED,PRO WEEK CURRENT,S9,1877840282,B4:Z4; B5:Z5,https://docs.google.com/spreadsheets/d/1X8IM5qjBFTDyNgP8tl4eYBry9aFgK0cGj-B1sl2ddNI/edit,PRO WEEK CURRENT / S9 / B4:Z4; B5:Z5
season,9,Division 1,2,CHIPNPUTT,YODA5753,4,7,O4:P4,O7:P7,Easy=-20; Hard=-7,Easy=-18; Hard=-11,"{""blue"":1,""green"":1}","{""blue"":1,""green"":1}",SOURCE COLOR CONFIRMED — PLAYED,SOURCE COLOR CONFIRMED,PRO WEEK CURRENT,S9,1877840282,B4:Z4; B7:Z7,https://docs.google.com/spreadsheets/d/1X8IM5qjBFTDyNgP8tl4eYBry9aFgK0cGj-B1sl2ddNI/edit,PRO WEEK CURRENT / S9 / B4:Z4; B7:Z7
season,9,Division 1,3,CHIPNPUTT,WICKEDSHACK,4,6,U4:V4,U6:V6,Easy=-19; Hard=-16,Easy=-22; Hard=-1,"{""green"":1,""red"":1}","{""green"":1,""red"":1}",SOURCE COLOR CONFIRMED — PLAYED,SOURCE COLOR CONFIRMED,PRO WEEK CURRENT,S9,1877840282,B4:Z4; B6:Z6,https://docs.google.com/spreadsheets/d/1X8IM5qjBFTDyNgP8tl4eYBry9aFgK0cGj-B1sl2ddNI/edit,PRO WEEK CURRENT / S9 / B4:Z4; B6:Z6
season,9,Division 1,2,WAREY84,WICKEDSHACK,5,6,O5:P5,O6:P6,Easy=-20; Hard=-4,Easy=-12; Hard=-13,"{""red"":1}","{""red"":1}",SOURCE COLOR CONFIRMED — PLAYED,SOURCE COLOR CONFIRMED,PRO WEEK CURRENT,S9,1877840282,B5:Z5; B6:Z6,https://docs.google.com/spreadsheets/d/1X8IM5qjBFTDyNgP8tl4eYBry9aFgK0cGj-B1sl2ddNI/edit,PRO WEEK CURRENT / S9 / B5:Z5; B6:Z6
season,9,Division 1,3,WAREY84,YODA5753,5,7,U5:V5,U7:V7,Easy=-17; Hard=-5,Easy=-10; Hard=-11,"{""blue"":1}","{""blue"":1}",SOURCE COLOR CONFIRMED — PLAYED,SOURCE COLOR CONFIRMED,PRO WEEK CURRENT,S9,1877840282,B5:Z5; B7:Z7,https://docs.google.com/spreadsheets/d/1X8IM5qjBFTDyNgP8tl4eYBry9aFgK0cGj-B1sl2ddNI/edit,PRO WEEK CURRENT / S9 / B5:Z5; B7:Z7
season,9,Division 1,1,WICKEDSHACK,YODA5753,6,7,I6:J6,I7:J7,Easy=-14; Hard=-11,Easy=-18; Hard=-10,"{""green"":1}","{""green"":1}",SOURCE COLOR CONFIRMED — PLAYED,SOURCE COLOR CONFIRMED,PRO WEEK CURRENT,S9,1877840282,B6:Z6; B7:Z7,https://docs.google.com/spreadsheets/d/1X8IM5qjBFTDyNgP8tl4eYBry9aFgK0cGj-B1sl2ddNI/edit,PRO WEEK CURRENT / S9 / B6:Z6; B7:Z7
season,9,Division 2,1,PRINCESS_SPICY,PRINCESS_BAKSHOT,11,12,I11:J11,I12:J12,Easy=-20; Hard=-6,Easy=-21; Hard=-12,"{""blue"":1,""red"":1}","{""blue"":1,""red"":1}",SOURCE COLOR CONFIRMED — PLAYED,SOURCE COLOR CONFIRMED,PRO WEEK CURRENT,S9,1877840282,B11:Z11; B12:Z12,https://docs.google.com/spreadsheets/d/1X8IM5qjBFTDyNgP8tl4eYBry9aFgK0cGj-B1sl2ddNI/edit,PRO WEEK CURRENT / S9 / B11:Z11; B12:Z12
season,9,Division 2,2,PRINCESS_SPICY,BIRDMAN OF LONDON,11,14,O11:P11,O14:P14,Easy=-20; Hard=-14,Easy=-9; Hard=-10,"{""blue"":1}","{""blue"":1}",SOURCE COLOR CONFIRMED — PLAYED,SOURCE COLOR CONFIRMED,PRO WEEK CURRENT,S9,1877840282,B11:Z11; B14:Z14,https://docs.google.com/spreadsheets/d/1X8IM5qjBFTDyNgP8tl4eYBry9aFgK0cGj-B1sl2ddNI/edit,PRO WEEK CURRENT / S9 / B11:Z11; B14:Z14
season,9,Division 2,3,PRINCESS_SPICY,TRICKYDICKY,11,13,U11:V11,U13:V13,Easy=-21; Hard=-13,Easy=-25; Hard=-16,"{""blue"":1,""red"":1}","{""blue"":1,""red"":1}",SOURCE COLOR CONFIRMED — PLAYED,SOURCE COLOR CONFIRMED,PRO WEEK CURRENT,S9,1877840282,B11:Z11; B13:Z13,https://docs.google.com/spreadsheets/d/1X8IM5qjBFTDyNgP8tl4eYBry9aFgK0cGj-B1sl2ddNI/edit,PRO WEEK CURRENT / S9 / B11:Z11; B13:Z13
season,9,Division 2,2,PRINCESS_BAKSHOT,TRICKYDICKY,12,13,O12:P12,O13:P13,Easy=-21; Hard=-12,Easy=-21; Hard=-12,"{""red"":1}","{""red"":1}",SOURCE COLOR CONFIRMED — PLAYED,SOURCE COLOR CONFIRMED,PRO WEEK CURRENT,S9,1877840282,B12:Z12; B13:Z13,https://docs.google.com/spreadsheets/d/1X8IM5qjBFTDyNgP8tl4eYBry9aFgK0cGj-B1sl2ddNI/edit,PRO WEEK CURRENT / S9 / B12:Z12; B13:Z13
season,9,Division 2,3,PRINCESS_BAKSHOT,BIRDMAN OF LONDON,12,14,U12:V12,U14:V14,Easy=-24; Hard=-18,Easy=-14; Hard=-3,"{""blue"":1,""red"":0.6}","{""blue"":1,""red"":0.6}",SOURCE COLOR CONFIRMED — PLAYED,SOURCE COLOR CONFIRMED,PRO WEEK CURRENT,S9,1877840282,B12:Z12; B14:Z14,https://docs.google.com/spreadsheets/d/1X8IM5qjBFTDyNgP8tl4eYBry9aFgK0cGj-B1sl2ddNI/edit,PRO WEEK CURRENT / S9 / B12:Z12; B14:Z14
season,9,Division 2,1,TRICKYDICKY,BIRDMAN OF LONDON,13,14,I13:J13,I14:J14,Easy=-20; Hard=-15,Easy=-3; Hard=-8,"{""blue"":1,""red"":0.6}","{""blue"":1,""red"":0.6}",SOURCE COLOR CONFIRMED — PLAYED,SOURCE COLOR CONFIRMED,PRO WEEK CURRENT,S9,1877840282,B13:Z13; B14:Z14,https://docs.google.com/spreadsheets/d/1X8IM5qjBFTDyNgP8tl4eYBry9aFgK0cGj-B1sl2ddNI/edit,PRO WEEK CURRENT / S9 / B13:Z13; B14:Z14
season,9,Division 3,1,BIGJA,SLABDADDY,18,19,I18:J18,I19:J19,Easy=-23; Hard=-19,Easy=-16; Hard=-5,"{""green"":1,""red"":1}","{""green"":1,""red"":1}",SOURCE COLOR CONFIRMED — PLAYED,SOURCE COLOR CONFIRMED,PRO WEEK CURRENT,S9,1877840282,B18:Z18; B19:Z19,https://docs.google.com/spreadsheets/d/1X8IM5qjBFTDyNgP8tl4eYBry9aFgK0cGj-B1sl2ddNI/edit,PRO WEEK CURRENT / S9 / B18:Z18; B19:Z19
season,9,Division 3,2,BIGJA,JAY,18,21,O18:P18,O21:P21,Easy=-23; Hard=-19,Easy=-15; Hard=-17,"{""blue"":1,""green"":1}","{""blue"":1,""green"":1}",SOURCE COLOR CONFIRMED — PLAYED,SOURCE COLOR CONFIRMED,PRO WEEK CURRENT,S9,1877840282,B18:Z18; B21:Z21,https://docs.google.com/spreadsheets/d/1X8IM5qjBFTDyNgP8tl4eYBry9aFgK0cGj-B1sl2ddNI/edit,PRO WEEK CURRENT / S9 / B18:Z18; B21:Z21
season,9,Division 3,3,BIGJA,LAKE,18,20,U18:V18,U20:V20,Easy=-21; Hard=-13,Easy=-21; Hard=-7,"{""blue"":1}","{""blue"":1}",SOURCE COLOR CONFIRMED — PLAYED,SOURCE COLOR CONFIRMED,PRO WEEK CURRENT,S9,1877840282,B18:Z18; B20:Z20,https://docs.google.com/spreadsheets/d/1X8IM5qjBFTDyNgP8tl4eYBry9aFgK0cGj-B1sl2ddNI/edit,PRO WEEK CURRENT / S9 / B18:Z18; B20:Z20
season,9,Division 3,2,SLABDADDY,LAKE,19,20,O19:P19,O20:P20,Easy=-21; Hard=-5,Easy=-20; Hard=-15,"{""red"":1}","{""red"":1}",SOURCE COLOR CONFIRMED — PLAYED,SOURCE COLOR CONFIRMED,PRO WEEK CURRENT,S9,1877840282,B19:Z19; B20:Z20,https://docs.google.com/spreadsheets/d/1X8IM5qjBFTDyNgP8tl4eYBry9aFgK0cGj-B1sl2ddNI/edit,PRO WEEK CURRENT / S9 / B19:Z19; B20:Z20
season,9,Division 3,3,SLABDADDY,JAY,19,21,U19:V19,U21:V21,Easy=-20; Hard=-11,Easy=-21; Hard=-14,"{""red"":1}","{""red"":1}",SOURCE COLOR CONFIRMED — PLAYED,SOURCE COLOR CONFIRMED,PRO WEEK CURRENT,S9,1877840282,B19:Z19; B21:Z21,https://docs.google.com/spreadsheets/d/1X8IM5qjBFTDyNgP8tl4eYBry9aFgK0cGj-B1sl2ddNI/edit,PRO WEEK CURRENT / S9 / B19:Z19; B21:Z21
season,9,Division 3,1,LAKE,JAY,20,21,I20:J20,I21:J21,Easy=-24; Hard=-5,Easy=-23; Hard=-16,"{""green"":1}","{""green"":1}",SOURCE COLOR CONFIRMED — PLAYED,SOURCE COLOR CONFIRMED,PRO WEEK CURRENT,S9,1877840282,B20:Z20; B21:Z21,https://docs.google.com/spreadsheets/d/1X8IM5qjBFTDyNgP8tl4eYBry9aFgK0cGj-B1sl2ddNI/edit,PRO WEEK CURRENT / S9 / B20:Z20; B21:Z21
season,9,Division 4,1,KD,SARAHLYNN727,25,26,I25:J25,I26:J26,Easy=-12; Hard=-5,Easy=-12; Hard=-6,"{""red"":1}","{""red"":1}",SOURCE COLOR CONFIRMED — PLAYED,SOURCE COLOR CONFIRMED,PRO WEEK CURRENT,S9,1877840282,B25:Z25; B26:Z26,https://docs.google.com/spreadsheets/d/1X8IM5qjBFTDyNgP8tl4eYBry9aFgK0cGj-B1sl2ddNI/edit,PRO WEEK CURRENT / S9 / B25:Z25; B26:Z26
season,9,Division 4,2,KD,,25,,O25:P25,,Easy=; Hard=,,"{""blue"":1,""red"":0.6}","{""blue"":1,""red"":0.6}",AMBIGUOUS / NEEDS REVIEW,SOURCE COLOR CONFIRMED — AMBIGUOUS GROUP,PRO WEEK CURRENT,S9,1877840282,B25:Z25,https://docs.google.com/spreadsheets/d/1X8IM5qjBFTDyNgP8tl4eYBry9aFgK0cGj-B1sl2ddNI/edit,PRO WEEK CURRENT / S9 / B25:Z25
season,9,Division 4,3,KD,THEREALJB,25,27,U25:V25,U27:V27,Easy=-17; Hard=-10,Easy=-21; Hard=-7,"{""blue"":1}","{""blue"":1}",SOURCE COLOR CONFIRMED — PLAYED,SOURCE COLOR CONFIRMED,PRO WEEK CURRENT,S9,1877840282,B25:Z25; B27:Z27,https://docs.google.com/spreadsheets/d/1X8IM5qjBFTDyNgP8tl4eYBry9aFgK0cGj-B1sl2ddNI/edit,PRO WEEK CURRENT / S9 / B25:Z25; B27:Z27
season,9,Division 4,2,SARAHLYNN727,THEREALJB,26,27,O26:P26,O27:P27,Easy=-15; Hard=2,Easy=-19; Hard=-9,"{""blue"":1,""red"":1}","{""blue"":1,""red"":1}",SOURCE COLOR CONFIRMED — PLAYED,SOURCE COLOR CONFIRMED,PRO WEEK CURRENT,S9,1877840282,B26:Z26; B27:Z27,https://docs.google.com/spreadsheets/d/1X8IM5qjBFTDyNgP8tl4eYBry9aFgK0cGj-B1sl2ddNI/edit,PRO WEEK CURRENT / S9 / B26:Z26; B27:Z27
season,9,Division 4,3,SARAHLYNN727,,26,,U26:V26,,Easy=; Hard=,,"{""red"":1}","{""red"":1}",AMBIGUOUS / NEEDS REVIEW,SOURCE COLOR CONFIRMED — AMBIGUOUS GROUP,PRO WEEK CURRENT,S9,1877840282,B26:Z26,https://docs.google.com/spreadsheets/d/1X8IM5qjBFTDyNgP8tl4eYBry9aFgK0cGj-B1sl2ddNI/edit,PRO WEEK CURRENT / S9 / B26:Z26
season,9,Division 4,1,THEREALJB,,27,,I27:J27,,Easy=; Hard=,,"{""blue"":1}","{""blue"":1}",AMBIGUOUS / NEEDS REVIEW,SOURCE COLOR CONFIRMED — AMBIGUOUS GROUP,PRO WEEK CURRENT,S9,1877840282,B27:Z27,https://docs.google.com/spreadsheets/d/1X8IM5qjBFTDyNgP8tl4eYBry9aFgK0cGj-B1sl2ddNI/edit,PRO WEEK CURRENT / S9 / B27:Z27
season,9,Division 7,1,ZOEDARLIN,GATORSFAN89,46,47,I46:J46,I47:J47,Easy=-5; Hard=-4,Easy=-16; Hard=-5,"{""blue"":1,""green"":1}","{""blue"":1,""green"":1}",SOURCE COLOR CONFIRMED — PLAYED,SOURCE COLOR CONFIRMED,PRO WEEK CURRENT,S9,1877840282,B46:Z46; B47:Z47,https://docs.google.com/spreadsheets/d/1X8IM5qjBFTDyNgP8tl4eYBry9aFgK0cGj-B1sl2ddNI/edit,PRO WEEK CURRENT / S9 / B46:Z46; B47:Z47
season,9,Division 7,2,ZOEDARLIN,,46,,O46:P46,,Easy=; Hard=,,"{""blue"":1}","{""blue"":1}",AMBIGUOUS / NEEDS REVIEW,SOURCE COLOR CONFIRMED — AMBIGUOUS GROUP,PRO WEEK CURRENT,S9,1877840282,B46:Z46,https://docs.google.com/spreadsheets/d/1X8IM5qjBFTDyNgP8tl4eYBry9aFgK0cGj-B1sl2ddNI/edit,PRO WEEK CURRENT / S9 / B46:Z46
season,9,Division 7,3,ZOEDARLIN,RACCOONS_WHISKER,46,48,U46:V46,U48:V48,Easy=-22; Hard=4,Easy=-15; Hard=-10,"{""green"":1}","{""green"":1}",SOURCE COLOR CONFIRMED — PLAYED,SOURCE COLOR CONFIRMED,PRO WEEK CURRENT,S9,1877840282,B46:Z46; B48:Z48,https://docs.google.com/spreadsheets/d/1X8IM5qjBFTDyNgP8tl4eYBry9aFgK0cGj-B1sl2ddNI/edit,PRO WEEK CURRENT / S9 / B46:Z46; B48:Z48
season,9,Division 7,2,GATORSFAN89,RACCOONS_WHISKER,47,48,O47:P47,O48:P48,Easy=-18; Hard=-6,Easy=-9; Hard=-3,"{""green"":1,""red"":1}","{""green"":1,""red"":1}",SOURCE COLOR CONFIRMED — PLAYED,SOURCE COLOR CONFIRMED,PRO WEEK CURRENT,S9,1877840282,B47:Z47; B48:Z48,https://docs.google.com/spreadsheets/d/1X8IM5qjBFTDyNgP8tl4eYBry9aFgK0cGj-B1sl2ddNI/edit,PRO WEEK CURRENT / S9 / B47:Z47; B48:Z48
season,9,Division 7,3,GATORSFAN89,,47,,U47:V47,,Easy=; Hard=,,"{""blue"":1,""green"":1}","{""blue"":1,""green"":1}",AMBIGUOUS / NEEDS REVIEW,SOURCE COLOR CONFIRMED — AMBIGUOUS GROUP,PRO WEEK CURRENT,S9,1877840282,B47:Z47,https://docs.google.com/spreadsheets/d/1X8IM5qjBFTDyNgP8tl4eYBry9aFgK0cGj-B1sl2ddNI/edit,PRO WEEK CURRENT / S9 / B47:Z47
season,9,Division 7,1,RACCOONS_WHISKER,,48,,I48:J48,,Easy=; Hard=,,"{""green"":1}","{""green"":1}",AMBIGUOUS / NEEDS REVIEW,SOURCE COLOR CONFIRMED — AMBIGUOUS GROUP,PRO WEEK CURRENT,S9,1877840282,B48:Z48,https://docs.google.com/spreadsheets/d/1X8IM5qjBFTDyNgP8tl4eYBry9aFgK0cGj-B1sl2ddNI/edit,PRO WEEK CURRENT / S9 / B48:Z48
season,8,Division 1,1,PRINCESS_SPICY,WICKEDSHACK,4,5,I4:J4,I5:J5,Easy=-17; Hard=-11,Easy=-15; Hard=-15,"{""green"":1,""red"":1}","{""green"":1,""red"":1}",SOURCE COLOR CONFIRMED — PLAYED,SOURCE COLOR CONFIRMED,PRO WEEK CURRENT,S8,1043484971,B4:Z4; B5:Z5,https://docs.google.com/spreadsheets/d/1X8IM5qjBFTDyNgP8tl4eYBry9aFgK0cGj-B1sl2ddNI/edit,PRO WEEK CURRENT / S8 / B4:Z4; B5:Z5
season,8,Division 1,2,PRINCESS_SPICY,WAREY84,4,7,O4:P4,O7:P7,Easy=-16; Hard=-10,Easy=-17; Hard=-10,"{""blue"":1,""green"":1}","{""blue"":1,""green"":1}",SOURCE COLOR CONFIRMED — PLAYED,SOURCE COLOR CONFIRMED,PRO WEEK CURRENT,S8,1043484971,B4:Z4; B7:Z7,https://docs.google.com/spreadsheets/d/1X8IM5qjBFTDyNgP8tl4eYBry9aFgK0cGj-B1sl2ddNI/edit,PRO WEEK CURRENT / S8 / B4:Z4; B7:Z7
season,8,Division 1,3,PRINCESS_SPICY,CHIPNPUTT,4,6,U4:V4,U6:V6,Easy=-14; Hard=-15,Easy=-19; Hard=-18,"{""green"":1,""red"":1}","{""green"":1,""red"":1}",SOURCE COLOR CONFIRMED — PLAYED,SOURCE COLOR CONFIRMED,PRO WEEK CURRENT,S8,1043484971,B4:Z4; B6:Z6,https://docs.google.com/spreadsheets/d/1X8IM5qjBFTDyNgP8tl4eYBry9aFgK0cGj-B1sl2ddNI/edit,PRO WEEK CURRENT / S8 / B4:Z4; B6:Z6
season,8,Division 1,2,WICKEDSHACK,CHIPNPUTT,5,6,O5:P5,O6:P6,Easy=-16; Hard=-17,Easy=-17; Hard=-18,"{""red"":1}","{""red"":1}",SOURCE COLOR CONFIRMED — PLAYED,SOURCE COLOR CONFIRMED,PRO WEEK CURRENT,S8,1043484971,B5:Z5; B6:Z6,https://docs.google.com/spreadsheets/d/1X8IM5qjBFTDyNgP8tl4eYBry9aFgK0cGj-B1sl2ddNI/edit,PRO WEEK CURRENT / S8 / B5:Z5; B6:Z6
season,8,Division 1,3,WICKEDSHACK,WAREY84,5,7,U5:V5,U7:V7,Easy=-13; Hard=-11,Easy=-17; Hard=-8,"{""blue"":1}","{""blue"":1}",SOURCE COLOR CONFIRMED — PLAYED,SOURCE COLOR CONFIRMED,PRO WEEK CURRENT,S8,1043484971,B5:Z5; B7:Z7,https://docs.google.com/spreadsheets/d/1X8IM5qjBFTDyNgP8tl4eYBry9aFgK0cGj-B1sl2ddNI/edit,PRO WEEK CURRENT / S8 / B5:Z5; B7:Z7
season,8,Division 1,1,CHIPNPUTT,WAREY84,6,7,I6:J6,I7:J7,Easy=-19; Hard=-16,Easy=-16; Hard=-10,"{""green"":1}","{""green"":1}",SOURCE COLOR CONFIRMED — PLAYED,SOURCE COLOR CONFIRMED,PRO WEEK CURRENT,S8,1043484971,B6:Z6; B7:Z7,https://docs.google.com/spreadsheets/d/1X8IM5qjBFTDyNgP8tl4eYBry9aFgK0cGj-B1sl2ddNI/edit,PRO WEEK CURRENT / S8 / B6:Z6; B7:Z7
season,8,Division 2,1,BIGJA,SHOOTER_MCGAVIN,11,12,I11:J11,I12:J12,Easy=; Hard=,Easy=; Hard=,"{""blue"":1,""red"":1}","{""blue"":1,""red"":1}",PARTIAL — NEEDS REVIEW,SOURCE COLOR CONFIRMED,PRO WEEK CURRENT,S8,1043484971,B11:Z11; B12:Z12,https://docs.google.com/spreadsheets/d/1X8IM5qjBFTDyNgP8tl4eYBry9aFgK0cGj-B1sl2ddNI/edit,PRO WEEK CURRENT / S8 / B11:Z11; B12:Z12
season,8,Division 2,2,BIGJA,LAKE,11,14,O11:P11,O14:P14,Easy=; Hard=,Easy=; Hard=,"{""blue"":1}","{""blue"":1}",PARTIAL — NEEDS REVIEW,SOURCE COLOR CONFIRMED,PRO WEEK CURRENT,S8,1043484971,B11:Z11; B14:Z14,https://docs.google.com/spreadsheets/d/1X8IM5qjBFTDyNgP8tl4eYBry9aFgK0cGj-B1sl2ddNI/edit,PRO WEEK CURRENT / S8 / B11:Z11; B14:Z14
season,8,Division 2,3,BIGJA,SLABDADDY,11,13,U11:V11,U13:V13,Easy=; Hard=,Easy=; Hard=,"{""blue"":1,""red"":1}","{""blue"":1,""red"":1}",PARTIAL — NEEDS REVIEW,SOURCE COLOR CONFIRMED,PRO WEEK CURRENT,S8,1043484971,B11:Z11; B13:Z13,https://docs.google.com/spreadsheets/d/1X8IM5qjBFTDyNgP8tl4eYBry9aFgK0cGj-B1sl2ddNI/edit,PRO WEEK CURRENT / S8 / B11:Z11; B13:Z13
season,8,Division 2,2,SHOOTER_MCGAVIN,SLABDADDY,12,13,O12:P12,O13:P13,Easy=; Hard=,Easy=; Hard=,"{""red"":1}","{""red"":1}",PARTIAL — NEEDS REVIEW,SOURCE COLOR CONFIRMED,PRO WEEK CURRENT,S8,1043484971,B12:Z12; B13:Z13,https://docs.google.com/spreadsheets/d/1X8IM5qjBFTDyNgP8tl4eYBry9aFgK0cGj-B1sl2ddNI/edit,PRO WEEK CURRENT / S8 / B12:Z12; B13:Z13
season,8,Division 2,3,SHOOTER_MCGAVIN,LAKE,12,14,U12:V12,U14:V14,Easy=; Hard=,Easy=; Hard=,"{""blue"":1,""red"":0.6}","{""blue"":1,""red"":0.6}",PARTIAL — NEEDS REVIEW,SOURCE COLOR CONFIRMED,PRO WEEK CURRENT,S8,1043484971,B12:Z12; B14:Z14,https://docs.google.com/spreadsheets/d/1X8IM5qjBFTDyNgP8tl4eYBry9aFgK0cGj-B1sl2ddNI/edit,PRO WEEK CURRENT / S8 / B12:Z12; B14:Z14
season,8,Division 2,1,SLABDADDY,LAKE,13,14,I13:J13,I14:J14,Easy=; Hard=,Easy=; Hard=,"{""blue"":1,""red"":0.6}","{""blue"":1,""red"":0.6}",PARTIAL — NEEDS REVIEW,SOURCE COLOR CONFIRMED,PRO WEEK CURRENT,S8,1043484971,B13:Z13; B14:Z14,https://docs.google.com/spreadsheets/d/1X8IM5qjBFTDyNgP8tl4eYBry9aFgK0cGj-B1sl2ddNI/edit,PRO WEEK CURRENT / S8 / B13:Z13; B14:Z14
season,8,Division 3,1,YODA5753,PRINCESS_BAKSHOT,18,19,I18:J18,I19:J19,Easy=-19; Hard=-16,Easy=-19; Hard=-15,"{""green"":1,""red"":1}","{""green"":1,""red"":1}",SOURCE COLOR CONFIRMED — PLAYED,SOURCE COLOR CONFIRMED,PRO WEEK CURRENT,S8,1043484971,B18:Z18; B19:Z19,https://docs.google.com/spreadsheets/d/1X8IM5qjBFTDyNgP8tl4eYBry9aFgK0cGj-B1sl2ddNI/edit,PRO WEEK CURRENT / S8 / B18:Z18; B19:Z19
season,8,Division 3,2,YODA5753,TRICKYDICKY,18,21,O18:P18,O21:P21,Easy=-16; Hard=-19,Easy=-20; Hard=-17,"{""blue"":1,""green"":1}","{""blue"":1,""green"":1}",SOURCE COLOR CONFIRMED — PLAYED,SOURCE COLOR CONFIRMED,PRO WEEK CURRENT,S8,1043484971,B18:Z18; B21:Z21,https://docs.google.com/spreadsheets/d/1X8IM5qjBFTDyNgP8tl4eYBry9aFgK0cGj-B1sl2ddNI/edit,PRO WEEK CURRENT / S8 / B18:Z18; B21:Z21
season,8,Division 3,3,YODA5753,GUYB,18,20,U18:V18,U20:V20,Easy=; Hard=,Easy=; Hard=,"{""blue"":1}","{""blue"":1}",PARTIAL — NEEDS REVIEW,SOURCE COLOR CONFIRMED,PRO WEEK CURRENT,S8,1043484971,B18:Z18; B20:Z20,https://docs.google.com/spreadsheets/d/1X8IM5qjBFTDyNgP8tl4eYBry9aFgK0cGj-B1sl2ddNI/edit,PRO WEEK CURRENT / S8 / B18:Z18; B20:Z20
season,8,Division 3,2,PRINCESS_BAKSHOT,GUYB,19,20,O19:P19,O20:P20,Easy=; Hard=,Easy=; Hard=,"{""red"":1}","{""red"":1}",PARTIAL — NEEDS REVIEW,SOURCE COLOR CONFIRMED,PRO WEEK CURRENT,S8,1043484971,B19:Z19; B20:Z20,https://docs.google.com/spreadsheets/d/1X8IM5qjBFTDyNgP8tl4eYBry9aFgK0cGj-B1sl2ddNI/edit,PRO WEEK CURRENT / S8 / B19:Z19; B20:Z20
season,8,Division 3,3,PRINCESS_BAKSHOT,TRICKYDICKY,19,21,U19:V19,U21:V21,Easy=-21; Hard=-15,Easy=-21; Hard=-10,"{""red"":1}","{""red"":1}",SOURCE COLOR CONFIRMED — PLAYED,SOURCE COLOR CONFIRMED,PRO WEEK CURRENT,S8,1043484971,B19:Z19; B21:Z21,https://docs.google.com/spreadsheets/d/1X8IM5qjBFTDyNgP8tl4eYBry9aFgK0cGj-B1sl2ddNI/edit,PRO WEEK CURRENT / S8 / B19:Z19; B21:Z21
season,8,Division 3,1,GUYB,TRICKYDICKY,20,21,I20:J20,I21:J21,Easy=; Hard=,Easy=; Hard=,"{""green"":1}","{""green"":1}",PARTIAL — NEEDS REVIEW,SOURCE COLOR CONFIRMED,PRO WEEK CURRENT,S8,1043484971,B20:Z20; B21:Z21,https://docs.google.com/spreadsheets/d/1X8IM5qjBFTDyNgP8tl4eYBry9aFgK0cGj-B1sl2ddNI/edit,PRO WEEK CURRENT / S8 / B20:Z20; B21:Z21
season,8,Division 4,1,ZOEDARLIN,SARAHLYNN727,25,26,I25:J25,I26:J26,Easy=-10; Hard=4,Easy=-16; Hard=-4,"{""red"":1}","{""red"":1}",SOURCE COLOR CONFIRMED — PLAYED,SOURCE COLOR CONFIRMED,PRO WEEK CURRENT,S8,1043484971,B25:Z25; B26:Z26,https://docs.google.com/spreadsheets/d/1X8IM5qjBFTDyNgP8tl4eYBry9aFgK0cGj-B1sl2ddNI/edit,PRO WEEK CURRENT / S8 / B25:Z25; B26:Z26
season,8,Division 4,2,ZOEDARLIN,BIRDMAN OF LONDON,25,28,O25:P25,O28:P28,Easy=-10; Hard=1,Easy=-14; Hard=-12,"{""blue"":1,""red"":0.6}","{""blue"":1,""red"":0.6}",SOURCE COLOR CONFIRMED — PLAYED,SOURCE COLOR CONFIRMED,PRO WEEK CURRENT,S8,1043484971,B25:Z25; B28:Z28,https://docs.google.com/spreadsheets/d/1X8IM5qjBFTDyNgP8tl4eYBry9aFgK0cGj-B1sl2ddNI/edit,PRO WEEK CURRENT / S8 / B25:Z25; B28:Z28
season,8,Division 4,3,ZOEDARLIN,KD,25,27,U25:V25,U27:V27,Easy=-13; Hard=2,Easy=-16; Hard=-2,"{""blue"":1}","{""blue"":1}",SOURCE COLOR CONFIRMED — PLAYED,SOURCE COLOR CONFIRMED,PRO WEEK CURRENT,S8,1043484971,B25:Z25; B27:Z27,https://docs.google.com/spreadsheets/d/1X8IM5qjBFTDyNgP8tl4eYBry9aFgK0cGj-B1sl2ddNI/edit,PRO WEEK CURRENT / S8 / B25:Z25; B27:Z27
season,8,Division 4,2,SARAHLYNN727,KD,26,27,O26:P26,O27:P27,Easy=-13; Hard=-7,Easy=-14; Hard=-17,"{""blue"":1,""red"":1}","{""blue"":1,""red"":1}",SOURCE COLOR CONFIRMED — PLAYED,SOURCE COLOR CONFIRMED,PRO WEEK CURRENT,S8,1043484971,B26:Z26; B27:Z27,https://docs.google.com/spreadsheets/d/1X8IM5qjBFTDyNgP8tl4eYBry9aFgK0cGj-B1sl2ddNI/edit,PRO WEEK CURRENT / S8 / B26:Z26; B27:Z27
season,8,Division 4,3,SARAHLYNN727,BIRDMAN OF LONDON,26,28,U26:V26,U28:V28,Easy=-14; Hard=6,Easy=-17; Hard=-5,"{""red"":1}","{""red"":1}",SOURCE COLOR CONFIRMED — PLAYED,SOURCE COLOR CONFIRMED,PRO WEEK CURRENT,S8,1043484971,B26:Z26; B28:Z28,https://docs.google.com/spreadsheets/d/1X8IM5qjBFTDyNgP8tl4eYBry9aFgK0cGj-B1sl2ddNI/edit,PRO WEEK CURRENT / S8 / B26:Z26; B28:Z28
season,8,Division 4,1,KD,BIRDMAN OF LONDON,27,28,I27:J27,I28:J28,Easy=-10; Hard=-4,Easy=-18; Hard=-4,"{""blue"":1}","{""blue"":1}",SOURCE COLOR CONFIRMED — PLAYED,SOURCE COLOR CONFIRMED,PRO WEEK CURRENT,S8,1043484971,B27:Z27; B28:Z28,https://docs.google.com/spreadsheets/d/1X8IM5qjBFTDyNgP8tl4eYBry9aFgK0cGj-B1sl2ddNI/edit,PRO WEEK CURRENT / S8 / B27:Z27; B28:Z28
season,8,Division 7,1,RACCOONS_WHISKER,JAY,46,47,I46:J46,I47:J47,Easy=; Hard=,Easy=; Hard=,"{""blue"":1,""green"":1}","{""blue"":1,""green"":1}",PARTIAL — NEEDS REVIEW,SOURCE COLOR CONFIRMED,PRO WEEK CURRENT,S8,1043484971,B46:Z46; B47:Z47,https://docs.google.com/spreadsheets/d/1X8IM5qjBFTDyNgP8tl4eYBry9aFgK0cGj-B1sl2ddNI/edit,PRO WEEK CURRENT / S8 / B46:Z46; B47:Z47
season,8,Division 7,2,RACCOONS_WHISKER,THEREALJB,46,49,O46:P46,O49:P49,Easy=-8; Hard=-6,Easy=-14; Hard=-8,"{""blue"":1}","{""blue"":1}",SOURCE COLOR CONFIRMED — PLAYED,SOURCE COLOR CONFIRMED,PRO WEEK CURRENT,S8,1043484971,B46:Z46; B49:Z49,https://docs.google.com/spreadsheets/d/1X8IM5qjBFTDyNgP8tl4eYBry9aFgK0cGj-B1sl2ddNI/edit,PRO WEEK CURRENT / S8 / B46:Z46; B49:Z49
season,8,Division 7,3,RACCOONS_WHISKER,GATORSFAN89,46,48,U46:V46,U48:V48,Easy=; Hard=,Easy=; Hard=,"{""green"":1}","{""green"":1}",PARTIAL — NEEDS REVIEW,SOURCE COLOR CONFIRMED,PRO WEEK CURRENT,S8,1043484971,B46:Z46; B48:Z48,https://docs.google.com/spreadsheets/d/1X8IM5qjBFTDyNgP8tl4eYBry9aFgK0cGj-B1sl2ddNI/edit,PRO WEEK CURRENT / S8 / B46:Z46; B48:Z48
season,8,Division 7,2,JAY,GATORSFAN89,47,48,O47:P47,O48:P48,Easy=-18; Hard=-10,Easy=-13; Hard=-13,"{""green"":1,""red"":1}","{""green"":1,""red"":1}",SOURCE COLOR CONFIRMED — PLAYED,SOURCE COLOR CONFIRMED,PRO WEEK CURRENT,S8,1043484971,B47:Z47; B48:Z48,https://docs.google.com/spreadsheets/d/1X8IM5qjBFTDyNgP8tl4eYBry9aFgK0cGj-B1sl2ddNI/edit,PRO WEEK CURRENT / S8 / B47:Z47; B48:Z48
season,8,Division 7,3,JAY,THEREALJB,47,49,U47:V47,U49:V49,Easy=-18; Hard=-17,Easy=-16; Hard=-15,"{""blue"":1,""green"":1}","{""blue"":1,""green"":1}",SOURCE COLOR CONFIRMED — PLAYED,SOURCE COLOR CONFIRMED,PRO WEEK CURRENT,S8,1043484971,B47:Z47; B49:Z49,https://docs.google.com/spreadsheets/d/1X8IM5qjBFTDyNgP8tl4eYBry9aFgK0cGj-B1sl2ddNI/edit,PRO WEEK CURRENT / S8 / B47:Z47; B49:Z49
season,8,Division 7,1,GATORSFAN89,THEREALJB,48,49,I48:J48,I49:J49,Easy=-16; Hard=-11,Easy=-19; Hard=-11,"{""green"":1}","{""green"":1}",SOURCE COLOR CONFIRMED — PLAYED,SOURCE COLOR CONFIRMED,PRO WEEK CURRENT,S8,1043484971,B48:Z48; B49:Z49,https://docs.google.com/spreadsheets/d/1X8IM5qjBFTDyNgP8tl4eYBry9aFgK0cGj-B1sl2ddNI/edit,PRO WEEK CURRENT / S8 / B48:Z48; B49:Z49
season,7,Division 1,1,BIGJA,SHOOTER_MCGAVIN,4,5,I4:J4,I5:J5,Easy=; Hard=,Easy=; Hard=,"{""green"":1,""red"":1}","{""green"":1,""red"":1}",PARTIAL — NEEDS REVIEW,SOURCE COLOR CONFIRMED,PRO WEEK CURRENT,S7,1837758001,B4:Z4; B5:Z5,https://docs.google.com/spreadsheets/d/1X8IM5qjBFTDyNgP8tl4eYBry9aFgK0cGj-B1sl2ddNI/edit,PRO WEEK CURRENT / S7 / B4:Z4; B5:Z5
season,7,Division 1,2,BIGJA,PRINCESS_BAKSHOT,4,7,O4:P4,O7:P7,Easy=; Hard=,Easy=; Hard=,"{""blue"":1,""green"":1}","{""blue"":1,""green"":1}",PARTIAL — NEEDS REVIEW,SOURCE COLOR CONFIRMED,PRO WEEK CURRENT,S7,1837758001,B4:Z4; B7:Z7,https://docs.google.com/spreadsheets/d/1X8IM5qjBFTDyNgP8tl4eYBry9aFgK0cGj-B1sl2ddNI/edit,PRO WEEK CURRENT / S7 / B4:Z4; B7:Z7
season,7,Division 1,3,BIGJA,YODA5753,4,6,U4:V4,U6:V6,Easy=; Hard=,Easy=; Hard=,"{""green"":1,""red"":1}","{""green"":1,""red"":1}",PARTIAL — NEEDS REVIEW,SOURCE COLOR CONFIRMED,PRO WEEK CURRENT,S7,1837758001,B4:Z4; B6:Z6,https://docs.google.com/spreadsheets/d/1X8IM5qjBFTDyNgP8tl4eYBry9aFgK0cGj-B1sl2ddNI/edit,PRO WEEK CURRENT / S7 / B4:Z4; B6:Z6
season,7,Division 1,2,SHOOTER_MCGAVIN,YODA5753,5,6,O5:P5,O6:P6,Easy=; Hard=,Easy=; Hard=,"{""red"":1}","{""red"":1}",PARTIAL — NEEDS REVIEW,SOURCE COLOR CONFIRMED,PRO WEEK CURRENT,S7,1837758001,B5:Z5; B6:Z6,https://docs.google.com/spreadsheets/d/1X8IM5qjBFTDyNgP8tl4eYBry9aFgK0cGj-B1sl2ddNI/edit,PRO WEEK CURRENT / S7 / B5:Z5; B6:Z6
season,7,Division 1,3,SHOOTER_MCGAVIN,PRINCESS_BAKSHOT,5,7,U5:V5,U7:V7,Easy=; Hard=,Easy=; Hard=,"{""blue"":1}","{""blue"":1}",PARTIAL — NEEDS REVIEW,SOURCE COLOR CONFIRMED,PRO WEEK CURRENT,S7,1837758001,B5:Z5; B7:Z7,https://docs.google.com/spreadsheets/d/1X8IM5qjBFTDyNgP8tl4eYBry9aFgK0cGj-B1sl2ddNI/edit,PRO WEEK CURRENT / S7 / B5:Z5; B7:Z7
season,7,Division 1,1,YODA5753,PRINCESS_BAKSHOT,6,7,I6:J6,I7:J7,Easy=; Hard=,Easy=; Hard=,"{""green"":1}","{""green"":1}",PARTIAL — NEEDS REVIEW,SOURCE COLOR CONFIRMED,PRO WEEK CURRENT,S7,1837758001,B6:Z6; B7:Z7,https://docs.google.com/spreadsheets/d/1X8IM5qjBFTDyNgP8tl4eYBry9aFgK0cGj-B1sl2ddNI/edit,PRO WEEK CURRENT / S7 / B6:Z6; B7:Z7
season,7,Division 2,1,GUYB,TRICKYDICKY,11,12,I11:J11,I12:J12,Easy=; Hard=,Easy=; Hard=,"{""blue"":1,""red"":1}","{""blue"":1,""red"":1}",PARTIAL — NEEDS REVIEW,SOURCE COLOR CONFIRMED,PRO WEEK CURRENT,S7,1837758001,B11:Z11; B12:Z12,https://docs.google.com/spreadsheets/d/1X8IM5qjBFTDyNgP8tl4eYBry9aFgK0cGj-B1sl2ddNI/edit,PRO WEEK CURRENT / S7 / B11:Z11; B12:Z12
season,7,Division 2,2,GUYB,PRINCESS_SPICY,11,14,O11:P11,O14:P14,Easy=; Hard=,Easy=; Hard=,"{""blue"":1}","{""blue"":1}",PARTIAL — NEEDS REVIEW,SOURCE COLOR CONFIRMED,PRO WEEK CURRENT,S7,1837758001,B11:Z11; B14:Z14,https://docs.google.com/spreadsheets/d/1X8IM5qjBFTDyNgP8tl4eYBry9aFgK0cGj-B1sl2ddNI/edit,PRO WEEK CURRENT / S7 / B11:Z11; B14:Z14
season,7,Division 2,3,GUYB,WICKEDSHACK,11,13,U11:V11,U13:V13,Easy=; Hard=,Easy=; Hard=,"{""blue"":1,""red"":1}","{""blue"":1,""red"":1}",PARTIAL — NEEDS REVIEW,SOURCE COLOR CONFIRMED,PRO WEEK CURRENT,S7,1837758001,B11:Z11; B13:Z13,https://docs.google.com/spreadsheets/d/1X8IM5qjBFTDyNgP8tl4eYBry9aFgK0cGj-B1sl2ddNI/edit,PRO WEEK CURRENT / S7 / B11:Z11; B13:Z13
season,7,Division 2,2,TRICKYDICKY,WICKEDSHACK,12,13,O12:P12,O13:P13,Easy=; Hard=,Easy=; Hard=,"{""red"":1}","{""red"":1}",PARTIAL — NEEDS REVIEW,SOURCE COLOR CONFIRMED,PRO WEEK CURRENT,S7,1837758001,B12:Z12; B13:Z13,https://docs.google.com/spreadsheets/d/1X8IM5qjBFTDyNgP8tl4eYBry9aFgK0cGj-B1sl2ddNI/edit,PRO WEEK CURRENT / S7 / B12:Z12; B13:Z13
season,7,Division 2,3,TRICKYDICKY,PRINCESS_SPICY,12,14,U12:V12,U14:V14,Easy=; Hard=,Easy=; Hard=,"{""blue"":1,""red"":0.6}","{""blue"":1,""red"":0.6}",PARTIAL — NEEDS REVIEW,SOURCE COLOR CONFIRMED,PRO WEEK CURRENT,S7,1837758001,B12:Z12; B14:Z14,https://docs.google.com/spreadsheets/d/1X8IM5qjBFTDyNgP8tl4eYBry9aFgK0cGj-B1sl2ddNI/edit,PRO WEEK CURRENT / S7 / B12:Z12; B14:Z14
season,7,Division 2,1,WICKEDSHACK,PRINCESS_SPICY,13,14,I13:J13,I14:J14,Easy=-8; Hard=-2,Easy=-17; Hard=-7,"{""blue"":1,""red"":0.6}","{""blue"":1,""red"":0.6}",SOURCE COLOR CONFIRMED — PLAYED,SOURCE COLOR CONFIRMED,PRO WEEK CURRENT,S7,1837758001,B13:Z13; B14:Z14,https://docs.google.com/spreadsheets/d/1X8IM5qjBFTDyNgP8tl4eYBry9aFgK0cGj-B1sl2ddNI/edit,PRO WEEK CURRENT / S7 / B13:Z13; B14:Z14
season,7,Division 3,1,CHIPNPUTT,SLABDADDY,18,19,I18:J18,I19:J19,Easy=-15; Hard=-7,Easy=-13; Hard=0,"{""green"":1,""red"":1}","{""green"":1,""red"":1}",SOURCE COLOR CONFIRMED — PLAYED,SOURCE COLOR CONFIRMED,PRO WEEK CURRENT,S7,1837758001,B18:Z18; B19:Z19,https://docs.google.com/spreadsheets/d/1X8IM5qjBFTDyNgP8tl4eYBry9aFgK0cGj-B1sl2ddNI/edit,PRO WEEK CURRENT / S7 / B18:Z18; B19:Z19
season,7,Division 3,2,CHIPNPUTT,WAREY84,18,21,O18:P18,O21:P21,Easy=-14; Hard=-8,Easy=-10; Hard=-5,"{""blue"":1,""green"":1}","{""blue"":1,""green"":1}",SOURCE COLOR CONFIRMED — PLAYED,SOURCE COLOR CONFIRMED,PRO WEEK CURRENT,S7,1837758001,B18:Z18; B21:Z21,https://docs.google.com/spreadsheets/d/1X8IM5qjBFTDyNgP8tl4eYBry9aFgK0cGj-B1sl2ddNI/edit,PRO WEEK CURRENT / S7 / B18:Z18; B21:Z21
season,7,Division 3,3,CHIPNPUTT,ZOEDARLIN,18,20,U18:V18,U20:V20,Easy=-16; Hard=1,Easy=-11; Hard=0,"{""blue"":1}","{""blue"":1}",SOURCE COLOR CONFIRMED — PLAYED,SOURCE COLOR CONFIRMED,PRO WEEK CURRENT,S7,1837758001,B18:Z18; B20:Z20,https://docs.google.com/spreadsheets/d/1X8IM5qjBFTDyNgP8tl4eYBry9aFgK0cGj-B1sl2ddNI/edit,PRO WEEK CURRENT / S7 / B18:Z18; B20:Z20
season,7,Division 3,2,SLABDADDY,ZOEDARLIN,19,20,O19:P19,O20:P20,Easy=-11; Hard=-3,Easy=-7; Hard=3,"{""red"":1}","{""red"":1}",SOURCE COLOR CONFIRMED — PLAYED,SOURCE COLOR CONFIRMED,PRO WEEK CURRENT,S7,1837758001,B19:Z19; B20:Z20,https://docs.google.com/spreadsheets/d/1X8IM5qjBFTDyNgP8tl4eYBry9aFgK0cGj-B1sl2ddNI/edit,PRO WEEK CURRENT / S7 / B19:Z19; B20:Z20
season,7,Division 3,3,SLABDADDY,WAREY84,19,21,U19:V19,U21:V21,Easy=-14; Hard=7,Easy=-16; Hard=0,"{""red"":1}","{""red"":1}",SOURCE COLOR CONFIRMED — PLAYED,SOURCE COLOR CONFIRMED,PRO WEEK CURRENT,S7,1837758001,B19:Z19; B21:Z21,https://docs.google.com/spreadsheets/d/1X8IM5qjBFTDyNgP8tl4eYBry9aFgK0cGj-B1sl2ddNI/edit,PRO WEEK CURRENT / S7 / B19:Z19; B21:Z21
season,7,Division 3,1,ZOEDARLIN,WAREY84,20,21,I20:J20,I21:J21,Easy=-7; Hard=0,Easy=-9; Hard=-1,"{""green"":1}","{""green"":1}",SOURCE COLOR CONFIRMED — PLAYED,SOURCE COLOR CONFIRMED,PRO WEEK CURRENT,S7,1837758001,B20:Z20; B21:Z21,https://docs.google.com/spreadsheets/d/1X8IM5qjBFTDyNgP8tl4eYBry9aFgK0cGj-B1sl2ddNI/edit,PRO WEEK CURRENT / S7 / B20:Z20; B21:Z21
season,7,Division 4,1,KD,RACCOONS_WHISKER,25,26,I25:J25,I26:J26,Easy=-12; Hard=1,Easy=-6; Hard=-2,"{""red"":1}","{""red"":1}",SOURCE COLOR CONFIRMED — PLAYED,SOURCE COLOR CONFIRMED,PRO WEEK CURRENT,S7,1837758001,B25:Z25; B26:Z26,https://docs.google.com/spreadsheets/d/1X8IM5qjBFTDyNgP8tl4eYBry9aFgK0cGj-B1sl2ddNI/edit,PRO WEEK CURRENT / S7 / B25:Z25; B26:Z26
season,7,Division 4,2,KD,LAKE,25,28,O25:P25,O28:P28,Easy=-9; Hard=0,Easy=-23; Hard=-14,"{""blue"":1,""red"":0.6}","{""blue"":1,""red"":0.6}",SOURCE COLOR CONFIRMED — PLAYED,SOURCE COLOR CONFIRMED,PRO WEEK CURRENT,S7,1837758001,B25:Z25; B28:Z28,https://docs.google.com/spreadsheets/d/1X8IM5qjBFTDyNgP8tl4eYBry9aFgK0cGj-B1sl2ddNI/edit,PRO WEEK CURRENT / S7 / B25:Z25; B28:Z28
season,7,Division 4,3,KD,SARAHLYNN727,25,27,U25:V25,U27:V27,Easy=-14; Hard=1,Easy=-9; Hard=-6,"{""blue"":1}","{""blue"":1}",SOURCE COLOR CONFIRMED — PLAYED,SOURCE COLOR CONFIRMED,PRO WEEK CURRENT,S7,1837758001,B25:Z25; B27:Z27,https://docs.google.com/spreadsheets/d/1X8IM5qjBFTDyNgP8tl4eYBry9aFgK0cGj-B1sl2ddNI/edit,PRO WEEK CURRENT / S7 / B25:Z25; B27:Z27
season,7,Division 4,2,RACCOONS_WHISKER,SARAHLYNN727,26,27,O26:P26,O27:P27,Easy=-8; Hard=0,Easy=-9; Hard=-4,"{""blue"":1,""red"":1}","{""blue"":1,""red"":1}",SOURCE COLOR CONFIRMED — PLAYED,SOURCE COLOR CONFIRMED,PRO WEEK CURRENT,S7,1837758001,B26:Z26; B27:Z27,https://docs.google.com/spreadsheets/d/1X8IM5qjBFTDyNgP8tl4eYBry9aFgK0cGj-B1sl2ddNI/edit,PRO WEEK CURRENT / S7 / B26:Z26; B27:Z27
season,7,Division 4,3,RACCOONS_WHISKER,LAKE,26,28,U26:V26,U28:V28,Easy=-5; Hard=-4,Easy=-21; Hard=-2,"{""red"":1}","{""red"":1}",SOURCE COLOR CONFIRMED — PLAYED,SOURCE COLOR CONFIRMED,PRO WEEK CURRENT,S7,1837758001,B26:Z26; B28:Z28,https://docs.google.com/spreadsheets/d/1X8IM5qjBFTDyNgP8tl4eYBry9aFgK0cGj-B1sl2ddNI/edit,PRO WEEK CURRENT / S7 / B26:Z26; B28:Z28
season,7,Division 4,1,SARAHLYNN727,LAKE,27,28,I27:J27,I28:J28,Easy=-9; Hard=1,Easy=-24; Hard=-10,"{""blue"":1}","{""blue"":1}",SOURCE COLOR CONFIRMED — PLAYED,SOURCE COLOR CONFIRMED,PRO WEEK CURRENT,S7,1837758001,B27:Z27; B28:Z28,https://docs.google.com/spreadsheets/d/1X8IM5qjBFTDyNgP8tl4eYBry9aFgK0cGj-B1sl2ddNI/edit,PRO WEEK CURRENT / S7 / B27:Z27; B28:Z28
season,7,Division 7,1,THEREALJB,GATORSFAN89,46,47,I46:J46,I47:J47,Easy=-13; Hard=-2,Easy=-17; Hard=-4,"{""blue"":1,""green"":1}","{""blue"":1,""green"":1}",SOURCE COLOR CONFIRMED — PLAYED,SOURCE COLOR CONFIRMED,PRO WEEK CURRENT,S7,1837758001,B46:Z46; B47:Z47,https://docs.google.com/spreadsheets/d/1X8IM5qjBFTDyNgP8tl4eYBry9aFgK0cGj-B1sl2ddNI/edit,PRO WEEK CURRENT / S7 / B46:Z46; B47:Z47
season,7,Division 7,2,THEREALJB,JAY,46,49,O46:P46,O49:P49,Easy=-11; Hard=-8,Easy=-7; Hard=7,"{""blue"":1}","{""blue"":1}",SOURCE COLOR CONFIRMED — PLAYED,SOURCE COLOR CONFIRMED,PRO WEEK CURRENT,S7,1837758001,B46:Z46; B49:Z49,https://docs.google.com/spreadsheets/d/1X8IM5qjBFTDyNgP8tl4eYBry9aFgK0cGj-B1sl2ddNI/edit,PRO WEEK CURRENT / S7 / B46:Z46; B49:Z49
season,7,Division 7,3,THEREALJB,BIRDMAN OF LONDON,46,48,U46:V46,U48:V48,Easy=-6; Hard=2,Easy=-11; Hard=-4,"{""green"":1}","{""green"":1}",SOURCE COLOR CONFIRMED — PLAYED,SOURCE COLOR CONFIRMED,PRO WEEK CURRENT,S7,1837758001,B46:Z46; B48:Z48,https://docs.google.com/spreadsheets/d/1X8IM5qjBFTDyNgP8tl4eYBry9aFgK0cGj-B1sl2ddNI/edit,PRO WEEK CURRENT / S7 / B46:Z46; B48:Z48
season,7,Division 7,2,GATORSFAN89,BIRDMAN OF LONDON,47,48,O47:P47,O48:P48,Easy=-8; Hard=-5,Easy=-14; Hard=-1,"{""green"":1,""red"":1}","{""green"":1,""red"":1}",SOURCE COLOR CONFIRMED — PLAYED,SOURCE COLOR CONFIRMED,PRO WEEK CURRENT,S7,1837758001,B47:Z47; B48:Z48,https://docs.google.com/spreadsheets/d/1X8IM5qjBFTDyNgP8tl4eYBry9aFgK0cGj-B1sl2ddNI/edit,PRO WEEK CURRENT / S7 / B47:Z47; B48:Z48
season,7,Division 7,3,GATORSFAN89,JAY,47,49,U47:V47,U49:V49,Easy=-4; Hard=-7,Easy=-11; Hard=-1,"{""blue"":1,""green"":1}","{""blue"":1,""green"":1}",SOURCE COLOR CONFIRMED — PLAYED,SOURCE COLOR CONFIRMED,PRO WEEK CURRENT,S7,1837758001,B47:Z47; B49:Z49,https://docs.google.com/spreadsheets/d/1X8IM5qjBFTDyNgP8tl4eYBry9aFgK0cGj-B1sl2ddNI/edit,PRO WEEK CURRENT / S7 / B47:Z47; B49:Z49
season,7,Division 7,1,BIRDMAN OF LONDON,JAY,48,49,I48:J48,I49:J49,Easy=-11; Hard=-8,Easy=-14; Hard=-6,"{""green"":1}","{""green"":1}",SOURCE COLOR CONFIRMED — PLAYED,SOURCE COLOR CONFIRMED,PRO WEEK CURRENT,S7,1837758001,B48:Z48; B49:Z49,https://docs.google.com/spreadsheets/d/1X8IM5qjBFTDyNgP8tl4eYBry9aFgK0cGj-B1sl2ddNI/edit,PRO WEEK CURRENT / S7 / B48:Z48; B49:Z49
season,6,Division 1,1,BIGJA,YODA5753,4,5,I4:J4,I5:J5,Easy=-18; Hard=-15,Easy=-17; Hard=-22,"{""green"":1,""red"":1}","{""green"":1,""red"":1}",SOURCE COLOR CONFIRMED — PLAYED,SOURCE COLOR CONFIRMED,PRO WEEK CURRENT,S6,1865587111,B4:Z4; B5:Z5,https://docs.google.com/spreadsheets/d/1X8IM5qjBFTDyNgP8tl4eYBry9aFgK0cGj-B1sl2ddNI/edit,PRO WEEK CURRENT / S6 / B4:Z4; B5:Z5
season,6,Division 1,2,BIGJA,SHOOTER_MCGAVIN,4,7,O4:P4,O7:P7,Easy=-22; Hard=-17,Easy=-20; Hard=-16,"{""blue"":1,""green"":1}","{""blue"":1,""green"":1}",SOURCE COLOR CONFIRMED — PLAYED,SOURCE COLOR CONFIRMED,PRO WEEK CURRENT,S6,1865587111,B4:Z4; B7:Z7,https://docs.google.com/spreadsheets/d/1X8IM5qjBFTDyNgP8tl4eYBry9aFgK0cGj-B1sl2ddNI/edit,PRO WEEK CURRENT / S6 / B4:Z4; B7:Z7
season,6,Division 1,3,BIGJA,GUYB,4,6,U4:V4,U6:V6,Easy=-23; Hard=-23,Easy=-15; Hard=-11,"{""green"":1,""red"":1}","{""green"":1,""red"":1}",SOURCE COLOR CONFIRMED — PLAYED,SOURCE COLOR CONFIRMED,PRO WEEK CURRENT,S6,1865587111,B4:Z4; B6:Z6,https://docs.google.com/spreadsheets/d/1X8IM5qjBFTDyNgP8tl4eYBry9aFgK0cGj-B1sl2ddNI/edit,PRO WEEK CURRENT / S6 / B4:Z4; B6:Z6
season,6,Division 1,2,YODA5753,GUYB,5,6,O5:P5,O6:P6,Easy=-16; Hard=-17,Easy=-14; Hard=-16,"{""red"":1}","{""red"":1}",SOURCE COLOR CONFIRMED — PLAYED,SOURCE COLOR CONFIRMED,PRO WEEK CURRENT,S6,1865587111,B5:Z5; B6:Z6,https://docs.google.com/spreadsheets/d/1X8IM5qjBFTDyNgP8tl4eYBry9aFgK0cGj-B1sl2ddNI/edit,PRO WEEK CURRENT / S6 / B5:Z5; B6:Z6
season,6,Division 1,3,YODA5753,SHOOTER_MCGAVIN,5,7,U5:V5,U7:V7,Easy=-20; Hard=-13,Easy=-19; Hard=-21,"{""blue"":1}","{""blue"":1}",SOURCE COLOR CONFIRMED — PLAYED,SOURCE COLOR CONFIRMED,PRO WEEK CURRENT,S6,1865587111,B5:Z5; B7:Z7,https://docs.google.com/spreadsheets/d/1X8IM5qjBFTDyNgP8tl4eYBry9aFgK0cGj-B1sl2ddNI/edit,PRO WEEK CURRENT / S6 / B5:Z5; B7:Z7
season,6,Division 1,1,GUYB,SHOOTER_MCGAVIN,6,7,I6:J6,I7:J7,Easy=-19; Hard=-6,Easy=-20; Hard=-20,"{""green"":1}","{""green"":1}",SOURCE COLOR CONFIRMED — PLAYED,SOURCE COLOR CONFIRMED,PRO WEEK CURRENT,S6,1865587111,B6:Z6; B7:Z7,https://docs.google.com/spreadsheets/d/1X8IM5qjBFTDyNgP8tl4eYBry9aFgK0cGj-B1sl2ddNI/edit,PRO WEEK CURRENT / S6 / B6:Z6; B7:Z7
season,6,Division 2,1,CHIPNPUTT,WICKEDSHACK,11,12,I11:J11,I12:J12,Easy=-8; Hard=-5,Easy=-19; Hard=-12,"{""blue"":1,""red"":1}","{""blue"":1,""red"":1}",SOURCE COLOR CONFIRMED — PLAYED,SOURCE COLOR CONFIRMED,PRO WEEK CURRENT,S6,1865587111,B11:Z11; B12:Z12,https://docs.google.com/spreadsheets/d/1X8IM5qjBFTDyNgP8tl4eYBry9aFgK0cGj-B1sl2ddNI/edit,PRO WEEK CURRENT / S6 / B11:Z11; B12:Z12
season,6,Division 2,2,CHIPNPUTT,TRICKYDICKY,11,14,O11:P11,O14:P14,Easy=-15; Hard=-12,Easy=-20; Hard=-13,"{""blue"":1}","{""blue"":1}",SOURCE COLOR CONFIRMED — PLAYED,SOURCE COLOR CONFIRMED,PRO WEEK CURRENT,S6,1865587111,B11:Z11; B14:Z14,https://docs.google.com/spreadsheets/d/1X8IM5qjBFTDyNgP8tl4eYBry9aFgK0cGj-B1sl2ddNI/edit,PRO WEEK CURRENT / S6 / B11:Z11; B14:Z14
season,6,Division 2,3,CHIPNPUTT,PRINCESS_BAKSHOT,11,13,U11:V11,U13:V13,Easy=-16; Hard=-5,Easy=-20; Hard=-19,"{""blue"":1,""red"":1}","{""blue"":1,""red"":1}",SOURCE COLOR CONFIRMED — PLAYED,SOURCE COLOR CONFIRMED,PRO WEEK CURRENT,S6,1865587111,B11:Z11; B13:Z13,https://docs.google.com/spreadsheets/d/1X8IM5qjBFTDyNgP8tl4eYBry9aFgK0cGj-B1sl2ddNI/edit,PRO WEEK CURRENT / S6 / B11:Z11; B13:Z13
season,6,Division 2,2,WICKEDSHACK,PRINCESS_BAKSHOT,12,13,O12:P12,O13:P13,Easy=-18; Hard=-11,Easy=-19; Hard=-17,"{""red"":1}","{""red"":1}",SOURCE COLOR CONFIRMED — PLAYED,SOURCE COLOR CONFIRMED,PRO WEEK CURRENT,S6,1865587111,B12:Z12; B13:Z13,https://docs.google.com/spreadsheets/d/1X8IM5qjBFTDyNgP8tl4eYBry9aFgK0cGj-B1sl2ddNI/edit,PRO WEEK CURRENT / S6 / B12:Z12; B13:Z13
season,6,Division 2,3,WICKEDSHACK,TRICKYDICKY,12,14,U12:V12,U14:V14,Easy=-15; Hard=-11,Easy=-23; Hard=-11,"{""blue"":1,""red"":0.6}","{""blue"":1,""red"":0.6}",SOURCE COLOR CONFIRMED — PLAYED,SOURCE COLOR CONFIRMED,PRO WEEK CURRENT,S6,1865587111,B12:Z12; B14:Z14,https://docs.google.com/spreadsheets/d/1X8IM5qjBFTDyNgP8tl4eYBry9aFgK0cGj-B1sl2ddNI/edit,PRO WEEK CURRENT / S6 / B12:Z12; B14:Z14
season,6,Division 2,1,PRINCESS_BAKSHOT,TRICKYDICKY,13,14,I13:J13,I14:J14,Easy=-19; Hard=-17,Easy=-15; Hard=-10,"{""blue"":1,""red"":0.6}","{""blue"":1,""red"":0.6}",SOURCE COLOR CONFIRMED — PLAYED,SOURCE COLOR CONFIRMED,PRO WEEK CURRENT,S6,1865587111,B13:Z13; B14:Z14,https://docs.google.com/spreadsheets/d/1X8IM5qjBFTDyNgP8tl4eYBry9aFgK0cGj-B1sl2ddNI/edit,PRO WEEK CURRENT / S6 / B13:Z13; B14:Z14
season,6,Division 3,1,KD,SLABDADDY,18,19,I18:J18,I19:J19,Easy=-7; Hard=-5,Easy=-16; Hard=-11,"{""green"":1,""red"":1}","{""green"":1,""red"":1}",SOURCE COLOR CONFIRMED — PLAYED,SOURCE COLOR CONFIRMED,PRO WEEK CURRENT,S6,1865587111,B18:Z18; B19:Z19,https://docs.google.com/spreadsheets/d/1X8IM5qjBFTDyNgP8tl4eYBry9aFgK0cGj-B1sl2ddNI/edit,PRO WEEK CURRENT / S6 / B18:Z18; B19:Z19
season,6,Division 3,2,KD,PRINCESS_SPICY,18,21,O18:P18,O21:P21,Easy=-12; Hard=-2,Easy=-16; Hard=-10,"{""blue"":1,""green"":1}","{""blue"":1,""green"":1}",SOURCE COLOR CONFIRMED — PLAYED,SOURCE COLOR CONFIRMED,PRO WEEK CURRENT,S6,1865587111,B18:Z18; B21:Z21,https://docs.google.com/spreadsheets/d/1X8IM5qjBFTDyNgP8tl4eYBry9aFgK0cGj-B1sl2ddNI/edit,PRO WEEK CURRENT / S6 / B18:Z18; B21:Z21
season,6,Division 3,3,KD,ZOEDARLIN,18,20,U18:V18,U20:V20,Easy=-8; Hard=4,Easy=-4; Hard=-7,"{""blue"":1}","{""blue"":1}",SOURCE COLOR CONFIRMED — PLAYED,SOURCE COLOR CONFIRMED,PRO WEEK CURRENT,S6,1865587111,B18:Z18; B20:Z20,https://docs.google.com/spreadsheets/d/1X8IM5qjBFTDyNgP8tl4eYBry9aFgK0cGj-B1sl2ddNI/edit,PRO WEEK CURRENT / S6 / B18:Z18; B20:Z20
season,6,Division 3,2,SLABDADDY,ZOEDARLIN,19,20,O19:P19,O20:P20,Easy=-12; Hard=-13,Easy=-8; Hard=0,"{""red"":1}","{""red"":1}",SOURCE COLOR CONFIRMED — PLAYED,SOURCE COLOR CONFIRMED,PRO WEEK CURRENT,S6,1865587111,B19:Z19; B20:Z20,https://docs.google.com/spreadsheets/d/1X8IM5qjBFTDyNgP8tl4eYBry9aFgK0cGj-B1sl2ddNI/edit,PRO WEEK CURRENT / S6 / B19:Z19; B20:Z20
season,6,Division 3,3,SLABDADDY,PRINCESS_SPICY,19,21,U19:V19,U21:V21,Easy=-11; Hard=-12,Easy=-20; Hard=-14,"{""red"":1}","{""red"":1}",SOURCE COLOR CONFIRMED — PLAYED,SOURCE COLOR CONFIRMED,PRO WEEK CURRENT,S6,1865587111,B19:Z19; B21:Z21,https://docs.google.com/spreadsheets/d/1X8IM5qjBFTDyNgP8tl4eYBry9aFgK0cGj-B1sl2ddNI/edit,PRO WEEK CURRENT / S6 / B19:Z19; B21:Z21
season,6,Division 3,1,ZOEDARLIN,PRINCESS_SPICY,20,21,I20:J20,I21:J21,Easy=-14; Hard=-6,Easy=-16; Hard=-15,"{""green"":1}","{""green"":1}",SOURCE COLOR CONFIRMED — PLAYED,SOURCE COLOR CONFIRMED,PRO WEEK CURRENT,S6,1865587111,B20:Z20; B21:Z21,https://docs.google.com/spreadsheets/d/1X8IM5qjBFTDyNgP8tl4eYBry9aFgK0cGj-B1sl2ddNI/edit,PRO WEEK CURRENT / S6 / B20:Z20; B21:Z21
season,6,Division 4,1,RACCOONS_WHISKER,WAREY84,25,26,I25:J25,I26:J26,Easy=-6; Hard=-6,Easy=-17; Hard=-7,"{""red"":1}","{""red"":1}",SOURCE COLOR CONFIRMED — PLAYED,SOURCE COLOR CONFIRMED,PRO WEEK CURRENT,S6,1865587111,B25:Z25; B26:Z26,https://docs.google.com/spreadsheets/d/1X8IM5qjBFTDyNgP8tl4eYBry9aFgK0cGj-B1sl2ddNI/edit,PRO WEEK CURRENT / S6 / B25:Z25; B26:Z26
season,6,Division 4,2,RACCOONS_WHISKER,SARAHLYNN727,25,28,O25:P25,O28:P28,Easy=-9; Hard=-5,Easy=-9; Hard=-1,"{""blue"":1,""red"":0.6}","{""blue"":1,""red"":0.6}",SOURCE COLOR CONFIRMED — PLAYED,SOURCE COLOR CONFIRMED,PRO WEEK CURRENT,S6,1865587111,B25:Z25; B28:Z28,https://docs.google.com/spreadsheets/d/1X8IM5qjBFTDyNgP8tl4eYBry9aFgK0cGj-B1sl2ddNI/edit,PRO WEEK CURRENT / S6 / B25:Z25; B28:Z28
season,6,Division 4,3,RACCOONS_WHISKER,RICK,25,27,U25:V25,U27:V27,Easy=-7; Hard=-4,Easy=-2; Hard=-2,"{""blue"":1}","{""blue"":1}",SOURCE COLOR CONFIRMED — PLAYED,SOURCE COLOR CONFIRMED,PRO WEEK CURRENT,S6,1865587111,B25:Z25; B27:Z27,https://docs.google.com/spreadsheets/d/1X8IM5qjBFTDyNgP8tl4eYBry9aFgK0cGj-B1sl2ddNI/edit,PRO WEEK CURRENT / S6 / B25:Z25; B27:Z27
season,6,Division 4,2,WAREY84,RICK,26,27,O26:P26,O27:P27,Easy=-10; Hard=2,Easy=-5; Hard=-1,"{""blue"":1,""red"":1}","{""blue"":1,""red"":1}",SOURCE COLOR CONFIRMED — PLAYED,SOURCE COLOR CONFIRMED,PRO WEEK CURRENT,S6,1865587111,B26:Z26; B27:Z27,https://docs.google.com/spreadsheets/d/1X8IM5qjBFTDyNgP8tl4eYBry9aFgK0cGj-B1sl2ddNI/edit,PRO WEEK CURRENT / S6 / B26:Z26; B27:Z27
season,6,Division 4,3,WAREY84,SARAHLYNN727,26,28,U26:V26,U28:V28,Easy=-14; Hard=-3,Easy=; Hard=,"{""red"":1}","{""red"":1}",PARTIAL — NEEDS REVIEW,SOURCE COLOR CONFIRMED,PRO WEEK CURRENT,S6,1865587111,B26:Z26; B28:Z28,https://docs.google.com/spreadsheets/d/1X8IM5qjBFTDyNgP8tl4eYBry9aFgK0cGj-B1sl2ddNI/edit,PRO WEEK CURRENT / S6 / B26:Z26; B28:Z28
season,6,Division 4,1,RICK,SARAHLYNN727,27,28,I27:J27,I28:J28,Easy=-7; Hard=4,Easy=-1; Hard=2,"{""blue"":1}","{""blue"":1}",SOURCE COLOR CONFIRMED — PLAYED,SOURCE COLOR CONFIRMED,PRO WEEK CURRENT,S6,1865587111,B27:Z27; B28:Z28,https://docs.google.com/spreadsheets/d/1X8IM5qjBFTDyNgP8tl4eYBry9aFgK0cGj-B1sl2ddNI/edit,PRO WEEK CURRENT / S6 / B27:Z27; B28:Z28
season,5,Division 1,1,BIGJA,YODA5753,4,5,I4:J4,I5:J5,Easy=-19; Hard=-19,Easy=-14; Hard=-10,"{""green"":1,""red"":1}","{""green"":1,""red"":1}",SOURCE COLOR CONFIRMED — PLAYED,SOURCE COLOR CONFIRMED,PRO WEEK CURRENT,W5,448385125,B4:Z4; B5:Z5,https://docs.google.com/spreadsheets/d/1X8IM5qjBFTDyNgP8tl4eYBry9aFgK0cGj-B1sl2ddNI/edit,PRO WEEK CURRENT / W5 / B4:Z4; B5:Z5
season,5,Division 1,2,BIGJA,GUYB,4,7,O4:P4,O7:P7,Easy=-17; Hard=-16,Easy=-15; Hard=-10,"{""blue"":1,""green"":1}","{""blue"":1,""green"":1}",SOURCE COLOR CONFIRMED — PLAYED,SOURCE COLOR CONFIRMED,PRO WEEK CURRENT,W5,448385125,B4:Z4; B7:Z7,https://docs.google.com/spreadsheets/d/1X8IM5qjBFTDyNgP8tl4eYBry9aFgK0cGj-B1sl2ddNI/edit,PRO WEEK CURRENT / W5 / B4:Z4; B7:Z7
season,5,Division 1,3,BIGJA,CHIPNPUTT,4,6,U4:V4,U6:V6,Easy=-21; Hard=-13,Easy=-11; Hard=-4,"{""green"":1,""red"":1}","{""green"":1,""red"":1}",SOURCE COLOR CONFIRMED — PLAYED,SOURCE COLOR CONFIRMED,PRO WEEK CURRENT,W5,448385125,B4:Z4; B6:Z6,https://docs.google.com/spreadsheets/d/1X8IM5qjBFTDyNgP8tl4eYBry9aFgK0cGj-B1sl2ddNI/edit,PRO WEEK CURRENT / W5 / B4:Z4; B6:Z6
season,5,Division 1,2,YODA5753,CHIPNPUTT,5,6,O5:P5,O6:P6,Easy=-18; Hard=-17,Easy=-15; Hard=-13,"{""red"":1}","{""red"":1}",SOURCE COLOR CONFIRMED — PLAYED,SOURCE COLOR CONFIRMED,PRO WEEK CURRENT,W5,448385125,B5:Z5; B6:Z6,https://docs.google.com/spreadsheets/d/1X8IM5qjBFTDyNgP8tl4eYBry9aFgK0cGj-B1sl2ddNI/edit,PRO WEEK CURRENT / W5 / B5:Z5; B6:Z6
season,5,Division 1,3,YODA5753,GUYB,5,7,U5:V5,U7:V7,Easy=-14; Hard=-14,Easy=-13; Hard=-11,"{""blue"":1}","{""blue"":1}",SOURCE COLOR CONFIRMED — PLAYED,SOURCE COLOR CONFIRMED,PRO WEEK CURRENT,W5,448385125,B5:Z5; B7:Z7,https://docs.google.com/spreadsheets/d/1X8IM5qjBFTDyNgP8tl4eYBry9aFgK0cGj-B1sl2ddNI/edit,PRO WEEK CURRENT / W5 / B5:Z5; B7:Z7
season,5,Division 1,1,CHIPNPUTT,GUYB,6,7,I6:J6,I7:J7,Easy=; Hard=,Easy=; Hard=,"{""green"":1}","{""green"":1}",PARTIAL — NEEDS REVIEW,SOURCE COLOR CONFIRMED,PRO WEEK CURRENT,W5,448385125,B6:Z6; B7:Z7,https://docs.google.com/spreadsheets/d/1X8IM5qjBFTDyNgP8tl4eYBry9aFgK0cGj-B1sl2ddNI/edit,PRO WEEK CURRENT / W5 / B6:Z6; B7:Z7
season,5,Division 2,1,WICKEDSHACK,SHOOTER_MCGAVIN,11,12,I11:J11,I12:J12,Easy=-16; Hard=-15,Easy=-19; Hard=-14,"{""blue"":1,""red"":1}","{""blue"":1,""red"":1}",SOURCE COLOR CONFIRMED — PLAYED,SOURCE COLOR CONFIRMED,PRO WEEK CURRENT,W5,448385125,B11:Z11; B12:Z12,https://docs.google.com/spreadsheets/d/1X8IM5qjBFTDyNgP8tl4eYBry9aFgK0cGj-B1sl2ddNI/edit,PRO WEEK CURRENT / W5 / B11:Z11; B12:Z12
season,5,Division 2,2,WICKEDSHACK,PRINCESS_BAKSHOT,11,14,O11:P11,O14:P14,Easy=-18; Hard=-15,Easy=-13; Hard=-14,"{""blue"":1}","{""blue"":1}",SOURCE COLOR CONFIRMED — PLAYED,SOURCE COLOR CONFIRMED,PRO WEEK CURRENT,W5,448385125,B11:Z11; B14:Z14,https://docs.google.com/spreadsheets/d/1X8IM5qjBFTDyNgP8tl4eYBry9aFgK0cGj-B1sl2ddNI/edit,PRO WEEK CURRENT / W5 / B11:Z11; B14:Z14
season,5,Division 2,3,WICKEDSHACK,KD,11,13,U11:V11,U13:V13,Easy=-11; Hard=-8,Easy=-14; Hard=-5,"{""blue"":1,""red"":1}","{""blue"":1,""red"":1}",SOURCE COLOR CONFIRMED — PLAYED,SOURCE COLOR CONFIRMED,PRO WEEK CURRENT,W5,448385125,B11:Z11; B13:Z13,https://docs.google.com/spreadsheets/d/1X8IM5qjBFTDyNgP8tl4eYBry9aFgK0cGj-B1sl2ddNI/edit,PRO WEEK CURRENT / W5 / B11:Z11; B13:Z13
season,5,Division 2,2,SHOOTER_MCGAVIN,KD,12,13,O12:P12,O13:P13,Easy=-16; Hard=-17,Easy=-16; Hard=-7,"{""red"":1}","{""red"":1}",SOURCE COLOR CONFIRMED — PLAYED,SOURCE COLOR CONFIRMED,PRO WEEK CURRENT,W5,448385125,B12:Z12; B13:Z13,https://docs.google.com/spreadsheets/d/1X8IM5qjBFTDyNgP8tl4eYBry9aFgK0cGj-B1sl2ddNI/edit,PRO WEEK CURRENT / W5 / B12:Z12; B13:Z13
season,5,Division 2,3,SHOOTER_MCGAVIN,PRINCESS_BAKSHOT,12,14,U12:V12,U14:V14,Easy=-20; Hard=-17,Easy=-18; Hard=-11,"{""blue"":1,""red"":0.6}","{""blue"":1,""red"":0.6}",SOURCE COLOR CONFIRMED — PLAYED,SOURCE COLOR CONFIRMED,PRO WEEK CURRENT,W5,448385125,B12:Z12; B14:Z14,https://docs.google.com/spreadsheets/d/1X8IM5qjBFTDyNgP8tl4eYBry9aFgK0cGj-B1sl2ddNI/edit,PRO WEEK CURRENT / W5 / B12:Z12; B14:Z14
season,5,Division 2,1,KD,PRINCESS_BAKSHOT,13,14,I13:J13,I14:J14,Easy=-11; Hard=-10,Easy=-9; Hard=-13,"{""blue"":1,""red"":0.6}","{""blue"":1,""red"":0.6}",SOURCE COLOR CONFIRMED — PLAYED,SOURCE COLOR CONFIRMED,PRO WEEK CURRENT,W5,448385125,B13:Z13; B14:Z14,https://docs.google.com/spreadsheets/d/1X8IM5qjBFTDyNgP8tl4eYBry9aFgK0cGj-B1sl2ddNI/edit,PRO WEEK CURRENT / W5 / B13:Z13; B14:Z14
season,5,Division 3,1,SLABDADDY,TRICKYDICKY,18,19,I18:J18,I19:J19,Easy=-10; Hard=-3,Easy=-14; Hard=-15,"{""green"":1,""red"":1}","{""green"":1,""red"":1}",SOURCE COLOR CONFIRMED — PLAYED,SOURCE COLOR CONFIRMED,PRO WEEK CURRENT,W5,448385125,B18:Z18; B19:Z19,https://docs.google.com/spreadsheets/d/1X8IM5qjBFTDyNgP8tl4eYBry9aFgK0cGj-B1sl2ddNI/edit,PRO WEEK CURRENT / W5 / B18:Z18; B19:Z19
season,5,Division 3,2,SLABDADDY,ZOEDARLIN,18,21,O18:P18,O21:P21,Easy=-14; Hard=-8,Easy=-8; Hard=-5,"{""blue"":1,""green"":1}","{""blue"":1,""green"":1}",SOURCE COLOR CONFIRMED — PLAYED,SOURCE COLOR CONFIRMED,PRO WEEK CURRENT,W5,448385125,B18:Z18; B21:Z21,https://docs.google.com/spreadsheets/d/1X8IM5qjBFTDyNgP8tl4eYBry9aFgK0cGj-B1sl2ddNI/edit,PRO WEEK CURRENT / W5 / B18:Z18; B21:Z21
season,5,Division 3,3,SLABDADDY,RACCOONS_WHISKER,18,20,U18:V18,U20:V20,Easy=; Hard=,Easy=; Hard=,"{""blue"":1}","{""blue"":1}",PARTIAL — NEEDS REVIEW,SOURCE COLOR CONFIRMED,PRO WEEK CURRENT,W5,448385125,B18:Z18; B20:Z20,https://docs.google.com/spreadsheets/d/1X8IM5qjBFTDyNgP8tl4eYBry9aFgK0cGj-B1sl2ddNI/edit,PRO WEEK CURRENT / W5 / B18:Z18; B20:Z20
season,5,Division 3,2,TRICKYDICKY,RACCOONS_WHISKER,19,20,O19:P19,O20:P20,Easy=-17; Hard=-13,Easy=-7; Hard=1,"{""red"":1}","{""red"":1}",SOURCE COLOR CONFIRMED — PLAYED,SOURCE COLOR CONFIRMED,PRO WEEK CURRENT,W5,448385125,B19:Z19; B20:Z20,https://docs.google.com/spreadsheets/d/1X8IM5qjBFTDyNgP8tl4eYBry9aFgK0cGj-B1sl2ddNI/edit,PRO WEEK CURRENT / W5 / B19:Z19; B20:Z20
season,5,Division 3,3,TRICKYDICKY,ZOEDARLIN,19,21,U19:V19,U21:V21,Easy=-17; Hard=-15,Easy=-8; Hard=-6,"{""red"":1}","{""red"":1}",SOURCE COLOR CONFIRMED — PLAYED,SOURCE COLOR CONFIRMED,PRO WEEK CURRENT,W5,448385125,B19:Z19; B21:Z21,https://docs.google.com/spreadsheets/d/1X8IM5qjBFTDyNgP8tl4eYBry9aFgK0cGj-B1sl2ddNI/edit,PRO WEEK CURRENT / W5 / B19:Z19; B21:Z21
season,5,Division 3,1,RACCOONS_WHISKER,ZOEDARLIN,20,21,I20:J20,I21:J21,Easy=-9; Hard=8,Easy=-6; Hard=-2,"{""green"":1}","{""green"":1}",SOURCE COLOR CONFIRMED — PLAYED,SOURCE COLOR CONFIRMED,PRO WEEK CURRENT,W5,448385125,B20:Z20; B21:Z21,https://docs.google.com/spreadsheets/d/1X8IM5qjBFTDyNgP8tl4eYBry9aFgK0cGj-B1sl2ddNI/edit,PRO WEEK CURRENT / W5 / B20:Z20; B21:Z21
season,5,Division 4,1,PRINCESS_SPICY,SARAHLYNN727,25,26,I25:J25,I26:J26,Easy=-12; Hard=-10,Easy=-1; Hard=-6,"{""red"":1}","{""red"":1}",SOURCE COLOR CONFIRMED — PLAYED,SOURCE COLOR CONFIRMED,PRO WEEK CURRENT,W5,448385125,B25:Z25; B26:Z26,https://docs.google.com/spreadsheets/d/1X8IM5qjBFTDyNgP8tl4eYBry9aFgK0cGj-B1sl2ddNI/edit,PRO WEEK CURRENT / W5 / B25:Z25; B26:Z26
season,5,Division 4,2,PRINCESS_SPICY,RICK,25,28,O25:P25,O28:P28,Easy=-15; Hard=-13,Easy=-9; Hard=2,"{""blue"":1,""red"":0.6}","{""blue"":1,""red"":0.6}",SOURCE COLOR CONFIRMED — PLAYED,SOURCE COLOR CONFIRMED,PRO WEEK CURRENT,W5,448385125,B25:Z25; B28:Z28,https://docs.google.com/spreadsheets/d/1X8IM5qjBFTDyNgP8tl4eYBry9aFgK0cGj-B1sl2ddNI/edit,PRO WEEK CURRENT / W5 / B25:Z25; B28:Z28
season,5,Division 4,3,PRINCESS_SPICY,WAREY84,25,27,U25:V25,U27:V27,Easy=-17; Hard=-10,Easy=-14; Hard=-5,"{""blue"":1}","{""blue"":1}",SOURCE COLOR CONFIRMED — PLAYED,SOURCE COLOR CONFIRMED,PRO WEEK CURRENT,W5,448385125,B25:Z25; B27:Z27,https://docs.google.com/spreadsheets/d/1X8IM5qjBFTDyNgP8tl4eYBry9aFgK0cGj-B1sl2ddNI/edit,PRO WEEK CURRENT / W5 / B25:Z25; B27:Z27
season,5,Division 4,2,SARAHLYNN727,WAREY84,26,27,O26:P26,O27:P27,Easy=-3; Hard=-2,Easy=-19; Hard=-3,"{""blue"":1,""red"":1}","{""blue"":1,""red"":1}",SOURCE COLOR CONFIRMED — PLAYED,SOURCE COLOR CONFIRMED,PRO WEEK CURRENT,W5,448385125,B26:Z26; B27:Z27,https://docs.google.com/spreadsheets/d/1X8IM5qjBFTDyNgP8tl4eYBry9aFgK0cGj-B1sl2ddNI/edit,PRO WEEK CURRENT / W5 / B26:Z26; B27:Z27
season,5,Division 4,3,SARAHLYNN727,RICK,26,28,U26:V26,U28:V28,Easy=-7; Hard=6,Easy=-6; Hard=3,"{""red"":1}","{""red"":1}",SOURCE COLOR CONFIRMED — PLAYED,SOURCE COLOR CONFIRMED,PRO WEEK CURRENT,W5,448385125,B26:Z26; B28:Z28,https://docs.google.com/spreadsheets/d/1X8IM5qjBFTDyNgP8tl4eYBry9aFgK0cGj-B1sl2ddNI/edit,PRO WEEK CURRENT / W5 / B26:Z26; B28:Z28
season,5,Division 4,1,WAREY84,RICK,27,28,I27:J27,I28:J28,Easy=-16; Hard=-10,Easy=-7; Hard=2,"{""blue"":1}","{""blue"":1}",SOURCE COLOR CONFIRMED — PLAYED,SOURCE COLOR CONFIRMED,PRO WEEK CURRENT,W5,448385125,B27:Z27; B28:Z28,https://docs.google.com/spreadsheets/d/1X8IM5qjBFTDyNgP8tl4eYBry9aFgK0cGj-B1sl2ddNI/edit,PRO WEEK CURRENT / W5 / B27:Z27; B28:Z28
season,4,Division 1,1,BIGJA,YODA5753,4,5,I4:J4,I5:J5,Easy=-24; Hard=-14,Easy=-11; Hard=0,"{""green"":1,""red"":1}","{""green"":1,""red"":1}",SOURCE COLOR CONFIRMED — PLAYED,SOURCE COLOR CONFIRMED,PRO WEEK CURRENT,S4,478408343,B4:Z4; B5:Z5,https://docs.google.com/spreadsheets/d/1X8IM5qjBFTDyNgP8tl4eYBry9aFgK0cGj-B1sl2ddNI/edit,PRO WEEK CURRENT / S4 / B4:Z4; B5:Z5
season,4,Division 1,2,BIGJA,WICKEDSHACK,4,7,O4:P4,O7:P7,Easy=-18; Hard=-12,Easy=-13; Hard=-5,"{""blue"":1,""green"":1}","{""blue"":1,""green"":1}",SOURCE COLOR CONFIRMED — PLAYED,SOURCE COLOR CONFIRMED,PRO WEEK CURRENT,S4,478408343,B4:Z4; B7:Z7,https://docs.google.com/spreadsheets/d/1X8IM5qjBFTDyNgP8tl4eYBry9aFgK0cGj-B1sl2ddNI/edit,PRO WEEK CURRENT / S4 / B4:Z4; B7:Z7
season,4,Division 1,3,BIGJA,CHIPNPUTT,4,6,U4:V4,U6:V6,Easy=-19; Hard=-14,Easy=-16; Hard=-1,"{""green"":1,""red"":1}","{""green"":1,""red"":1}",SOURCE COLOR CONFIRMED — PLAYED,SOURCE COLOR CONFIRMED,PRO WEEK CURRENT,S4,478408343,B4:Z4; B6:Z6,https://docs.google.com/spreadsheets/d/1X8IM5qjBFTDyNgP8tl4eYBry9aFgK0cGj-B1sl2ddNI/edit,PRO WEEK CURRENT / S4 / B4:Z4; B6:Z6
season,4,Division 1,2,YODA5753,CHIPNPUTT,5,6,O5:P5,O6:P6,Easy=-18; Hard=-7,Easy=-15; Hard=-5,"{""red"":1}","{""red"":1}",SOURCE COLOR CONFIRMED — PLAYED,SOURCE COLOR CONFIRMED,PRO WEEK CURRENT,S4,478408343,B5:Z5; B6:Z6,https://docs.google.com/spreadsheets/d/1X8IM5qjBFTDyNgP8tl4eYBry9aFgK0cGj-B1sl2ddNI/edit,PRO WEEK CURRENT / S4 / B5:Z5; B6:Z6
season,4,Division 1,3,YODA5753,WICKEDSHACK,5,7,U5:V5,U7:V7,Easy=-20; Hard=-5,Easy=-10; Hard=-3,"{""blue"":1}","{""blue"":1}",SOURCE COLOR CONFIRMED — PLAYED,SOURCE COLOR CONFIRMED,PRO WEEK CURRENT,S4,478408343,B5:Z5; B7:Z7,https://docs.google.com/spreadsheets/d/1X8IM5qjBFTDyNgP8tl4eYBry9aFgK0cGj-B1sl2ddNI/edit,PRO WEEK CURRENT / S4 / B5:Z5; B7:Z7
season,4,Division 1,1,CHIPNPUTT,WICKEDSHACK,6,7,I6:J6,I7:J7,Easy=-14; Hard=-4,Easy=-8; Hard=-6,"{""green"":1}","{""green"":1}",SOURCE COLOR CONFIRMED — PLAYED,SOURCE COLOR CONFIRMED,PRO WEEK CURRENT,S4,478408343,B6:Z6; B7:Z7,https://docs.google.com/spreadsheets/d/1X8IM5qjBFTDyNgP8tl4eYBry9aFgK0cGj-B1sl2ddNI/edit,PRO WEEK CURRENT / S4 / B6:Z6; B7:Z7
season,4,Division 2,1,JUICE_WRLD,L7JAZZ,11,12,I11:J11,I12:J12,Easy=; Hard=,Easy=; Hard=,"{""blue"":1,""red"":1}","{""blue"":1,""red"":1}",PARTIAL — NEEDS REVIEW,SOURCE COLOR CONFIRMED,PRO WEEK CURRENT,S4,478408343,B11:Z11; B12:Z12,https://docs.google.com/spreadsheets/d/1X8IM5qjBFTDyNgP8tl4eYBry9aFgK0cGj-B1sl2ddNI/edit,PRO WEEK CURRENT / S4 / B11:Z11; B12:Z12
season,4,Division 2,2,JUICE_WRLD,GUYB,11,14,O11:P11,O14:P14,Easy=; Hard=,Easy=; Hard=,"{""blue"":1}","{""blue"":1}",PARTIAL — NEEDS REVIEW,SOURCE COLOR CONFIRMED,PRO WEEK CURRENT,S4,478408343,B11:Z11; B14:Z14,https://docs.google.com/spreadsheets/d/1X8IM5qjBFTDyNgP8tl4eYBry9aFgK0cGj-B1sl2ddNI/edit,PRO WEEK CURRENT / S4 / B11:Z11; B14:Z14
season,4,Division 2,3,JUICE_WRLD,SHOOTER_MCGAVIN,11,13,U11:V11,U13:V13,Easy=; Hard=,Easy=; Hard=,"{""blue"":1,""red"":1}","{""blue"":1,""red"":1}",PARTIAL — NEEDS REVIEW,SOURCE COLOR CONFIRMED,PRO WEEK CURRENT,S4,478408343,B11:Z11; B13:Z13,https://docs.google.com/spreadsheets/d/1X8IM5qjBFTDyNgP8tl4eYBry9aFgK0cGj-B1sl2ddNI/edit,PRO WEEK CURRENT / S4 / B11:Z11; B13:Z13
season,4,Division 2,2,L7JAZZ,SHOOTER_MCGAVIN,12,13,O12:P12,O13:P13,Easy=; Hard=,Easy=; Hard=,"{""red"":1}","{""red"":1}",PARTIAL — NEEDS REVIEW,SOURCE COLOR CONFIRMED,PRO WEEK CURRENT,S4,478408343,B12:Z12; B13:Z13,https://docs.google.com/spreadsheets/d/1X8IM5qjBFTDyNgP8tl4eYBry9aFgK0cGj-B1sl2ddNI/edit,PRO WEEK CURRENT / S4 / B12:Z12; B13:Z13
season,4,Division 2,3,L7JAZZ,GUYB,12,14,U12:V12,U14:V14,Easy=; Hard=,Easy=; Hard=,"{""blue"":1,""red"":0.6}","{""blue"":1,""red"":0.6}",PARTIAL — NEEDS REVIEW,SOURCE COLOR CONFIRMED,PRO WEEK CURRENT,S4,478408343,B12:Z12; B14:Z14,https://docs.google.com/spreadsheets/d/1X8IM5qjBFTDyNgP8tl4eYBry9aFgK0cGj-B1sl2ddNI/edit,PRO WEEK CURRENT / S4 / B12:Z12; B14:Z14
season,4,Division 2,1,SHOOTER_MCGAVIN,GUYB,13,14,I13:J13,I14:J14,Easy=-12; Hard=-7,Easy=-10; Hard=-10,"{""blue"":1,""red"":0.6}","{""blue"":1,""red"":0.6}",SOURCE COLOR CONFIRMED — PLAYED,SOURCE COLOR CONFIRMED,PRO WEEK CURRENT,S4,478408343,B13:Z13; B14:Z14,https://docs.google.com/spreadsheets/d/1X8IM5qjBFTDyNgP8tl4eYBry9aFgK0cGj-B1sl2ddNI/edit,PRO WEEK CURRENT / S4 / B13:Z13; B14:Z14
season,4,Division 3,1,SLABDADDY,EARTHLING,18,19,I18:J18,I19:J19,Easy=; Hard=,Easy=; Hard=,"{""green"":1,""red"":1}","{""green"":1,""red"":1}",PARTIAL — NEEDS REVIEW,SOURCE COLOR CONFIRMED,PRO WEEK CURRENT,S4,478408343,B18:Z18; B19:Z19,https://docs.google.com/spreadsheets/d/1X8IM5qjBFTDyNgP8tl4eYBry9aFgK0cGj-B1sl2ddNI/edit,PRO WEEK CURRENT / S4 / B18:Z18; B19:Z19
season,4,Division 3,2,SLABDADDY,PRINCESS_SPICY,18,21,O18:P18,O21:P21,Easy=; Hard=,Easy=; Hard=,"{""blue"":1,""green"":1}","{""blue"":1,""green"":1}",PARTIAL — NEEDS REVIEW,SOURCE COLOR CONFIRMED,PRO WEEK CURRENT,S4,478408343,B18:Z18; B21:Z21,https://docs.google.com/spreadsheets/d/1X8IM5qjBFTDyNgP8tl4eYBry9aFgK0cGj-B1sl2ddNI/edit,PRO WEEK CURRENT / S4 / B18:Z18; B21:Z21
season,4,Division 3,3,SLABDADDY,KD,18,20,U18:V18,U20:V20,Easy=-16; Hard=2,Easy=-14; Hard=-1,"{""blue"":1}","{""blue"":1}",SOURCE COLOR CONFIRMED — PLAYED,SOURCE COLOR CONFIRMED,PRO WEEK CURRENT,S4,478408343,B18:Z18; B20:Z20,https://docs.google.com/spreadsheets/d/1X8IM5qjBFTDyNgP8tl4eYBry9aFgK0cGj-B1sl2ddNI/edit,PRO WEEK CURRENT / S4 / B18:Z18; B20:Z20
season,4,Division 3,2,EARTHLING,KD,19,20,O19:P19,O20:P20,Easy=; Hard=,Easy=; Hard=,"{""red"":1}","{""red"":1}",PARTIAL — NEEDS REVIEW,SOURCE COLOR CONFIRMED,PRO WEEK CURRENT,S4,478408343,B19:Z19; B20:Z20,https://docs.google.com/spreadsheets/d/1X8IM5qjBFTDyNgP8tl4eYBry9aFgK0cGj-B1sl2ddNI/edit,PRO WEEK CURRENT / S4 / B19:Z19; B20:Z20
season,4,Division 3,3,EARTHLING,PRINCESS_SPICY,19,21,U19:V19,U21:V21,Easy=; Hard=,Easy=; Hard=,"{""red"":1}","{""red"":1}",PARTIAL — NEEDS REVIEW,SOURCE COLOR CONFIRMED,PRO WEEK CURRENT,S4,478408343,B19:Z19; B21:Z21,https://docs.google.com/spreadsheets/d/1X8IM5qjBFTDyNgP8tl4eYBry9aFgK0cGj-B1sl2ddNI/edit,PRO WEEK CURRENT / S4 / B19:Z19; B21:Z21
season,4,Division 3,1,KD,PRINCESS_SPICY,20,21,I20:J20,I21:J21,Easy=; Hard=,Easy=; Hard=,"{""green"":1}","{""green"":1}",PARTIAL — NEEDS REVIEW,SOURCE COLOR CONFIRMED,PRO WEEK CURRENT,S4,478408343,B20:Z20; B21:Z21,https://docs.google.com/spreadsheets/d/1X8IM5qjBFTDyNgP8tl4eYBry9aFgK0cGj-B1sl2ddNI/edit,PRO WEEK CURRENT / S4 / B20:Z20; B21:Z21
season,4,Division 4,1,RACCOONS_WHISKER,SANDTRAP,25,26,I25:J25,I26:J26,Easy=-14; Hard=-1,Easy=-14; Hard=2,"{""red"":1}","{""red"":1}",SOURCE COLOR CONFIRMED — PLAYED,SOURCE COLOR CONFIRMED,PRO WEEK CURRENT,S4,478408343,B25:Z25; B26:Z26,https://docs.google.com/spreadsheets/d/1X8IM5qjBFTDyNgP8tl4eYBry9aFgK0cGj-B1sl2ddNI/edit,PRO WEEK CURRENT / S4 / B25:Z25; B26:Z26
season,4,Division 4,2,RACCOONS_WHISKER,,25,,O25:P25,,Easy=---; Hard=---,,"{""blue"":1,""red"":0.6}","{""blue"":1,""red"":0.6}",AMBIGUOUS / NEEDS REVIEW,SOURCE COLOR CONFIRMED — AMBIGUOUS GROUP,PRO WEEK CURRENT,S4,478408343,B25:Z25,https://docs.google.com/spreadsheets/d/1X8IM5qjBFTDyNgP8tl4eYBry9aFgK0cGj-B1sl2ddNI/edit,PRO WEEK CURRENT / S4 / B25:Z25
season,4,Division 4,3,RACCOONS_WHISKER,ZOEDARLIN,25,27,U25:V25,U27:V27,Easy=-7; Hard=2,Easy=-8; Hard=15,"{""blue"":1}","{""blue"":1}",SOURCE COLOR CONFIRMED — PLAYED,SOURCE COLOR CONFIRMED,PRO WEEK CURRENT,S4,478408343,B25:Z25; B27:Z27,https://docs.google.com/spreadsheets/d/1X8IM5qjBFTDyNgP8tl4eYBry9aFgK0cGj-B1sl2ddNI/edit,PRO WEEK CURRENT / S4 / B25:Z25; B27:Z27
season,4,Division 4,2,SANDTRAP,ZOEDARLIN,26,27,O26:P26,O27:P27,Easy=-6; Hard=4,Easy=-13; Hard=-1,"{""blue"":1,""red"":1}","{""blue"":1,""red"":1}",SOURCE COLOR CONFIRMED — PLAYED,SOURCE COLOR CONFIRMED,PRO WEEK CURRENT,S4,478408343,B26:Z26; B27:Z27,https://docs.google.com/spreadsheets/d/1X8IM5qjBFTDyNgP8tl4eYBry9aFgK0cGj-B1sl2ddNI/edit,PRO WEEK CURRENT / S4 / B26:Z26; B27:Z27
season,4,Division 4,3,SANDTRAP,,26,,U26:V26,,Easy=---; Hard=---,,"{""red"":1}","{""red"":1}",AMBIGUOUS / NEEDS REVIEW,SOURCE COLOR CONFIRMED — AMBIGUOUS GROUP,PRO WEEK CURRENT,S4,478408343,B26:Z26,https://docs.google.com/spreadsheets/d/1X8IM5qjBFTDyNgP8tl4eYBry9aFgK0cGj-B1sl2ddNI/edit,PRO WEEK CURRENT / S4 / B26:Z26
season,4,Division 4,1,ZOEDARLIN,,27,,I27:J27,,Easy=---; Hard=---,,"{""blue"":1}","{""blue"":1}",AMBIGUOUS / NEEDS REVIEW,SOURCE COLOR CONFIRMED — AMBIGUOUS GROUP,PRO WEEK CURRENT,S4,478408343,B27:Z27,https://docs.google.com/spreadsheets/d/1X8IM5qjBFTDyNgP8tl4eYBry9aFgK0cGj-B1sl2ddNI/edit,PRO WEEK CURRENT / S4 / B27:Z27
season,4,Division 7,1,PUFFIN,SARAHLYNN727,46,47,I46:J46,I47:J47,Easy=; Hard=,Easy=; Hard=,"{""blue"":1,""green"":1}","{""blue"":1,""green"":1}",PARTIAL — NEEDS REVIEW,SOURCE COLOR CONFIRMED,PRO WEEK CURRENT,S4,478408343,B46:Z46; B47:Z47,https://docs.google.com/spreadsheets/d/1X8IM5qjBFTDyNgP8tl4eYBry9aFgK0cGj-B1sl2ddNI/edit,PRO WEEK CURRENT / S4 / B46:Z46; B47:Z47
season,4,Division 7,2,PUFFIN,,46,,O46:P46,,Easy=; Hard=,,"{""blue"":1}","{""blue"":1}",AMBIGUOUS / NEEDS REVIEW,SOURCE COLOR CONFIRMED — AMBIGUOUS GROUP,PRO WEEK CURRENT,S4,478408343,B46:Z46,https://docs.google.com/spreadsheets/d/1X8IM5qjBFTDyNgP8tl4eYBry9aFgK0cGj-B1sl2ddNI/edit,PRO WEEK CURRENT / S4 / B46:Z46
season,4,Division 7,3,PUFFIN,RAY-OF-SUNSHINE,46,48,U46:V46,U48:V48,Easy=; Hard=,Easy=; Hard=,"{""green"":1}","{""green"":1}",PARTIAL — NEEDS REVIEW,SOURCE COLOR CONFIRMED,PRO WEEK CURRENT,S4,478408343,B46:Z46; B48:Z48,https://docs.google.com/spreadsheets/d/1X8IM5qjBFTDyNgP8tl4eYBry9aFgK0cGj-B1sl2ddNI/edit,PRO WEEK CURRENT / S4 / B46:Z46; B48:Z48
season,4,Division 7,2,SARAHLYNN727,RAY-OF-SUNSHINE,47,48,O47:P47,O48:P48,Easy=; Hard=,Easy=; Hard=,"{""green"":1,""red"":1}","{""green"":1,""red"":1}",PARTIAL — NEEDS REVIEW,SOURCE COLOR CONFIRMED,PRO WEEK CURRENT,S4,478408343,B47:Z47; B48:Z48,https://docs.google.com/spreadsheets/d/1X8IM5qjBFTDyNgP8tl4eYBry9aFgK0cGj-B1sl2ddNI/edit,PRO WEEK CURRENT / S4 / B47:Z47; B48:Z48
season,4,Division 7,3,SARAHLYNN727,,47,,U47:V47,,Easy=; Hard=,,"{""blue"":1,""green"":1}","{""blue"":1,""green"":1}",AMBIGUOUS / NEEDS REVIEW,SOURCE COLOR CONFIRMED — AMBIGUOUS GROUP,PRO WEEK CURRENT,S4,478408343,B47:Z47,https://docs.google.com/spreadsheets/d/1X8IM5qjBFTDyNgP8tl4eYBry9aFgK0cGj-B1sl2ddNI/edit,PRO WEEK CURRENT / S4 / B47:Z47
season,4,Division 7,1,RAY-OF-SUNSHINE,,48,,I48:J48,,Easy=; Hard=,,"{""green"":1}","{""green"":1}",AMBIGUOUS / NEEDS REVIEW,SOURCE COLOR CONFIRMED — AMBIGUOUS GROUP,PRO WEEK CURRENT,S4,478408343,B48:Z48,https://docs.google.com/spreadsheets/d/1X8IM5qjBFTDyNgP8tl4eYBry9aFgK0cGj-B1sl2ddNI/edit,PRO WEEK CURRENT / S4 / B48:Z48
season,3,Division 1,1,BIGJA,YODA5753,4,5,I4:J4,I5:J5,Easy=-17; Hard=-15,Easy=-18; Hard=-7,"{""green"":1,""red"":1}","{""green"":1,""red"":1}",SOURCE COLOR CONFIRMED — PLAYED,SOURCE COLOR CONFIRMED,PRO WEEK CURRENT,S3,1306253034,B4:Z4; B5:Z5,https://docs.google.com/spreadsheets/d/1X8IM5qjBFTDyNgP8tl4eYBry9aFgK0cGj-B1sl2ddNI/edit,PRO WEEK CURRENT / S3 / B4:Z4; B5:Z5
season,3,Division 1,2,BIGJA,JUICE_WRLD,4,7,O4:P4,O7:P7,Easy=; Hard=,Easy=; Hard=,"{""blue"":1,""green"":1}","{""blue"":1,""green"":1}",PARTIAL — NEEDS REVIEW,SOURCE COLOR CONFIRMED,PRO WEEK CURRENT,S3,1306253034,B4:Z4; B7:Z7,https://docs.google.com/spreadsheets/d/1X8IM5qjBFTDyNgP8tl4eYBry9aFgK0cGj-B1sl2ddNI/edit,PRO WEEK CURRENT / S3 / B4:Z4; B7:Z7
season,3,Division 1,3,BIGJA,CHIPNPUTT,4,6,U4:V4,U6:V6,Easy=-19; Hard=-16,Easy=-17; Hard=-1,"{""green"":1,""red"":1}","{""green"":1,""red"":1}",SOURCE COLOR CONFIRMED — PLAYED,SOURCE COLOR CONFIRMED,PRO WEEK CURRENT,S3,1306253034,B4:Z4; B6:Z6,https://docs.google.com/spreadsheets/d/1X8IM5qjBFTDyNgP8tl4eYBry9aFgK0cGj-B1sl2ddNI/edit,PRO WEEK CURRENT / S3 / B4:Z4; B6:Z6
season,3,Division 1,2,YODA5753,CHIPNPUTT,5,6,O5:P5,O6:P6,Easy=-17; Hard=-9,Easy=-14; Hard=-11,"{""red"":1}","{""red"":1}",SOURCE COLOR CONFIRMED — PLAYED,SOURCE COLOR CONFIRMED,PRO WEEK CURRENT,S3,1306253034,B5:Z5; B6:Z6,https://docs.google.com/spreadsheets/d/1X8IM5qjBFTDyNgP8tl4eYBry9aFgK0cGj-B1sl2ddNI/edit,PRO WEEK CURRENT / S3 / B5:Z5; B6:Z6
season,3,Division 1,3,YODA5753,JUICE_WRLD,5,7,U5:V5,U7:V7,Easy=; Hard=,Easy=; Hard=,"{""blue"":1}","{""blue"":1}",PARTIAL — NEEDS REVIEW,SOURCE COLOR CONFIRMED,PRO WEEK CURRENT,S3,1306253034,B5:Z5; B7:Z7,https://docs.google.com/spreadsheets/d/1X8IM5qjBFTDyNgP8tl4eYBry9aFgK0cGj-B1sl2ddNI/edit,PRO WEEK CURRENT / S3 / B5:Z5; B7:Z7
season,3,Division 1,1,CHIPNPUTT,JUICE_WRLD,6,7,I6:J6,I7:J7,Easy=; Hard=,Easy=; Hard=,"{""green"":1}","{""green"":1}",PARTIAL — NEEDS REVIEW,SOURCE COLOR CONFIRMED,PRO WEEK CURRENT,S3,1306253034,B6:Z6; B7:Z7,https://docs.google.com/spreadsheets/d/1X8IM5qjBFTDyNgP8tl4eYBry9aFgK0cGj-B1sl2ddNI/edit,PRO WEEK CURRENT / S3 / B6:Z6; B7:Z7
season,3,Division 2,1,L7JAZZ,SHOOTER_MCGAVIN,11,12,I11:J11,I12:J12,Easy=; Hard=,Easy=; Hard=,"{""blue"":1,""red"":1}","{""blue"":1,""red"":1}",PARTIAL — NEEDS REVIEW,SOURCE COLOR CONFIRMED,PRO WEEK CURRENT,S3,1306253034,B11:Z11; B12:Z12,https://docs.google.com/spreadsheets/d/1X8IM5qjBFTDyNgP8tl4eYBry9aFgK0cGj-B1sl2ddNI/edit,PRO WEEK CURRENT / S3 / B11:Z11; B12:Z12
season,3,Division 2,2,L7JAZZ,SLABDADDY,11,14,O11:P11,O14:P14,Easy=; Hard=,Easy=; Hard=,"{""blue"":1}","{""blue"":1}",PARTIAL — NEEDS REVIEW,SOURCE COLOR CONFIRMED,PRO WEEK CURRENT,S3,1306253034,B11:Z11; B14:Z14,https://docs.google.com/spreadsheets/d/1X8IM5qjBFTDyNgP8tl4eYBry9aFgK0cGj-B1sl2ddNI/edit,PRO WEEK CURRENT / S3 / B11:Z11; B14:Z14
season,3,Division 2,3,L7JAZZ,WICKEDSHACK,11,13,U11:V11,U13:V13,Easy=-17; Hard=-8,Easy=-13; Hard=6,"{""blue"":1,""red"":1}","{""blue"":1,""red"":1}",SOURCE COLOR CONFIRMED — PLAYED,SOURCE COLOR CONFIRMED,PRO WEEK CURRENT,S3,1306253034,B11:Z11; B13:Z13,https://docs.google.com/spreadsheets/d/1X8IM5qjBFTDyNgP8tl4eYBry9aFgK0cGj-B1sl2ddNI/edit,PRO WEEK CURRENT / S3 / B11:Z11; B13:Z13
season,3,Division 2,2,SHOOTER_MCGAVIN,WICKEDSHACK,12,13,O12:P12,O13:P13,Easy=-19; Hard=-5,Easy=-15; Hard=-10,"{""red"":1}","{""red"":1}",SOURCE COLOR CONFIRMED — PLAYED,SOURCE COLOR CONFIRMED,PRO WEEK CURRENT,S3,1306253034,B12:Z12; B13:Z13,https://docs.google.com/spreadsheets/d/1X8IM5qjBFTDyNgP8tl4eYBry9aFgK0cGj-B1sl2ddNI/edit,PRO WEEK CURRENT / S3 / B12:Z12; B13:Z13
season,3,Division 2,3,SHOOTER_MCGAVIN,SLABDADDY,12,14,U12:V12,U14:V14,Easy=; Hard=,Easy=; Hard=,"{""blue"":1,""red"":0.6}","{""blue"":1,""red"":0.6}",PARTIAL — NEEDS REVIEW,SOURCE COLOR CONFIRMED,PRO WEEK CURRENT,S3,1306253034,B12:Z12; B14:Z14,https://docs.google.com/spreadsheets/d/1X8IM5qjBFTDyNgP8tl4eYBry9aFgK0cGj-B1sl2ddNI/edit,PRO WEEK CURRENT / S3 / B12:Z12; B14:Z14
season,3,Division 2,1,WICKEDSHACK,SLABDADDY,13,14,I13:J13,I14:J14,Easy=; Hard=,Easy=; Hard=,"{""blue"":1,""red"":0.6}","{""blue"":1,""red"":0.6}",PARTIAL — NEEDS REVIEW,SOURCE COLOR CONFIRMED,PRO WEEK CURRENT,S3,1306253034,B13:Z13; B14:Z14,https://docs.google.com/spreadsheets/d/1X8IM5qjBFTDyNgP8tl4eYBry9aFgK0cGj-B1sl2ddNI/edit,PRO WEEK CURRENT / S3 / B13:Z13; B14:Z14
season,3,Division 3,1,EARTHLING,KD,18,19,I18:J18,I19:J19,Easy=-13; Hard=-3,Easy=-12; Hard=-3,"{""green"":1,""red"":1}","{""green"":1,""red"":1}",SOURCE COLOR CONFIRMED — PLAYED,SOURCE COLOR CONFIRMED,PRO WEEK CURRENT,S3,1306253034,B18:Z18; B19:Z19,https://docs.google.com/spreadsheets/d/1X8IM5qjBFTDyNgP8tl4eYBry9aFgK0cGj-B1sl2ddNI/edit,PRO WEEK CURRENT / S3 / B18:Z18; B19:Z19
season,3,Division 3,2,EARTHLING,BYE,18,21,O18:P18,O21:P21,Easy=; Hard=,Easy=; Hard=,"{""blue"":1,""green"":1}","{""blue"":1,""green"":1}",PARTIAL — NEEDS REVIEW,SOURCE COLOR CONFIRMED,PRO WEEK CURRENT,S3,1306253034,B18:Z18; B21:Z21,https://docs.google.com/spreadsheets/d/1X8IM5qjBFTDyNgP8tl4eYBry9aFgK0cGj-B1sl2ddNI/edit,PRO WEEK CURRENT / S3 / B18:Z18; B21:Z21
season,3,Division 3,3,EARTHLING,GUYB,18,20,U18:V18,U20:V20,Easy=; Hard=,Easy=; Hard=,"{""blue"":1}","{""blue"":1}",PARTIAL — NEEDS REVIEW,SOURCE COLOR CONFIRMED,PRO WEEK CURRENT,S3,1306253034,B18:Z18; B20:Z20,https://docs.google.com/spreadsheets/d/1X8IM5qjBFTDyNgP8tl4eYBry9aFgK0cGj-B1sl2ddNI/edit,PRO WEEK CURRENT / S3 / B18:Z18; B20:Z20
season,3,Division 3,2,KD,GUYB,19,20,O19:P19,O20:P20,Easy=-12; Hard=0,Easy=-12; Hard=-9,"{""red"":1}","{""red"":1}",SOURCE COLOR CONFIRMED — PLAYED,SOURCE COLOR CONFIRMED,PRO WEEK CURRENT,S3,1306253034,B19:Z19; B20:Z20,https://docs.google.com/spreadsheets/d/1X8IM5qjBFTDyNgP8tl4eYBry9aFgK0cGj-B1sl2ddNI/edit,PRO WEEK CURRENT / S3 / B19:Z19; B20:Z20
season,3,Division 3,3,KD,BYE,19,21,U19:V19,U21:V21,Easy=; Hard=,Easy=; Hard=,"{""red"":1}","{""red"":1}",PARTIAL — NEEDS REVIEW,SOURCE COLOR CONFIRMED,PRO WEEK CURRENT,S3,1306253034,B19:Z19; B21:Z21,https://docs.google.com/spreadsheets/d/1X8IM5qjBFTDyNgP8tl4eYBry9aFgK0cGj-B1sl2ddNI/edit,PRO WEEK CURRENT / S3 / B19:Z19; B21:Z21
season,3,Division 3,1,GUYB,BYE,20,21,I20:J20,I21:J21,Easy=; Hard=,Easy=; Hard=,"{""green"":1}","{""green"":1}",PARTIAL — NEEDS REVIEW,SOURCE COLOR CONFIRMED,PRO WEEK CURRENT,S3,1306253034,B20:Z20; B21:Z21,https://docs.google.com/spreadsheets/d/1X8IM5qjBFTDyNgP8tl4eYBry9aFgK0cGj-B1sl2ddNI/edit,PRO WEEK CURRENT / S3 / B20:Z20; B21:Z21
season,3,Division 4,1,PRINCESS_SPICY,PUFFIN,25,26,I25:J25,I26:J26,Easy=; Hard=,Easy=; Hard=,"{""red"":1}","{""red"":1}",PARTIAL — NEEDS REVIEW,SOURCE COLOR CONFIRMED,PRO WEEK CURRENT,S3,1306253034,B25:Z25; B26:Z26,https://docs.google.com/spreadsheets/d/1X8IM5qjBFTDyNgP8tl4eYBry9aFgK0cGj-B1sl2ddNI/edit,PRO WEEK CURRENT / S3 / B25:Z25; B26:Z26
season,3,Division 4,2,PRINCESS_SPICY,SANDTRAP,25,28,O25:P25,O28:P28,Easy=-11; Hard=-12,Easy=-13; Hard=3,"{""blue"":1,""red"":0.6}","{""blue"":1,""red"":0.6}",SOURCE COLOR CONFIRMED — PLAYED,SOURCE COLOR CONFIRMED,PRO WEEK CURRENT,S3,1306253034,B25:Z25; B28:Z28,https://docs.google.com/spreadsheets/d/1X8IM5qjBFTDyNgP8tl4eYBry9aFgK0cGj-B1sl2ddNI/edit,PRO WEEK CURRENT / S3 / B25:Z25; B28:Z28
season,3,Division 4,3,PRINCESS_SPICY,RACCOONS_WHISKER,25,27,U25:V25,U27:V27,Easy=-20; Hard=-12,Easy=-15; Hard=1,"{""blue"":1}","{""blue"":1}",SOURCE COLOR CONFIRMED — PLAYED,SOURCE COLOR CONFIRMED,PRO WEEK CURRENT,S3,1306253034,B25:Z25; B27:Z27,https://docs.google.com/spreadsheets/d/1X8IM5qjBFTDyNgP8tl4eYBry9aFgK0cGj-B1sl2ddNI/edit,PRO WEEK CURRENT / S3 / B25:Z25; B27:Z27
season,3,Division 4,2,PUFFIN,RACCOONS_WHISKER,26,27,O26:P26,O27:P27,Easy=; Hard=,Easy=; Hard=,"{""blue"":1,""red"":1}","{""blue"":1,""red"":1}",PARTIAL — NEEDS REVIEW,SOURCE COLOR CONFIRMED,PRO WEEK CURRENT,S3,1306253034,B26:Z26; B27:Z27,https://docs.google.com/spreadsheets/d/1X8IM5qjBFTDyNgP8tl4eYBry9aFgK0cGj-B1sl2ddNI/edit,PRO WEEK CURRENT / S3 / B26:Z26; B27:Z27
season,3,Division 4,3,PUFFIN,SANDTRAP,26,28,U26:V26,U28:V28,Easy=; Hard=,Easy=; Hard=,"{""red"":1}","{""red"":1}",PARTIAL — NEEDS REVIEW,SOURCE COLOR CONFIRMED,PRO WEEK CURRENT,S3,1306253034,B26:Z26; B28:Z28,https://docs.google.com/spreadsheets/d/1X8IM5qjBFTDyNgP8tl4eYBry9aFgK0cGj-B1sl2ddNI/edit,PRO WEEK CURRENT / S3 / B26:Z26; B28:Z28
season,3,Division 4,1,RACCOONS_WHISKER,SANDTRAP,27,28,I27:J27,I28:J28,Easy=-14; Hard=1,Easy=-10; Hard=0,"{""blue"":1}","{""blue"":1}",SOURCE COLOR CONFIRMED — PLAYED,SOURCE COLOR CONFIRMED,PRO WEEK CURRENT,S3,1306253034,B27:Z27; B28:Z28,https://docs.google.com/spreadsheets/d/1X8IM5qjBFTDyNgP8tl4eYBry9aFgK0cGj-B1sl2ddNI/edit,PRO WEEK CURRENT / S3 / B27:Z27; B28:Z28
season,3,Division 7,1,RAY-OF-SUNSHINE,ZOEDARLIN,46,47,I46:J46,I47:J47,Easy=; Hard=,Easy=; Hard=,"{""blue"":1,""green"":1}","{""blue"":1,""green"":1}",PARTIAL — NEEDS REVIEW,SOURCE COLOR CONFIRMED,PRO WEEK CURRENT,S3,1306253034,B46:Z46; B47:Z47,https://docs.google.com/spreadsheets/d/1X8IM5qjBFTDyNgP8tl4eYBry9aFgK0cGj-B1sl2ddNI/edit,PRO WEEK CURRENT / S3 / B46:Z46; B47:Z47
season,3,Division 7,2,RAY-OF-SUNSHINE,ABAGOFCHIP,46,49,O46:P46,O49:P49,Easy=; Hard=,Easy=; Hard=,"{""blue"":1}","{""blue"":1}",PARTIAL — NEEDS REVIEW,SOURCE COLOR CONFIRMED,PRO WEEK CURRENT,S3,1306253034,B46:Z46; B49:Z49,https://docs.google.com/spreadsheets/d/1X8IM5qjBFTDyNgP8tl4eYBry9aFgK0cGj-B1sl2ddNI/edit,PRO WEEK CURRENT / S3 / B46:Z46; B49:Z49
season,3,Division 7,3,RAY-OF-SUNSHINE,SARAHLYNN727,46,48,U46:V46,U48:V48,Easy=; Hard=,Easy=; Hard=,"{""green"":1}","{""green"":1}",PARTIAL — NEEDS REVIEW,SOURCE COLOR CONFIRMED,PRO WEEK CURRENT,S3,1306253034,B46:Z46; B48:Z48,https://docs.google.com/spreadsheets/d/1X8IM5qjBFTDyNgP8tl4eYBry9aFgK0cGj-B1sl2ddNI/edit,PRO WEEK CURRENT / S3 / B46:Z46; B48:Z48
season,3,Division 7,2,ZOEDARLIN,SARAHLYNN727,47,48,O47:P47,O48:P48,Easy=-17; Hard=-5,Easy=-11; Hard=6,"{""green"":1,""red"":1}","{""green"":1,""red"":1}",SOURCE COLOR CONFIRMED — PLAYED,SOURCE COLOR CONFIRMED,PRO WEEK CURRENT,S3,1306253034,B47:Z47; B48:Z48,https://docs.google.com/spreadsheets/d/1X8IM5qjBFTDyNgP8tl4eYBry9aFgK0cGj-B1sl2ddNI/edit,PRO WEEK CURRENT / S3 / B47:Z47; B48:Z48
season,3,Division 7,3,ZOEDARLIN,ABAGOFCHIP,47,49,U47:V47,U49:V49,Easy=; Hard=,Easy=; Hard=,"{""blue"":1,""green"":1}","{""blue"":1,""green"":1}",PARTIAL — NEEDS REVIEW,SOURCE COLOR CONFIRMED,PRO WEEK CURRENT,S3,1306253034,B47:Z47; B49:Z49,https://docs.google.com/spreadsheets/d/1X8IM5qjBFTDyNgP8tl4eYBry9aFgK0cGj-B1sl2ddNI/edit,PRO WEEK CURRENT / S3 / B47:Z47; B49:Z49
season,3,Division 7,1,SARAHLYNN727,ABAGOFCHIP,48,49,I48:J48,I49:J49,Easy=; Hard=,Easy=; Hard=,"{""green"":1}","{""green"":1}",PARTIAL — NEEDS REVIEW,SOURCE COLOR CONFIRMED,PRO WEEK CURRENT,S3,1306253034,B48:Z48; B49:Z49,https://docs.google.com/spreadsheets/d/1X8IM5qjBFTDyNgP8tl4eYBry9aFgK0cGj-B1sl2ddNI/edit,PRO WEEK CURRENT / S3 / B48:Z48; B49:Z49
season,2,Division 1,1,BIGJA,YODA5753,4,5,I4:J4,I5:J5,Easy=-25; Hard=-15,Easy=-25; Hard=-15,"{""green"":1,""red"":1}","{""green"":1,""red"":1}",SOURCE COLOR CONFIRMED — PLAYED,SOURCE COLOR CONFIRMED,PRO WEEK CURRENT,S2,1400366593,B4:Z4; B5:Z5,https://docs.google.com/spreadsheets/d/1X8IM5qjBFTDyNgP8tl4eYBry9aFgK0cGj-B1sl2ddNI/edit,PRO WEEK CURRENT / S2 / B4:Z4; B5:Z5
season,2,Division 1,2,BIGJA,L7JAZZ,4,7,O4:P4,O7:P7,Easy=; Hard=,Easy=; Hard=,"{""blue"":1,""green"":1}","{""blue"":1,""green"":1}",PARTIAL — NEEDS REVIEW,SOURCE COLOR CONFIRMED,PRO WEEK CURRENT,S2,1400366593,B4:Z4; B7:Z7,https://docs.google.com/spreadsheets/d/1X8IM5qjBFTDyNgP8tl4eYBry9aFgK0cGj-B1sl2ddNI/edit,PRO WEEK CURRENT / S2 / B4:Z4; B7:Z7
season,2,Division 1,3,BIGJA,CHIPNPUTT,4,6,U4:V4,U6:V6,Easy=-22; Hard=-16,Easy=-21; Hard=-5,"{""green"":1,""red"":1}","{""green"":1,""red"":1}",SOURCE COLOR CONFIRMED — PLAYED,SOURCE COLOR CONFIRMED,PRO WEEK CURRENT,S2,1400366593,B4:Z4; B6:Z6,https://docs.google.com/spreadsheets/d/1X8IM5qjBFTDyNgP8tl4eYBry9aFgK0cGj-B1sl2ddNI/edit,PRO WEEK CURRENT / S2 / B4:Z4; B6:Z6
season,2,Division 1,2,YODA5753,CHIPNPUTT,5,6,O5:P5,O6:P6,Easy=-22; Hard=-18,Easy=-23; Hard=-5,"{""red"":1}","{""red"":1}",SOURCE COLOR CONFIRMED — PLAYED,SOURCE COLOR CONFIRMED,PRO WEEK CURRENT,S2,1400366593,B5:Z5; B6:Z6,https://docs.google.com/spreadsheets/d/1X8IM5qjBFTDyNgP8tl4eYBry9aFgK0cGj-B1sl2ddNI/edit,PRO WEEK CURRENT / S2 / B5:Z5; B6:Z6
season,2,Division 1,3,YODA5753,L7JAZZ,5,7,U5:V5,U7:V7,Easy=; Hard=,Easy=; Hard=,"{""blue"":1}","{""blue"":1}",PARTIAL — NEEDS REVIEW,SOURCE COLOR CONFIRMED,PRO WEEK CURRENT,S2,1400366593,B5:Z5; B7:Z7,https://docs.google.com/spreadsheets/d/1X8IM5qjBFTDyNgP8tl4eYBry9aFgK0cGj-B1sl2ddNI/edit,PRO WEEK CURRENT / S2 / B5:Z5; B7:Z7
season,2,Division 1,1,CHIPNPUTT,L7JAZZ,6,7,I6:J6,I7:J7,Easy=; Hard=,Easy=; Hard=,"{""green"":1}","{""green"":1}",PARTIAL — NEEDS REVIEW,SOURCE COLOR CONFIRMED,PRO WEEK CURRENT,S2,1400366593,B6:Z6; B7:Z7,https://docs.google.com/spreadsheets/d/1X8IM5qjBFTDyNgP8tl4eYBry9aFgK0cGj-B1sl2ddNI/edit,PRO WEEK CURRENT / S2 / B6:Z6; B7:Z7
season,2,Division 2,1,SHOOTER_MCGAVIN,EARTHLING,11,12,I11:J11,I12:J12,Easy=-21; Hard=-5,Easy=-14; Hard=-2,"{""blue"":1,""red"":1}","{""blue"":1,""red"":1}",SOURCE COLOR CONFIRMED — PLAYED,SOURCE COLOR CONFIRMED,PRO WEEK CURRENT,S2,1400366593,B11:Z11; B12:Z12,https://docs.google.com/spreadsheets/d/1X8IM5qjBFTDyNgP8tl4eYBry9aFgK0cGj-B1sl2ddNI/edit,PRO WEEK CURRENT / S2 / B11:Z11; B12:Z12
season,2,Division 2,2,SHOOTER_MCGAVIN,JUICE_WRLD,11,14,O11:P11,O14:P14,Easy=-23; Hard=-14,Easy=-23; Hard=-16,"{""blue"":1}","{""blue"":1}",SOURCE COLOR CONFIRMED — PLAYED,SOURCE COLOR CONFIRMED,PRO WEEK CURRENT,S2,1400366593,B11:Z11; B14:Z14,https://docs.google.com/spreadsheets/d/1X8IM5qjBFTDyNgP8tl4eYBry9aFgK0cGj-B1sl2ddNI/edit,PRO WEEK CURRENT / S2 / B11:Z11; B14:Z14
season,2,Division 2,3,SHOOTER_MCGAVIN,WICKEDSHACK,11,13,U11:V11,U13:V13,Easy=-26; Hard=-11,Easy=-15; Hard=-1,"{""blue"":1,""red"":1}","{""blue"":1,""red"":1}",SOURCE COLOR CONFIRMED — PLAYED,SOURCE COLOR CONFIRMED,PRO WEEK CURRENT,S2,1400366593,B11:Z11; B13:Z13,https://docs.google.com/spreadsheets/d/1X8IM5qjBFTDyNgP8tl4eYBry9aFgK0cGj-B1sl2ddNI/edit,PRO WEEK CURRENT / S2 / B11:Z11; B13:Z13
season,2,Division 2,2,EARTHLING,WICKEDSHACK,12,13,O12:P12,O13:P13,Easy=-20; Hard=-7,Easy=-21; Hard=-12,"{""red"":1}","{""red"":1}",SOURCE COLOR CONFIRMED — PLAYED,SOURCE COLOR CONFIRMED,PRO WEEK CURRENT,S2,1400366593,B12:Z12; B13:Z13,https://docs.google.com/spreadsheets/d/1X8IM5qjBFTDyNgP8tl4eYBry9aFgK0cGj-B1sl2ddNI/edit,PRO WEEK CURRENT / S2 / B12:Z12; B13:Z13
season,2,Division 2,3,EARTHLING,JUICE_WRLD,12,14,U12:V12,U14:V14,Easy=-15; Hard=-3,Easy=-28; Hard=-10,"{""blue"":1,""red"":0.6}","{""blue"":1,""red"":0.6}",SOURCE COLOR CONFIRMED — PLAYED,SOURCE COLOR CONFIRMED,PRO WEEK CURRENT,S2,1400366593,B12:Z12; B14:Z14,https://docs.google.com/spreadsheets/d/1X8IM5qjBFTDyNgP8tl4eYBry9aFgK0cGj-B1sl2ddNI/edit,PRO WEEK CURRENT / S2 / B12:Z12; B14:Z14
season,2,Division 2,1,WICKEDSHACK,JUICE_WRLD,13,14,I13:J13,I14:J14,Easy=-16; Hard=-14,Easy=-26; Hard=-14,"{""blue"":1,""red"":0.6}","{""blue"":1,""red"":0.6}",SOURCE COLOR CONFIRMED — PLAYED,SOURCE COLOR CONFIRMED,PRO WEEK CURRENT,S2,1400366593,B13:Z13; B14:Z14,https://docs.google.com/spreadsheets/d/1X8IM5qjBFTDyNgP8tl4eYBry9aFgK0cGj-B1sl2ddNI/edit,PRO WEEK CURRENT / S2 / B13:Z13; B14:Z14
season,2,Division 3,1,SLABDADDY,KD,18,19,I18:J18,I19:J19,Easy=-15; Hard=-3,Easy=-12; Hard=-2,"{""green"":1,""red"":1}","{""green"":1,""red"":1}",SOURCE COLOR CONFIRMED — PLAYED,SOURCE COLOR CONFIRMED,PRO WEEK CURRENT,S2,1400366593,B18:Z18; B19:Z19,https://docs.google.com/spreadsheets/d/1X8IM5qjBFTDyNgP8tl4eYBry9aFgK0cGj-B1sl2ddNI/edit,PRO WEEK CURRENT / S2 / B18:Z18; B19:Z19
season,2,Division 3,2,SLABDADDY,PRINCESS_SPICY,18,21,O18:P18,O21:P21,Easy=-16; Hard=-4,Easy=-18; Hard=-1,"{""blue"":1,""green"":1}","{""blue"":1,""green"":1}",SOURCE COLOR CONFIRMED — PLAYED,SOURCE COLOR CONFIRMED,PRO WEEK CURRENT,S2,1400366593,B18:Z18; B21:Z21,https://docs.google.com/spreadsheets/d/1X8IM5qjBFTDyNgP8tl4eYBry9aFgK0cGj-B1sl2ddNI/edit,PRO WEEK CURRENT / S2 / B18:Z18; B21:Z21
season,2,Division 3,3,SLABDADDY,GUYB,18,20,U18:V18,U20:V20,Easy=-20; Hard=-6,Easy=-20; Hard=-9,"{""blue"":1}","{""blue"":1}",SOURCE COLOR CONFIRMED — PLAYED,SOURCE COLOR CONFIRMED,PRO WEEK CURRENT,S2,1400366593,B18:Z18; B20:Z20,https://docs.google.com/spreadsheets/d/1X8IM5qjBFTDyNgP8tl4eYBry9aFgK0cGj-B1sl2ddNI/edit,PRO WEEK CURRENT / S2 / B18:Z18; B20:Z20
season,2,Division 3,2,KD,GUYB,19,20,O19:P19,O20:P20,Easy=-16; Hard=-10,Easy=-17; Hard=-7,"{""red"":1}","{""red"":1}",SOURCE COLOR CONFIRMED — PLAYED,SOURCE COLOR CONFIRMED,PRO WEEK CURRENT,S2,1400366593,B19:Z19; B20:Z20,https://docs.google.com/spreadsheets/d/1X8IM5qjBFTDyNgP8tl4eYBry9aFgK0cGj-B1sl2ddNI/edit,PRO WEEK CURRENT / S2 / B19:Z19; B20:Z20
season,2,Division 3,3,KD,PRINCESS_SPICY,19,21,U19:V19,U21:V21,Easy=-14; Hard=-7,Easy=-18; Hard=-8,"{""red"":1}","{""red"":1}",SOURCE COLOR CONFIRMED — PLAYED,SOURCE COLOR CONFIRMED,PRO WEEK CURRENT,S2,1400366593,B19:Z19; B21:Z21,https://docs.google.com/spreadsheets/d/1X8IM5qjBFTDyNgP8tl4eYBry9aFgK0cGj-B1sl2ddNI/edit,PRO WEEK CURRENT / S2 / B19:Z19; B21:Z21
season,2,Division 3,1,GUYB,PRINCESS_SPICY,20,21,I20:J20,I21:J21,Easy=; Hard=,Easy=; Hard=,"{""green"":1}","{""green"":1}",PARTIAL — NEEDS REVIEW,SOURCE COLOR CONFIRMED,PRO WEEK CURRENT,S2,1400366593,B20:Z20; B21:Z21,https://docs.google.com/spreadsheets/d/1X8IM5qjBFTDyNgP8tl4eYBry9aFgK0cGj-B1sl2ddNI/edit,PRO WEEK CURRENT / S2 / B20:Z20; B21:Z21
season,2,Division 4,1,LYNNIEBODD,RAY-OF-SUNSHINE,25,26,I25:J25,I26:J26,Easy=-16; Hard=-11,Easy=-7; Hard=-2,"{""red"":1}","{""red"":1}",SOURCE COLOR CONFIRMED — PLAYED,SOURCE COLOR CONFIRMED,PRO WEEK CURRENT,S2,1400366593,B25:Z25; B26:Z26,https://docs.google.com/spreadsheets/d/1X8IM5qjBFTDyNgP8tl4eYBry9aFgK0cGj-B1sl2ddNI/edit,PRO WEEK CURRENT / S2 / B25:Z25; B26:Z26
season,2,Division 4,2,LYNNIEBODD,RACCOONS_WHISKER,25,28,O25:P25,O28:P28,Easy=-20; Hard=-3,Easy=-18; Hard=8,"{""blue"":1,""red"":0.6}","{""blue"":1,""red"":0.6}",SOURCE COLOR CONFIRMED — PLAYED,SOURCE COLOR CONFIRMED,PRO WEEK CURRENT,S2,1400366593,B25:Z25; B28:Z28,https://docs.google.com/spreadsheets/d/1X8IM5qjBFTDyNgP8tl4eYBry9aFgK0cGj-B1sl2ddNI/edit,PRO WEEK CURRENT / S2 / B25:Z25; B28:Z28
season,2,Division 4,3,LYNNIEBODD,PUFFIN,25,27,U25:V25,U27:V27,Easy=-17; Hard=-5,Easy=-12; Hard=2,"{""blue"":1}","{""blue"":1}",SOURCE COLOR CONFIRMED — PLAYED,SOURCE COLOR CONFIRMED,PRO WEEK CURRENT,S2,1400366593,B25:Z25; B27:Z27,https://docs.google.com/spreadsheets/d/1X8IM5qjBFTDyNgP8tl4eYBry9aFgK0cGj-B1sl2ddNI/edit,PRO WEEK CURRENT / S2 / B25:Z25; B27:Z27
season,2,Division 4,2,RAY-OF-SUNSHINE,PUFFIN,26,27,O26:P26,O27:P27,Easy=; Hard=,Easy=; Hard=,"{""blue"":1,""red"":1}","{""blue"":1,""red"":1}",PARTIAL — NEEDS REVIEW,SOURCE COLOR CONFIRMED,PRO WEEK CURRENT,S2,1400366593,B26:Z26; B27:Z27,https://docs.google.com/spreadsheets/d/1X8IM5qjBFTDyNgP8tl4eYBry9aFgK0cGj-B1sl2ddNI/edit,PRO WEEK CURRENT / S2 / B26:Z26; B27:Z27
season,2,Division 4,3,RAY-OF-SUNSHINE,RACCOONS_WHISKER,26,28,U26:V26,U28:V28,Easy=; Hard=,Easy=; Hard=,"{""red"":1}","{""red"":1}",PARTIAL — NEEDS REVIEW,SOURCE COLOR CONFIRMED,PRO WEEK CURRENT,S2,1400366593,B26:Z26; B28:Z28,https://docs.google.com/spreadsheets/d/1X8IM5qjBFTDyNgP8tl4eYBry9aFgK0cGj-B1sl2ddNI/edit,PRO WEEK CURRENT / S2 / B26:Z26; B28:Z28
season,2,Division 4,1,PUFFIN,RACCOONS_WHISKER,27,28,I27:J27,I28:J28,Easy=; Hard=,Easy=; Hard=,"{""blue"":1}","{""blue"":1}",PARTIAL — NEEDS REVIEW,SOURCE COLOR CONFIRMED,PRO WEEK CURRENT,S2,1400366593,B27:Z27; B28:Z28,https://docs.google.com/spreadsheets/d/1X8IM5qjBFTDyNgP8tl4eYBry9aFgK0cGj-B1sl2ddNI/edit,PRO WEEK CURRENT / S2 / B27:Z27; B28:Z28
season,2,Division 7,1,SARAHLYNN727,SANDTRAP,46,47,I46:J46,I47:J47,Easy=-15; Hard=5,Easy=-12; Hard=-5,"{""blue"":1,""green"":1}","{""blue"":1,""green"":1}",SOURCE COLOR CONFIRMED — PLAYED,SOURCE COLOR CONFIRMED,PRO WEEK CURRENT,S2,1400366593,B46:Z46; B47:Z47,https://docs.google.com/spreadsheets/d/1X8IM5qjBFTDyNgP8tl4eYBry9aFgK0cGj-B1sl2ddNI/edit,PRO WEEK CURRENT / S2 / B46:Z46; B47:Z47
season,2,Division 7,2,SARAHLYNN727,ZOEDARLIN,46,49,O46:P46,O49:P49,Easy=-14; Hard=11,Easy=-11; Hard=-2,"{""blue"":1}","{""blue"":1}",SOURCE COLOR CONFIRMED — PLAYED,SOURCE COLOR CONFIRMED,PRO WEEK CURRENT,S2,1400366593,B46:Z46; B49:Z49,https://docs.google.com/spreadsheets/d/1X8IM5qjBFTDyNgP8tl4eYBry9aFgK0cGj-B1sl2ddNI/edit,PRO WEEK CURRENT / S2 / B46:Z46; B49:Z49
season,2,Division 7,3,SARAHLYNN727,ABAGOFCHIP,46,48,U46:V46,U48:V48,Easy=; Hard=,Easy=; Hard=,"{""green"":1}","{""green"":1}",PARTIAL — NEEDS REVIEW,SOURCE COLOR CONFIRMED,PRO WEEK CURRENT,S2,1400366593,B46:Z46; B48:Z48,https://docs.google.com/spreadsheets/d/1X8IM5qjBFTDyNgP8tl4eYBry9aFgK0cGj-B1sl2ddNI/edit,PRO WEEK CURRENT / S2 / B46:Z46; B48:Z48
season,2,Division 7,2,SANDTRAP,ABAGOFCHIP,47,48,O47:P47,O48:P48,Easy=; Hard=,Easy=; Hard=,"{""green"":1,""red"":1}","{""green"":1,""red"":1}",PARTIAL — NEEDS REVIEW,SOURCE COLOR CONFIRMED,PRO WEEK CURRENT,S2,1400366593,B47:Z47; B48:Z48,https://docs.google.com/spreadsheets/d/1X8IM5qjBFTDyNgP8tl4eYBry9aFgK0cGj-B1sl2ddNI/edit,PRO WEEK CURRENT / S2 / B47:Z47; B48:Z48
season,2,Division 7,3,SANDTRAP,ZOEDARLIN,47,49,U47:V47,U49:V49,Easy=-16; Hard=3,Easy=-11; Hard=5,"{""blue"":1,""green"":1}","{""blue"":1,""green"":1}",SOURCE COLOR CONFIRMED — PLAYED,SOURCE COLOR CONFIRMED,PRO WEEK CURRENT,S2,1400366593,B47:Z47; B49:Z49,https://docs.google.com/spreadsheets/d/1X8IM5qjBFTDyNgP8tl4eYBry9aFgK0cGj-B1sl2ddNI/edit,PRO WEEK CURRENT / S2 / B47:Z47; B49:Z49
season,2,Division 7,1,ABAGOFCHIP,ZOEDARLIN,48,49,I48:J48,I49:J49,Easy=; Hard=,Easy=; Hard=,"{""green"":1}","{""green"":1}",PARTIAL — NEEDS REVIEW,SOURCE COLOR CONFIRMED,PRO WEEK CURRENT,S2,1400366593,B48:Z48; B49:Z49,https://docs.google.com/spreadsheets/d/1X8IM5qjBFTDyNgP8tl4eYBry9aFgK0cGj-B1sl2ddNI/edit,PRO WEEK CURRENT / S2 / B48:Z48; B49:Z49
season,1,Division 1,1,BIGJA,STICKY80,4,5,I4:J4,I5:J5,Easy=; Hard=,Easy=; Hard=,"{""green"":1,""red"":1}","{""green"":1,""red"":1}",PARTIAL — NEEDS REVIEW,SOURCE COLOR CONFIRMED,PRO WEEK CURRENT,S1,1936202746,B4:Z4; B5:Z5,https://docs.google.com/spreadsheets/d/1X8IM5qjBFTDyNgP8tl4eYBry9aFgK0cGj-B1sl2ddNI/edit,PRO WEEK CURRENT / S1 / B4:Z4; B5:Z5
season,1,Division 1,2,BIGJA,YODA5753,4,7,O4:P4,O7:P7,Easy=; Hard=,Easy=; Hard=,"{""blue"":1,""green"":1}","{""blue"":1,""green"":1}",PARTIAL — NEEDS REVIEW,SOURCE COLOR CONFIRMED,PRO WEEK CURRENT,S1,1936202746,B4:Z4; B7:Z7,https://docs.google.com/spreadsheets/d/1X8IM5qjBFTDyNgP8tl4eYBry9aFgK0cGj-B1sl2ddNI/edit,PRO WEEK CURRENT / S1 / B4:Z4; B7:Z7
season,1,Division 1,3,BIGJA,TRICKYDICKY,4,6,U4:V4,U6:V6,Easy=; Hard=,Easy=; Hard=,"{""green"":1,""red"":1}","{""green"":1,""red"":1}",PARTIAL — NEEDS REVIEW,SOURCE COLOR CONFIRMED,PRO WEEK CURRENT,S1,1936202746,B4:Z4; B6:Z6,https://docs.google.com/spreadsheets/d/1X8IM5qjBFTDyNgP8tl4eYBry9aFgK0cGj-B1sl2ddNI/edit,PRO WEEK CURRENT / S1 / B4:Z4; B6:Z6
season,1,Division 1,2,STICKY80,TRICKYDICKY,5,6,O5:P5,O6:P6,Easy=; Hard=,Easy=; Hard=,"{""red"":1}","{""red"":1}",PARTIAL — NEEDS REVIEW,SOURCE COLOR CONFIRMED,PRO WEEK CURRENT,S1,1936202746,B5:Z5; B6:Z6,https://docs.google.com/spreadsheets/d/1X8IM5qjBFTDyNgP8tl4eYBry9aFgK0cGj-B1sl2ddNI/edit,PRO WEEK CURRENT / S1 / B5:Z5; B6:Z6
season,1,Division 1,3,STICKY80,YODA5753,5,7,U5:V5,U7:V7,Easy=; Hard=,Easy=; Hard=,"{""blue"":1}","{""blue"":1}",PARTIAL — NEEDS REVIEW,SOURCE COLOR CONFIRMED,PRO WEEK CURRENT,S1,1936202746,B5:Z5; B7:Z7,https://docs.google.com/spreadsheets/d/1X8IM5qjBFTDyNgP8tl4eYBry9aFgK0cGj-B1sl2ddNI/edit,PRO WEEK CURRENT / S1 / B5:Z5; B7:Z7
season,1,Division 1,1,TRICKYDICKY,YODA5753,6,7,I6:J6,I7:J7,Easy=; Hard=,Easy=; Hard=,"{""green"":1}","{""green"":1}",PARTIAL — NEEDS REVIEW,SOURCE COLOR CONFIRMED,PRO WEEK CURRENT,S1,1936202746,B6:Z6; B7:Z7,https://docs.google.com/spreadsheets/d/1X8IM5qjBFTDyNgP8tl4eYBry9aFgK0cGj-B1sl2ddNI/edit,PRO WEEK CURRENT / S1 / B6:Z6; B7:Z7
season,1,Division 2,1,PRINCESS_BANKSHOT,CHIPNPUTT,11,12,I11:J11,I12:J12,Easy=-16; Hard=-12,Easy=-15; Hard=-15,"{""blue"":1,""red"":1}","{""blue"":1,""red"":1}",SOURCE COLOR CONFIRMED — PLAYED,SOURCE COLOR CONFIRMED,PRO WEEK CURRENT,S1,1936202746,B11:Z11; B12:Z12,https://docs.google.com/spreadsheets/d/1X8IM5qjBFTDyNgP8tl4eYBry9aFgK0cGj-B1sl2ddNI/edit,PRO WEEK CURRENT / S1 / B11:Z11; B12:Z12
season,1,Division 2,2,PRINCESS_BANKSHOT,SLABDADDY,11,14,O11:P11,O14:P14,Easy=-25; Hard=-14,Easy=-14; Hard=-3,"{""blue"":1}","{""blue"":1}",SOURCE COLOR CONFIRMED — PLAYED,SOURCE COLOR CONFIRMED,PRO WEEK CURRENT,S1,1936202746,B11:Z11; B14:Z14,https://docs.google.com/spreadsheets/d/1X8IM5qjBFTDyNgP8tl4eYBry9aFgK0cGj-B1sl2ddNI/edit,PRO WEEK CURRENT / S1 / B11:Z11; B14:Z14
season,1,Division 2,3,PRINCESS_BANKSHOT,L7JAZZ,11,13,U11:V11,U13:V13,Easy=-26; Hard=-13,Easy=-13; Hard=-2,"{""blue"":1,""red"":1}","{""blue"":1,""red"":1}",SOURCE COLOR CONFIRMED — PLAYED,SOURCE COLOR CONFIRMED,PRO WEEK CURRENT,S1,1936202746,B11:Z11; B13:Z13,https://docs.google.com/spreadsheets/d/1X8IM5qjBFTDyNgP8tl4eYBry9aFgK0cGj-B1sl2ddNI/edit,PRO WEEK CURRENT / S1 / B11:Z11; B13:Z13
season,1,Division 2,2,CHIPNPUTT,L7JAZZ,12,13,O12:P12,O13:P13,Easy=-18; Hard=-14,Easy=-21; Hard=-7,"{""red"":1}","{""red"":1}",SOURCE COLOR CONFIRMED — PLAYED,SOURCE COLOR CONFIRMED,PRO WEEK CURRENT,S1,1936202746,B12:Z12; B13:Z13,https://docs.google.com/spreadsheets/d/1X8IM5qjBFTDyNgP8tl4eYBry9aFgK0cGj-B1sl2ddNI/edit,PRO WEEK CURRENT / S1 / B12:Z12; B13:Z13
season,1,Division 2,3,CHIPNPUTT,SLABDADDY,12,14,U12:V12,U14:V14,Easy=-21; Hard=-14,Easy=-12; Hard=-9,"{""blue"":1,""red"":0.6}","{""blue"":1,""red"":0.6}",SOURCE COLOR CONFIRMED — PLAYED,SOURCE COLOR CONFIRMED,PRO WEEK CURRENT,S1,1936202746,B12:Z12; B14:Z14,https://docs.google.com/spreadsheets/d/1X8IM5qjBFTDyNgP8tl4eYBry9aFgK0cGj-B1sl2ddNI/edit,PRO WEEK CURRENT / S1 / B12:Z12; B14:Z14
season,1,Division 2,1,L7JAZZ,SLABDADDY,13,14,I13:J13,I14:J14,Easy=-16; Hard=-14,Easy=-15; Hard=1,"{""blue"":1,""red"":0.6}","{""blue"":1,""red"":0.6}",SOURCE COLOR CONFIRMED — PLAYED,SOURCE COLOR CONFIRMED,PRO WEEK CURRENT,S1,1936202746,B13:Z13; B14:Z14,https://docs.google.com/spreadsheets/d/1X8IM5qjBFTDyNgP8tl4eYBry9aFgK0cGj-B1sl2ddNI/edit,PRO WEEK CURRENT / S1 / B13:Z13; B14:Z14
season,1,Division 3,1,KD,EARTHLING,18,19,I18:J18,I19:J19,Easy=-11; Hard=0,Easy=-14; Hard=-7,"{""green"":1,""red"":1}","{""green"":1,""red"":1}",SOURCE COLOR CONFIRMED — PLAYED,SOURCE COLOR CONFIRMED,PRO WEEK CURRENT,S1,1936202746,B18:Z18; B19:Z19,https://docs.google.com/spreadsheets/d/1X8IM5qjBFTDyNgP8tl4eYBry9aFgK0cGj-B1sl2ddNI/edit,PRO WEEK CURRENT / S1 / B18:Z18; B19:Z19
season,1,Division 3,2,KD,SHOOTER_MCGAVIN,18,21,O18:P18,O21:P21,Easy=-9; Hard=0,Easy=-21; Hard=-13,"{""blue"":1,""green"":1}","{""blue"":1,""green"":1}",SOURCE COLOR CONFIRMED — PLAYED,SOURCE COLOR CONFIRMED,PRO WEEK CURRENT,S1,1936202746,B18:Z18; B21:Z21,https://docs.google.com/spreadsheets/d/1X8IM5qjBFTDyNgP8tl4eYBry9aFgK0cGj-B1sl2ddNI/edit,PRO WEEK CURRENT / S1 / B18:Z18; B21:Z21
season,1,Division 3,3,KD,RAY-OF-SUNSHINE,18,20,U18:V18,U20:V20,Easy=-9; Hard=-4,Easy=0; Hard=-5,"{""blue"":1}","{""blue"":1}",SOURCE COLOR CONFIRMED — PLAYED,SOURCE COLOR CONFIRMED,PRO WEEK CURRENT,S1,1936202746,B18:Z18; B20:Z20,https://docs.google.com/spreadsheets/d/1X8IM5qjBFTDyNgP8tl4eYBry9aFgK0cGj-B1sl2ddNI/edit,PRO WEEK CURRENT / S1 / B18:Z18; B20:Z20
season,1,Division 3,2,EARTHLING,RAY-OF-SUNSHINE,19,20,O19:P19,O20:P20,Easy=; Hard=,Easy=; Hard=,"{""red"":1}","{""red"":1}",PARTIAL — NEEDS REVIEW,SOURCE COLOR CONFIRMED,PRO WEEK CURRENT,S1,1936202746,B19:Z19; B20:Z20,https://docs.google.com/spreadsheets/d/1X8IM5qjBFTDyNgP8tl4eYBry9aFgK0cGj-B1sl2ddNI/edit,PRO WEEK CURRENT / S1 / B19:Z19; B20:Z20
season,1,Division 3,3,EARTHLING,SHOOTER_MCGAVIN,19,21,U19:V19,U21:V21,Easy=-17; Hard=-10,Easy=-22; Hard=-14,"{""red"":1}","{""red"":1}",SOURCE COLOR CONFIRMED — PLAYED,SOURCE COLOR CONFIRMED,PRO WEEK CURRENT,S1,1936202746,B19:Z19; B21:Z21,https://docs.google.com/spreadsheets/d/1X8IM5qjBFTDyNgP8tl4eYBry9aFgK0cGj-B1sl2ddNI/edit,PRO WEEK CURRENT / S1 / B19:Z19; B21:Z21
season,1,Division 3,1,RAY-OF-SUNSHINE,SHOOTER_MCGAVIN,20,21,I20:J20,I21:J21,Easy=-15; Hard=1,Easy=-18; Hard=-14,"{""green"":1}","{""green"":1}",SOURCE COLOR CONFIRMED — PLAYED,SOURCE COLOR CONFIRMED,PRO WEEK CURRENT,S1,1936202746,B20:Z20; B21:Z21,https://docs.google.com/spreadsheets/d/1X8IM5qjBFTDyNgP8tl4eYBry9aFgK0cGj-B1sl2ddNI/edit,PRO WEEK CURRENT / S1 / B20:Z20; B21:Z21
season,1,Division 4,1,PUFFIN,SANDTRAP,25,26,I25:J25,I26:J26,Easy=-8; Hard=4,Easy=-7; Hard=5,"{""red"":1}","{""red"":1}",SOURCE COLOR CONFIRMED — PLAYED,SOURCE COLOR CONFIRMED,PRO WEEK CURRENT,S1,1936202746,B25:Z25; B26:Z26,https://docs.google.com/spreadsheets/d/1X8IM5qjBFTDyNgP8tl4eYBry9aFgK0cGj-B1sl2ddNI/edit,PRO WEEK CURRENT / S1 / B25:Z25; B26:Z26
season,1,Division 4,2,PUFFIN,WICKEDSHACK,25,28,O25:P25,O28:P28,Easy=-17; Hard=-6,Easy=-19; Hard=-5,"{""blue"":1,""red"":0.6}","{""blue"":1,""red"":0.6}",SOURCE COLOR CONFIRMED — PLAYED,SOURCE COLOR CONFIRMED,PRO WEEK CURRENT,S1,1936202746,B25:Z25; B28:Z28,https://docs.google.com/spreadsheets/d/1X8IM5qjBFTDyNgP8tl4eYBry9aFgK0cGj-B1sl2ddNI/edit,PRO WEEK CURRENT / S1 / B25:Z25; B28:Z28
season,1,Division 4,3,PUFFIN,GUYB,25,27,U25:V25,U27:V27,Easy=-11; Hard=2,Easy=-12; Hard=-4,"{""blue"":1}","{""blue"":1}",SOURCE COLOR CONFIRMED — PLAYED,SOURCE COLOR CONFIRMED,PRO WEEK CURRENT,S1,1936202746,B25:Z25; B27:Z27,https://docs.google.com/spreadsheets/d/1X8IM5qjBFTDyNgP8tl4eYBry9aFgK0cGj-B1sl2ddNI/edit,PRO WEEK CURRENT / S1 / B25:Z25; B27:Z27
season,1,Division 4,2,SANDTRAP,GUYB,26,27,O26:P26,O27:P27,Easy=-10; Hard=-12,Easy=-18; Hard=-10,"{""blue"":1,""red"":1}","{""blue"":1,""red"":1}",SOURCE COLOR CONFIRMED — PLAYED,SOURCE COLOR CONFIRMED,PRO WEEK CURRENT,S1,1936202746,B26:Z26; B27:Z27,https://docs.google.com/spreadsheets/d/1X8IM5qjBFTDyNgP8tl4eYBry9aFgK0cGj-B1sl2ddNI/edit,PRO WEEK CURRENT / S1 / B26:Z26; B27:Z27
season,1,Division 4,3,SANDTRAP,WICKEDSHACK,26,28,U26:V26,U28:V28,Easy=-19; Hard=5,Easy=-17; Hard=-12,"{""red"":1}","{""red"":1}",SOURCE COLOR CONFIRMED — PLAYED,SOURCE COLOR CONFIRMED,PRO WEEK CURRENT,S1,1936202746,B26:Z26; B28:Z28,https://docs.google.com/spreadsheets/d/1X8IM5qjBFTDyNgP8tl4eYBry9aFgK0cGj-B1sl2ddNI/edit,PRO WEEK CURRENT / S1 / B26:Z26; B28:Z28
season,1,Division 4,1,GUYB,WICKEDSHACK,27,28,I27:J27,I28:J28,Easy=-12; Hard=19,Easy=-18; Hard=-10,"{""blue"":1}","{""blue"":1}",SOURCE COLOR CONFIRMED — PLAYED,SOURCE COLOR CONFIRMED,PRO WEEK CURRENT,S1,1936202746,B27:Z27; B28:Z28,https://docs.google.com/spreadsheets/d/1X8IM5qjBFTDyNgP8tl4eYBry9aFgK0cGj-B1sl2ddNI/edit,PRO WEEK CURRENT / S1 / B27:Z27; B28:Z28

