"old_classification"	"new_classification"	"production_observation_id"	"source_logical_key"	"logical_key"	"repaired_source_fingerprint"	"old_source_fingerprint"	"canonical_player_id"	"canonical_player_name"	"historical_player_name"	"source_player_id"	"period"	"period_id"	"division"	"division_id"	"course"	"difficulty"	"score"
"PRODUCTION_ONLY"	"EXACT_DUPLICATE"	"29d38de4-91e7-402a-b047-2727250d122d"	"141|113|id:7448|Widow’s Walkabout|easy"	"141|113|09a3a4c5-8cba-41b6-81b5-e2ddaea8c12d|Widow’s Walkabout|easy"	"e2bef6ab9866494bf761e90b9120c1e5c40baf7944b21088db85103c299feee1"	"7e29b0c629b76d1d2c7a84d934f2cc79ef6ddd29e4918762c03b30d08269b6bc"	"09a3a4c5-8cba-41b6-81b5-e2ddaea8c12d"		"ANDRIA77"	"7448"	"2025 April"	"141"	"Semi Pro 1"	"113"	"Widow’s Walkabout"	"easy"	"-16"
"PRODUCTION_ONLY"	"EXACT_DUPLICATE"	"a299158a-bbe2-4dff-a7f1-0858eff4e64f"	"141|113|id:7448|Widow’s Walkabout|hard"	"141|113|09a3a4c5-8cba-41b6-81b5-e2ddaea8c12d|Widow’s Walkabout|hard"	"b20c8ffb08a60876e2f00e451eb4dfe1e0b649f6570c4846c9bee6b8149748b9"	"5ca29df6202ae90356781fa578e6575052b496a9798645123fb012320357eb1a"	"09a3a4c5-8cba-41b6-81b5-e2ddaea8c12d"		"ANDRIA77"	"7448"	"2025 April"	"141"	"Semi Pro 1"	"113"	"Widow’s Walkabout"	"hard"	"-7"
"PRODUCTION_ONLY"	"EXACT_DUPLICATE"	"cdd1060c-1622-4faa-86f5-5022d3b35b74"	"141|113|id:8231|Widow’s Walkabout|easy"	"141|113|2ca42fcc-cbdb-44ee-810b-fa126219d982|Widow’s Walkabout|easy"	"f7364a0e693996be003c019e83b25377e2c2394ce09526467e888670864d6949"	"37719b043578e3c8974e58ce63f82f04360d565425d9ded46fcf549d33cc2d50"	"2ca42fcc-cbdb-44ee-810b-fa126219d982"		"lacey068"	"8231"	"2025 April"	"141"	"Semi Pro 1"	"113"	"Widow’s Walkabout"	"easy"	"-16"
"PRODUCTION_ONLY"	"EXACT_DUPLICATE"	"64e8e8bf-9019-47cb-9302-3fdb9aedd50a"	"141|113|id:8231|Widow’s Walkabout|hard"	"141|113|2ca42fcc-cbdb-44ee-810b-fa126219d982|Widow’s Walkabout|hard"	"874d458d86009d5b5c84d610025873a010497227a8c97f61062dd0f64b5c21dd"	"0c893748399b0da9199e2379656584e957a386f0d616beea1e2d2334d14994c5"	"2ca42fcc-cbdb-44ee-810b-fa126219d982"		"lacey068"	"8231"	"2025 April"	"141"	"Semi Pro 1"	"113"	"Widow’s Walkabout"	"hard"	"-8"
"PRODUCTION_ONLY"	"EXACT_DUPLICATE"	"7f3ae533-b495-4db8-9f72-e91b012c0623"	"141|113|id:4002|Widow’s Walkabout|easy"	"141|113|32f10de4-d9a1-4fac-a612-cee1c1f76edd|Widow’s Walkabout|easy"	"1ef85d3749e97b7556381021f1e16288d7281dff193614088add5a92dc7fdafd"	"4876bed14a6b3fb91a6d4def43bded7119ed33bd69399b916e6da50379f57121"	"32f10de4-d9a1-4fac-a612-cee1c1f76edd"		"Empzurg"	"4002"	"2025 April"	"141"	"Semi Pro 1"	"113"	"Widow’s Walkabout"	"easy"	"-16"
"PRODUCTION_ONLY"	"EXACT_DUPLICATE"	"fb313a92-f617-4327-8623-a7e0279f36ac"	"141|113|id:4002|Widow’s Walkabout|hard"	"141|113|32f10de4-d9a1-4fac-a612-cee1c1f76edd|Widow’s Walkabout|hard"	"2f11112d836747ddd99b82ffe9836b97e7ba52d0faa3e6e0b34ac31bbaad30f1"	"15627bdee64bdf3f6b202073224f2871cb8ecd724db84f880e1b4731831b9550"	"32f10de4-d9a1-4fac-a612-cee1c1f76edd"		"Empzurg"	"4002"	"2025 April"	"141"	"Semi Pro 1"	"113"	"Widow’s Walkabout"	"hard"	"-12"
"PRODUCTION_ONLY"	"EXACT_DUPLICATE"	"fe8df3b7-402a-4de7-9b1b-156e741209b3"	"141|113|id:322|Widow’s Walkabout|easy"	"141|113|357c3f89-c8bb-40d5-b1f9-8448411ca804|Widow’s Walkabout|easy"	"510ed3d683633cf646171c6db9e4998450db1c7722f8b7c958492f2bc3ecf84b"	"513d14be77791cede66d1b9ba9a7f325067997ac0b8630c3d3d4b33be6b403ad"	"357c3f89-c8bb-40d5-b1f9-8448411ca804"		"Missi"	"322"	"2025 April"	"141"	"Semi Pro 1"	"113"	"Widow’s Walkabout"	"easy"	"-19"
"PRODUCTION_ONLY"	"EXACT_DUPLICATE"	"037e200f-e24e-411a-befa-6866a31fd57b"	"141|113|id:322|Widow’s Walkabout|hard"	"141|113|357c3f89-c8bb-40d5-b1f9-8448411ca804|Widow’s Walkabout|hard"	"93a51b8466223bbd5488c5c8967ee427356d09b934a28e7e9a7a55dd96612219"	"cfa18e3f16f43ac2f4fb2b91f674079d01d3ff49581c5ba325b7307549e805a6"	"357c3f89-c8bb-40d5-b1f9-8448411ca804"		"Missi"	"322"	"2025 April"	"141"	"Semi Pro 1"	"113"	"Widow’s Walkabout"	"hard"	"-6"
"PRODUCTION_ONLY"	"EXACT_DUPLICATE"	"7d50e5ab-9553-40cf-805f-69f4e7bab834"	"141|113|id:8229|Widow’s Walkabout|easy"	"141|113|5d173de4-b16b-423f-89cb-502aec1d3df0|Widow’s Walkabout|easy"	"dad6e877be446169c0495f7dd9c42ad78194fda86caa90396b31695d0e311ab5"	"d606e7b3a0afdf6c9080e2a0108dd9e574f6f226e632a43ababb6e6c7afe57ee"	"5d173de4-b16b-423f-89cb-502aec1d3df0"		"steven2018"	"8229"	"2025 April"	"141"	"Semi Pro 1"	"113"	"Widow’s Walkabout"	"easy"	"-20"
"PRODUCTION_ONLY"	"EXACT_DUPLICATE"	"d63720a2-8d51-4157-855f-4a82817e458f"	"141|113|id:8229|Widow’s Walkabout|hard"	"141|113|5d173de4-b16b-423f-89cb-502aec1d3df0|Widow’s Walkabout|hard"	"c0728b1429a2689df320b2a21a4cdb9036b1644730f6f587eeb17c1a25d61eea"	"cd13b212a97089ebe9ab7bf29e673e8dfe42cec848f31532c366d23145dd1414"	"5d173de4-b16b-423f-89cb-502aec1d3df0"		"steven2018"	"8229"	"2025 April"	"141"	"Semi Pro 1"	"113"	"Widow’s Walkabout"	"hard"	"-14"
"PRODUCTION_ONLY"	"EXACT_DUPLICATE"	"e07d0d90-ad1a-415f-94c4-e232b8a16f1c"	"141|113|id:8232|Widow’s Walkabout|easy"	"141|113|70fdb9ea-1251-4872-b628-00c3777be6ce|Widow’s Walkabout|easy"	"edacc0436f22f2278079e252b9137097fef8479e98bd0ed8eb1ff40de4a1a407"	"25bf176b6a95adf063209376953924b03a46083d93bae22e9722ced931f73698"	"70fdb9ea-1251-4872-b628-00c3777be6ce"		"icecreamman7450"	"8232"	"2025 April"	"141"	"Semi Pro 1"	"113"	"Widow’s Walkabout"	"easy"	"-21"
"PRODUCTION_ONLY"	"EXACT_DUPLICATE"	"6f2e3320-74d1-4a2d-bf89-7284b0355672"	"141|113|id:8232|Widow’s Walkabout|hard"	"141|113|70fdb9ea-1251-4872-b628-00c3777be6ce|Widow’s Walkabout|hard"	"c7299c7c22b9f6a6b6d36a550b074da6bfdf0762d7d22541f8310c552db8fe18"	"1a839c2c1e27378b12cb7b92cbeb379f2c76aa7df24c0fd1527942682fbd1faa"	"70fdb9ea-1251-4872-b628-00c3777be6ce"		"icecreamman7450"	"8232"	"2025 April"	"141"	"Semi Pro 1"	"113"	"Widow’s Walkabout"	"hard"	"-13"
"PRODUCTION_ONLY"	"EXACT_DUPLICATE"	"c358db81-eb08-4262-82fa-03d6de3d6562"	"141|113|id:8230|Widow’s Walkabout|easy"	"141|113|8a2d5bd3-d1b7-452a-93fa-7603df0b9ecd|Widow’s Walkabout|easy"	"80dc42bcdcefcddba8dbf2dc17c75a3bc983694d08595fe3d7c434361371487f"	"7be88bbd6fd50d2eae81af644863b34aadb6f04e95ba6e082448b5d7b2bbed7f"	"8a2d5bd3-d1b7-452a-93fa-7603df0b9ecd"		"Asphaltcowboy67"	"8230"	"2025 April"	"141"	"Semi Pro 1"	"113"	"Widow’s Walkabout"	"easy"	"-20"
"PRODUCTION_ONLY"	"EXACT_DUPLICATE"	"46b7226b-4c35-4309-b45a-76c45df5addb"	"141|113|id:8230|Widow’s Walkabout|hard"	"141|113|8a2d5bd3-d1b7-452a-93fa-7603df0b9ecd|Widow’s Walkabout|hard"	"a58139f8155d3a17c2d7ba5b816e540e2f800ad7d8902dc1bee35561dbb4dbff"	"222c28e94fefdbddbb60b1c3b8f15178a43bcfa8b5e74be5af5d8c3e14b82147"	"8a2d5bd3-d1b7-452a-93fa-7603df0b9ecd"		"Asphaltcowboy67"	"8230"	"2025 April"	"141"	"Semi Pro 1"	"113"	"Widow’s Walkabout"	"hard"	"-13"
"PRODUCTION_ONLY"	"EXACT_DUPLICATE"	"563b5d9e-ebd8-4918-b069-1287ea01916c"	"141|113|id:222|Widow’s Walkabout|easy"	"141|113|b98df6d3-7e16-450f-bd17-f39d9903d1e1|Widow’s Walkabout|easy"	"79b4c716fdd90fff895efc898934313be23f6c7131206d7a1c7b6bcd5323a990"	"a564c06dfff16094e031afa4c9cc7912d96bfb90e8732195f6aa2ac8404fa95d"	"b98df6d3-7e16-450f-bd17-f39d9903d1e1"		"lynniebodd"	"222"	"2025 April"	"141"	"Semi Pro 1"	"113"	"Widow’s Walkabout"	"easy"	"-16"
"PRODUCTION_ONLY"	"EXACT_DUPLICATE"	"f2802476-ca74-4902-8b42-e1613f7b1990"	"141|113|id:222|Widow’s Walkabout|hard"	"141|113|b98df6d3-7e16-450f-bd17-f39d9903d1e1|Widow’s Walkabout|hard"	"29b28091f57591a536e36bdf6d45f0e71f553b26c231dea248ae32c60820d8c7"	"5c0bbf9323e7d7f3253357bb62f64e81b57904fa6ee0c681aeb5644d7f405185"	"b98df6d3-7e16-450f-bd17-f39d9903d1e1"		"lynniebodd"	"222"	"2025 April"	"141"	"Semi Pro 1"	"113"	"Widow’s Walkabout"	"hard"	"-5"
"PRODUCTION_ONLY"	"EXACT_DUPLICATE"	"1fa89f6e-2dd1-4e15-b8d1-a2f613e2def2"	"141|113|id:7172|Widow’s Walkabout|easy"	"141|113|d38c0220-8a80-45a6-86e8-d495f523d5ab|Widow’s Walkabout|easy"	"97d5b71e02359bc87b6c186df8da7a666fdd4bc143006c71d29f1132e89ba5cb"	"9fd8623d66bb0634ad9dd98eca85efdfaec3723e5e15d5ce405853cc5676adc1"	"d38c0220-8a80-45a6-86e8-d495f523d5ab"		"Chipnputt"	"7172"	"2025 April"	"141"	"Semi Pro 1"	"113"	"Widow’s Walkabout"	"easy"	"-19"
"PRODUCTION_ONLY"	"EXACT_DUPLICATE"	"56e99c6f-1cba-44e6-b7f7-2305b67c06d5"	"141|113|id:7172|Widow’s Walkabout|hard"	"141|113|d38c0220-8a80-45a6-86e8-d495f523d5ab|Widow’s Walkabout|hard"	"4152ccdfd413bc57d7c5aa63a21ce315eefb5e4636dd927d13dd9118e8b9bd1f"	"f588a283c2ca7a37313591927bf5d017d1373e87930627209c568f449aa99d0c"	"d38c0220-8a80-45a6-86e8-d495f523d5ab"		"Chipnputt"	"7172"	"2025 April"	"141"	"Semi Pro 1"	"113"	"Widow’s Walkabout"	"hard"	"-8"
"PRODUCTION_ONLY"	"EXACT_DUPLICATE"	"db47fb69-6d52-4dab-a3b5-2f98320bbf50"	"141|113|id:244|Widow’s Walkabout|easy"	"141|113|db88e65e-5b26-4627-9331-b07738276116|Widow’s Walkabout|easy"	"cd13580c1c15efc51cdfc8651781c8cccb6ac90036772f2355a570b0819f998c"	"ea6bcac28ccaf44b65ff52d06bca06b490332810b103aca10f9418780407f303"	"db88e65e-5b26-4627-9331-b07738276116"		"SerenityMoon"	"244"	"2025 April"	"141"	"Semi Pro 1"	"113"	"Widow’s Walkabout"	"easy"	"-19"
"PRODUCTION_ONLY"	"EXACT_DUPLICATE"	"9ed40cb6-63b1-49b0-913a-9a2ada274887"	"141|113|id:244|Widow’s Walkabout|hard"	"141|113|db88e65e-5b26-4627-9331-b07738276116|Widow’s Walkabout|hard"	"4cff77a9590018bcba0c68635113b6e0c1a954646c9e7593490dd5c721f1a44c"	"d3864bea0cb8b2536526086fa014361f3178e556d5020387867cde515c2c6bbd"	"db88e65e-5b26-4627-9331-b07738276116"		"SerenityMoon"	"244"	"2025 April"	"141"	"Semi Pro 1"	"113"	"Widow’s Walkabout"	"hard"	"-14"
"PRODUCTION_ONLY"	"EXACT_DUPLICATE"	"a0196aca-beea-478a-8f14-37075a647822"	"141|113|id:3184|Widow’s Walkabout|easy"	"141|113|eb44d050-2082-4f66-a926-c26d5bee1765|Widow’s Walkabout|easy"	"ab6ba44d67f12faa5e8a48063d886815cec914ccc6d9983e9b2514dffa869b49"	"b2eebaf6ddd6b4cbf476e38cd1f1a479244424532b5dabb1748b7a0dd3950930"	"eb44d050-2082-4f66-a926-c26d5bee1765"		"Merged into 8648"	"3184"	"2025 April"	"141"	"Semi Pro 1"	"113"	"Widow’s Walkabout"	"easy"	"-22"
"PRODUCTION_ONLY"	"EXACT_DUPLICATE"	"1fbc02cc-04c1-4d8c-b495-d0dfa55d7454"	"141|113|id:3184|Widow’s Walkabout|hard"	"141|113|eb44d050-2082-4f66-a926-c26d5bee1765|Widow’s Walkabout|hard"	"f317dd40d2b57b5768746e6804d60a04643b7db6adc5a6e29e6707e2b5bd8e46"	"98c1603e4947a329fe27b13afa017f41e2712aa62c8d1dc3408290f094248637"	"eb44d050-2082-4f66-a926-c26d5bee1765"		"Merged into 8648"	"3184"	"2025 April"	"141"	"Semi Pro 1"	"113"	"Widow’s Walkabout"	"hard"	"-14"
"PRODUCTION_ONLY"	"EXACT_DUPLICATE"	"3e7e14e9-b401-4fe2-aea2-91c58a893dcc"	"141|22|id:36|Widow’s Walkabout|easy"	"141|22|6309b9d7-93a8-4047-99af-2f0dcb58d054|Widow’s Walkabout|easy"	"cdb0a11f18b62a30a3bbfe2cba7e45082b4c4741700d43d6a298241355ea6927"	"686fbdd0c4e4494ff22fb8b2a97fae298e7a117a80ab40db7b3d514604d5df6e"	"6309b9d7-93a8-4047-99af-2f0dcb58d054"		"stewiestewie"	"36"	"2025 April"	"141"	"Elite"	"22"	"Widow’s Walkabout"	"easy"	"-22"
"PRODUCTION_ONLY"	"EXACT_DUPLICATE"	"18136f11-c0d2-440a-b2ba-3236d7cbae59"	"141|22|id:36|Widow’s Walkabout|hard"	"141|22|6309b9d7-93a8-4047-99af-2f0dcb58d054|Widow’s Walkabout|hard"	"6b0030404dc7d8974746436517c3ed896cdd4cc35bf37ea0d01d73eac485e6d9"	"e8bce3a78be9f150c57fe4c92e0f667c7e655b051ef55e0a5664d4f44ec5bc6c"	"6309b9d7-93a8-4047-99af-2f0dcb58d054"		"stewiestewie"	"36"	"2025 April"	"141"	"Elite"	"22"	"Widow’s Walkabout"	"hard"	"-19"
"PRODUCTION_ONLY"	"EXACT_DUPLICATE"	"8b7bad82-1ac8-4d49-9217-97601a0d7f19"	"141|22|id:4305|Widow’s Walkabout|easy"	"141|22|69c0daa5-70b8-481b-94e5-a9d033bc75fb|Widow’s Walkabout|easy"	"70f65439e8711318c2bbcc306a5c8fb81a60a230c9e3c7e2c1d3a2a125f6f3e1"	"9626630d1a15bb7a9228d00b734b77922db5f77ee51611e4d402d650a5cb5fa4"	"69c0daa5-70b8-481b-94e5-a9d033bc75fb"		"bigja33"	"4305"	"2025 April"	"141"	"Elite"	"22"	"Widow’s Walkabout"	"easy"	"-23"
"PRODUCTION_ONLY"	"EXACT_DUPLICATE"	"c86961ca-d2a4-4e52-b0e7-baadeef19b4a"	"141|22|id:4305|Widow’s Walkabout|hard"	"141|22|69c0daa5-70b8-481b-94e5-a9d033bc75fb|Widow’s Walkabout|hard"	"a5db781f2f3ac3ba28c7751e2b3a4018f82f11d2cbb5a458a2eef01968be6b1b"	"82e47f2917046f2fffaec1eb704932ee470f87765ebe8be48af0cf3f5fbd6171"	"69c0daa5-70b8-481b-94e5-a9d033bc75fb"		"bigja33"	"4305"	"2025 April"	"141"	"Elite"	"22"	"Widow’s Walkabout"	"hard"	"-19"
"PRODUCTION_ONLY"	"EXACT_DUPLICATE"	"08d56960-6515-40c4-af9a-d00c77a2c938"	"141|22|id:59|Widow’s Walkabout|hard"	"141|22|6f38b6b4-46bf-4ae6-9bb5-2230be6fb3f4|Widow’s Walkabout|hard"	"786913072def756740390e17bbf539d9b2b47a54262d201e819c47486176cac9"	"c91c8bba548e3d2080a9950733bf276526304ba18061663f1a9524c9092a4601"	"6f38b6b4-46bf-4ae6-9bb5-2230be6fb3f4"		"TrickyDicky"	"59"	"2025 April"	"141"	"Elite"	"22"	"Widow’s Walkabout"	"hard"	"-19"
"PRODUCTION_ONLY"	"EXACT_DUPLICATE"	"5aae75ed-0b88-4bbc-9531-3b79f67f011a"	"141|22|id:24|Widow’s Walkabout|easy"	"141|22|8832eacf-2433-4ea3-b97e-5d0d25da3099|Widow’s Walkabout|easy"	"9672d9c9cbe6eba9e11f31fc4f1c4d61c77433e0f71e3faf637b08ff0e01cac2"	"2c171ab2d2de000fd92aa3b91ddeaaac2be4891acf3af9d69ec30fba493b9576"	"8832eacf-2433-4ea3-b97e-5d0d25da3099"		"El Jorge"	"24"	"2025 April"	"141"	"Elite"	"22"	"Widow’s Walkabout"	"easy"	"-24"
"PRODUCTION_ONLY"	"EXACT_DUPLICATE"	"16df3e86-1aa1-4840-a44f-8fe77626c131"	"141|22|id:24|Widow’s Walkabout|hard"	"141|22|8832eacf-2433-4ea3-b97e-5d0d25da3099|Widow’s Walkabout|hard"	"a46b0290c6098c7f8889ad26b211ddfd01e6e5793d4e86060d531ddaead66ff3"	"1ed83b0a647df21f46ecfa7eba95d6583db0c73dd042d2938534400023e2a754"	"8832eacf-2433-4ea3-b97e-5d0d25da3099"		"El Jorge"	"24"	"2025 April"	"141"	"Elite"	"22"	"Widow’s Walkabout"	"hard"	"-21"
"PRODUCTION_ONLY"	"EXACT_DUPLICATE"	"b0e2bc48-2ada-4bb1-ad77-346f204d1508"	"141|22|id:4927|Widow’s Walkabout|easy"	"141|22|9a3b0702-8240-400f-afab-00b5412192c7|Widow’s Walkabout|easy"	"529c8bb41fcb247c5410863341bc02594fc132a22e2cdc0dde46706d6cffcc60"	"4057b749ede876e4e365c6e77ea7c68d1a881f7707d2be88d0c2bc59304ef36b"	"9a3b0702-8240-400f-afab-00b5412192c7"		"yankeedude1123"	"4927"	"2025 April"	"141"	"Elite"	"22"	"Widow’s Walkabout"	"easy"	"-27"
"PRODUCTION_ONLY"	"EXACT_DUPLICATE"	"1167ffcb-e452-4771-a1cb-1115e3ff5c0b"	"141|22|id:4927|Widow’s Walkabout|hard"	"141|22|9a3b0702-8240-400f-afab-00b5412192c7|Widow’s Walkabout|hard"	"12af7c270e0a52289a4cf305a5b799e0f19d297afd03adcbfc9b411b6398ec46"	"c0d77f2f1cfe3c9fe045156415f8011870803a05a8a66102b1d6ea051da10eb3"	"9a3b0702-8240-400f-afab-00b5412192c7"		"yankeedude1123"	"4927"	"2025 April"	"141"	"Elite"	"22"	"Widow’s Walkabout"	"hard"	"-7"
"PRODUCTION_ONLY"	"EXACT_DUPLICATE"	"e659861b-3b8b-4267-9382-6491ad1920f6"	"141|22|id:4645|Widow’s Walkabout|easy"	"141|22|bc5bda4d-8977-4119-95a5-848733e9c6b5|Widow’s Walkabout|easy"	"849e68657d67407094c2781f674e396c65d236bffb2974623bff46a7c9507208"	"a64ccb8e2c24af4379dc803870fcdaaa1ef1a5067985078508689ee0171fae1c"	"bc5bda4d-8977-4119-95a5-848733e9c6b5"		"Gobson"	"4645"	"2025 April"	"141"	"Elite"	"22"	"Widow’s Walkabout"	"easy"	"-27"
"PRODUCTION_ONLY"	"EXACT_DUPLICATE"	"bb47a441-f62d-4aa0-a230-2f9b0bace3d6"	"141|22|id:4645|Widow’s Walkabout|hard"	"141|22|bc5bda4d-8977-4119-95a5-848733e9c6b5|Widow’s Walkabout|hard"	"c1168c412945d9f5c3587a2614b6d57c81078ba3f0ac10dac735e9cee1d2c0e6"	"5b268225788074105c31a0f6a140957693dc35e95ce870eaae5d23c301a989c0"	"bc5bda4d-8977-4119-95a5-848733e9c6b5"		"Gobson"	"4645"	"2025 April"	"141"	"Elite"	"22"	"Widow’s Walkabout"	"hard"	"-22"
"PRODUCTION_ONLY"	"EXACT_DUPLICATE"	"dea7df0c-5d7e-42fb-8d6a-1f71a8bc074d"	"141|22|id:1205|Widow’s Walkabout|easy"	"141|22|c19d0b98-ed0b-462c-8b31-6b54221127d9|Widow’s Walkabout|easy"	"1c9f98c4934b118d80fb79f09b0b7ef2e9e5be440521849ef8d581b4e54e5f7b"	"568d329a461a9533dfe121a4bafab20db167e647dd64b71d7bf7a834f92d8161"	"c19d0b98-ed0b-462c-8b31-6b54221127d9"		"Neo Impossible"	"1205"	"2025 April"	"141"	"Elite"	"22"	"Widow’s Walkabout"	"easy"	"-26"
"PRODUCTION_ONLY"	"EXACT_DUPLICATE"	"822423a5-2cae-4363-862d-b4a1c366d644"	"141|22|id:1205|Widow’s Walkabout|hard"	"141|22|c19d0b98-ed0b-462c-8b31-6b54221127d9|Widow’s Walkabout|hard"	"ab501ede6ae34138829315f6bfededf3cd9104ecb5134e959f4820e2ce878c6b"	"4d8bdb25c9037eb34babc24e9cf9d6bec88c48d993c8dad5beb8d0ef363e9fff"	"c19d0b98-ed0b-462c-8b31-6b54221127d9"		"Neo Impossible"	"1205"	"2025 April"	"141"	"Elite"	"22"	"Widow’s Walkabout"	"hard"	"-21"
"PRODUCTION_ONLY"	"EXACT_DUPLICATE"	"bc022cb0-63f1-439e-8ab8-c289e8294f34"	"141|22|id:4945|Widow’s Walkabout|easy"	"141|22|cb01e4af-b57b-4424-a00f-7697f1c5f90f|Widow’s Walkabout|easy"	"89c8b1fdc8b49cc4f9b150d019b37706a68fd32cc7de8ebdae41f20eb309d655"	"691af73fee66c4b7be2327caedfc85f4069023b1de488eefda41752acdd3f710"	"cb01e4af-b57b-4424-a00f-7697f1c5f90f"		"Princess_Bankshot"	"4945"	"2025 April"	"141"	"Elite"	"22"	"Widow’s Walkabout"	"easy"	"-29"
"PRODUCTION_ONLY"	"EXACT_DUPLICATE"	"f1edb733-7a5d-4fa8-a189-b99eab87bbfe"	"141|22|id:4945|Widow’s Walkabout|hard"	"141|22|cb01e4af-b57b-4424-a00f-7697f1c5f90f|Widow’s Walkabout|hard"	"6d614340eb09313f8479f0a0104c8412d5fb689d4c778d7c37003f04412a1708"	"7570dac9ca8cc539369e7a96ff381464cc93b92d06d0a9970a1ec36d0e928453"	"cb01e4af-b57b-4424-a00f-7697f1c5f90f"		"Princess_Bankshot"	"4945"	"2025 April"	"141"	"Elite"	"22"	"Widow’s Walkabout"	"hard"	"-16"
"PRODUCTION_ONLY"	"EXACT_DUPLICATE"	"c56e0817-a2b7-4b1f-9ccb-30e72ae0f6f3"	"141|22|id:88|Widow’s Walkabout|easy"	"141|22|db682f5a-3352-4490-a2cb-013573c8a1c0|Widow’s Walkabout|easy"	"72a077d9a7d5ebdb4050ce91863b646abff7ff1a17d6ea314138e58f5bfefc73"	"6e6f378b315d7b001419e150c25aaf6474ce675d0711f9b9fc1780ccd70b0a3c"	"db682f5a-3352-4490-a2cb-013573c8a1c0"		"Mully"	"88"	"2025 April"	"141"	"Elite"	"22"	"Widow’s Walkabout"	"easy"	"-21"
"PRODUCTION_ONLY"	"EXACT_DUPLICATE"	"e4684666-02e9-43eb-ab6a-91e8d8951ccf"	"141|22|id:88|Widow’s Walkabout|hard"	"141|22|db682f5a-3352-4490-a2cb-013573c8a1c0|Widow’s Walkabout|hard"	"8a95b47be401e0c7ddbae861ae2fd1ed0fb722cf47124200924d4728b6f0aa02"	"ec14a7aa0c01c40102811f43ad74d10ed7f6b4b1ca5528a95e2b7c2f415ec2c0"	"db682f5a-3352-4490-a2cb-013573c8a1c0"		"Mully"	"88"	"2025 April"	"141"	"Elite"	"22"	"Widow’s Walkabout"	"hard"	"-17"
"PRODUCTION_ONLY"	"EXACT_DUPLICATE"	"8badc43c-88aa-4a11-a964-bfb2242d01f7"	"141|22|id:1705|Widow’s Walkabout|easy"	"141|22|e28db184-9399-478d-9989-26db76e40619|Widow’s Walkabout|easy"	"8a424d6c525fce435637680a52f4caa148d2b9e58595998321e01ee99e44a10a"	"b114cd457025bdf1d65438c4a16d66e712e3488571fd1786493b847255894e7b"	"e28db184-9399-478d-9989-26db76e40619"		"Slappy"	"1705"	"2025 April"	"141"	"Elite"	"22"	"Widow’s Walkabout"	"easy"	"-26"
"PRODUCTION_ONLY"	"EXACT_DUPLICATE"	"af8f777f-798c-468e-9aaa-fc1806a2e309"	"141|22|id:1705|Widow’s Walkabout|hard"	"141|22|e28db184-9399-478d-9989-26db76e40619|Widow’s Walkabout|hard"	"ac5624799b4c2375c800b4cb1fa9c42d7399d0e85d106e5f7340f66072976bc6"	"df4211eb83d53c7effc303d14f96cb4140653d4ffad23f6ba8590aa3206a07ba"	"e28db184-9399-478d-9989-26db76e40619"		"Slappy"	"1705"	"2025 April"	"141"	"Elite"	"22"	"Widow’s Walkabout"	"hard"	"-19"
"PRODUCTION_ONLY"	"EXACT_DUPLICATE"	"ddc427a4-7997-4327-90ee-6acfc202e9cc"	"141|24|id:7908|Widow’s Walkabout|easy"	"141|24|406dc09d-2d51-4ba3-af11-8b549421be80|Widow’s Walkabout|easy"	"e560f93223c29e715912695f3280263c27f01f165f6c3f557451ad584c86889e"	"26e552982a99eebd95c29153b254448ce8947ab6b105b2882951a46c9c986e30"	"406dc09d-2d51-4ba3-af11-8b549421be80"		"l7jazz"	"7908"	"2025 April"	"141"	"Pro 2"	"24"	"Widow’s Walkabout"	"easy"	"-24"
"PRODUCTION_ONLY"	"EXACT_DUPLICATE"	"03ebb313-bccb-4957-8d34-a05d60262256"	"141|24|id:7908|Widow’s Walkabout|hard"	"141|24|406dc09d-2d51-4ba3-af11-8b549421be80|Widow’s Walkabout|hard"	"61dc771ddc2d0bb9f9fb74e7ad4bf5ff360c379aed5bb1bdb71b93b69f511a0a"	"43b4f7cf89eb8efa75ce42bb701c4706c56a80208c07e5af1daab8d9375a6948"	"406dc09d-2d51-4ba3-af11-8b549421be80"		"l7jazz"	"7908"	"2025 April"	"141"	"Pro 2"	"24"	"Widow’s Walkabout"	"hard"	"-19"
"PRODUCTION_ONLY"	"EXACT_DUPLICATE"	"14a94f42-34c5-4e66-b638-9fa2ce88ba62"	"141|24|id:7848|Widow’s Walkabout|easy"	"141|24|532e0834-e808-49a2-ae74-b66c97ce72f2|Widow’s Walkabout|easy"	"d41204d1927029ec74b2e2a41708aeabad3e8c22541f8d1d7c1d0fd629394e73"	"84c569622fa1510eecaf94a948f475c2efe890f88b31d4eb1d98a00424bded4f"	"532e0834-e808-49a2-ae74-b66c97ce72f2"		"DaisyShaw"	"7848"	"2025 April"	"141"	"Pro 2"	"24"	"Widow’s Walkabout"	"easy"	"-26"
"PRODUCTION_ONLY"	"EXACT_DUPLICATE"	"b5ab89dc-69d1-404f-8982-9df23078645f"	"141|24|id:7848|Widow’s Walkabout|hard"	"141|24|532e0834-e808-49a2-ae74-b66c97ce72f2|Widow’s Walkabout|hard"	"4da4d3a1afaa0248442d84dde467d6f248b02dbf12f2a30bc67ff399697c6cf3"	"acd165b1c40afe361da5d88c8fc0a37bef3592c35f02dde152fcc51487e8778f"	"532e0834-e808-49a2-ae74-b66c97ce72f2"		"DaisyShaw"	"7848"	"2025 April"	"141"	"Pro 2"	"24"	"Widow’s Walkabout"	"hard"	"-18"
"PRODUCTION_ONLY"	"EXACT_DUPLICATE"	"37963ccf-d565-4e5f-9028-8f3c18e4e120"	"141|24|id:7948|Widow’s Walkabout|easy"	"141|24|6bae5271-c673-46ce-a272-b1be6cc4fef6|Widow’s Walkabout|easy"	"1bca19bcb3d6049855a60cb9fbf8c61462c516313985cd6431527d91adb77d78"	"91adb8ef2d671106084bfcf08daabf62b4ff5c1a774d78f7099ffed171523d02"	"6bae5271-c673-46ce-a272-b1be6cc4fef6"		"POLANECE"	"7948"	"2025 April"	"141"	"Pro 2"	"24"	"Widow’s Walkabout"	"easy"	"-26"
"PRODUCTION_ONLY"	"EXACT_DUPLICATE"	"87b20664-85d8-44a5-a767-172caf6f1d63"	"141|24|id:7948|Widow’s Walkabout|hard"	"141|24|6bae5271-c673-46ce-a272-b1be6cc4fef6|Widow’s Walkabout|hard"	"b21b86a0ad5e9e5930093c94dda2d4a642cca0b054d328f7d86bdf3ffb5420da"	"4fdfff595ee074b6b49ff9c2da9329484a4c1983d14ec371c1d917a31b58c98c"	"6bae5271-c673-46ce-a272-b1be6cc4fef6"		"POLANECE"	"7948"	"2025 April"	"141"	"Pro 2"	"24"	"Widow’s Walkabout"	"hard"	"-21"
"PRODUCTION_ONLY"	"EXACT_DUPLICATE"	"64fd4266-b994-4908-a5a0-957d1117634c"	"141|24|id:7207|Widow’s Walkabout|easy"	"141|24|706ba7c0-9efd-4b2c-9366-94b6354a82ce|Widow’s Walkabout|easy"	"962e2dd2e9f7d2dc2141eae1692b571542f00512f0eea2ff8056f8a1cd4a7b18"	"20558789919f6052d196a1125f57d2bcd7283a17cab21a35e025374141592f57"	"706ba7c0-9efd-4b2c-9366-94b6354a82ce"		"awesome_kris"	"7207"	"2025 April"	"141"	"Pro 2"	"24"	"Widow’s Walkabout"	"easy"	"-12"
"PRODUCTION_ONLY"	"EXACT_DUPLICATE"	"f9f2610f-2fa4-4bd4-980a-1c5465f854ff"	"141|24|id:7207|Widow’s Walkabout|hard"	"141|24|706ba7c0-9efd-4b2c-9366-94b6354a82ce|Widow’s Walkabout|hard"	"6c22e7aff94f44b614e9708c5168523ddc3780be2a4c9744c58f126c6e54ea26"	"1b1362af9c4f15d7c12712f1815771b0748be4ec3214ff7b43f45355d3f4bcba"	"706ba7c0-9efd-4b2c-9366-94b6354a82ce"		"awesome_kris"	"7207"	"2025 April"	"141"	"Pro 2"	"24"	"Widow’s Walkabout"	"hard"	"-9"
"PRODUCTION_ONLY"	"EXACT_DUPLICATE"	"ffeeb2ff-87a0-4ad6-bae4-986ffdaaffd0"	"141|24|id:65|Widow’s Walkabout|easy"	"141|24|b77d2644-31eb-4b82-9f76-f124a25b9a06|Widow’s Walkabout|easy"	"22e700f7152ea4c4f3f09725f62a296f5bd71677e91fa61ffa2079844a342375"	"cc0e081caf64003209abd0ea0f9e39537a64a67f435556c444480066a5e2da81"	"b77d2644-31eb-4b82-9f76-f124a25b9a06"		"deebee"	"65"	"2025 April"	"141"	"Pro 2"	"24"	"Widow’s Walkabout"	"easy"	"-23"
"PRODUCTION_ONLY"	"EXACT_DUPLICATE"	"dbf1cb83-2b2b-4779-8c15-fd2e6e22aa36"	"141|24|id:65|Widow’s Walkabout|hard"	"141|24|b77d2644-31eb-4b82-9f76-f124a25b9a06|Widow’s Walkabout|hard"	"1783d2ee13481a72350b2a496140fe7817558fe89753cda5e03e22b5f74b56fb"	"262d159289d395d7e18c61a160a9bec81349b00e16b869d4e00220e58f277377"	"b77d2644-31eb-4b82-9f76-f124a25b9a06"		"deebee"	"65"	"2025 April"	"141"	"Pro 2"	"24"	"Widow’s Walkabout"	"hard"	"-15"
"PRODUCTION_ONLY"	"EXACT_DUPLICATE"	"7c007210-68de-4a81-882b-74aaa1ca0029"	"141|24|id:7171|Widow’s Walkabout|easy"	"141|24|c0707ed3-323f-4e0d-b119-99dd9790f8f4|Widow’s Walkabout|easy"	"bb620f3a8c40937724222b986394a39cccb5b16fd61cc06179599be9cf92291d"	"2639381acc2d4b17894419b489fbed0701fe22b4524fd1fcc93422e14b92bb4b"	"c0707ed3-323f-4e0d-b119-99dd9790f8f4"		"gomarino13"	"7171"	"2025 April"	"141"	"Pro 2"	"24"	"Widow’s Walkabout"	"easy"	"-19"
"PRODUCTION_ONLY"	"EXACT_DUPLICATE"	"c5a6f3ce-47ea-45c5-80bc-6972aa35598c"	"141|24|id:7171|Widow’s Walkabout|hard"	"141|24|c0707ed3-323f-4e0d-b119-99dd9790f8f4|Widow’s Walkabout|hard"	"b5c6837129b618e726c40e3ef49ed159fca6eb72c040b3b3bc2bcae5c3f99a22"	"9b3226e3e1d7d243beb4998309a660b4eb9f92cd3df3ee3a8dc257aca72db784"	"c0707ed3-323f-4e0d-b119-99dd9790f8f4"		"gomarino13"	"7171"	"2025 April"	"141"	"Pro 2"	"24"	"Widow’s Walkabout"	"hard"	"-17"
"PRODUCTION_ONLY"	"EXACT_DUPLICATE"	"3ba174d8-06b8-4812-a48f-5457050ea938"	"141|24|id:105|Widow’s Walkabout|easy"	"141|24|c313a967-77a1-43b3-8e22-0cc95b1074b4|Widow’s Walkabout|easy"	"cb776b5e4f8a760def7657479213352bd729b83a362ad6e0d74f945ca9dda33d"	"e7b627004dd1a7549c61bcfdbf74edeae9431b3a2c28d14bd4df4414bb136fe1"	"c313a967-77a1-43b3-8e22-0cc95b1074b4"		"YODA"	"105"	"2025 April"	"141"	"Pro 2"	"24"	"Widow’s Walkabout"	"easy"	"-26"
"PRODUCTION_ONLY"	"EXACT_DUPLICATE"	"43de9fb7-014f-4103-90bf-7790519e9f0d"	"141|24|id:105|Widow’s Walkabout|hard"	"141|24|c313a967-77a1-43b3-8e22-0cc95b1074b4|Widow’s Walkabout|hard"	"b853feaf57acc7fb7294d76b029371e924e2eb05d073221826d687e46ee3917c"	"80cd3273ddb521f049517bab5bd106a7849cd8c18e6f627a76d9923824016c34"	"c313a967-77a1-43b3-8e22-0cc95b1074b4"		"YODA"	"105"	"2025 April"	"141"	"Pro 2"	"24"	"Widow’s Walkabout"	"hard"	"-16"
"PRODUCTION_ONLY"	"EXACT_DUPLICATE"	"21d2c501-94f0-449f-b833-cdc24f2bb621"	"141|24|id:5645|Widow’s Walkabout|easy"	"141|24|d1621cfd-1841-435e-b97b-cf369f6aecd7|Widow’s Walkabout|easy"	"6ea1bb986f15e6e75af0645592bc8cde823ea27fcc99a27c0d0e6ece38aa4202"	"9de7aa9c69355f418657347bed67a5a6192e9647a15404f2234856257bdd879f"	"d1621cfd-1841-435e-b97b-cf369f6aecd7"		"mammothrept"	"5645"	"2025 April"	"141"	"Pro 2"	"24"	"Widow’s Walkabout"	"easy"	"-22"
"PRODUCTION_ONLY"	"EXACT_DUPLICATE"	"040ed209-9d54-4109-af00-c93c16a81bb7"	"141|24|id:5645|Widow’s Walkabout|hard"	"141|24|d1621cfd-1841-435e-b97b-cf369f6aecd7|Widow’s Walkabout|hard"	"5b60a78e27c5885cd96498583ec4f6d5c4e074ab03e0ac818f641bc9e9437d21"	"aeb1de8c123c889bafc87f486f17fbf331de5fef39837bdf495826e87241af65"	"d1621cfd-1841-435e-b97b-cf369f6aecd7"		"mammothrept"	"5645"	"2025 April"	"141"	"Pro 2"	"24"	"Widow’s Walkabout"	"hard"	"-13"
"PRODUCTION_ONLY"	"EXACT_DUPLICATE"	"816158b9-8b47-4f65-b8e3-8b90bad871a4"	"141|24|id:63|Widow’s Walkabout|easy"	"141|24|ec5c8f36-444f-4c7e-8309-f358d0475c27|Widow’s Walkabout|easy"	"135de39a08a0765a87b6a17ec351678a380ebe3ed4d50c8d3a17c27bbcf823d4"	"ac8fd26a35cd0b1abd1169b49cc6c4f9648b0aa485be3b0fe60d4423755cf970"	"ec5c8f36-444f-4c7e-8309-f358d0475c27"		"sarahloo1971"	"63"	"2025 April"	"141"	"Pro 2"	"24"	"Widow’s Walkabout"	"easy"	"-22"
"PRODUCTION_ONLY"	"EXACT_DUPLICATE"	"530ee665-cf28-4988-8813-f8daefa08a0d"	"141|24|id:63|Widow’s Walkabout|hard"	"141|24|ec5c8f36-444f-4c7e-8309-f358d0475c27|Widow’s Walkabout|hard"	"74513adf1f0c0077614936ed80d60c900d4fd03e33a1b325b645e39d7c7f6305"	"1d29af24e4923b3a9f464b0ea802fda7e680b4fdda316bde1cc48286cbbac440"	"ec5c8f36-444f-4c7e-8309-f358d0475c27"		"sarahloo1971"	"63"	"2025 April"	"141"	"Pro 2"	"24"	"Widow’s Walkabout"	"hard"	"-14"
"PRODUCTION_ONLY"	"EXACT_DUPLICATE"	"d95d0e15-0d06-4a66-a940-8882c113e701"	"141|62|id:8234|Widow’s Walkabout|easy"	"141|62|1eeda474-37ba-4dd9-8141-f1cf668054a3|Widow’s Walkabout|easy"	"34e4afc5961c2f1bb16ec8f9ebb34dfdb9af8668b36dc3e230cf6fd3169be0d9"	"f62cf70f19f5817e0ca25a40a9703b15b963b171b81b39567afc0be1ebf98a74"	"1eeda474-37ba-4dd9-8141-f1cf668054a3"		"TILTBOMB"	"8234"	"2025 April"	"141"	"Welcome"	"62"	"Widow’s Walkabout"	"easy"	"-4"
"PRODUCTION_ONLY"	"EXACT_DUPLICATE"	"58ece321-2542-4d66-9230-32594e3c1957"	"141|62|id:7551|Widow’s Walkabout|hard"	"141|62|2e520442-c412-4d21-be16-49930e33e59a|Widow’s Walkabout|hard"	"f92ec4c1f15dc3b728346e7cf75c0aad372a9b4cffe893d692d79c8a2e3b9983"	"76e63647157e864d63ff88e6d004b3b58161e2578e3c037028e723282cb4d707"	"2e520442-c412-4d21-be16-49930e33e59a"		"GALICE1975"	"7551"	"2025 April"	"141"	"Welcome"	"62"	"Widow’s Walkabout"	"hard"	"2"
"PRODUCTION_ONLY"	"EXACT_DUPLICATE"	"588ba063-a6b4-4682-abc7-0553edc71007"	"141|62|id:9328|Widow’s Walkabout|easy"	"141|62|35928d1d-a4b5-481b-8081-eae90acd9ac5|Widow’s Walkabout|easy"	"41096128624087b945dc4a865650eb2da2159e1058606447d8ba3f89e1a914c1"	"2ad793d21bc2604957db883a35af624bcdaf2a7a394c27745eab0f9d67bf17c3"	"35928d1d-a4b5-481b-8081-eae90acd9ac5"		"Golfshark"	"9328"	"2025 April"	"141"	"Welcome"	"62"	"Widow’s Walkabout"	"easy"	"-3"
"PRODUCTION_ONLY"	"EXACT_DUPLICATE"	"a01089eb-9c22-4977-a049-d897377fa372"	"141|62|id:9328|Widow’s Walkabout|hard"	"141|62|35928d1d-a4b5-481b-8081-eae90acd9ac5|Widow’s Walkabout|hard"	"2d706dd2b33011ca8fbf726064dee515993eb4d09680287086525de9299b67fb"	"5e177a52738d059917b165931ddb5636c8b4667b2faa5b9be6e1d4d96d9911b7"	"35928d1d-a4b5-481b-8081-eae90acd9ac5"		"Golfshark"	"9328"	"2025 April"	"141"	"Welcome"	"62"	"Widow’s Walkabout"	"hard"	"18"
"PRODUCTION_ONLY"	"EXACT_DUPLICATE"	"505a1125-0c0c-4b5b-9bbf-2d62578c83ec"	"141|62|id:7554|Widow’s Walkabout|easy"	"141|62|3bb849ee-f7d1-451c-83ad-4cf64c0ddf21|Widow’s Walkabout|easy"	"fe1e6d687b21f97c6dc547ff0ba4b19741e531a63ff101914a85323d691c854b"	"ae6c54b15d296b4035264c2b5bbae3386edf048a9efb9e240997eb718e8c3d04"	"3bb849ee-f7d1-451c-83ad-4cf64c0ddf21"		"SKEETER78"	"7554"	"2025 April"	"141"	"Welcome"	"62"	"Widow’s Walkabout"	"easy"	"-12"
"PRODUCTION_ONLY"	"EXACT_DUPLICATE"	"06994cf0-ba97-4815-88c1-65ac7d7283c5"	"141|62|id:7554|Widow’s Walkabout|hard"	"141|62|3bb849ee-f7d1-451c-83ad-4cf64c0ddf21|Widow’s Walkabout|hard"	"b53abdc091e451871b81355e7752242e018d738f716789fa9c29e25ba2650d23"	"d514358a8ef824836b9207b43b8d174390739d7c84668b06d65eb8a7e5a09c82"	"3bb849ee-f7d1-451c-83ad-4cf64c0ddf21"		"SKEETER78"	"7554"	"2025 April"	"141"	"Welcome"	"62"	"Widow’s Walkabout"	"hard"	"-2"
"PRODUCTION_ONLY"	"EXACT_DUPLICATE"	"0c773ffa-b8a7-4ed1-9e2c-911a852defa1"	"141|62|id:8188|Widow’s Walkabout|easy"	"141|62|83343490-426d-4275-a557-b1fab48b76f0|Widow’s Walkabout|easy"	"7d20b03c6aeefff03cf02b38e8c1f504ed2ee7a0260782376c815de26adc0ac8"	"58d9b10aad10e5baee05235df6231dcd8552604f76df1409d216a5ce8eb0c4c5"	"83343490-426d-4275-a557-b1fab48b76f0"		"Kd"	"8188"	"2025 April"	"141"	"Welcome"	"62"	"Widow’s Walkabout"	"easy"	"-11"
"PRODUCTION_ONLY"	"EXACT_DUPLICATE"	"75ddb6d5-6857-4325-be56-8ac2b2166abe"	"141|62|id:8188|Widow’s Walkabout|hard"	"141|62|83343490-426d-4275-a557-b1fab48b76f0|Widow’s Walkabout|hard"	"9b801454603476f8cd9b75fb1a740a6b0d89e0ed36f74db4d4142034c421d8f2"	"9ab3298964477fefe3eb42c626196df63e837a2737ff8513f6686db87a4d5f65"	"83343490-426d-4275-a557-b1fab48b76f0"		"Kd"	"8188"	"2025 April"	"141"	"Welcome"	"62"	"Widow’s Walkabout"	"hard"	"-8"
"PRODUCTION_ONLY"	"EXACT_DUPLICATE"	"c7ff9115-cb15-4bb8-9ff8-f81c12240c4d"	"141|62|id:8168|Widow’s Walkabout|easy"	"141|62|adb6b80b-1d61-454f-9469-28654123ffc7|Widow’s Walkabout|easy"	"a6eccae3d4c8572bb806862a551b466ecfedb28454c3463a8d9aa4014b300cb1"	"8d0a47939f66bb325c2b82ecc28b5141d2660d691b1c0be8f069be990ff96d9e"	"adb6b80b-1d61-454f-9469-28654123ffc7"		"ladybugg660"	"8168"	"2025 April"	"141"	"Welcome"	"62"	"Widow’s Walkabout"	"easy"	"2"
"PRODUCTION_ONLY"	"EXACT_DUPLICATE"	"6410ebb3-e4f8-492e-bb89-445c497abb12"	"141|62|id:8168|Widow’s Walkabout|hard"	"141|62|adb6b80b-1d61-454f-9469-28654123ffc7|Widow’s Walkabout|hard"	"f6880e3057502ce8ba4e5ad4beb646b66d72fb45947093c17c76e9798e6d9b54"	"f26c3a0b3eaab3783a80a7a17eb039c38669273499cd6d2fc7b4d83c17d6c59a"	"adb6b80b-1d61-454f-9469-28654123ffc7"		"ladybugg660"	"8168"	"2025 April"	"141"	"Welcome"	"62"	"Widow’s Walkabout"	"hard"	"19"
"PRODUCTION_ONLY"	"EXACT_DUPLICATE"	"4063b79d-019a-47e0-b966-606b066574ab"	"341|22|id:28|Tiki à Coco|easy"	"341|22|2e4ce1d8-afd6-44a2-9560-f85c16f23747|Tiki à Coco|easy"	"89bcd139a2d55c8d4bdea8434078f94d6103546352750b2f78f2fc434a39d5aa"	"94acb5f0adac6cedec637264abe979c298c7e96c4bfd5044ab573b0bc1a18391"	"2e4ce1d8-afd6-44a2-9560-f85c16f23747"		"Zanetti"	"28"	"2026 February"	"341"	"Elite"	"22"	"Tiki à Coco"	"easy"	"-22"
"PRODUCTION_ONLY"	"EXACT_DUPLICATE"	"e9b8d992-e74a-474f-b604-5836c5981b96"	"341|22|id:28|Tiki à Coco|hard"	"341|22|2e4ce1d8-afd6-44a2-9560-f85c16f23747|Tiki à Coco|hard"	"f1b246a32c1c567b6ebb0c3631100eb05f0e6befdc38fd4c667f8d39c8a0747e"	"77299811963f1543fa94ab6c05bfa59599f41f90f5e69052508b0413b851e06d"	"2e4ce1d8-afd6-44a2-9560-f85c16f23747"		"Zanetti"	"28"	"2026 February"	"341"	"Elite"	"22"	"Tiki à Coco"	"hard"	"-19"
"PRODUCTION_ONLY"	"EXACT_DUPLICATE"	"1117ffb9-c1de-49b7-ab81-23381be6ce4e"	"341|22|id:28|Widow’s Walkabout|easy"	"341|22|2e4ce1d8-afd6-44a2-9560-f85c16f23747|Widow’s Walkabout|easy"	"93d56bc43b444866c61a80090dbe701cbb0d6b2609021f657db5636b145b6b07"	"c3035a924716f62a9f1114c3fe6fdf54205c1e73ad9ff17def0777fbfcd149f7"	"2e4ce1d8-afd6-44a2-9560-f85c16f23747"		"Zanetti"	"28"	"2026 February"	"341"	"Elite"	"22"	"Widow’s Walkabout"	"easy"	"-26"
"PRODUCTION_ONLY"	"EXACT_DUPLICATE"	"9c62f5bc-9659-4582-802f-35f73ed4bf3b"	"341|22|id:28|Widow’s Walkabout|hard"	"341|22|2e4ce1d8-afd6-44a2-9560-f85c16f23747|Widow’s Walkabout|hard"	"e634c91c51d80b7d00ac43d5c2611bebd5035376999721abd3d47b42b398d4c1"	"9748cd21f93475963ef894e56f3fd383d5e9233682c49378fe926f40bbcf3cb0"	"2e4ce1d8-afd6-44a2-9560-f85c16f23747"		"Zanetti"	"28"	"2026 February"	"341"	"Elite"	"22"	"Widow’s Walkabout"	"hard"	"-19"
"PRODUCTION_ONLY"	"EXACT_DUPLICATE"	"30087c97-1812-4930-9264-f72816cb5e10"	"341|22|id:7948|Tiki à Coco|easy"	"341|22|6bae5271-c673-46ce-a272-b1be6cc4fef6|Tiki à Coco|easy"	"09cbd68a6b4efed80bf95d782b962a7311e29806f685c3c8d2b44379d3bd9992"	"5c3b0f097dc69cb9fec6db11fb315d9a31c202dd3900d36ff38f7dc5be07555c"	"6bae5271-c673-46ce-a272-b1be6cc4fef6"		"POLANECE"	"7948"	"2026 February"	"341"	"Elite"	"22"	"Tiki à Coco"	"easy"	"-22"
"PRODUCTION_ONLY"	"EXACT_DUPLICATE"	"9eec084c-cdac-42a1-9b78-360079d8a6ff"	"341|22|id:7948|Tiki à Coco|hard"	"341|22|6bae5271-c673-46ce-a272-b1be6cc4fef6|Tiki à Coco|hard"	"d9e82d1a43610573d6b3c8b922df77675c18bfdb26051bd2178bb150c329200d"	"c46a38c3e8f46527eec97f06e5b5cf771e6a0e962527a6a44b45432a9ab3cefd"	"6bae5271-c673-46ce-a272-b1be6cc4fef6"		"POLANECE"	"7948"	"2026 February"	"341"	"Elite"	"22"	"Tiki à Coco"	"hard"	"-17"
"PRODUCTION_ONLY"	"EXACT_DUPLICATE"	"e9ad5da3-6254-4d8d-8fb2-38e5a3335859"	"341|22|id:7948|Widow’s Walkabout|easy"	"341|22|6bae5271-c673-46ce-a272-b1be6cc4fef6|Widow’s Walkabout|easy"	"2e99a21871b8a41627f9fda962290c66d685372e1317ce864df0bd72a92eca98"	"e1011284d17e17ba106fa3875281d0b4e0030e458d88fb2594f98d395771edf8"	"6bae5271-c673-46ce-a272-b1be6cc4fef6"		"POLANECE"	"7948"	"2026 February"	"341"	"Elite"	"22"	"Widow’s Walkabout"	"easy"	"-26"
"PRODUCTION_ONLY"	"EXACT_DUPLICATE"	"55289658-6d52-4044-b5dd-5035bb59959a"	"341|22|id:7948|Widow’s Walkabout|hard"	"341|22|6bae5271-c673-46ce-a272-b1be6cc4fef6|Widow’s Walkabout|hard"	"a81d8222fa792367bac8585fead53e50d3b1152f06a230dfe73765cca045e0f3"	"71c5725cd98d74ace6bb28dd95d1d8d7e6f957e8881ff3bf03f90f443123b83b"	"6bae5271-c673-46ce-a272-b1be6cc4fef6"		"POLANECE"	"7948"	"2026 February"	"341"	"Elite"	"22"	"Widow’s Walkabout"	"hard"	"-19"
"PRODUCTION_ONLY"	"EXACT_DUPLICATE"	"75321ab7-c8e1-4be7-8604-2361f293d707"	"341|22|id:59|Tiki à Coco|easy"	"341|22|6f38b6b4-46bf-4ae6-9bb5-2230be6fb3f4|Tiki à Coco|easy"	"f170358d3bb3cd3aa00cfcf93970dbb0cfb4cdc44fa934cbd6338a6b4c96ae4c"	"96d4229ea80b4635c9f2cae50f58f3482e42a9b026fbcca49f2844c0196985fe"	"6f38b6b4-46bf-4ae6-9bb5-2230be6fb3f4"		"TrickyDicky"	"59"	"2026 February"	"341"	"Elite"	"22"	"Tiki à Coco"	"easy"	"-21"
"PRODUCTION_ONLY"	"EXACT_DUPLICATE"	"1a0b2d7c-2ba8-4c86-afc6-cdd13ed10965"	"341|22|id:59|Tiki à Coco|hard"	"341|22|6f38b6b4-46bf-4ae6-9bb5-2230be6fb3f4|Tiki à Coco|hard"	"52e2ebb1e06aae9895b910d7a7c52c55758519a77698c2c67c374ecfe45fe949"	"520ad8929340d0651ed5b2d1d7a579121bec9a0cd3af4cefe5365996617fb81b"	"6f38b6b4-46bf-4ae6-9bb5-2230be6fb3f4"		"TrickyDicky"	"59"	"2026 February"	"341"	"Elite"	"22"	"Tiki à Coco"	"hard"	"-15"
"PRODUCTION_ONLY"	"EXACT_DUPLICATE"	"d9022462-c10d-4189-8527-0997d0002e29"	"341|22|id:59|Widow’s Walkabout|easy"	"341|22|6f38b6b4-46bf-4ae6-9bb5-2230be6fb3f4|Widow’s Walkabout|easy"	"02df30dbe339e8b0fe04be1c1cb60e4e8c566231ede1af2ddafc013eab087cec"	"20798cce029cb566f47d178c52349d7edfbc6794aeafd01c55885c2e447f7e2d"	"6f38b6b4-46bf-4ae6-9bb5-2230be6fb3f4"		"TrickyDicky"	"59"	"2026 February"	"341"	"Elite"	"22"	"Widow’s Walkabout"	"easy"	"-25"
"PRODUCTION_ONLY"	"EXACT_DUPLICATE"	"3619771a-d118-46dd-b96d-27c2d6200588"	"341|22|id:59|Widow’s Walkabout|hard"	"341|22|6f38b6b4-46bf-4ae6-9bb5-2230be6fb3f4|Widow’s Walkabout|hard"	"498bba7fde0f576065385a73549121dbabbb6dcdd1caa3b0c1438fe80df15994"	"bde854c3df2c9f59625797c327f7d5fe8f7f55f67d03d79d6e6c27ec59424f3d"	"6f38b6b4-46bf-4ae6-9bb5-2230be6fb3f4"		"TrickyDicky"	"59"	"2026 February"	"341"	"Elite"	"22"	"Widow’s Walkabout"	"hard"	"-14"
"PRODUCTION_ONLY"	"EXACT_DUPLICATE"	"d35629e5-c760-45c6-b0d6-49512496f701"	"341|22|id:24|Tiki à Coco|easy"	"341|22|8832eacf-2433-4ea3-b97e-5d0d25da3099|Tiki à Coco|easy"	"64afdf8e06b4a9de1a0e0df46041e085a1c934511ad77eb5eba92dfeaf0a77e0"	"d257a383ca177d7b1a750a76a074a99d8dce0188292a2b68ed943a17e952fb00"	"8832eacf-2433-4ea3-b97e-5d0d25da3099"		"El Jorge"	"24"	"2026 February"	"341"	"Elite"	"22"	"Tiki à Coco"	"easy"	"-23"
"PRODUCTION_ONLY"	"EXACT_DUPLICATE"	"43b813b8-a210-49d9-abe3-39d9ca8251e1"	"341|22|id:24|Tiki à Coco|hard"	"341|22|8832eacf-2433-4ea3-b97e-5d0d25da3099|Tiki à Coco|hard"	"c1dbea41d4841ae57a0f474286b02a8823902dd0122603a3cdf62248b3d3e00d"	"268f0d4082433862f5c64f64c2671020c5a28ed99dd0faf4dbd4911a4ca54b23"	"8832eacf-2433-4ea3-b97e-5d0d25da3099"		"El Jorge"	"24"	"2026 February"	"341"	"Elite"	"22"	"Tiki à Coco"	"hard"	"-20"
"PRODUCTION_ONLY"	"EXACT_DUPLICATE"	"3cabf968-11db-48a6-a6ab-28cc1af4bae2"	"341|22|id:24|Widow’s Walkabout|easy"	"341|22|8832eacf-2433-4ea3-b97e-5d0d25da3099|Widow’s Walkabout|easy"	"d371edeb5a3a2d40919e28aabc1fb80819cbd1c562fd05b91c83736da9ba3b7d"	"674a8a534b7d13cd382b96f0fba2014ee33377d8858fc99b63636d4262377d97"	"8832eacf-2433-4ea3-b97e-5d0d25da3099"		"El Jorge"	"24"	"2026 February"	"341"	"Elite"	"22"	"Widow’s Walkabout"	"easy"	"-27"
"PRODUCTION_ONLY"	"EXACT_DUPLICATE"	"ef74b492-fb59-4f2e-98e6-422e737ce453"	"341|22|id:24|Widow’s Walkabout|hard"	"341|22|8832eacf-2433-4ea3-b97e-5d0d25da3099|Widow’s Walkabout|hard"	"2f0b2f594ef4dbc6de56be0944b893fc2869bb12f01b946c079107dc1c7ba32e"	"6daab5dad7267d5fcbc6a53dea47b679e11551877cb696adcb37fa59ea719f41"	"8832eacf-2433-4ea3-b97e-5d0d25da3099"		"El Jorge"	"24"	"2026 February"	"341"	"Elite"	"22"	"Widow’s Walkabout"	"hard"	"-23"
"PRODUCTION_ONLY"	"EXACT_DUPLICATE"	"9ffef8e1-677e-4369-af09-e97c9dcc8173"	"341|22|id:4927|Tiki à Coco|easy"	"341|22|9a3b0702-8240-400f-afab-00b5412192c7|Tiki à Coco|easy"	"60abee88aab1965bd335826697acafaae8b3c52ad9f62169700d0d7173887d4d"	"cad5776f4ddac7d247c3b98f4b46dbf4e11de2d149cf9c46ed031a0889c20801"	"9a3b0702-8240-400f-afab-00b5412192c7"		"yankeedude1123"	"4927"	"2026 February"	"341"	"Elite"	"22"	"Tiki à Coco"	"easy"	"-24"
"PRODUCTION_ONLY"	"EXACT_DUPLICATE"	"628fbc16-8a1a-492b-bb46-dc040ebbc722"	"341|22|id:4927|Tiki à Coco|hard"	"341|22|9a3b0702-8240-400f-afab-00b5412192c7|Tiki à Coco|hard"	"36034d019e0ac3fce6e044c5b533229c36621a6d5010d584d9e1f6b586ac16b4"	"34a21c78c9f36cfd78170b06c71a18fb0ba02221af82f9bc94f3f7b779e5aa9b"	"9a3b0702-8240-400f-afab-00b5412192c7"		"yankeedude1123"	"4927"	"2026 February"	"341"	"Elite"	"22"	"Tiki à Coco"	"hard"	"-21"
"PRODUCTION_ONLY"	"EXACT_DUPLICATE"	"2079e863-c68f-418e-a49f-febbb52a5c49"	"341|22|id:4927|Widow’s Walkabout|easy"	"341|22|9a3b0702-8240-400f-afab-00b5412192c7|Widow’s Walkabout|easy"	"a310b90fd52ed3897bac26d76b5c84c14f0693ee58ab111f14a62cd2a36f68ab"	"0305dda54b9549f4cf0ff7c9498d88aeb11960cadbfa7e34533214e051ed01b7"	"9a3b0702-8240-400f-afab-00b5412192c7"		"yankeedude1123"	"4927"	"2026 February"	"341"	"Elite"	"22"	"Widow’s Walkabout"	"easy"	"-32"
"PRODUCTION_ONLY"	"EXACT_DUPLICATE"	"e7c8bf72-6f6d-4f26-8db2-cf63cdfbf974"	"341|22|id:4927|Widow’s Walkabout|hard"	"341|22|9a3b0702-8240-400f-afab-00b5412192c7|Widow’s Walkabout|hard"	"68918460c36e76cdc106ea9e65a70de9320d28911eb59cad1535ab5e583253aa"	"b8bc593550ab439c352029ccb5bf2757fa19deaa787cf6ee1ee53f5f347c9014"	"9a3b0702-8240-400f-afab-00b5412192c7"		"yankeedude1123"	"4927"	"2026 February"	"341"	"Elite"	"22"	"Widow’s Walkabout"	"hard"	"-22"
"PRODUCTION_ONLY"	"EXACT_DUPLICATE"	"68906d32-1371-4a1d-bddf-ab58bb496f47"	"341|22|id:41|Tiki à Coco|easy"	"341|22|9ba01526-5c8d-4118-81a0-1934c8daee37|Tiki à Coco|easy"	"92fc9c4d4793ab2167abc3149d51691be506e6f8936d175db015c89c9bc638ad"	"50aa550c079c60cb898fd4c7aeb6fd2c47ac450b9a4ec0a7d1c86f409e7a462c"	"9ba01526-5c8d-4118-81a0-1934c8daee37"		"Blutes87"	"41"	"2026 February"	"341"	"Elite"	"22"	"Tiki à Coco"	"easy"	"-23"
"PRODUCTION_ONLY"	"EXACT_DUPLICATE"	"ead8dfbf-df73-4a13-88cf-627122999d39"	"341|22|id:41|Tiki à Coco|hard"	"341|22|9ba01526-5c8d-4118-81a0-1934c8daee37|Tiki à Coco|hard"	"a3a292267d67df20378c90e1d4571f99a3512dd5a70b66b0e0447993e6483963"	"c5145079fa4bf0feb3d355719ea87ed66e3fe321297e83a40b92f45ecaf3070e"	"9ba01526-5c8d-4118-81a0-1934c8daee37"		"Blutes87"	"41"	"2026 February"	"341"	"Elite"	"22"	"Tiki à Coco"	"hard"	"-19"
"PRODUCTION_ONLY"	"EXACT_DUPLICATE"	"183e079e-f4e3-4a32-bc3a-ab4fcac9d3c7"	"341|22|id:41|Widow’s Walkabout|easy"	"341|22|9ba01526-5c8d-4118-81a0-1934c8daee37|Widow’s Walkabout|easy"	"c59125a82f08579139d37a9d6af9dd239079cb1115f58b98bab6fb65faaeec7f"	"6d2b0f4d4d1131dfff74725fed3328c3ead77a59ff28c90d668997a6944c0733"	"9ba01526-5c8d-4118-81a0-1934c8daee37"		"Blutes87"	"41"	"2026 February"	"341"	"Elite"	"22"	"Widow’s Walkabout"	"easy"	"-27"
"PRODUCTION_ONLY"	"EXACT_DUPLICATE"	"3c19554b-3df5-414b-82be-5c4db09e8cd6"	"341|22|id:41|Widow’s Walkabout|hard"	"341|22|9ba01526-5c8d-4118-81a0-1934c8daee37|Widow’s Walkabout|hard"	"9989b2d7227b27bf50e31f6fa4499012acfe3a30c97a05667cc57b0567087836"	"019a690b638be84998160e84cc1da0fc8615e82bb33b5a9e71208da478d3ab7f"	"9ba01526-5c8d-4118-81a0-1934c8daee37"		"Blutes87"	"41"	"2026 February"	"341"	"Elite"	"22"	"Widow’s Walkabout"	"hard"	"-21"
"PRODUCTION_ONLY"	"EXACT_DUPLICATE"	"d9dc7d20-320d-4030-bc87-efa72790f5a5"	"341|22|id:4645|Tiki à Coco|easy"	"341|22|bc5bda4d-8977-4119-95a5-848733e9c6b5|Tiki à Coco|easy"	"40c3450ea2a4a0c6e3aba6bb9cf94d8a7b045f73bf47d8779a6ae994331dba2d"	"e7e9c88f0eb46bf06fe8b04c3cbfd8372ef3c517510f1b42f2c78df25fd0c3b7"	"bc5bda4d-8977-4119-95a5-848733e9c6b5"		"Gobson"	"4645"	"2026 February"	"341"	"Elite"	"22"	"Tiki à Coco"	"easy"	"-23"
"PRODUCTION_ONLY"	"EXACT_DUPLICATE"	"a12edebb-8f1f-4571-8e78-eb468988ede9"	"341|22|id:4645|Tiki à Coco|hard"	"341|22|bc5bda4d-8977-4119-95a5-848733e9c6b5|Tiki à Coco|hard"	"3ce593d21b984e876fdab8e315af7ce900fea9f92d6562fc89735ee7e197022a"	"84e6dba6267e55d4248822ff4998298c807779779cc4776a67c36106dbf328e0"	"bc5bda4d-8977-4119-95a5-848733e9c6b5"		"Gobson"	"4645"	"2026 February"	"341"	"Elite"	"22"	"Tiki à Coco"	"hard"	"-13"
"PRODUCTION_ONLY"	"EXACT_DUPLICATE"	"3fe868ed-2785-44a5-b394-d17eb18e738f"	"341|22|id:4645|Widow’s Walkabout|easy"	"341|22|bc5bda4d-8977-4119-95a5-848733e9c6b5|Widow’s Walkabout|easy"	"f9628d64d3f08981c6423149129e3efa882e399db9b4d1586d0b92e4698f81d9"	"f83533212b676da8684afc373344912cc2929de26540f98597db74ca0f124492"	"bc5bda4d-8977-4119-95a5-848733e9c6b5"		"Gobson"	"4645"	"2026 February"	"341"	"Elite"	"22"	"Widow’s Walkabout"	"easy"	"-28"
"PRODUCTION_ONLY"	"EXACT_DUPLICATE"	"bc40f698-b65a-4cf2-bafe-f27a632080eb"	"341|22|id:4645|Widow’s Walkabout|hard"	"341|22|bc5bda4d-8977-4119-95a5-848733e9c6b5|Widow’s Walkabout|hard"	"98b80f99a51604735bb97d00fe2675abf3eaf47d551a8ae2af60b9f0500fdc2c"	"e3ab1ece26146ce4f72978e012d31d15c5757abdd06fd410ae2d20739d876b77"	"bc5bda4d-8977-4119-95a5-848733e9c6b5"		"Gobson"	"4645"	"2026 February"	"341"	"Elite"	"22"	"Widow’s Walkabout"	"hard"	"-18"
"PRODUCTION_ONLY"	"EXACT_DUPLICATE"	"5e93bcb7-9293-4689-8d67-b33939f02807"	"341|22|id:7171|Tiki à Coco|easy"	"341|22|c0707ed3-323f-4e0d-b119-99dd9790f8f4|Tiki à Coco|easy"	"70e23a89b1e5f613deac51fc74cf2f60335ee0c4a5daff1def32bb74cbb2794a"	"ae0feb70293a19445d5dc27e95a101ff5b8a23f0c7eefa6ce0cfdb0bb1b5df4c"	"c0707ed3-323f-4e0d-b119-99dd9790f8f4"		"gomarino13"	"7171"	"2026 February"	"341"	"Elite"	"22"	"Tiki à Coco"	"easy"	"-19"
"PRODUCTION_ONLY"	"EXACT_DUPLICATE"	"f514295c-26a2-4b42-adca-ad66e19ec33c"	"341|22|id:7171|Tiki à Coco|hard"	"341|22|c0707ed3-323f-4e0d-b119-99dd9790f8f4|Tiki à Coco|hard"	"1b6b0534881c988ee2ec1a3962522484cb2c6d7e22d9d10aeb5e516f6290de2d"	"d52703502fdbd9c1c7a75dec867876bb5284dba749ac2dd485d144d2455842ca"	"c0707ed3-323f-4e0d-b119-99dd9790f8f4"		"gomarino13"	"7171"	"2026 February"	"341"	"Elite"	"22"	"Tiki à Coco"	"hard"	"-13"
"PRODUCTION_ONLY"	"EXACT_DUPLICATE"	"b31ef793-1b45-4870-9a38-ac584908eb69"	"341|22|id:7171|Widow’s Walkabout|easy"	"341|22|c0707ed3-323f-4e0d-b119-99dd9790f8f4|Widow’s Walkabout|easy"	"c3a6483d6596d24323743c32b0523b1fb68f1509f5164677cc26509212d48826"	"a2b579ef0535afee841e91f39a2103942add535fa948389ed02ca298ebcc99c6"	"c0707ed3-323f-4e0d-b119-99dd9790f8f4"		"gomarino13"	"7171"	"2026 February"	"341"	"Elite"	"22"	"Widow’s Walkabout"	"easy"	"-26"
"PRODUCTION_ONLY"	"EXACT_DUPLICATE"	"0bfd42d2-38fe-4330-b764-279e259890d4"	"341|22|id:7171|Widow’s Walkabout|hard"	"341|22|c0707ed3-323f-4e0d-b119-99dd9790f8f4|Widow’s Walkabout|hard"	"abf0f84e1b9188d03959c610a5579087ddf35c78509837fe798ef76e3f286bd5"	"959a7bc0b143a469364e2c1a8f7ced8687a7c5db7b96230c1765e40cd56c71d0"	"c0707ed3-323f-4e0d-b119-99dd9790f8f4"		"gomarino13"	"7171"	"2026 February"	"341"	"Elite"	"22"	"Widow’s Walkabout"	"hard"	"-11"
"PRODUCTION_ONLY"	"EXACT_DUPLICATE"	"8bc81d46-753b-4b36-87c1-480aef1c4047"	"341|22|id:1205|Tiki à Coco|easy"	"341|22|c19d0b98-ed0b-462c-8b31-6b54221127d9|Tiki à Coco|easy"	"63aaf3ace965466aa3a3063fa6ff4e77fd61665d04205a78a6567d7cfff2a73a"	"a4ca5bb2a26a4fb3946bac6a11900dc8187cdf3f8b116b60d485cb71fad791b0"	"c19d0b98-ed0b-462c-8b31-6b54221127d9"		"Neo Impossible"	"1205"	"2026 February"	"341"	"Elite"	"22"	"Tiki à Coco"	"easy"	"-23"
"PRODUCTION_ONLY"	"EXACT_DUPLICATE"	"2a57a867-55bb-43af-aac7-bfab0913cf95"	"341|22|id:1205|Tiki à Coco|hard"	"341|22|c19d0b98-ed0b-462c-8b31-6b54221127d9|Tiki à Coco|hard"	"88227cf0973674d6527b97d7804de5ac76572a92601bc9ad4979b4ea0e4e3dc6"	"be3780fedce2f08ac45af57029bf5c9369e81b9ce607adf47b7ed64a0976fa02"	"c19d0b98-ed0b-462c-8b31-6b54221127d9"		"Neo Impossible"	"1205"	"2026 February"	"341"	"Elite"	"22"	"Tiki à Coco"	"hard"	"-16"
"PRODUCTION_ONLY"	"EXACT_DUPLICATE"	"5416d146-ed4d-4d84-851e-5f9253202bf1"	"341|22|id:1205|Widow’s Walkabout|easy"	"341|22|c19d0b98-ed0b-462c-8b31-6b54221127d9|Widow’s Walkabout|easy"	"c0291cb42dfdcd5daca4d8ed6931842605bc166c708c9abeb5ffb61db12fd720"	"8b9b74571eddb89aaa528247b304423ccc38d5dcdc43770468358a1d1db19c7c"	"c19d0b98-ed0b-462c-8b31-6b54221127d9"		"Neo Impossible"	"1205"	"2026 February"	"341"	"Elite"	"22"	"Widow’s Walkabout"	"easy"	"-26"
"PRODUCTION_ONLY"	"EXACT_DUPLICATE"	"d156e772-eff8-4284-aebc-ef426836c117"	"341|22|id:1205|Widow’s Walkabout|hard"	"341|22|c19d0b98-ed0b-462c-8b31-6b54221127d9|Widow’s Walkabout|hard"	"361151d78925192e078850d95f3fe9a95dd432638e914c9229a048fc7de7e141"	"9c1c1426fa298fee2bbbb666634176eb2d53f20f0bb1dae31c0a958e68570686"	"c19d0b98-ed0b-462c-8b31-6b54221127d9"		"Neo Impossible"	"1205"	"2026 February"	"341"	"Elite"	"22"	"Widow’s Walkabout"	"hard"	"-15"
"PRODUCTION_ONLY"	"EXACT_DUPLICATE"	"b5ec8288-ec18-4dc7-bebc-200efe6f7d6e"	"341|22|id:22|Tiki à Coco|easy"	"341|22|d4e37778-8a69-4878-9ec3-6b6fddb03425|Tiki à Coco|easy"	"04f69a86f1caedd8382014619ef474e7bed708d6906051b433cb365e4c798719"	"0ed8f0b897377a300e21050fdb234a6e308ec719e70f16847e825b072326bab1"	"d4e37778-8a69-4878-9ec3-6b6fddb03425"		"INDY"	"22"	"2026 February"	"341"	"Elite"	"22"	"Tiki à Coco"	"easy"	"-22"
"PRODUCTION_ONLY"	"EXACT_DUPLICATE"	"2c79d50d-76ef-49f4-80f4-848fbe6e065f"	"341|22|id:22|Tiki à Coco|hard"	"341|22|d4e37778-8a69-4878-9ec3-6b6fddb03425|Tiki à Coco|hard"	"14a3ee3a01ca971337e3f3622f99688fb7922434a3fc9963ca5a5d4ea085f92f"	"4a29e586566698a93b9c5de6dadb9f792512b8850c6e83d2296fb630aeb481c4"	"d4e37778-8a69-4878-9ec3-6b6fddb03425"		"INDY"	"22"	"2026 February"	"341"	"Elite"	"22"	"Tiki à Coco"	"hard"	"-18"
"PRODUCTION_ONLY"	"EXACT_DUPLICATE"	"136d83f4-7bad-449c-ad74-1c8c65b57f8e"	"341|22|id:22|Widow’s Walkabout|easy"	"341|22|d4e37778-8a69-4878-9ec3-6b6fddb03425|Widow’s Walkabout|easy"	"d1582171e643acf135cfe129fbb9e869f4283ec21adb44a2569193fa1cf34918"	"7776388fccccbb2a48d4d237b06bfd8ddbc54867f44b8d1cb98deef0e526be85"	"d4e37778-8a69-4878-9ec3-6b6fddb03425"		"INDY"	"22"	"2026 February"	"341"	"Elite"	"22"	"Widow’s Walkabout"	"easy"	"-28"
"PRODUCTION_ONLY"	"EXACT_DUPLICATE"	"8395df3b-aa17-4c8c-8c4a-50f7f6139b58"	"341|22|id:22|Widow’s Walkabout|hard"	"341|22|d4e37778-8a69-4878-9ec3-6b6fddb03425|Widow’s Walkabout|hard"	"be12d70e101cb625a1e2fbbe6b585eaca78f2b67f37ba54734c4d6b84811fa6b"	"4c87ecaba217e8a452a9f248f2350473b8fcfebd7dc0c1cf6645ea56b2c4e41f"	"d4e37778-8a69-4878-9ec3-6b6fddb03425"		"INDY"	"22"	"2026 February"	"341"	"Elite"	"22"	"Widow’s Walkabout"	"hard"	"-20"
"PRODUCTION_ONLY"	"EXACT_DUPLICATE"	"12e88080-2e6c-49d9-9643-86e248e1f1cd"	"341|23|id:7528|Tiki à Coco|easy"	"341|23|2c18c5c9-6c30-43f7-ad2e-9ec89f659be5|Tiki à Coco|easy"	"7fd97e27c0756561da5ad831c3bb1f22c223275918109faafacbc2ed76a380a7"	"98240df5612756d7041b89e7c011843fcce77ecedf28b84d87bfb946e0fcb897"	"2c18c5c9-6c30-43f7-ad2e-9ec89f659be5"		"JES_BEACHY"	"7528"	"2026 February"	"341"	"Pro 1"	"23"	"Tiki à Coco"	"easy"	"-15"
"PRODUCTION_ONLY"	"EXACT_DUPLICATE"	"95209240-6f2b-479d-b602-4af7ca7a50c8"	"341|23|id:7528|Tiki à Coco|hard"	"341|23|2c18c5c9-6c30-43f7-ad2e-9ec89f659be5|Tiki à Coco|hard"	"7902274735e4099ef62a11559feef205119d60924e60290c73336c44df2043d4"	"d3a8cdabfcce875f577477e3813c8b42bcf44a5faeebc930e4a0b71ffd969928"	"2c18c5c9-6c30-43f7-ad2e-9ec89f659be5"		"JES_BEACHY"	"7528"	"2026 February"	"341"	"Pro 1"	"23"	"Tiki à Coco"	"hard"	"-12"
"PRODUCTION_ONLY"	"EXACT_DUPLICATE"	"6fdc00f5-d48b-4274-87c2-9583e917b085"	"341|23|id:7528|Widow’s Walkabout|easy"	"341|23|2c18c5c9-6c30-43f7-ad2e-9ec89f659be5|Widow’s Walkabout|easy"	"aadc38480f0fef5874f2d64baea67e208984d86659796a820e1ffc1c55d99fe3"	"5e8a3951d5f70389eb4cf31d888c53f022a68e983c9f9d708ea3e23654ad85c0"	"2c18c5c9-6c30-43f7-ad2e-9ec89f659be5"		"JES_BEACHY"	"7528"	"2026 February"	"341"	"Pro 1"	"23"	"Widow’s Walkabout"	"easy"	"-21"
"PRODUCTION_ONLY"	"EXACT_DUPLICATE"	"27f0442e-fe96-4b10-a7dd-64d0dc20e807"	"341|23|id:7528|Widow’s Walkabout|hard"	"341|23|2c18c5c9-6c30-43f7-ad2e-9ec89f659be5|Widow’s Walkabout|hard"	"c045fe51c61d7244bd0f30028216ea31ad7b90bd233b191c98b6aec5abb47c20"	"784c6f693bfb33de8e10df9ba49f06f54036ae1079242f79ebee609778ec2391"	"2c18c5c9-6c30-43f7-ad2e-9ec89f659be5"		"JES_BEACHY"	"7528"	"2026 February"	"341"	"Pro 1"	"23"	"Widow’s Walkabout"	"hard"	"-13"
"PRODUCTION_ONLY"	"EXACT_DUPLICATE"	"889df97a-de0f-4956-8bad-8a046351a857"	"341|23|id:32|Tiki à Coco|easy"	"341|23|432fb05b-1506-41ea-86e9-41bf07763b48|Tiki à Coco|easy"	"976b7e726421e415201f1a86ca3901f8b925793869ac1e6850d0fa4b8518e044"	"a137a1624c6108b9de0ae6a22ee808b7e7751d2616abb67a1896866e751acceb"	"432fb05b-1506-41ea-86e9-41bf07763b48"		"Matt916"	"32"	"2026 February"	"341"	"Pro 1"	"23"	"Tiki à Coco"	"easy"	"-20"
"PRODUCTION_ONLY"	"EXACT_DUPLICATE"	"22540cd5-8431-4afb-a9af-75cf1d31f9de"	"341|23|id:32|Tiki à Coco|hard"	"341|23|432fb05b-1506-41ea-86e9-41bf07763b48|Tiki à Coco|hard"	"150651b7cc1806dcfe7d9f8329d429d678f6587aa45d0f9422fdb8fe7862d1b3"	"9cecbee2b9aac7f3eb742b17b8801d7df0861d3068b69fd4c8ad222a428dd5d3"	"432fb05b-1506-41ea-86e9-41bf07763b48"		"Matt916"	"32"	"2026 February"	"341"	"Pro 1"	"23"	"Tiki à Coco"	"hard"	"-19"
"PRODUCTION_ONLY"	"EXACT_DUPLICATE"	"22f14458-451a-4dee-984b-f13556068da8"	"341|23|id:32|Widow’s Walkabout|easy"	"341|23|432fb05b-1506-41ea-86e9-41bf07763b48|Widow’s Walkabout|easy"	"8cc5e3edb7967b201c7f39be0b920ceae5cc327bcbb113a5d58289783677ea3a"	"1931f2a67e3f6e874405fa6608aa2af94d983090b3983d1a60321a6870072a38"	"432fb05b-1506-41ea-86e9-41bf07763b48"		"Matt916"	"32"	"2026 February"	"341"	"Pro 1"	"23"	"Widow’s Walkabout"	"easy"	"-26"
"PRODUCTION_ONLY"	"EXACT_DUPLICATE"	"23523137-3fbc-48d1-86f9-bc139d50f76e"	"341|23|id:32|Widow’s Walkabout|hard"	"341|23|432fb05b-1506-41ea-86e9-41bf07763b48|Widow’s Walkabout|hard"	"90d24bcebe090f7aaf43e8175c988ff9dc80cdce41854621be768c21a3f96739"	"39c1aa898b178dfa4f44dbdab4cb6303982e22c93d442f46a4756d84ce2eacb1"	"432fb05b-1506-41ea-86e9-41bf07763b48"		"Matt916"	"32"	"2026 February"	"341"	"Pro 1"	"23"	"Widow’s Walkabout"	"hard"	"-18"
"PRODUCTION_ONLY"	"EXACT_DUPLICATE"	"987826c8-1ad1-4784-86b6-ba00080f1963"	"341|23|id:3506|Tiki à Coco|easy"	"341|23|6da4e335-3218-4711-b5db-e3faf558e68b|Tiki à Coco|easy"	"066838b6ed9edb1e26c6d3b869288efe67c0ee0a1f705fe06b0165ceb5b1986c"	"dff3c13239a07bc463534200d463b7dec046bda554d54059b7e9e6f3785c7aef"	"6da4e335-3218-4711-b5db-e3faf558e68b"		"DABIGWILLO"	"3506"	"2026 February"	"341"	"Pro 1"	"23"	"Tiki à Coco"	"easy"	"-12"
"PRODUCTION_ONLY"	"EXACT_DUPLICATE"	"bbdea4ff-6d10-4ef3-a111-1e428ff93ad2"	"341|23|id:3506|Tiki à Coco|hard"	"341|23|6da4e335-3218-4711-b5db-e3faf558e68b|Tiki à Coco|hard"	"af4258882dbd3ca23b175ea3f7cc02a62a39672b2507cd02a4243740d0aedad6"	"d17033005368b91c9be7bf77ef2c4425b2ffcb4d7fa33549392d9de15042ad14"	"6da4e335-3218-4711-b5db-e3faf558e68b"		"DABIGWILLO"	"3506"	"2026 February"	"341"	"Pro 1"	"23"	"Tiki à Coco"	"hard"	"-13"
"PRODUCTION_ONLY"	"EXACT_DUPLICATE"	"6056952c-4706-4f14-bde0-12c6baba34cf"	"341|23|id:3506|Widow’s Walkabout|easy"	"341|23|6da4e335-3218-4711-b5db-e3faf558e68b|Widow’s Walkabout|easy"	"add2ec13dec98cb2e3f57079d9e31dce8523c39544633e2f231b72562738a5aa"	"51515a4533a2cd13d26a860bd563325774bf259131eeeb382eb685ff22db6957"	"6da4e335-3218-4711-b5db-e3faf558e68b"		"DABIGWILLO"	"3506"	"2026 February"	"341"	"Pro 1"	"23"	"Widow’s Walkabout"	"easy"	"-21"
"PRODUCTION_ONLY"	"EXACT_DUPLICATE"	"d3bf56a2-24cf-49bf-aeb5-d8b28a5c10f2"	"341|23|id:3506|Widow’s Walkabout|hard"	"341|23|6da4e335-3218-4711-b5db-e3faf558e68b|Widow’s Walkabout|hard"	"050d22b2ae9c181e821c77a8a925dce477ea63ad53515f152851be0ea52fd435"	"ecd35677879b5022b903aa07db6da63666fd8e936ab47032caea67d7006c1337"	"6da4e335-3218-4711-b5db-e3faf558e68b"		"DABIGWILLO"	"3506"	"2026 February"	"341"	"Pro 1"	"23"	"Widow’s Walkabout"	"hard"	"-11"
"PRODUCTION_ONLY"	"EXACT_DUPLICATE"	"0c16f660-ce12-47e1-bb8e-a413b1b9e137"	"341|23|id:65|Tiki à Coco|easy"	"341|23|b77d2644-31eb-4b82-9f76-f124a25b9a06|Tiki à Coco|easy"	"fe796a656e8efff00a86b0b31ed1437e4756e956af4aaf2d1d30040e4321aca8"	"a7807a99d5c3f822bf144caa1de89ba78d733c3cd41743f68d8ddc1924ac5d90"	"b77d2644-31eb-4b82-9f76-f124a25b9a06"		"deebee"	"65"	"2026 February"	"341"	"Pro 1"	"23"	"Tiki à Coco"	"easy"	"-18"
"PRODUCTION_ONLY"	"EXACT_DUPLICATE"	"63f1328d-b8c8-4e71-8b14-85e2e660df24"	"341|23|id:65|Tiki à Coco|hard"	"341|23|b77d2644-31eb-4b82-9f76-f124a25b9a06|Tiki à Coco|hard"	"1916df098462982895275f2236b9a28c0c268eaa567b1b0888c8f93834f1673b"	"6f91a831e260aa179f43f0813d9e33f9a12e56b88f2a176f0517c495fe988027"	"b77d2644-31eb-4b82-9f76-f124a25b9a06"		"deebee"	"65"	"2026 February"	"341"	"Pro 1"	"23"	"Tiki à Coco"	"hard"	"-17"
"PRODUCTION_ONLY"	"EXACT_DUPLICATE"	"72637af6-1218-440a-ab9b-217b70663c03"	"341|23|id:65|Widow’s Walkabout|easy"	"341|23|b77d2644-31eb-4b82-9f76-f124a25b9a06|Widow’s Walkabout|easy"	"df65cd708d9fdd70c90bfb3d39d5b87b6b770f51732f2082fd751de5bcbbab5e"	"97b673ebdd87f544308cc034bf6bb4105156f14c4dbad9e0502365a39a3546d7"	"b77d2644-31eb-4b82-9f76-f124a25b9a06"		"deebee"	"65"	"2026 February"	"341"	"Pro 1"	"23"	"Widow’s Walkabout"	"easy"	"-21"
"PRODUCTION_ONLY"	"EXACT_DUPLICATE"	"1ca47295-204b-42f3-a1b2-a1b52a3304a4"	"341|23|id:65|Widow’s Walkabout|hard"	"341|23|b77d2644-31eb-4b82-9f76-f124a25b9a06|Widow’s Walkabout|hard"	"f5cd27e846ade3831a70a05bb44cb9f3fea36cf7ffefbb430646aed8ed2cadb8"	"06eb6b5af1c7d4aa1f5e7d34e615b54536837d9d834fa5e58533617853a4488c"	"b77d2644-31eb-4b82-9f76-f124a25b9a06"		"deebee"	"65"	"2026 February"	"341"	"Pro 1"	"23"	"Widow’s Walkabout"	"hard"	"-11"
"PRODUCTION_ONLY"	"EXACT_DUPLICATE"	"6d0f0daf-85bb-4b56-bfcd-08c71be6f604"	"341|23|id:113|Tiki à Coco|easy"	"341|23|bed2b89f-bb23-4a5c-9add-ae3cc4e67fdd|Tiki à Coco|easy"	"7074c8bcb5a020454d69d0ac981022abf2616c670295d781db02b97f3cfda077"	"3985281620731ab1850c48b2ddfe41695f512b09cf51437df117f5d06c895103"	"bed2b89f-bb23-4a5c-9add-ae3cc4e67fdd"		"AndyP1970"	"113"	"2026 February"	"341"	"Pro 1"	"23"	"Tiki à Coco"	"easy"	"-17"
"PRODUCTION_ONLY"	"EXACT_DUPLICATE"	"57f07b6e-d50d-42e4-a05e-48e1c67db4ec"	"341|23|id:113|Tiki à Coco|hard"	"341|23|bed2b89f-bb23-4a5c-9add-ae3cc4e67fdd|Tiki à Coco|hard"	"e1c9bf0108a06d04389fc5f0693fdaa9ee4767e4bf4534d6255e64b13ae45a87"	"4c0071248b217238a098e15f060304bd11e6dfe481876ea13954bf3f722e125f"	"bed2b89f-bb23-4a5c-9add-ae3cc4e67fdd"		"AndyP1970"	"113"	"2026 February"	"341"	"Pro 1"	"23"	"Tiki à Coco"	"hard"	"-8"
"PRODUCTION_ONLY"	"EXACT_DUPLICATE"	"68d9aad9-61bf-4484-9c32-90a33a324db5"	"341|23|id:113|Widow’s Walkabout|hard"	"341|23|bed2b89f-bb23-4a5c-9add-ae3cc4e67fdd|Widow’s Walkabout|hard"	"5cf2ccf038eebfe052ab9597f9a87608b47e5dc9f75de8afa26b7ef39d628c43"	"591b4cea17ff6fba6ac4cb70900cbcd4786c60d54204434c924807d19d8efdcc"	"bed2b89f-bb23-4a5c-9add-ae3cc4e67fdd"		"AndyP1970"	"113"	"2026 February"	"341"	"Pro 1"	"23"	"Widow’s Walkabout"	"hard"	"-15"
"PRODUCTION_ONLY"	"EXACT_DUPLICATE"	"615c0999-f091-4b67-838b-c40b977ff498"	"341|23|id:105|Tiki à Coco|easy"	"341|23|c313a967-77a1-43b3-8e22-0cc95b1074b4|Tiki à Coco|easy"	"c905a16c9d93ab42efbf73c83330c92a5fcb5a6e974aea482fa1ab5635ad43ce"	"cc434b92a395bb0b1da04005c76531e5ae31b4beb4d944aeb718c1beb1a4bdda"	"c313a967-77a1-43b3-8e22-0cc95b1074b4"		"YODA"	"105"	"2026 February"	"341"	"Pro 1"	"23"	"Tiki à Coco"	"easy"	"-18"
"PRODUCTION_ONLY"	"EXACT_DUPLICATE"	"04456930-b97f-43eb-97a3-fc0f1ddf61af"	"341|23|id:105|Tiki à Coco|hard"	"341|23|c313a967-77a1-43b3-8e22-0cc95b1074b4|Tiki à Coco|hard"	"9820f1dc81b79736607a0916e63ce5ab42ff5cecb9008af23e71b69a057e8dc6"	"ed37566245f696e7e855e40d7f5ade8ff6a339aca00aa1c1a644095595a7c3cc"	"c313a967-77a1-43b3-8e22-0cc95b1074b4"		"YODA"	"105"	"2026 February"	"341"	"Pro 1"	"23"	"Tiki à Coco"	"hard"	"-12"
"PRODUCTION_ONLY"	"EXACT_DUPLICATE"	"8e053679-160e-4a24-965a-28adf205e097"	"341|23|id:105|Widow’s Walkabout|easy"	"341|23|c313a967-77a1-43b3-8e22-0cc95b1074b4|Widow’s Walkabout|easy"	"b43d15adb6985f6922aac8f3377d51a8801e8e0bc194130c3a3b625b868b1c3e"	"ce9fb61914bda8c385f93f24a8cddf45392faa594c5f201902e2fd7a2ff24c07"	"c313a967-77a1-43b3-8e22-0cc95b1074b4"		"YODA"	"105"	"2026 February"	"341"	"Pro 1"	"23"	"Widow’s Walkabout"	"easy"	"-25"
"PRODUCTION_ONLY"	"EXACT_DUPLICATE"	"bf95660b-e91d-4899-9d7e-6e9dc0f00c24"	"341|23|id:105|Widow’s Walkabout|hard"	"341|23|c313a967-77a1-43b3-8e22-0cc95b1074b4|Widow’s Walkabout|hard"	"a3213e15a25d721cea5e4ec914cc5ef8ac4c329126c2f5699441b3823ccf8fdd"	"13c527427175411fe33b6cd9cb236ae7dabc77bc2110f4efc55a98c6a1bd4012"	"c313a967-77a1-43b3-8e22-0cc95b1074b4"		"YODA"	"105"	"2026 February"	"341"	"Pro 1"	"23"	"Widow’s Walkabout"	"hard"	"-12"
"PRODUCTION_ONLY"	"EXACT_DUPLICATE"	"c38aa6d5-e524-4511-9b00-56f7ee9e26bd"	"341|23|id:7169|Tiki à Coco|easy"	"341|23|c50cb21a-de40-4900-b02f-866207521fe3|Tiki à Coco|easy"	"e669ce6e774690e136a71504a48605fe274a0207dd81d04074cc896ded3892be"	"c4b91141990536fd6fb2a7147edadc30937c453ef9443e6c0b4823ccb280eb6d"	"c50cb21a-de40-4900-b02f-866207521fe3"		"Master_KP"	"7169"	"2026 February"	"341"	"Pro 1"	"23"	"Tiki à Coco"	"easy"	"-18"
"PRODUCTION_ONLY"	"EXACT_DUPLICATE"	"ddd2483e-aedb-41f0-ac6f-c1d15027a86a"	"341|23|id:7169|Widow’s Walkabout|easy"	"341|23|c50cb21a-de40-4900-b02f-866207521fe3|Widow’s Walkabout|easy"	"7995398a5b147356dd851adeb29b2a7d944db7a9f38602c978efdfbaa4dbfc8b"	"c2b93c173105fe000574ee85b33afa46cd845fec6f2e2b9d37ca2637f0c10ceb"	"c50cb21a-de40-4900-b02f-866207521fe3"		"Master_KP"	"7169"	"2026 February"	"341"	"Pro 1"	"23"	"Widow’s Walkabout"	"easy"	"-23"
"PRODUCTION_ONLY"	"EXACT_DUPLICATE"	"66a6e0b0-f2aa-41e5-b3cd-77e1e6c647a7"	"341|23|id:7169|Widow’s Walkabout|hard"	"341|23|c50cb21a-de40-4900-b02f-866207521fe3|Widow’s Walkabout|hard"	"c38e9d74da4af527afa45f062079c9740731b72c890f4087f8cf4d37af34725e"	"dd5572c2c66cccb217b7dad48237f9fd090efcd3fe157b5da78aaf68d3b6398b"	"c50cb21a-de40-4900-b02f-866207521fe3"		"Master_KP"	"7169"	"2026 February"	"341"	"Pro 1"	"23"	"Widow’s Walkabout"	"hard"	"-13"
"PRODUCTION_ONLY"	"EXACT_DUPLICATE"	"d353a27f-eb30-4a4f-8fc8-3688835e4d1d"	"341|23|id:5645|Tiki à Coco|easy"	"341|23|d1621cfd-1841-435e-b97b-cf369f6aecd7|Tiki à Coco|easy"	"8021246fd2260b8292078eab69fb0d400497e8fb662a57b8f4eaf9e774d067e4"	"5799c196ffb6acfb854837cb99cd1bc383726e00015117f0cab34695e7b7d136"	"d1621cfd-1841-435e-b97b-cf369f6aecd7"		"mammothrept"	"5645"	"2026 February"	"341"	"Pro 1"	"23"	"Tiki à Coco"	"easy"	"-20"
"PRODUCTION_ONLY"	"EXACT_DUPLICATE"	"5f552978-b170-4a5d-afce-f4bf9ddb4681"	"341|23|id:5645|Tiki à Coco|hard"	"341|23|d1621cfd-1841-435e-b97b-cf369f6aecd7|Tiki à Coco|hard"	"25a403b1f120f038c8b8da82ec947ef6950f964047c13fbf9b4f993ed177b7bc"	"dc3e1bd6ebd6388aa6f0915afbad7411f8c2b31ac734cea2c50d269167f2016c"	"d1621cfd-1841-435e-b97b-cf369f6aecd7"		"mammothrept"	"5645"	"2026 February"	"341"	"Pro 1"	"23"	"Tiki à Coco"	"hard"	"-15"
"PRODUCTION_ONLY"	"EXACT_DUPLICATE"	"625692ab-7227-4ceb-88e3-fb93fb61f97c"	"341|23|id:5645|Widow’s Walkabout|easy"	"341|23|d1621cfd-1841-435e-b97b-cf369f6aecd7|Widow’s Walkabout|easy"	"782650ddcb15f0f2c054c5373c79ab30cad6f0796d697c09ff4f3ef590f105eb"	"8054bde7ee13687d48576f8fbf11fd397ae90403bcd1fe18a63daa223ee2eb15"	"d1621cfd-1841-435e-b97b-cf369f6aecd7"		"mammothrept"	"5645"	"2026 February"	"341"	"Pro 1"	"23"	"Widow’s Walkabout"	"easy"	"-25"
"PRODUCTION_ONLY"	"EXACT_DUPLICATE"	"963cfa95-ef6e-4191-be3a-cb9801c8bfae"	"341|23|id:5645|Widow’s Walkabout|hard"	"341|23|d1621cfd-1841-435e-b97b-cf369f6aecd7|Widow’s Walkabout|hard"	"f761c40d3f84333bbf7f767c646ca71edacfb292a85febb44c5756f99822f9de"	"1332356fbbff16f39ff09c0b26015c2d5fe9290a3ec6fbb55a765ac60566e1ab"	"d1621cfd-1841-435e-b97b-cf369f6aecd7"		"mammothrept"	"5645"	"2026 February"	"341"	"Pro 1"	"23"	"Widow’s Walkabout"	"hard"	"-12"
"PRODUCTION_ONLY"	"EXACT_DUPLICATE"	"3784a96e-9133-4e3d-ad1e-f071b2118d2d"	"341|23|id:7183|Widow’s Walkabout|easy"	"341|23|eb95bd85-5cee-437b-b458-abedf5a368d3|Widow’s Walkabout|easy"	"075f58b58cd71096f690874eecbf16cf513e32ea0ecf285db6887abeb13065e9"	"55c928a03cb0d70ba14fb80d9a30beab76aab8f7fdd63c6f397be42fa1522964"	"eb95bd85-5cee-437b-b458-abedf5a368d3"		"PaulV-PPP 🇨🇦"	"7183"	"2026 February"	"341"	"Pro 1"	"23"	"Widow’s Walkabout"	"easy"	"-23"
"PRODUCTION_ONLY"	"EXACT_DUPLICATE"	"c4d4dc1e-b084-4933-ac7a-2fb5dede6497"	"341|23|id:7183|Widow’s Walkabout|hard"	"341|23|eb95bd85-5cee-437b-b458-abedf5a368d3|Widow’s Walkabout|hard"	"bd6e59a0465edc00931429f0b74a4b0728fa30f08a396e00018f9c5fea0b737b"	"963e0fb032f85af0a30eb39e6066dcf1c2691f9aac00d4a14f9086da91740042"	"eb95bd85-5cee-437b-b458-abedf5a368d3"		"PaulV-PPP 🇨🇦"	"7183"	"2026 February"	"341"	"Pro 1"	"23"	"Widow’s Walkabout"	"hard"	"-11"
"PRODUCTION_ONLY"	"EXACT_DUPLICATE"	"3317fc75-9993-4afa-98ee-b29248496f2b"	"341|25|id:8008|Widow’s Walkabout|easy"	"341|25|3a608d22-c3e8-43ee-bb64-6bab95c7233b|Widow’s Walkabout|easy"	"5c3fd8d13d43d0ceb9547a1c0fa2c76488de26e38eccb1b492bcc8cf23ff6314"	"41b71b433bda8e050e2aa4d03648ff2908b9ccfd07630d46f566c11d1fbbf970"	"3a608d22-c3e8-43ee-bb64-6bab95c7233b"		"Fry_Lock"	"8008"	"2026 February"	"341"	"Pro 3"	"25"	"Widow’s Walkabout"	"easy"	"-23"
"PRODUCTION_ONLY"	"EXACT_DUPLICATE"	"b47e9485-ffcd-4359-a111-39ef87380c60"	"341|25|id:8008|Widow’s Walkabout|hard"	"341|25|3a608d22-c3e8-43ee-bb64-6bab95c7233b|Widow’s Walkabout|hard"	"1cdf5fbdb2c62e9c5fecf69e7dcce026996ea96d93c53ad5aa2bb2e6d34e4988"	"ad89110d09f3fbd3f42d7414dad3e2468ae8f8ab84e9951f82d7351aa414fea2"	"3a608d22-c3e8-43ee-bb64-6bab95c7233b"		"Fry_Lock"	"8008"	"2026 February"	"341"	"Pro 3"	"25"	"Widow’s Walkabout"	"hard"	"-12"
"PRODUCTION_ONLY"	"EXACT_DUPLICATE"	"3ab3b90a-877f-453e-97bd-0c2d442f4bc3"	"341|25|id:8448|Tiki à Coco|easy"	"341|25|3aec83ee-9082-4703-b19f-7f33f0f7e995|Tiki à Coco|easy"	"1e94fd7ec7e149a52455b22ad095e42c876804c3a7bd41634cbe0db7de0144eb"	"b5c6b08504f311bb83f33ffa57458ee490b198395ffae417305cc13cc034b8c6"	"3aec83ee-9082-4703-b19f-7f33f0f7e995"		"ZoeDarlin"	"8448"	"2026 February"	"341"	"Pro 3"	"25"	"Tiki à Coco"	"easy"	"-20"
"PRODUCTION_ONLY"	"EXACT_DUPLICATE"	"5f92042f-bd49-4c60-8d9c-1bc6fc9a9126"	"341|25|id:8448|Tiki à Coco|hard"	"341|25|3aec83ee-9082-4703-b19f-7f33f0f7e995|Tiki à Coco|hard"	"cdfd2c8c78c7245d0691d5528d7f9a1892324cc810dc2cbf29419ff28397c8a7"	"953558f45f86525b705cc2bef3f7729fcd80dd5cfc5ebe82a1349f99e852fa9d"	"3aec83ee-9082-4703-b19f-7f33f0f7e995"		"ZoeDarlin"	"8448"	"2026 February"	"341"	"Pro 3"	"25"	"Tiki à Coco"	"hard"	"-11"
"PRODUCTION_ONLY"	"EXACT_DUPLICATE"	"1ddbfd4e-10c7-49ec-9775-ae71325c1c7c"	"341|25|id:8448|Widow’s Walkabout|easy"	"341|25|3aec83ee-9082-4703-b19f-7f33f0f7e995|Widow’s Walkabout|easy"	"b8a56fa0a92d07db820a815f180cd3db53b111cbc839423114abcf952de0aa7e"	"c33464a4c2d77f421b4e5b44ba0885c63e0e3fd8308753393697dc3b140455ca"	"3aec83ee-9082-4703-b19f-7f33f0f7e995"		"ZoeDarlin"	"8448"	"2026 February"	"341"	"Pro 3"	"25"	"Widow’s Walkabout"	"easy"	"-24"
"PRODUCTION_ONLY"	"EXACT_DUPLICATE"	"a89513dd-4d57-4c90-935f-f9fbb082bd37"	"341|25|id:8448|Widow’s Walkabout|hard"	"341|25|3aec83ee-9082-4703-b19f-7f33f0f7e995|Widow’s Walkabout|hard"	"e8450dde118a5251a9c58ed40595fdc385a65278366762514fd811ed4ef98057"	"d4bc151292e693dd785dd3f81b748be920bf73380c3389024d638849b04a6467"	"3aec83ee-9082-4703-b19f-7f33f0f7e995"		"ZoeDarlin"	"8448"	"2026 February"	"341"	"Pro 3"	"25"	"Widow’s Walkabout"	"hard"	"-13"
"PRODUCTION_ONLY"	"EXACT_DUPLICATE"	"d84de8a2-c2f6-4230-b393-e7d3b91c37a3"	"341|25|id:6165|Tiki à Coco|easy"	"341|25|6d74f565-dc1d-41e3-81e5-fd7e6b38e28d|Tiki à Coco|easy"	"b81dc90e9d243726d110181a1d84941120d841bd3e7c4a2c829b4cf36ab08163"	"42c645fe18e9d97ba28ddfaac36ded42cc92d3c7e320c76f4c7d9ebb18f97a17"	"6d74f565-dc1d-41e3-81e5-fd7e6b38e28d"		"roknhorsebrat"	"6165"	"2026 February"	"341"	"Pro 3"	"25"	"Tiki à Coco"	"easy"	"-11"
"PRODUCTION_ONLY"	"EXACT_DUPLICATE"	"b3199450-0729-42b4-b5a4-3482e843011b"	"341|25|id:6165|Tiki à Coco|hard"	"341|25|6d74f565-dc1d-41e3-81e5-fd7e6b38e28d|Tiki à Coco|hard"	"d04b15dbf795156d304105e02df9afb6b9580013b99a942e760b9e31034cbbd9"	"27994af5c13b34e8089062a5c7f420821d52af1e53c5af5cc9d7dd68321a8843"	"6d74f565-dc1d-41e3-81e5-fd7e6b38e28d"		"roknhorsebrat"	"6165"	"2026 February"	"341"	"Pro 3"	"25"	"Tiki à Coco"	"hard"	"-9"
"PRODUCTION_ONLY"	"EXACT_DUPLICATE"	"4a1c5e80-d310-49f3-bdd3-06482df38390"	"341|25|id:6165|Widow’s Walkabout|easy"	"341|25|6d74f565-dc1d-41e3-81e5-fd7e6b38e28d|Widow’s Walkabout|easy"	"27076b8dcf4086dbc46bdc04f16893bb38ee8a00e8d5e6234f8e82f653562d5f"	"e6230881e4de85828ef342d1bef6da53a5d3c04771ac0cfdf748774e478001a2"	"6d74f565-dc1d-41e3-81e5-fd7e6b38e28d"		"roknhorsebrat"	"6165"	"2026 February"	"341"	"Pro 3"	"25"	"Widow’s Walkabout"	"easy"	"-16"
"PRODUCTION_ONLY"	"EXACT_DUPLICATE"	"09ac3ad3-ac9d-4e4f-9086-0f576895eb44"	"341|25|id:6165|Widow’s Walkabout|hard"	"341|25|6d74f565-dc1d-41e3-81e5-fd7e6b38e28d|Widow’s Walkabout|hard"	"913ea0a22fb9ba11a0766f48b7318cea26e2f3d8304b0acfde5b1c26b55a43c1"	"354d6d739ff352a7593717ff34245f546847c6c1db0b27b7c8bc180cf957368b"	"6d74f565-dc1d-41e3-81e5-fd7e6b38e28d"		"roknhorsebrat"	"6165"	"2026 February"	"341"	"Pro 3"	"25"	"Widow’s Walkabout"	"hard"	"-9"
"PRODUCTION_ONLY"	"EXACT_DUPLICATE"	"c7e31725-fa4e-472d-bea1-e32413ccf904"	"341|25|id:7207|Tiki à Coco|easy"	"341|25|706ba7c0-9efd-4b2c-9366-94b6354a82ce|Tiki à Coco|easy"	"202d59ecc683f92d176178a04e0230817ca460706b2211dd6a0cb0a5e39869ae"	"8654e03bcf1756441533efec50f9cc149050a931c89127372df57898eeba976b"	"706ba7c0-9efd-4b2c-9366-94b6354a82ce"		"awesome_kris"	"7207"	"2026 February"	"341"	"Pro 3"	"25"	"Tiki à Coco"	"easy"	"-16"
"PRODUCTION_ONLY"	"EXACT_DUPLICATE"	"fd0d1ebb-64df-4204-8b54-8726170f5a26"	"341|25|id:7207|Tiki à Coco|hard"	"341|25|706ba7c0-9efd-4b2c-9366-94b6354a82ce|Tiki à Coco|hard"	"c7e6cae3b244b9874b3bbf167d16129bc527244fb29375bc84ae8f48d0a758b9"	"d7017447d8574add139ac9dcb50bef606715e6078a882c7c970257f1a387fe51"	"706ba7c0-9efd-4b2c-9366-94b6354a82ce"		"awesome_kris"	"7207"	"2026 February"	"341"	"Pro 3"	"25"	"Tiki à Coco"	"hard"	"-13"
"PRODUCTION_ONLY"	"EXACT_DUPLICATE"	"1c4dc2de-23cd-4dd8-86b5-a41fdc3da09f"	"341|25|id:7207|Widow’s Walkabout|easy"	"341|25|706ba7c0-9efd-4b2c-9366-94b6354a82ce|Widow’s Walkabout|easy"	"a9fa195d9ece4236ddc5424c29be31165869ec7b34822b7cf495d9c262c629b5"	"cca294fd26033a82e72ff27a665a5aec8282f11a63701e3e9cfb67bd02097630"	"706ba7c0-9efd-4b2c-9366-94b6354a82ce"		"awesome_kris"	"7207"	"2026 February"	"341"	"Pro 3"	"25"	"Widow’s Walkabout"	"easy"	"-15"
"PRODUCTION_ONLY"	"EXACT_DUPLICATE"	"bf1f609d-1cf7-436d-b425-a37663ebb75c"	"341|25|id:7207|Widow’s Walkabout|hard"	"341|25|706ba7c0-9efd-4b2c-9366-94b6354a82ce|Widow’s Walkabout|hard"	"b5921443ecf66cf13fdc9d116b90705d98d45076103e72306f3f2c2ba5d5937d"	"b4065ec6f41f3ef343d488a8c2c9f6746fed1dd758f931cfae65c244f39e35d8"	"706ba7c0-9efd-4b2c-9366-94b6354a82ce"		"awesome_kris"	"7207"	"2026 February"	"341"	"Pro 3"	"25"	"Widow’s Walkabout"	"hard"	"-3"
"PRODUCTION_ONLY"	"EXACT_DUPLICATE"	"a696ee04-78d6-47b8-95e2-3d225604b0b4"	"341|25|id:222|Tiki à Coco|easy"	"341|25|b98df6d3-7e16-450f-bd17-f39d9903d1e1|Tiki à Coco|easy"	"2be4e2fd8205a01d5a9cfd92714a152809c07bc7f914ceefb35cede5476f92f7"	"ef4aa1e28c4d3c0e1df26343a1cf9eec97b91e3ba39447a87a60b34278df5b8f"	"b98df6d3-7e16-450f-bd17-f39d9903d1e1"		"lynniebodd"	"222"	"2026 February"	"341"	"Pro 3"	"25"	"Tiki à Coco"	"easy"	"-13"
"PRODUCTION_ONLY"	"EXACT_DUPLICATE"	"042a57cb-4972-47a4-b2fd-e7f6898b3a3e"	"341|25|id:222|Tiki à Coco|hard"	"341|25|b98df6d3-7e16-450f-bd17-f39d9903d1e1|Tiki à Coco|hard"	"c041c8fc6504c09562d43c8c57e5ee861a2dc2ad03c64b486194ae95b041530c"	"b4cda9d25f138918ee4062ee0f07da4b98e5ffb2e3cba607befc96394aef7e33"	"b98df6d3-7e16-450f-bd17-f39d9903d1e1"		"lynniebodd"	"222"	"2026 February"	"341"	"Pro 3"	"25"	"Tiki à Coco"	"hard"	"-3"
"PRODUCTION_ONLY"	"EXACT_DUPLICATE"	"2b149b93-c183-4eb9-a403-fe249160c080"	"341|25|id:222|Widow’s Walkabout|easy"	"341|25|b98df6d3-7e16-450f-bd17-f39d9903d1e1|Widow’s Walkabout|easy"	"75631c64b7f028114f72fbeb45c3e6df5895b07ed3e324a68cdc0099987829ff"	"f97d89b333daa663bfc6dcf76f36a84327ac22bd924bfafc27f358947856f924"	"b98df6d3-7e16-450f-bd17-f39d9903d1e1"		"lynniebodd"	"222"	"2026 February"	"341"	"Pro 3"	"25"	"Widow’s Walkabout"	"easy"	"-18"
"PRODUCTION_ONLY"	"EXACT_DUPLICATE"	"6d686b26-1291-45f1-90bf-a45190bb8c55"	"341|25|id:222|Widow’s Walkabout|hard"	"341|25|b98df6d3-7e16-450f-bd17-f39d9903d1e1|Widow’s Walkabout|hard"	"f8f94f6fe91da8fe60c7cf7d65383920895f41589569016588308aa9188f081b"	"879585c6b8703758e27b7919bab236c3eba8d1a98bfa992a3f4bcf36b3a7fb2a"	"b98df6d3-7e16-450f-bd17-f39d9903d1e1"		"lynniebodd"	"222"	"2026 February"	"341"	"Pro 3"	"25"	"Widow’s Walkabout"	"hard"	"-12"
"PRODUCTION_ONLY"	"EXACT_DUPLICATE"	"90a1fd8c-6514-4d24-90b0-d6445b802e5b"	"341|25|id:7172|Tiki à Coco|easy"	"341|25|d38c0220-8a80-45a6-86e8-d495f523d5ab|Tiki à Coco|easy"	"25e796ac6d8da5426a0ea6653c06b7d894386c22d568258cb35dc603b41e404c"	"0075a42d4f11702210dfc163680858edb91c176e3d3485a92ba7e90469cb9aca"	"d38c0220-8a80-45a6-86e8-d495f523d5ab"		"Chipnputt"	"7172"	"2026 February"	"341"	"Pro 3"	"25"	"Tiki à Coco"	"easy"	"-12"
"PRODUCTION_ONLY"	"EXACT_DUPLICATE"	"7884a22f-07d2-4aea-b994-d2e4a41bc52e"	"341|25|id:7172|Tiki à Coco|hard"	"341|25|d38c0220-8a80-45a6-86e8-d495f523d5ab|Tiki à Coco|hard"	"cfba236520adf95e8efd459f2f87d472d58a8d0e3952053f4fc618136ad768f9"	"c33eff8006139a3cea8f6d64aac6c4caac6d47699d87b4e7af42d6a01b9b7d90"	"d38c0220-8a80-45a6-86e8-d495f523d5ab"		"Chipnputt"	"7172"	"2026 February"	"341"	"Pro 3"	"25"	"Tiki à Coco"	"hard"	"-7"
"PRODUCTION_ONLY"	"EXACT_DUPLICATE"	"45d892f8-f952-4086-86d1-a4b2bf53da73"	"341|25|id:7172|Widow’s Walkabout|easy"	"341|25|d38c0220-8a80-45a6-86e8-d495f523d5ab|Widow’s Walkabout|easy"	"c89317f82b31b0f32ee6a49a2073c2505fadc065ad86100b61d35f00935ff799"	"85b21eb709151044b74aeca52cf1ee2ed6a6dacfb2a923904dee32b73f0625a1"	"d38c0220-8a80-45a6-86e8-d495f523d5ab"		"Chipnputt"	"7172"	"2026 February"	"341"	"Pro 3"	"25"	"Widow’s Walkabout"	"easy"	"-15"
"PRODUCTION_ONLY"	"EXACT_DUPLICATE"	"c1a3870a-d4ea-463e-a0bf-d33497b7ca15"	"341|25|id:7172|Widow’s Walkabout|hard"	"341|25|d38c0220-8a80-45a6-86e8-d495f523d5ab|Widow’s Walkabout|hard"	"be0a1c3d08a04b54e9d7da15f2b600dac8a80c67b485fcc9ffc310aa629f6b69"	"31ccb43e62c5f5a7e4abcdf111a8056957e56cfa73e355c1706adc3b8e8e903a"	"d38c0220-8a80-45a6-86e8-d495f523d5ab"		"Chipnputt"	"7172"	"2026 February"	"341"	"Pro 3"	"25"	"Widow’s Walkabout"	"hard"	"-6"
"PRODUCTION_ONLY"	"EXACT_DUPLICATE"	"5eba7a56-6f50-4799-8592-17ec26621f72"	"341|25|id:244|Tiki à Coco|easy"	"341|25|db88e65e-5b26-4627-9331-b07738276116|Tiki à Coco|easy"	"77cfdb13a0641f917cff877fe67cb0455bb4255a101f6edfdd59f3e2ccf7163d"	"5c7067a065d1cd99d43fad8524d50afec8ea14d8241397ae3bb8fa2389469c0a"	"db88e65e-5b26-4627-9331-b07738276116"		"SerenityMoon"	"244"	"2026 February"	"341"	"Pro 3"	"25"	"Tiki à Coco"	"easy"	"-15"
"PRODUCTION_ONLY"	"EXACT_DUPLICATE"	"1cd0bb21-0ce6-43e5-855a-f2ec12565a45"	"341|25|id:244|Tiki à Coco|hard"	"341|25|db88e65e-5b26-4627-9331-b07738276116|Tiki à Coco|hard"	"bb2e77469ff2f5b3672f5870cde67c06f042c140aa5e9ecc90f0348b99374989"	"7bac5c7bdc5c91b8cf493879b5f3a18be197c6512e548c2b652f45485727360c"	"db88e65e-5b26-4627-9331-b07738276116"		"SerenityMoon"	"244"	"2026 February"	"341"	"Pro 3"	"25"	"Tiki à Coco"	"hard"	"-6"
"PRODUCTION_ONLY"	"EXACT_DUPLICATE"	"622d9ace-11df-4f52-a0c7-6e9725b2aa37"	"341|25|id:244|Widow’s Walkabout|easy"	"341|25|db88e65e-5b26-4627-9331-b07738276116|Widow’s Walkabout|easy"	"2aa5c61fd03f75b68e2a984520635675e458a6fb5207e48570a6341b7f3864d7"	"5439f61d365c0558f1e18c86e1e8d1f596e794f8e2c6849c39441b93a1d23209"	"db88e65e-5b26-4627-9331-b07738276116"		"SerenityMoon"	"244"	"2026 February"	"341"	"Pro 3"	"25"	"Widow’s Walkabout"	"easy"	"-17"
"PRODUCTION_ONLY"	"EXACT_DUPLICATE"	"0ab731b9-20f7-44b5-94d9-9331603ed968"	"341|25|id:244|Widow’s Walkabout|hard"	"341|25|db88e65e-5b26-4627-9331-b07738276116|Widow’s Walkabout|hard"	"01f6b4505e0be6c31110e682d9b316700f45c15db983c9026f1abfb439799947"	"3b0395ffb522e66219b37927fc6f024259827e185f73ba07b5b4cde8e6e7ad9b"	"db88e65e-5b26-4627-9331-b07738276116"		"SerenityMoon"	"244"	"2026 February"	"341"	"Pro 3"	"25"	"Widow’s Walkabout"	"hard"	"-11"
"PRODUCTION_ONLY"	"EXACT_DUPLICATE"	"a79f9e7d-03d7-4286-b467-0ca184bc56ba"	"341|25|id:7186|Tiki à Coco|easy"	"341|25|e2af01d7-90d5-4963-9d9f-0493df9fefb2|Tiki à Coco|easy"	"fa64566b773dc698f8d041aee22f2a6a173c596855524c453f486e762f85a794"	"f4490736e4101068041a1fd28ef047a0994a98746d5b4304dae64ffada591dad"	"e2af01d7-90d5-4963-9d9f-0493df9fefb2"		"Chelle💯"	"7186"	"2026 February"	"341"	"Pro 3"	"25"	"Tiki à Coco"	"easy"	"-17"
"PRODUCTION_ONLY"	"EXACT_DUPLICATE"	"2c62eb5d-1eff-4f75-8f55-e6b8232d8e5b"	"341|25|id:7186|Tiki à Coco|hard"	"341|25|e2af01d7-90d5-4963-9d9f-0493df9fefb2|Tiki à Coco|hard"	"187190448d218e74df42cc94a435b975400ebba40316924ede7c927527b0d6bc"	"58351bcf737a2a6c9d1e4d5ffc30f7243259ffda6d56d102ffc77311ff6677a9"	"e2af01d7-90d5-4963-9d9f-0493df9fefb2"		"Chelle💯"	"7186"	"2026 February"	"341"	"Pro 3"	"25"	"Tiki à Coco"	"hard"	"-11"
"PRODUCTION_ONLY"	"EXACT_DUPLICATE"	"ee3c39e1-a099-40b3-96a4-8893d696d4e8"	"341|25|id:7186|Widow’s Walkabout|easy"	"341|25|e2af01d7-90d5-4963-9d9f-0493df9fefb2|Widow’s Walkabout|easy"	"e3e8dfe1d5b43b6938b3c35a9a314f22e3ac7404079dacbcbf78629b2632bb71"	"bb875e41365d16b106c4bb6ac6b904c7e263eb1334be3be7c0dcb1862ee5d624"	"e2af01d7-90d5-4963-9d9f-0493df9fefb2"		"Chelle💯"	"7186"	"2026 February"	"341"	"Pro 3"	"25"	"Widow’s Walkabout"	"easy"	"-22"
"PRODUCTION_ONLY"	"EXACT_DUPLICATE"	"20a26f7d-f279-4112-9a68-1980b6443657"	"341|25|id:7186|Widow’s Walkabout|hard"	"341|25|e2af01d7-90d5-4963-9d9f-0493df9fefb2|Widow’s Walkabout|hard"	"29981ee913f4fe49593d38508fb2fb3df6cd535ca1f3c55940fb0dc8e22aeed8"	"890389be53fed6082f68b4c7e479f7cfbc9e1cbd5915164ebea4c5cc18616651"	"e2af01d7-90d5-4963-9d9f-0493df9fefb2"		"Chelle💯"	"7186"	"2026 February"	"341"	"Pro 3"	"25"	"Widow’s Walkabout"	"hard"	"-15"
"PRODUCTION_ONLY"	"EXACT_DUPLICATE"	"cca0841e-26ef-4666-ad4e-dc01cddf080d"	"341|81|id:8129|Tiki à Coco|easy"	"341|81|1050a315-b4cb-4473-89af-19abf823df7b|Tiki à Coco|easy"	"a19be7c671216757b6524392e7758a8be185be92f931cb573c6209969f2c3a5a"	"e3c88293250717dec3a2fab4403b4e555175770c94b5240b2a84103c7af95e68"	"1050a315-b4cb-4473-89af-19abf823df7b"		"Bethann"	"8129"	"2026 February"	"341"	"Beginner"	"81"	"Tiki à Coco"	"easy"	"-6"
"PRODUCTION_ONLY"	"EXACT_DUPLICATE"	"d49720a1-e35c-49ad-ba8d-f6601ff940b4"	"341|81|id:8129|Tiki à Coco|hard"	"341|81|1050a315-b4cb-4473-89af-19abf823df7b|Tiki à Coco|hard"	"51954a9c7251798515efe5fb6b5d94a317857fab62a6f90d169536cb0babc6e6"	"0f335ff55175a06afef64f72a25f099736e6d6b7a4c941523a614d11839a85f2"	"1050a315-b4cb-4473-89af-19abf823df7b"		"Bethann"	"8129"	"2026 February"	"341"	"Beginner"	"81"	"Tiki à Coco"	"hard"	"-7"
"PRODUCTION_ONLY"	"EXACT_DUPLICATE"	"9f4a0922-9733-46a8-b2ff-6afb1f24fc5c"	"341|81|id:8129|Widow’s Walkabout|easy"	"341|81|1050a315-b4cb-4473-89af-19abf823df7b|Widow’s Walkabout|easy"	"1ddfb9ded5c27df97db5076bb944e598d7d2e70a92deb2357c3fbb12072406ad"	"c1056778492f342bb40ed0266a3e8d862ed1c124a9762d4ac2f80ce3b63146b7"	"1050a315-b4cb-4473-89af-19abf823df7b"		"Bethann"	"8129"	"2026 February"	"341"	"Beginner"	"81"	"Widow’s Walkabout"	"easy"	"-16"
"PRODUCTION_ONLY"	"EXACT_DUPLICATE"	"cfff720b-963f-48fa-90a4-fd68d0368ae9"	"341|81|id:8129|Widow’s Walkabout|hard"	"341|81|1050a315-b4cb-4473-89af-19abf823df7b|Widow’s Walkabout|hard"	"59948a1ee595930bdc637504553dcdd2444eb0bb88f7b5957967f59c551a909b"	"2fea5434b63545fd2c0d1a0c932de5876d8484f431da01ec64ae8bb6be2bcb65"	"1050a315-b4cb-4473-89af-19abf823df7b"		"Bethann"	"8129"	"2026 February"	"341"	"Beginner"	"81"	"Widow’s Walkabout"	"hard"	"-5"
"PRODUCTION_ONLY"	"EXACT_DUPLICATE"	"6116cd33-8806-405f-9e07-41e68dfc4e60"	"341|81|id:8788|Tiki à Coco|easy"	"341|81|334cceb8-df81-4499-b73d-0d9f242f8274|Tiki à Coco|easy"	"d519c0f2abde7bc7ac6768d05c89a1c131efc62bea68a446a6d3ea67252a466e"	"18e2f629ab7235190c725c008a7fb352ecbaf49acc1d6c0950112bd6655f9974"	"334cceb8-df81-4499-b73d-0d9f242f8274"		"SlugJug33"	"8788"	"2026 February"	"341"	"Beginner"	"81"	"Tiki à Coco"	"easy"	"-19"
"PRODUCTION_ONLY"	"EXACT_DUPLICATE"	"431cf510-4dcf-4dc2-bea7-3aa84bd3a50c"	"341|81|id:8788|Tiki à Coco|hard"	"341|81|334cceb8-df81-4499-b73d-0d9f242f8274|Tiki à Coco|hard"	"65cd9eb662f1100c6e4a1069358ed382d6089354720902c8c1c26cdcd0cc335d"	"7c2b813550551090156f06f03d512a028257c5ef3c0795f08a969f0e923ccff2"	"334cceb8-df81-4499-b73d-0d9f242f8274"		"SlugJug33"	"8788"	"2026 February"	"341"	"Beginner"	"81"	"Tiki à Coco"	"hard"	"-18"
"PRODUCTION_ONLY"	"EXACT_DUPLICATE"	"9285c9f1-ffd3-420a-9072-ec3d174186b1"	"341|81|id:8788|Widow’s Walkabout|easy"	"341|81|334cceb8-df81-4499-b73d-0d9f242f8274|Widow’s Walkabout|easy"	"378021592eab65aebea1a0d7c38a32999d0444f7252a7d1c15738351c9e6b065"	"7307bcddf20111dca9369c37e220b97c5d8d9a11cc57a585f48e24ad965c0304"	"334cceb8-df81-4499-b73d-0d9f242f8274"		"SlugJug33"	"8788"	"2026 February"	"341"	"Beginner"	"81"	"Widow’s Walkabout"	"easy"	"-22"
"PRODUCTION_ONLY"	"EXACT_DUPLICATE"	"09b98359-8764-48f1-83a7-987b3f6d70b6"	"341|81|id:8788|Widow’s Walkabout|hard"	"341|81|334cceb8-df81-4499-b73d-0d9f242f8274|Widow’s Walkabout|hard"	"93bc87b8c06deecb8399c4fb8275fff914eef4def9e6e066003ce6d5060e0437"	"2fe61e92b62984c1bf3530b1fcd0e761a42d888b818d51bd19a9f8fdee4b6ace"	"334cceb8-df81-4499-b73d-0d9f242f8274"		"SlugJug33"	"8788"	"2026 February"	"341"	"Beginner"	"81"	"Widow’s Walkabout"	"hard"	"-16"
"PRODUCTION_ONLY"	"EXACT_DUPLICATE"	"cd88f695-a55f-484c-a0e4-fde5239792a9"	"341|81|id:7728|Tiki à Coco|easy"	"341|81|34279c33-4d86-476b-a82e-f2c6ef4c18d4|Tiki à Coco|easy"	"c73ff315463afde1148345aa703e47a94b89892d216725b6207f6a98ef72a718"	"14a42f5359c299b176cf163b69ef65d822a08e730daf7d01caa0a860a6a94c14"	"34279c33-4d86-476b-a82e-f2c6ef4c18d4"		"KIM"	"7728"	"2026 February"	"341"	"Beginner"	"81"	"Tiki à Coco"	"easy"	"-12"
"PRODUCTION_ONLY"	"EXACT_DUPLICATE"	"13ff0408-591f-4bbc-8b8d-81a438f355dc"	"341|81|id:7728|Tiki à Coco|hard"	"341|81|34279c33-4d86-476b-a82e-f2c6ef4c18d4|Tiki à Coco|hard"	"ce0a50edee681cebaae37f98d83c808c486c84f286600c226d25ae79893c5657"	"7ea8a26ab786a85c00fc94561a7a747fa2b29f4162a2c173f8f67fe96483db9d"	"34279c33-4d86-476b-a82e-f2c6ef4c18d4"		"KIM"	"7728"	"2026 February"	"341"	"Beginner"	"81"	"Tiki à Coco"	"hard"	"-9"
"PRODUCTION_ONLY"	"EXACT_DUPLICATE"	"cab31b28-5c59-4e54-9b82-c225de7a9c40"	"341|81|id:7728|Widow’s Walkabout|easy"	"341|81|34279c33-4d86-476b-a82e-f2c6ef4c18d4|Widow’s Walkabout|easy"	"58fbd49cbc51d282f7383bc9619d19448e4a5c6eed59d2e3422026456aa2dff7"	"e355fa1344141bdb6922782b016ade9e92d488f7a3640c12d77daa048219c74e"	"34279c33-4d86-476b-a82e-f2c6ef4c18d4"		"KIM"	"7728"	"2026 February"	"341"	"Beginner"	"81"	"Widow’s Walkabout"	"easy"	"-18"
"PRODUCTION_ONLY"	"EXACT_DUPLICATE"	"482b4dbb-9446-4158-8d73-1e4c4cd11b25"	"341|81|id:7728|Widow’s Walkabout|hard"	"341|81|34279c33-4d86-476b-a82e-f2c6ef4c18d4|Widow’s Walkabout|hard"	"56433f90325ae786f4028f07323f8b1481bf1cd94151d470a867a2cdf31f06f8"	"fa192d9ddf7f5bf626222f1905161d1c65017377e25ce9746ae0764581cde636"	"34279c33-4d86-476b-a82e-f2c6ef4c18d4"		"KIM"	"7728"	"2026 February"	"341"	"Beginner"	"81"	"Widow’s Walkabout"	"hard"	"3"
"PRODUCTION_ONLY"	"EXACT_DUPLICATE"	"846410ef-3fd0-4ebd-bc86-41e3aa6a28cf"	"341|81|id:8708|Tiki à Coco|easy"	"341|81|55d9c7f0-ba6b-4245-91de-a90189276744|Tiki à Coco|easy"	"f04fd9b8792c64c2c52a8c5664ed1228ef5076249c1180f60cf36b532ea4854c"	"eb343f0b3e39886180636504424572fd2b1705d8e15cd6d02fd0f0c47216e9e0"	"55d9c7f0-ba6b-4245-91de-a90189276744"		"The Real JB"	"8708"	"2026 February"	"341"	"Beginner"	"81"	"Tiki à Coco"	"easy"	"-18"
"PRODUCTION_ONLY"	"EXACT_DUPLICATE"	"73a88112-8fa3-4281-afa1-a6874347b9ec"	"341|81|id:8708|Tiki à Coco|hard"	"341|81|55d9c7f0-ba6b-4245-91de-a90189276744|Tiki à Coco|hard"	"e0cd0dbc070e2d0febb99ca4a741ea27ab8f0de036f5d9327d81104f4745b2d5"	"8e6853246a695f8715df31671fabc4862dd72a9a4b903050725355c3567bc1f2"	"55d9c7f0-ba6b-4245-91de-a90189276744"		"The Real JB"	"8708"	"2026 February"	"341"	"Beginner"	"81"	"Tiki à Coco"	"hard"	"-10"
"PRODUCTION_ONLY"	"EXACT_DUPLICATE"	"118fd687-2737-4cf1-b2fe-63b37bc6d14c"	"341|81|id:8708|Widow’s Walkabout|easy"	"341|81|55d9c7f0-ba6b-4245-91de-a90189276744|Widow’s Walkabout|easy"	"79cf80e4d7cec1ce83cb03a7201ad0ecf893276d607cb163ed5a90d21135963b"	"3d0fb3112548d67de62b0d604be46abf02f052270ab7d241ed8aeddbd3ce8e65"	"55d9c7f0-ba6b-4245-91de-a90189276744"		"The Real JB"	"8708"	"2026 February"	"341"	"Beginner"	"81"	"Widow’s Walkabout"	"easy"	"-17"
"PRODUCTION_ONLY"	"EXACT_DUPLICATE"	"1cb03c27-df44-4940-ad43-3ea2ba084879"	"341|81|id:8708|Widow’s Walkabout|hard"	"341|81|55d9c7f0-ba6b-4245-91de-a90189276744|Widow’s Walkabout|hard"	"80ba05f51431cd59850976c22cb4ceff64d05d2275ce6ecd8c7c758cecbeb3c5"	"21ac9308671808acf3e9578cf93586fb4be361c7cf438471789d0fd32c121e6e"	"55d9c7f0-ba6b-4245-91de-a90189276744"		"The Real JB"	"8708"	"2026 February"	"341"	"Beginner"	"81"	"Widow’s Walkabout"	"hard"	"-11"
"PRODUCTION_ONLY"	"EXACT_DUPLICATE"	"c5e910a2-2a00-4f2e-825e-bca8aa932078"	"341|81|id:104|Tiki à Coco|easy"	"341|81|72bd3518-f11a-458c-a37f-3fb90cf0c5c8|Tiki à Coco|easy"	"1803b1e1b3821c19d94deac83a548b66f3444460d10082bd6fccd0efc11c1a1e"	"3397fd4e92b5d092ee986637e2acb695616f0dacd141c7bc9e0305bb73036b8c"	"72bd3518-f11a-458c-a37f-3fb90cf0c5c8"		"Jennem"	"104"	"2026 February"	"341"	"Beginner"	"81"	"Tiki à Coco"	"easy"	"-16"
"PRODUCTION_ONLY"	"EXACT_DUPLICATE"	"7acb40cb-94d2-4306-aca5-2f2dab4f8f42"	"341|81|id:104|Tiki à Coco|hard"	"341|81|72bd3518-f11a-458c-a37f-3fb90cf0c5c8|Tiki à Coco|hard"	"535bd2f6fb17a7b8cee7a642e41174a9cf1bf6408bc478d79e87462195652acd"	"de9b0d66e16c06a3bfd9f153e34ff0d3a08b40af245add80b37d190cda4dfec8"	"72bd3518-f11a-458c-a37f-3fb90cf0c5c8"		"Jennem"	"104"	"2026 February"	"341"	"Beginner"	"81"	"Tiki à Coco"	"hard"	"8"
"PRODUCTION_ONLY"	"EXACT_DUPLICATE"	"bd3cc068-4e96-48f2-9bd8-eefd2afc3d36"	"341|81|id:104|Widow’s Walkabout|easy"	"341|81|72bd3518-f11a-458c-a37f-3fb90cf0c5c8|Widow’s Walkabout|easy"	"6d141e15091c58cd65888db0927ee7ae2af8372d9ffce97c902e2ffe1f24d85c"	"eaf73a9807da61d4c997f9bb561af773b47d1e45c31f3e2c15d740efe678682d"	"72bd3518-f11a-458c-a37f-3fb90cf0c5c8"		"Jennem"	"104"	"2026 February"	"341"	"Beginner"	"81"	"Widow’s Walkabout"	"easy"	"-16"
"PRODUCTION_ONLY"	"EXACT_DUPLICATE"	"87f78c8d-7b3b-4f4d-ad03-5bc0ebea9f8e"	"341|81|id:104|Widow’s Walkabout|hard"	"341|81|72bd3518-f11a-458c-a37f-3fb90cf0c5c8|Widow’s Walkabout|hard"	"5d358c6dfa02bbdf16f48c327c300cebfe0a0eddf2c559801debf134ab7164c1"	"ea92f3fdadd5ea60b96f248dba1c4c68b2e51dd15090f81ce9631a1439f54874"	"72bd3518-f11a-458c-a37f-3fb90cf0c5c8"		"Jennem"	"104"	"2026 February"	"341"	"Beginner"	"81"	"Widow’s Walkabout"	"hard"	"-7"
"PRODUCTION_ONLY"	"EXACT_DUPLICATE"	"45b3c783-131f-47ff-9011-227415784334"	"341|81|id:7176|Tiki à Coco|easy"	"341|81|b48d4e30-de56-4864-b31d-e9b2880cee01|Tiki à Coco|easy"	"44446a1a0c8d21f47a5024bfacc8cec36105fcef0c92e1564689b0b17e352ff3"	"128548467920f12122e4978adc7d5ac509528b47f478d6ad709d53cd7a0bfb46"	"b48d4e30-de56-4864-b31d-e9b2880cee01"		"Nic79"	"7176"	"2026 February"	"341"	"Beginner"	"81"	"Tiki à Coco"	"easy"	"-14"
"PRODUCTION_ONLY"	"EXACT_DUPLICATE"	"7414a671-b7ee-4f60-9a2e-73bc5a85b854"	"341|81|id:7176|Tiki à Coco|hard"	"341|81|b48d4e30-de56-4864-b31d-e9b2880cee01|Tiki à Coco|hard"	"c1605f99321f7b48569394f7deba97e501203d195769ee9a00fcb46e2f31a27f"	"81b49787f1cc93f42045126b319eccdc29447c87631605d09ba3bcb7b0dda3d0"	"b48d4e30-de56-4864-b31d-e9b2880cee01"		"Nic79"	"7176"	"2026 February"	"341"	"Beginner"	"81"	"Tiki à Coco"	"hard"	"-7"
"PRODUCTION_ONLY"	"EXACT_DUPLICATE"	"54b5f500-4af4-4376-ba21-5e7b915bdb10"	"341|81|id:7176|Widow’s Walkabout|easy"	"341|81|b48d4e30-de56-4864-b31d-e9b2880cee01|Widow’s Walkabout|easy"	"9934e7c60ca39d272a0622a511e82e39e8131d8a03fea5de4b6373ac54c3307b"	"1fcfa40e713e07827d31780aa3b081f1f34ee0523abe1d06c9c9b10f4a31892c"	"b48d4e30-de56-4864-b31d-e9b2880cee01"		"Nic79"	"7176"	"2026 February"	"341"	"Beginner"	"81"	"Widow’s Walkabout"	"easy"	"-17"
"PRODUCTION_ONLY"	"EXACT_DUPLICATE"	"8e9b3cf5-bae5-48cb-a7b0-4b0c522f53a0"	"341|81|id:7176|Widow’s Walkabout|hard"	"341|81|b48d4e30-de56-4864-b31d-e9b2880cee01|Widow’s Walkabout|hard"	"6e0d611b773d1d6c89ab647f407c863cfdfe103ca8f51b2b1f44d2adbba3d287"	"50f57bbd5c3bcda08e73be7be893619592b4d8ac2c6ead941dfb7febc8e190c7"	"b48d4e30-de56-4864-b31d-e9b2880cee01"		"Nic79"	"7176"	"2026 February"	"341"	"Beginner"	"81"	"Widow’s Walkabout"	"hard"	"-12"
"PRODUCTION_ONLY"	"EXACT_DUPLICATE"	"97a0debb-aa50-4760-b953-e687ad504d8c"	"341|81|id:7184|Tiki à Coco|easy"	"341|81|c60ed0d8-1f05-4675-b635-342707607c18|Tiki à Coco|easy"	"0794558aeacb31bbabb1aff7f47d2627929d8f391692eb2d04e057e43c5b8a55"	"1f066509982ea8854e3b9f06b2b2d8e6af5d61f94910fd08c06c85f11d133ccf"	"c60ed0d8-1f05-4675-b635-342707607c18"		"Alyssa38"	"7184"	"2026 February"	"341"	"Beginner"	"81"	"Tiki à Coco"	"easy"	"-11"
"PRODUCTION_ONLY"	"EXACT_DUPLICATE"	"56da0f3a-3c89-45ce-8709-933500862416"	"341|81|id:7184|Tiki à Coco|hard"	"341|81|c60ed0d8-1f05-4675-b635-342707607c18|Tiki à Coco|hard"	"0194f3b8b92b4ca8f590b8a4b972a4448272c530307746ba72171ac221fee368"	"0fd69866065641aac97120702fc1905a29434282d308ea9d5285f594d1b1978b"	"c60ed0d8-1f05-4675-b635-342707607c18"		"Alyssa38"	"7184"	"2026 February"	"341"	"Beginner"	"81"	"Tiki à Coco"	"hard"	"-13"
"PRODUCTION_ONLY"	"EXACT_DUPLICATE"	"d055a6fb-08f3-45fe-a5ee-cb50f48429dd"	"341|81|id:7184|Widow’s Walkabout|easy"	"341|81|c60ed0d8-1f05-4675-b635-342707607c18|Widow’s Walkabout|easy"	"cb638a8a020c93d51d1d45c2e6b22f7495a13d74600e7a409bbc03900c62f96f"	"3f4da8f0e13ccfe531f7041cc08d9070b136dcddf09399616feb48b3938c7be4"	"c60ed0d8-1f05-4675-b635-342707607c18"		"Alyssa38"	"7184"	"2026 February"	"341"	"Beginner"	"81"	"Widow’s Walkabout"	"easy"	"-15"
"PRODUCTION_ONLY"	"EXACT_DUPLICATE"	"2181b380-a2db-415f-8d2d-f95575a77400"	"341|81|id:7184|Widow’s Walkabout|hard"	"341|81|c60ed0d8-1f05-4675-b635-342707607c18|Widow’s Walkabout|hard"	"b91d1d7e8c641447b66cdf93791d856cf41fb1e7ab02c84b090ade4d35affb86"	"96cf038d0797396b7c7faa2003845e1482844eec08340b3c984a4eb6c731ce04"	"c60ed0d8-1f05-4675-b635-342707607c18"		"Alyssa38"	"7184"	"2026 February"	"341"	"Beginner"	"81"	"Widow’s Walkabout"	"hard"	"-10"
"PRODUCTION_ONLY"	"EXACT_DUPLICATE"	"dba073f2-7da1-44a9-bef2-f2e3782a9cda"	"341|81|id:8608|Tiki à Coco|easy"	"341|81|ced93ab9-a8d7-4573-a987-51051cfd1ac5|Tiki à Coco|easy"	"d83a82c2a5ac963e8e00fe0b2b7a105e4b982e3b77fef42bc1994953836322bb"	"a98187422da4ddecdc49c1848481a94e29bb1d0a5d499725b6e2f8c1fa86251c"	"ced93ab9-a8d7-4573-a987-51051cfd1ac5"		"Audrey"	"8608"	"2026 February"	"341"	"Beginner"	"81"	"Tiki à Coco"	"easy"	"-12"
"PRODUCTION_ONLY"	"EXACT_DUPLICATE"	"f344fad9-ca8b-479f-83dc-94084773d208"	"341|81|id:8608|Tiki à Coco|hard"	"341|81|ced93ab9-a8d7-4573-a987-51051cfd1ac5|Tiki à Coco|hard"	"b2c507698d31a49440f9717cfbf4f5c425e896494975ffa73f035e27d7de8ac2"	"bdf5c22f47855af3184b04b193f1e52e2faa897743a52ddbb156a2e4453a3bbc"	"ced93ab9-a8d7-4573-a987-51051cfd1ac5"		"Audrey"	"8608"	"2026 February"	"341"	"Beginner"	"81"	"Tiki à Coco"	"hard"	"-4"
"PRODUCTION_ONLY"	"EXACT_DUPLICATE"	"4ff39276-c7fe-428a-961d-28c3a2d88ca0"	"341|81|id:8608|Widow’s Walkabout|easy"	"341|81|ced93ab9-a8d7-4573-a987-51051cfd1ac5|Widow’s Walkabout|easy"	"bfea6fd5f33b939c7eb75384814164e1286f60b76c437ac9608bc8c208b48626"	"43bca34ca931f1dac60253ce87d57ebeef9e42c93e292324cdb6589d19222850"	"ced93ab9-a8d7-4573-a987-51051cfd1ac5"		"Audrey"	"8608"	"2026 February"	"341"	"Beginner"	"81"	"Widow’s Walkabout"	"easy"	"-13"
"PRODUCTION_ONLY"	"EXACT_DUPLICATE"	"b9fc4a1d-1b0c-4eba-bd38-0b7fd31597c8"	"341|81|id:8608|Widow’s Walkabout|hard"	"341|81|ced93ab9-a8d7-4573-a987-51051cfd1ac5|Widow’s Walkabout|hard"	"f86beb5173c45daa96fb5d0392238343d569bed699de72998f58c017a009c29c"	"f2cef4184fc1dae496bca107492c86895b5754d608a07293921364b5e38c6958"	"ced93ab9-a8d7-4573-a987-51051cfd1ac5"		"Audrey"	"8608"	"2026 February"	"341"	"Beginner"	"81"	"Widow’s Walkabout"	"hard"	"1"
"PRODUCTION_ONLY"	"EXACT_DUPLICATE"	"2c1ea95b-a778-4240-bfe4-286e971e0634"	"341|81|id:93|Tiki à Coco|easy"	"341|81|ebcdd3f4-1a69-40f6-819e-899fbe9998d7|Tiki à Coco|easy"	"90dd8aed42178def59ab03a194a752dbfef0eeb5f1ad45a4e39348785c434000"	"c544161901fc5d387bb21b948b7390871fef6e83b6b517171e59c4e8e258a843"	"ebcdd3f4-1a69-40f6-819e-899fbe9998d7"		"NuttyGrandpa"	"93"	"2026 February"	"341"	"Beginner"	"81"	"Tiki à Coco"	"easy"	"-5"
"PRODUCTION_ONLY"	"EXACT_DUPLICATE"	"2d835f43-65d9-4697-b027-2f7c07304013"	"341|81|id:93|Tiki à Coco|hard"	"341|81|ebcdd3f4-1a69-40f6-819e-899fbe9998d7|Tiki à Coco|hard"	"de93ae8262b8bf1e75719bb16726470d907a8b359f9c044ac27c2b8439a1eb16"	"6f7bd728b31ce6fe70bab6502ec2308f04b9f72b9f2d81f836b59d12be78ee11"	"ebcdd3f4-1a69-40f6-819e-899fbe9998d7"		"NuttyGrandpa"	"93"	"2026 February"	"341"	"Beginner"	"81"	"Tiki à Coco"	"hard"	"-2"
"PRODUCTION_ONLY"	"EXACT_DUPLICATE"	"131e160e-e435-478c-9f14-250d0879fd30"	"341|81|id:93|Widow’s Walkabout|easy"	"341|81|ebcdd3f4-1a69-40f6-819e-899fbe9998d7|Widow’s Walkabout|easy"	"aaac2534c049cdc78a8868b80ab5942b2fb692ef1bdc50a823e834168000beb7"	"f8b730e694654b0ce886eb37e89f53fdcfac9c1712dce26018745dacc78b27fb"	"ebcdd3f4-1a69-40f6-819e-899fbe9998d7"		"NuttyGrandpa"	"93"	"2026 February"	"341"	"Beginner"	"81"	"Widow’s Walkabout"	"easy"	"-11"
"PRODUCTION_ONLY"	"EXACT_DUPLICATE"	"68168288-6e9a-42a3-8db6-9508fdf156fd"	"341|81|id:93|Widow’s Walkabout|hard"	"341|81|ebcdd3f4-1a69-40f6-819e-899fbe9998d7|Widow’s Walkabout|hard"	"9df329684f3e5749a2a908b5537cd1a71c2e13fc412ef928bbae31cabbee8f7b"	"6f9656f634c9300a13a84e70e39076c55f141c6a7e12219bef370436ff986705"	"ebcdd3f4-1a69-40f6-819e-899fbe9998d7"		"NuttyGrandpa"	"93"	"2026 February"	"341"	"Beginner"	"81"	"Widow’s Walkabout"	"hard"	"-6"
"PRODUCTION_ONLY"	"EXACT_DUPLICATE"	"64589bed-2bed-47b8-af57-d96610643682"	"54|113|id:7181|Widow’s Walkabout|easy"	"54|113|324a043d-27a4-4319-9f74-f17671c7375a|Widow’s Walkabout|easy"	"8f4a45bf5657680a216185ac7bbb833ae6be0583387c5b8f04947143e38be81e"	"7fff98b04b4cc44d49283ea7dd31e2d6f652c359e6507dfd0ef33e8836e779ca"	"324a043d-27a4-4319-9f74-f17671c7375a"		"CRAZYHORSE"	"7181"	"2024 August"	"54"	"Semi Pro 1"	"113"	"Widow’s Walkabout"	"easy"	"-23"
"PRODUCTION_ONLY"	"EXACT_DUPLICATE"	"1532b800-380d-40de-91ef-659a24ebcd0f"	"54|113|id:7181|Widow’s Walkabout|hard"	"54|113|324a043d-27a4-4319-9f74-f17671c7375a|Widow’s Walkabout|hard"	"ded632eec77737d6ac4a8d567d72d137665a05400b394faf70fbfacb4204648a"	"0020d94ef06bc9b37e3fbb18c2fc55061a147d6bb93566200dba0b76d3d775d6"	"324a043d-27a4-4319-9f74-f17671c7375a"		"CRAZYHORSE"	"7181"	"2024 August"	"54"	"Semi Pro 1"	"113"	"Widow’s Walkabout"	"hard"	"-15"
"PRODUCTION_ONLY"	"EXACT_DUPLICATE"	"ec6ea0d5-8768-4123-8b5e-94103e44815b"	"54|113|id:106|Widow’s Walkabout|easy"	"54|113|457cadeb-920d-420e-ab1a-276e703356be|Widow’s Walkabout|easy"	"da053d1cf62bce5998939cca77c71e1f091b2a4af5125bced45bed87603d655a"	"4a4a667d004428d7a821377439bfff52ed894dfa39c1931f633126f71842efcb"	"457cadeb-920d-420e-ab1a-276e703356be"		"Grezza"	"106"	"2024 August"	"54"	"Semi Pro 1"	"113"	"Widow’s Walkabout"	"easy"	"-14"
"PRODUCTION_ONLY"	"EXACT_DUPLICATE"	"baef2595-480b-4432-89b7-1df77bb4c699"	"54|113|id:7468|Widow’s Walkabout|easy"	"54|113|680d3cd3-66cd-40e3-9014-f70714c6c68e|Widow’s Walkabout|easy"	"ef273dea3c233dfb19876601194cb87b40fd4e375f4c5f13773acfdaf6237fad"	"315d3cc678d8bcda1ab5cb35ccdb1c2ccd4b7751a33fbf2a60b4d4b41c154979"	"680d3cd3-66cd-40e3-9014-f70714c6c68e"		"PYRAMIDD"	"7468"	"2024 August"	"54"	"Semi Pro 1"	"113"	"Widow’s Walkabout"	"easy"	"-21"
"PRODUCTION_ONLY"	"EXACT_DUPLICATE"	"aef8b6d9-f7f2-4a1c-b990-6c597b2852c3"	"54|113|id:7468|Widow’s Walkabout|hard"	"54|113|680d3cd3-66cd-40e3-9014-f70714c6c68e|Widow’s Walkabout|hard"	"b00dfb1d3a6fa746793842c359158f6fa19804571f69a956bd8d9ad383d71315"	"8e1e4d4cd676e0b8ab7269b30b65fecef5ed3f10c7efdecd5663a00f172a3911"	"680d3cd3-66cd-40e3-9014-f70714c6c68e"		"PYRAMIDD"	"7468"	"2024 August"	"54"	"Semi Pro 1"	"113"	"Widow’s Walkabout"	"hard"	"-11"
"PRODUCTION_ONLY"	"EXACT_DUPLICATE"	"f4751319-ae6d-4305-9acc-70001ff8ebdc"	"54|113|id:3826|Widow’s Walkabout|easy"	"54|113|7a9466f0-afe6-46e3-870c-59819c194e63|Widow’s Walkabout|easy"	"eb8717d0c680fb30c847e81d75430498203fd10284e04141219e0925b6e7d6a4"	"3287440bdad998752cc4e2dfa1abeb843845a2a3e7c68692c800a42cf4997cb4"	"7a9466f0-afe6-46e3-870c-59819c194e63"		"ZONK"	"3826"	"2024 August"	"54"	"Semi Pro 1"	"113"	"Widow’s Walkabout"	"easy"	"-19"
"PRODUCTION_ONLY"	"EXACT_DUPLICATE"	"2db6dfb7-4964-4ccd-944c-424c0447aa92"	"54|113|id:3826|Widow’s Walkabout|hard"	"54|113|7a9466f0-afe6-46e3-870c-59819c194e63|Widow’s Walkabout|hard"	"36cd591153b847209b018165f1a78e5cbf343409360655693bf749aebc0b3b77"	"5504d6b2d2cc4f3eb0a2545bd01ccba8f183c25fad8d04a9986c46816308bc31"	"7a9466f0-afe6-46e3-870c-59819c194e63"		"ZONK"	"3826"	"2024 August"	"54"	"Semi Pro 1"	"113"	"Widow’s Walkabout"	"hard"	"-15"
"PRODUCTION_ONLY"	"EXACT_DUPLICATE"	"da85e1f3-9272-4e4f-ac93-519c56a29619"	"54|113|id:7508|Widow’s Walkabout|hard"	"54|113|800f4966-ff28-4c1c-9cac-100caf22eeec|Widow’s Walkabout|hard"	"bf14939feb282a18fef03916246c67d975429eed7d8f2e801d7dbcc7b10e0930"	"3acb11af1aabc33cadff8251378587d3d3df5e8bb6aa0938813ad391ad3dffe6"	"800f4966-ff28-4c1c-9cac-100caf22eeec"		"JUICE_WRLD"	"7508"	"2024 August"	"54"	"Semi Pro 1"	"113"	"Widow’s Walkabout"	"hard"	"-15"
"PRODUCTION_ONLY"	"EXACT_DUPLICATE"	"4334fd7b-65f1-4ad8-b508-ad70f6fd94af"	"54|113|id:7428|Widow’s Walkabout|easy"	"54|113|8bfd665c-6aa4-4fe9-a905-a3866a3a7715|Widow’s Walkabout|easy"	"6d5ff31279dd172f89f74b9c7a56b90f93fde17fdcded170c1743babb3b29849"	"d293ae10746f20edb351a5e4aa63bab49861acbb269c56d8ef11100351cdca9f"	"8bfd665c-6aa4-4fe9-a905-a3866a3a7715"		"StevieWonderful"	"7428"	"2024 August"	"54"	"Semi Pro 1"	"113"	"Widow’s Walkabout"	"easy"	"-16"
"PRODUCTION_ONLY"	"EXACT_DUPLICATE"	"f0eb796b-0cae-4f72-886f-91352062aece"	"54|113|id:7428|Widow’s Walkabout|hard"	"54|113|8bfd665c-6aa4-4fe9-a905-a3866a3a7715|Widow’s Walkabout|hard"	"e43e7f4444e4a6a0e07e27812673ec278618a5dabc031667cbf862e24da5e357"	"be085843d0907c51ab5fe6c08ea0a43071aa7627f676e8b8aa77a9be60874054"	"8bfd665c-6aa4-4fe9-a905-a3866a3a7715"		"StevieWonderful"	"7428"	"2024 August"	"54"	"Semi Pro 1"	"113"	"Widow’s Walkabout"	"hard"	"-5"
"PRODUCTION_ONLY"	"EXACT_DUPLICATE"	"f4aaf8fb-ab9b-47fb-8ded-3d870033f383"	"54|113|id:7165|Widow’s Walkabout|easy"	"54|113|95b55b59-45bc-4eaa-a3fe-8c89ab150488|Widow’s Walkabout|easy"	"c41ddaffa30af266ac39c1a99057c2a737d56c841a02ad6784d049019a05a09d"	"f43ee1d7a50c8bd2d5ed194b02def47fec5677bc7ea33648b8b1e833eee6ec60"	"95b55b59-45bc-4eaa-a3fe-8c89ab150488"		"Spicy - DawnSophia"	"7165"	"2024 August"	"54"	"Semi Pro 1"	"113"	"Widow’s Walkabout"	"easy"	"-21"
"PRODUCTION_ONLY"	"EXACT_DUPLICATE"	"be1d912b-ebdc-4acc-96f1-a200c9e11051"	"54|113|id:7165|Widow’s Walkabout|hard"	"54|113|95b55b59-45bc-4eaa-a3fe-8c89ab150488|Widow’s Walkabout|hard"	"419808e6b1bf01d22e2cfcdd100361b6ab4fe9a6c9b877b5452cfa63d491def6"	"31a06b9d866a5052608e69e857a17381158bac9fb3cdca5ca588b2afc7f7f439"	"95b55b59-45bc-4eaa-a3fe-8c89ab150488"		"Spicy - DawnSophia"	"7165"	"2024 August"	"54"	"Semi Pro 1"	"113"	"Widow’s Walkabout"	"hard"	"-11"
"PRODUCTION_ONLY"	"EXACT_DUPLICATE"	"51e5a144-d833-46cd-99e7-6972e003d8a7"	"54|113|id:6947|Widow’s Walkabout|easy"	"54|113|9976197b-dc3d-4cf6-9200-603a3d1acbf9|Widow’s Walkabout|easy"	"679c86378abefc475b49febe1b7719496aced8eed82476fec5a59cd90abbf79e"	"618c68a48f4e0e7eada37adeb5c93ec1f2a6cf3fd1c32f45a68d8da53b3d44b2"	"9976197b-dc3d-4cf6-9200-603a3d1acbf9"		"BadWolff🐺"	"6947"	"2024 August"	"54"	"Semi Pro 1"	"113"	"Widow’s Walkabout"	"easy"	"-21"
"PRODUCTION_ONLY"	"EXACT_DUPLICATE"	"43cd0a2d-07f3-453f-ba9a-2d45cef95d74"	"54|113|id:6947|Widow’s Walkabout|hard"	"54|113|9976197b-dc3d-4cf6-9200-603a3d1acbf9|Widow’s Walkabout|hard"	"2da5ae333dc0d08d5b2f68345a7054752a7259f353872b1bdf68807833b71f94"	"3f7ec1324ef8b97b5943d96705d0e7edb7289067fadba651738adea3fb75a568"	"9976197b-dc3d-4cf6-9200-603a3d1acbf9"		"BadWolff🐺"	"6947"	"2024 August"	"54"	"Semi Pro 1"	"113"	"Widow’s Walkabout"	"hard"	"-8"
"PRODUCTION_ONLY"	"EXACT_DUPLICATE"	"9da04f37-2a8f-46ee-bdaa-6b1545e59c10"	"54|113|id:7171|Widow’s Walkabout|easy"	"54|113|c0707ed3-323f-4e0d-b119-99dd9790f8f4|Widow’s Walkabout|easy"	"f567d45c6a36e54b640993eda6ad6f19c243e02f35aa1125063a3514c257aee6"	"d5df54d4755fb2b5f12ad543113c54a8d052690d694cc95b2747826e6d284735"	"c0707ed3-323f-4e0d-b119-99dd9790f8f4"		"gomarino13"	"7171"	"2024 August"	"54"	"Semi Pro 1"	"113"	"Widow’s Walkabout"	"easy"	"-19"
"PRODUCTION_ONLY"	"EXACT_DUPLICATE"	"70601e55-4d37-4682-bdce-e34426a7e93b"	"54|113|id:7171|Widow’s Walkabout|hard"	"54|113|c0707ed3-323f-4e0d-b119-99dd9790f8f4|Widow’s Walkabout|hard"	"89dc3b8adeab8b4e0d9d16b789406bac540d16240ad162125b603334037816ac"	"65920cb416d89c617b03dfbb7d276a9eabbed2bbe6b9eabf6aa9a97e7dba6c34"	"c0707ed3-323f-4e0d-b119-99dd9790f8f4"		"gomarino13"	"7171"	"2024 August"	"54"	"Semi Pro 1"	"113"	"Widow’s Walkabout"	"hard"	"-13"
"PRODUCTION_ONLY"	"EXACT_DUPLICATE"	"891393d5-0026-4dda-88c7-a249c8e720e7"	"54|113|id:421|Widow’s Walkabout|easy"	"54|113|dbc70bf7-5239-440c-aad1-b2b288311a7d|Widow’s Walkabout|easy"	"c05198f6967a010ac3a8dc2bced38b55f43c71855d9a10d39adaf2e0f3fbc48d"	"6e25df876d558ee2c1616a57240b23c13ecda78604d855504689c54c339be488"	"dbc70bf7-5239-440c-aad1-b2b288311a7d"		"Duckk"	"421"	"2024 August"	"54"	"Semi Pro 1"	"113"	"Widow’s Walkabout"	"easy"	"-22"
"PRODUCTION_ONLY"	"EXACT_DUPLICATE"	"b0b9d74c-20c6-4d28-ad1b-1555bed4eefa"	"54|113|id:421|Widow’s Walkabout|hard"	"54|113|dbc70bf7-5239-440c-aad1-b2b288311a7d|Widow’s Walkabout|hard"	"86f3489ddddff2858de7ad4f0caf288961a8f026d02eee3485dcfb7d643dcffe"	"60579b89181204836bb587442d84c8f59a57e9a5b8f6472d9fa8f48fcf8842e3"	"dbc70bf7-5239-440c-aad1-b2b288311a7d"		"Duckk"	"421"	"2024 August"	"54"	"Semi Pro 1"	"113"	"Widow’s Walkabout"	"hard"	"-17"
"PRODUCTION_ONLY"	"EXACT_DUPLICATE"	"d26565f1-ba6c-4986-9994-800d5b9a3782"	"54|113|id:63|Widow’s Walkabout|easy"	"54|113|ec5c8f36-444f-4c7e-8309-f358d0475c27|Widow’s Walkabout|easy"	"6b67dc77cb29c327e901c893a41ff4f5d6bfb9ddefeaf4b2a756c52cf059d39d"	"4fee99a3f32aeb4f110cff1b7b8084d3c71ecd864b7fc08f535026aa16cb63fc"	"ec5c8f36-444f-4c7e-8309-f358d0475c27"		"sarahloo1971"	"63"	"2024 August"	"54"	"Semi Pro 1"	"113"	"Widow’s Walkabout"	"easy"	"-18"
"PRODUCTION_ONLY"	"EXACT_DUPLICATE"	"5010d6dc-0851-41c8-831a-87b8c2ae1cff"	"54|113|id:63|Widow’s Walkabout|hard"	"54|113|ec5c8f36-444f-4c7e-8309-f358d0475c27|Widow’s Walkabout|hard"	"fae0b913249fae72fcd04f7968bf18e74c2cb456fe07a55069c7793cb7b2c8aa"	"b906c6fddb90d74517145b512a1e9cccefa72a70a766315a67ad32701774d5ff"	"ec5c8f36-444f-4c7e-8309-f358d0475c27"		"sarahloo1971"	"63"	"2024 August"	"54"	"Semi Pro 1"	"113"	"Widow’s Walkabout"	"hard"	"-9"
"PRODUCTION_ONLY"	"EXACT_DUPLICATE"	"ebc122ed-a89d-48da-b8da-60215e32c69a"	"54|22|id:7528|Widow’s Walkabout|easy"	"54|22|2c18c5c9-6c30-43f7-ad2e-9ec89f659be5|Widow’s Walkabout|easy"	"cb20a192ae4340e9bcf843dfa4767eea197cfe18c4e5eb66322ab174ab6d0134"	"f8052435660929db311707cef0d474fd2a9044a60267bb342bad154ba2cc59e0"	"2c18c5c9-6c30-43f7-ad2e-9ec89f659be5"		"JES_BEACHY"	"7528"	"2024 August"	"54"	"Elite"	"22"	"Widow’s Walkabout"	"easy"	"-18"
"PRODUCTION_ONLY"	"EXACT_DUPLICATE"	"c1afb0a4-b72c-42af-8454-ee2e9aa3ce60"	"54|22|id:7528|Widow’s Walkabout|hard"	"54|22|2c18c5c9-6c30-43f7-ad2e-9ec89f659be5|Widow’s Walkabout|hard"	"d44b3285b34f1dec8849f4455f37fdc42858a7517251f5cd1c1b78cdda5924bd"	"d781bc23879b1d40faca7087ab8ef0c7a180ba2dd6b718e68140e566f1428247"	"2c18c5c9-6c30-43f7-ad2e-9ec89f659be5"		"JES_BEACHY"	"7528"	"2024 August"	"54"	"Elite"	"22"	"Widow’s Walkabout"	"hard"	"-12"
"PRODUCTION_ONLY"	"EXACT_DUPLICATE"	"d705b533-8800-40e8-9001-5246850a7af0"	"54|22|id:32|Widow’s Walkabout|easy"	"54|22|432fb05b-1506-41ea-86e9-41bf07763b48|Widow’s Walkabout|easy"	"72af0565914ad500da40d0d57ef10b12a22f0294d7e30dd6945a9e730bfdb09a"	"90cdbf86ec55175adac05955840a71c44c276189c3fb41f4dc0c9cfb75a256de"	"432fb05b-1506-41ea-86e9-41bf07763b48"		"Matt916"	"32"	"2024 August"	"54"	"Elite"	"22"	"Widow’s Walkabout"	"easy"	"-29"
"PRODUCTION_ONLY"	"EXACT_DUPLICATE"	"6a64ff0b-dba7-463e-a5dd-f369f81cd1fc"	"54|22|id:32|Widow’s Walkabout|hard"	"54|22|432fb05b-1506-41ea-86e9-41bf07763b48|Widow’s Walkabout|hard"	"c5588deb4bcce9055fe45c57556e1e2d856d094f20b59f083a062029b32a9690"	"cbab53298f3f83c2437118b8d625c1069ada911d5223dc3d2e70edd0174b66cf"	"432fb05b-1506-41ea-86e9-41bf07763b48"		"Matt916"	"32"	"2024 August"	"54"	"Elite"	"22"	"Widow’s Walkabout"	"hard"	"-14"
"PRODUCTION_ONLY"	"EXACT_DUPLICATE"	"07db2760-d462-4e15-a18a-662cf7e8514e"	"54|22|id:36|Widow’s Walkabout|easy"	"54|22|6309b9d7-93a8-4047-99af-2f0dcb58d054|Widow’s Walkabout|easy"	"24c77acd6f980676a35cdc9909863b7683526e8a6d9ac75ceca1efaf46c56c68"	"d25aee9a44513dfb228f65942ee400ef777b2829938ffffa40d4b1c70fcf3354"	"6309b9d7-93a8-4047-99af-2f0dcb58d054"		"stewiestewie"	"36"	"2024 August"	"54"	"Elite"	"22"	"Widow’s Walkabout"	"easy"	"-27"
"PRODUCTION_ONLY"	"EXACT_DUPLICATE"	"e743399a-a176-42f6-a4e3-45b6f57d995c"	"54|22|id:36|Widow’s Walkabout|hard"	"54|22|6309b9d7-93a8-4047-99af-2f0dcb58d054|Widow’s Walkabout|hard"	"94c7234ead054793b6d256882d0a13ced24983bd6e3c0978980613d37cc68f3b"	"984062657a85ec2eb499b232de975fe4aed56f65d281ff7dc7ff8369e623fd12"	"6309b9d7-93a8-4047-99af-2f0dcb58d054"		"stewiestewie"	"36"	"2024 August"	"54"	"Elite"	"22"	"Widow’s Walkabout"	"hard"	"-18"
"PRODUCTION_ONLY"	"EXACT_DUPLICATE"	"662e9d85-4f96-4359-b580-7aee1914eaea"	"54|22|id:3506|Widow’s Walkabout|easy"	"54|22|6da4e335-3218-4711-b5db-e3faf558e68b|Widow’s Walkabout|easy"	"56c9332ddf1d61d3e102d1f3ccd43a486104ffc014a4ac72648e01e3075c65ec"	"a25989d4589bf3e9f01c60ee1342d3d42e3f6a9794e4c686af0951174ea0fdfe"	"6da4e335-3218-4711-b5db-e3faf558e68b"		"DABIGWILLO"	"3506"	"2024 August"	"54"	"Elite"	"22"	"Widow’s Walkabout"	"easy"	"-23"
"PRODUCTION_ONLY"	"EXACT_DUPLICATE"	"84c42e4b-c990-4b37-adc9-36abae164368"	"54|22|id:3506|Widow’s Walkabout|hard"	"54|22|6da4e335-3218-4711-b5db-e3faf558e68b|Widow’s Walkabout|hard"	"2e3ea09125d647eb87e913e4278e4e176745a6823da9cb0c55c4117db484a4b0"	"89b1d463438efb9564e2db54d82bfc52bdc57db31bc266db7f96f8dcb653f62c"	"6da4e335-3218-4711-b5db-e3faf558e68b"		"DABIGWILLO"	"3506"	"2024 August"	"54"	"Elite"	"22"	"Widow’s Walkabout"	"hard"	"-12"
"PRODUCTION_ONLY"	"EXACT_DUPLICATE"	"1fab97ed-1d26-4ff3-977e-33a4be37d82b"	"54|22|id:59|Widow’s Walkabout|easy"	"54|22|6f38b6b4-46bf-4ae6-9bb5-2230be6fb3f4|Widow’s Walkabout|easy"	"dccd1c5608ce52fdfe62dcc2fca3b71a7349412826472aecab82ed3460546d50"	"85cc363fc8835a9ec3753ab5ea44ef195e2d722f49ef80be622c6ec9c044c9b8"	"6f38b6b4-46bf-4ae6-9bb5-2230be6fb3f4"		"TrickyDicky"	"59"	"2024 August"	"54"	"Elite"	"22"	"Widow’s Walkabout"	"easy"	"-26"
"PRODUCTION_ONLY"	"EXACT_DUPLICATE"	"70a2c9ae-60a0-45cb-949a-cc9f0a4167a5"	"54|22|id:59|Widow’s Walkabout|hard"	"54|22|6f38b6b4-46bf-4ae6-9bb5-2230be6fb3f4|Widow’s Walkabout|hard"	"fb5fae618cc50ca6ca6292d0d4cb4f25d466fb3b1c762d44d3d4999f3ad0a0c0"	"319388619fbb1343e997c9b0d41890ec3cc82c13e57e061e2817890a1758255d"	"6f38b6b4-46bf-4ae6-9bb5-2230be6fb3f4"		"TrickyDicky"	"59"	"2024 August"	"54"	"Elite"	"22"	"Widow’s Walkabout"	"hard"	"-18"
"PRODUCTION_ONLY"	"EXACT_DUPLICATE"	"5ff854fa-0711-459f-950c-47b81e06f606"	"54|22|id:4087|Widow’s Walkabout|easy"	"54|22|96c17730-84dd-47f9-94bf-0b26579cf3d4|Widow’s Walkabout|easy"	"271bd142b50e60f818a263a64aa6a156ad01813834980c11bca4405763c0eab4"	"9426cadda94ad5ceafca8e9b5bc138fe08ac71f9130e8429eecfc0d524df38e8"	"96c17730-84dd-47f9-94bf-0b26579cf3d4"		"spiral37"	"4087"	"2024 August"	"54"	"Elite"	"22"	"Widow’s Walkabout"	"easy"	"-24"
"PRODUCTION_ONLY"	"EXACT_DUPLICATE"	"9ad3c62d-24ad-4a40-ba68-13af76de1ffa"	"54|22|id:4087|Widow’s Walkabout|hard"	"54|22|96c17730-84dd-47f9-94bf-0b26579cf3d4|Widow’s Walkabout|hard"	"1de675464b7b0a9026f075f0beff8ce50ed45303029933baddd6ff1a246d4819"	"b6f6cffc9d677c00709abab3d42affd3bb0a6df167a812fe6f66cbb74c80d900"	"96c17730-84dd-47f9-94bf-0b26579cf3d4"		"spiral37"	"4087"	"2024 August"	"54"	"Elite"	"22"	"Widow’s Walkabout"	"hard"	"-18"
"PRODUCTION_ONLY"	"EXACT_DUPLICATE"	"7301cb43-43be-4b6a-900f-f075ef141a4e"	"54|22|id:1205|Widow’s Walkabout|easy"	"54|22|c19d0b98-ed0b-462c-8b31-6b54221127d9|Widow’s Walkabout|easy"	"1189a4d032aa74518df370baea8cb1402461bffe7fce489c49875b38da13530f"	"39bb731384ce52fa4ee03402f01883916de4853fe401ba26bf8d063776a0ef2a"	"c19d0b98-ed0b-462c-8b31-6b54221127d9"		"Neo Impossible"	"1205"	"2024 August"	"54"	"Elite"	"22"	"Widow’s Walkabout"	"easy"	"-21"
"PRODUCTION_ONLY"	"EXACT_DUPLICATE"	"4e1b6efd-3a56-4090-b49a-d6f1d2b26c93"	"54|22|id:1205|Widow’s Walkabout|hard"	"54|22|c19d0b98-ed0b-462c-8b31-6b54221127d9|Widow’s Walkabout|hard"	"cb03bdd849727a09f2ceef5ca59705bf39d174f94d616df2c9329bab9fac4149"	"8c3d78b78169516ebbd1e48260c54b952f47afd22f28369ac867a581ed49dd6e"	"c19d0b98-ed0b-462c-8b31-6b54221127d9"		"Neo Impossible"	"1205"	"2024 August"	"54"	"Elite"	"22"	"Widow’s Walkabout"	"hard"	"-12"
"PRODUCTION_ONLY"	"EXACT_DUPLICATE"	"5b4495bc-d104-46d3-a5d6-73a75300ef27"	"54|22|id:4945|Widow’s Walkabout|easy"	"54|22|cb01e4af-b57b-4424-a00f-7697f1c5f90f|Widow’s Walkabout|easy"	"4f3d3002d151f242d3e933590b5e88f2ba2b5f6194c75459aab25838549d2c29"	"1a539e245f60475c1e6d46030d5d7ad56e248a941ae28a0c0452f79f69dc6c8e"	"cb01e4af-b57b-4424-a00f-7697f1c5f90f"		"Princess_Bankshot"	"4945"	"2024 August"	"54"	"Elite"	"22"	"Widow’s Walkabout"	"easy"	"-26"
"PRODUCTION_ONLY"	"EXACT_DUPLICATE"	"792ce420-59f7-459a-9d15-25eac08838fe"	"54|22|id:4945|Widow’s Walkabout|hard"	"54|22|cb01e4af-b57b-4424-a00f-7697f1c5f90f|Widow’s Walkabout|hard"	"71743b2e501fcfc7aa0fec0219d6b709091c63b966a449a31ff5027b784352dd"	"ce27e62f68a45dd0c38b2c27bbdcd92865b104b6467b0ce9c17febb18d84a13e"	"cb01e4af-b57b-4424-a00f-7697f1c5f90f"		"Princess_Bankshot"	"4945"	"2024 August"	"54"	"Elite"	"22"	"Widow’s Walkabout"	"hard"	"-16"
"PRODUCTION_ONLY"	"EXACT_DUPLICATE"	"b308e9e7-ba71-45c9-b72d-1d013984d050"	"54|22|id:1705|Widow’s Walkabout|easy"	"54|22|e28db184-9399-478d-9989-26db76e40619|Widow’s Walkabout|easy"	"bf5ad4f61edcb5bdaff0edb9febdd6abb71862c94485e004800bfb770789f0fe"	"25922a9b6e816d691be304d360859d46cbe25bc484695d6c90ae63c770fd299c"	"e28db184-9399-478d-9989-26db76e40619"		"Slappy"	"1705"	"2024 August"	"54"	"Elite"	"22"	"Widow’s Walkabout"	"easy"	"-24"
"PRODUCTION_ONLY"	"EXACT_DUPLICATE"	"c3ffc600-8fd8-4f9e-a5d4-07373e0b376a"	"54|22|id:1705|Widow’s Walkabout|hard"	"54|22|e28db184-9399-478d-9989-26db76e40619|Widow’s Walkabout|hard"	"7ba5125fc2b804942ed0faf5eeeffa4f4e4c562732db2a711744dd26c9c1e540"	"f8be4d09b43ecfbd4bf5a6e74a6966dedde75a86aefad1438da9575024363558"	"e28db184-9399-478d-9989-26db76e40619"		"Slappy"	"1705"	"2024 August"	"54"	"Elite"	"22"	"Widow’s Walkabout"	"hard"	"-19"
"PRODUCTION_ONLY"	"EXACT_DUPLICATE"	"acc7f019-a0a9-4856-abc4-df94034c758f"	"54|22|id:7183|Widow’s Walkabout|easy"	"54|22|eb95bd85-5cee-437b-b458-abedf5a368d3|Widow’s Walkabout|easy"	"cebabc04c09081dbd3abf00471ae6627036b68bcb82623e0d690049ce1b5b068"	"8cb791982c91a155016b0055e2d23d2803547c6eaecfc354ab35a1b41c35ba78"	"eb95bd85-5cee-437b-b458-abedf5a368d3"		"PaulV-PPP 🇨🇦"	"7183"	"2024 August"	"54"	"Elite"	"22"	"Widow’s Walkabout"	"easy"	"-23"
"PRODUCTION_ONLY"	"EXACT_DUPLICATE"	"25bc916c-6383-4528-9c9d-c094b2bd1c44"	"54|22|id:7183|Widow’s Walkabout|hard"	"54|22|eb95bd85-5cee-437b-b458-abedf5a368d3|Widow’s Walkabout|hard"	"df922e96c7e8f7e30a8a249fefe75e2a4e47ebec0302872a106f862c6e9fb9ee"	"7caa28a55ca9a5530317edb4492ffd0323301cc8a7910760a45a9b3aca789e92"	"eb95bd85-5cee-437b-b458-abedf5a368d3"		"PaulV-PPP 🇨🇦"	"7183"	"2024 August"	"54"	"Elite"	"22"	"Widow’s Walkabout"	"hard"	"-13"
"PRODUCTION_ONLY"	"EXACT_DUPLICATE"	"3d1522e7-8bfa-4984-96e2-f5635a79884c"	"54|24|id:302|Widow’s Walkabout|easy"	"54|24|1ce077b9-5d7a-49ae-bbcd-a714a443af4f|Widow’s Walkabout|easy"	"73d993e92f56f358bfd9d3466fb3b489c53ab918d153c623807cf9d0585cc449"	"8876f1fa6ff5c7bf0a18c05477b6d0392d391f0dfc1c159cc12f1ca7b9761b59"	"1ce077b9-5d7a-49ae-bbcd-a714a443af4f"		"UroPa"	"302"	"2024 August"	"54"	"Pro 2"	"24"	"Widow’s Walkabout"	"easy"	"-25"
"PRODUCTION_ONLY"	"EXACT_DUPLICATE"	"8d3193a7-b06f-407c-b0d4-43ccf24fb713"	"54|24|id:302|Widow’s Walkabout|hard"	"54|24|1ce077b9-5d7a-49ae-bbcd-a714a443af4f|Widow’s Walkabout|hard"	"1f319e7cc2809eba50be1b9b0028ea49c3075a6d42ef17cff48ad5052a11a5dc"	"bfa60e12ed3b734bff087c9b54447eaaf8584648b01131e01ca1bfccca73398b"	"1ce077b9-5d7a-49ae-bbcd-a714a443af4f"		"UroPa"	"302"	"2024 August"	"54"	"Pro 2"	"24"	"Widow’s Walkabout"	"hard"	"-10"
"PRODUCTION_ONLY"	"EXACT_DUPLICATE"	"c48e8145-2852-4b05-a7ee-c8cdb8125a5b"	"54|24|id:7207|Widow’s Walkabout|easy"	"54|24|706ba7c0-9efd-4b2c-9366-94b6354a82ce|Widow’s Walkabout|easy"	"01efbe830d03c4a3f5b530522327afc1c601f4309f0b2664f0587c3340beab3e"	"19e05407c6b131ca98b1cc7c9cf1817d0a2516be65c2af90fd4d1f16e596c7ee"	"706ba7c0-9efd-4b2c-9366-94b6354a82ce"		"awesome_kris"	"7207"	"2024 August"	"54"	"Pro 2"	"24"	"Widow’s Walkabout"	"easy"	"-20"
"PRODUCTION_ONLY"	"EXACT_DUPLICATE"	"4633b9f0-9057-4f6b-a434-e2d0a93f016f"	"54|24|id:7207|Widow’s Walkabout|hard"	"54|24|706ba7c0-9efd-4b2c-9366-94b6354a82ce|Widow’s Walkabout|hard"	"011c6b5ec51a24b75d85990c180737f9f755ac3ef4784fc3e243b721de72c7f8"	"330fefae70b72a137cf73c9b82a5257f6b241c6cfadabb2395e6eb1eb8fd7462"	"706ba7c0-9efd-4b2c-9366-94b6354a82ce"		"awesome_kris"	"7207"	"2024 August"	"54"	"Pro 2"	"24"	"Widow’s Walkabout"	"hard"	"-4"
"PRODUCTION_ONLY"	"EXACT_DUPLICATE"	"e95c96d0-d8e8-46fe-8bff-cc00f732b5df"	"54|24|id:104|Widow’s Walkabout|easy"	"54|24|72bd3518-f11a-458c-a37f-3fb90cf0c5c8|Widow’s Walkabout|easy"	"8d79115272e688526d759de787b4a95440acd6fb0d5672dc12058a398e716e02"	"0e4603b334365e7a46b2f8b6f98645f406680e3a976c1b427ffce7cd37717d2c"	"72bd3518-f11a-458c-a37f-3fb90cf0c5c8"		"Jennem"	"104"	"2024 August"	"54"	"Pro 2"	"24"	"Widow’s Walkabout"	"easy"	"-18"
"PRODUCTION_ONLY"	"EXACT_DUPLICATE"	"8076ce65-2a46-4483-988a-e6f52003adf1"	"54|24|id:104|Widow’s Walkabout|hard"	"54|24|72bd3518-f11a-458c-a37f-3fb90cf0c5c8|Widow’s Walkabout|hard"	"a0a7ee682b8b10fe0c4a7da31df38599ac3f497ac51512b542beaef38dcfb29e"	"ad71f858d9dfb03b0351ebac3499532c64b2779978ac99658fed4655a4550387"	"72bd3518-f11a-458c-a37f-3fb90cf0c5c8"		"Jennem"	"104"	"2024 August"	"54"	"Pro 2"	"24"	"Widow’s Walkabout"	"hard"	"-3"
"PRODUCTION_ONLY"	"EXACT_DUPLICATE"	"def66344-7b67-42eb-9061-4f19f8643552"	"54|24|id:49|Widow’s Walkabout|easy"	"54|24|85409f47-fd51-4c66-b0e5-b8964c15e0a7|Widow’s Walkabout|easy"	"ceffc8e8f595c19b78bf61906f19592beaa7b0fc81adee0a84445c634ce56ed7"	"5c126ab4740630dcfce9019a574bd9fcd16bde4bc283eb88aa8ea003c3959900"	"85409f47-fd51-4c66-b0e5-b8964c15e0a7"		"KCRob"	"49"	"2024 August"	"54"	"Pro 2"	"24"	"Widow’s Walkabout"	"easy"	"-18"
"PRODUCTION_ONLY"	"EXACT_DUPLICATE"	"7cc6bd4c-fd80-4fd1-b015-bfcc2068f4cc"	"54|24|id:49|Widow’s Walkabout|hard"	"54|24|85409f47-fd51-4c66-b0e5-b8964c15e0a7|Widow’s Walkabout|hard"	"95badc51c00630c51b30a74427f260d9fcece346d4550bd13fbc41c30d3bc2e5"	"4e16366d1902c3beae85ddfccd257883d38b7af7e052d50e906c5e7e1160081b"	"85409f47-fd51-4c66-b0e5-b8964c15e0a7"		"KCRob"	"49"	"2024 August"	"54"	"Pro 2"	"24"	"Widow’s Walkabout"	"hard"	"-9"
"PRODUCTION_ONLY"	"EXACT_DUPLICATE"	"9ce81e90-e55b-4a7b-9c62-30bd669475e2"	"54|24|id:125|Widow’s Walkabout|hard"	"54|24|8d97d60f-834a-4d83-aabd-007cdfa6f43e|Widow’s Walkabout|hard"	"4e0082c9198a4f6167cb01bdb51879b8e660b6894ff493f43e4cccd561fbba0c"	"ff7551b8f349db806c385f231b422d99020880f5edd68bbc5e9252c88b8d60d7"	"8d97d60f-834a-4d83-aabd-007cdfa6f43e"		"Awkward3Sauce"	"125"	"2024 August"	"54"	"Pro 2"	"24"	"Widow’s Walkabout"	"hard"	"-10"
"PRODUCTION_ONLY"	"EXACT_DUPLICATE"	"d8af964b-e30c-46b0-93e2-c726b2f84b45"	"54|24|id:6950|Widow’s Walkabout|easy"	"54|24|9ac6ad68-7590-470d-8d35-122fcebed394|Widow’s Walkabout|easy"	"f21811cd0b80d0df295a735f5d212063a2196324fd7bcdbcd78cf4a6ca3e5926"	"cb7428292ca8ec567810baa157f847fa0e736c0f00f22ec169e5609956cd9eaf"	"9ac6ad68-7590-470d-8d35-122fcebed394"		"leanin2it"	"6950"	"2024 August"	"54"	"Pro 2"	"24"	"Widow’s Walkabout"	"easy"	"-24"
"PRODUCTION_ONLY"	"EXACT_DUPLICATE"	"f68f909e-0b34-4ad1-a7e5-214bee644398"	"54|24|id:6950|Widow’s Walkabout|hard"	"54|24|9ac6ad68-7590-470d-8d35-122fcebed394|Widow’s Walkabout|hard"	"a1311485e35d8d323d455fe8fa64d7956ad1bfe345e74a47a46f90883860493a"	"cc5feec1b8bceadb2a8243791e274d2b6ac4b06479dcc378cbbcc71cf3325b68"	"9ac6ad68-7590-470d-8d35-122fcebed394"		"leanin2it"	"6950"	"2024 August"	"54"	"Pro 2"	"24"	"Widow’s Walkabout"	"hard"	"-15"
"PRODUCTION_ONLY"	"EXACT_DUPLICATE"	"ab0f5351-a694-4179-b272-7c2134e31a7a"	"54|24|id:244|Widow’s Walkabout|easy"	"54|24|db88e65e-5b26-4627-9331-b07738276116|Widow’s Walkabout|easy"	"0f8d032d1e224aae25c5c042c3d978e87355e43c32346912a4d3c78b3d0565a5"	"66df54409338bf4e4dbed504d734081eacbc3084bd0eb081ed7f993dbbcc1098"	"db88e65e-5b26-4627-9331-b07738276116"		"SerenityMoon"	"244"	"2024 August"	"54"	"Pro 2"	"24"	"Widow’s Walkabout"	"easy"	"-20"
"PRODUCTION_ONLY"	"EXACT_DUPLICATE"	"813d1bfb-1c97-4ae7-b2a7-daebe48e6a32"	"54|24|id:244|Widow’s Walkabout|hard"	"54|24|db88e65e-5b26-4627-9331-b07738276116|Widow’s Walkabout|hard"	"3976a9cbc9d8102cba29d7649abd4747e914868ca19d5d32786fc9c92531f7ee"	"2fbf7af6175d36ffd008ec7af8a9f844483d5cfd27170d4db6d20c96eb28779b"	"db88e65e-5b26-4627-9331-b07738276116"		"SerenityMoon"	"244"	"2024 August"	"54"	"Pro 2"	"24"	"Widow’s Walkabout"	"hard"	"-7"
"PRODUCTION_ONLY"	"EXACT_DUPLICATE"	"a34dd03b-72c6-44a6-81ea-bd208ba07107"	"54|24|id:6970|Widow’s Walkabout|easy"	"54|24|ec196f54-9822-4d2a-8658-eed900df8d59|Widow’s Walkabout|easy"	"26359f6d08110d84b3ed43ceb05489478a2e77b69237feae7fc28ae734ebe201"	"d505c2ef2f083972b7259266e085f33f165b9a3cb6d6290b58674758c61c98d7"	"ec196f54-9822-4d2a-8658-eed900df8d59"		"Savy"	"6970"	"2024 August"	"54"	"Pro 2"	"24"	"Widow’s Walkabout"	"easy"	"-25"
"PRODUCTION_ONLY"	"EXACT_DUPLICATE"	"a387a4ed-7d33-4a73-b7b4-6d7060aa7994"	"54|24|id:6970|Widow’s Walkabout|hard"	"54|24|ec196f54-9822-4d2a-8658-eed900df8d59|Widow’s Walkabout|hard"	"cbc4abba5b02427fe5953945b2d49d5635f30058c2698c16b1e4cd88e848b009"	"5d5baced76d0a56f5018c88140b95f918258bfca9d804dca51d18169e954345f"	"ec196f54-9822-4d2a-8658-eed900df8d59"		"Savy"	"6970"	"2024 August"	"54"	"Pro 2"	"24"	"Widow’s Walkabout"	"hard"	"-14"
"PRODUCTION_ONLY"	"EXACT_DUPLICATE"	"12e18157-42ef-4a00-a290-dd3c4fd7ce33"	"54|24|id:72|Widow’s Walkabout|easy"	"54|24|f1bab752-d5cf-4001-b2ad-bafd6af83d8b|Widow’s Walkabout|easy"	"558096ba3f040239f3cdb2d3fe9f84f80a41e952f2b22bb1e0c2f6a642360732"	"c0df371b8edaff900cceaefde2000ccfa85deb9c1d13156c80750d37028ffdc2"	"f1bab752-d5cf-4001-b2ad-bafd6af83d8b"		"D3bb13"	"72"	"2024 August"	"54"	"Pro 2"	"24"	"Widow’s Walkabout"	"easy"	"-12"
"PRODUCTION_ONLY"	"EXACT_DUPLICATE"	"11bf53c4-3c1e-485e-b9b7-afca6a3f01db"	"54|24|id:72|Widow’s Walkabout|hard"	"54|24|f1bab752-d5cf-4001-b2ad-bafd6af83d8b|Widow’s Walkabout|hard"	"5bc2b65fd6a13ed6a0e49187a19d358ee88815d9cdf24ba9b8741beb086928e8"	"7792d4c4ce2252afb857dc8499fe76e2e03e82b6abc894eb4d3e4382df7b520b"	"f1bab752-d5cf-4001-b2ad-bafd6af83d8b"		"D3bb13"	"72"	"2024 August"	"54"	"Pro 2"	"24"	"Widow’s Walkabout"	"hard"	"-7"
