season,division,historical_name,published_placement,game,course_1_holes_won,course_2_holes_won,total_holes_won,w,l,d,points,source_state,source_side,source_row,score_cells,total_cell,wld_cells,source_url
S1,1,KRYS,4th,1,,,6,,1,,1,NUMERIC_TOTAL,L,11,I11,I11,J11:L11,https://docs.google.com/spreadsheets/d/1l-FgF1TiEp2oVGihLZlb2SHJTB6mioEcuB6hxGDGbzw/edit#gid=1323020530&range=I11
S1,1,KRYS,4th,2,,,8,,1,,1,NUMERIC_TOTAL,L,11,M11,M11,N11:P11,https://docs.google.com/spreadsheets/d/1l-FgF1TiEp2oVGihLZlb2SHJTB6mioEcuB6hxGDGbzw/edit#gid=1323020530&range=M11
S1,1,KRYS,4th,3,,,7,,,1,1,NUMERIC_TOTAL,L,11,Q11,Q11,R11:T11,https://docs.google.com/spreadsheets/d/1l-FgF1TiEp2oVGihLZlb2SHJTB6mioEcuB6hxGDGbzw/edit#gid=1323020530&range=Q11
S1,1,MULLIGAN,4th,1,,,11,,,1,32,NUMERIC_TOTAL,R,11,AD11,AD11,AE11:AG11,https://docs.google.com/spreadsheets/d/1l-FgF1TiEp2oVGihLZlb2SHJTB6mioEcuB6hxGDGbzw/edit#gid=1323020530&range=AD11
S1,1,MULLIGAN,4th,2,,,12,1,,,32,NUMERIC_TOTAL,R,11,AH11,AH11,AI11:AK11,https://docs.google.com/spreadsheets/d/1l-FgF1TiEp2oVGihLZlb2SHJTB6mioEcuB6hxGDGbzw/edit#gid=1323020530&range=AH11
S1,1,MULLIGAN,4th,3,,,9,1,,,32,NUMERIC_TOTAL,R,11,AL11,AL11,AM11:AO11,https://docs.google.com/spreadsheets/d/1l-FgF1TiEp2oVGihLZlb2SHJTB6mioEcuB6hxGDGbzw/edit#gid=1323020530&range=AL11
S1,1,BIGJA,2nd,1,,,10,1,,,6,NUMERIC_TOTAL,L,12,I12,I12,J12:L12,https://docs.google.com/spreadsheets/d/1l-FgF1TiEp2oVGihLZlb2SHJTB6mioEcuB6hxGDGbzw/edit#gid=1323020530&range=I12
S1,1,BIGJA,2nd,2,,,8,1,,,6,NUMERIC_TOTAL,L,12,M12,M12,N12:P12,https://docs.google.com/spreadsheets/d/1l-FgF1TiEp2oVGihLZlb2SHJTB6mioEcuB6hxGDGbzw/edit#gid=1323020530&range=M12
S1,1,BIGJA,2nd,3,,,8,,1,,6,NUMERIC_TOTAL,L,12,Q12,Q12,R12:T12,https://docs.google.com/spreadsheets/d/1l-FgF1TiEp2oVGihLZlb2SHJTB6mioEcuB6hxGDGbzw/edit#gid=1323020530&range=Q12
S1,1,STROKELIMITREACHED,3rd,1,,,11,,,1,2,NUMERIC_TOTAL,L,13,I13,I13,J13:L13,https://docs.google.com/spreadsheets/d/1l-FgF1TiEp2oVGihLZlb2SHJTB6mioEcuB6hxGDGbzw/edit#gid=1323020530&range=I13
S1,1,STROKELIMITREACHED,3rd,2,,,6,,1,,2,NUMERIC_TOTAL,L,13,M13,M13,N13:P13,https://docs.google.com/spreadsheets/d/1l-FgF1TiEp2oVGihLZlb2SHJTB6mioEcuB6hxGDGbzw/edit#gid=1323020530&range=M13
S1,1,STROKELIMITREACHED,3rd,3,,,7,,,1,2,NUMERIC_TOTAL,L,13,Q13,Q13,R13:T13,https://docs.google.com/spreadsheets/d/1l-FgF1TiEp2oVGihLZlb2SHJTB6mioEcuB6hxGDGbzw/edit#gid=1323020530&range=Q13
S1,2,LEANIN2IT,2nd,1,,,11,1,,,6,NUMERIC_TOTAL,L,18,I18,I18,J18:L18,https://docs.google.com/spreadsheets/d/1l-FgF1TiEp2oVGihLZlb2SHJTB6mioEcuB6hxGDGbzw/edit#gid=1323020530&range=I18
S1,2,LEANIN2IT,2nd,2,,,8,1,,,6,NUMERIC_TOTAL,L,18,M18,M18,N18:P18,https://docs.google.com/spreadsheets/d/1l-FgF1TiEp2oVGihLZlb2SHJTB6mioEcuB6hxGDGbzw/edit#gid=1323020530&range=M18
S1,2,LEANIN2IT,2nd,3,,,9,,1,,6,NUMERIC_TOTAL,L,18,Q18,Q18,R18:T18,https://docs.google.com/spreadsheets/d/1l-FgF1TiEp2oVGihLZlb2SHJTB6mioEcuB6hxGDGbzw/edit#gid=1323020530&range=Q18
S1,2,YUK1N,3rd,1,,,14,1,,,30,NUMERIC_TOTAL,R,18,AD18,AD18,AE18:AG18,https://docs.google.com/spreadsheets/d/1l-FgF1TiEp2oVGihLZlb2SHJTB6mioEcuB6hxGDGbzw/edit#gid=1323020530&range=AD18
S1,2,YUK1N,3rd,2,,,5,,1,,30,NUMERIC_TOTAL,R,18,AH18,AH18,AI18:AK18,https://docs.google.com/spreadsheets/d/1l-FgF1TiEp2oVGihLZlb2SHJTB6mioEcuB6hxGDGbzw/edit#gid=1323020530&range=AH18
S1,2,YUK1N,3rd,3,,,11,1,,,30,NUMERIC_TOTAL,R,18,AL18,AL18,AM18:AO18,https://docs.google.com/spreadsheets/d/1l-FgF1TiEp2oVGihLZlb2SHJTB6mioEcuB6hxGDGbzw/edit#gid=1323020530&range=AL18
S1,2,TRICKYDICKY,3rd,1,,,9,,1,,6,NUMERIC_TOTAL,L,19,I19,I19,J19:L19,https://docs.google.com/spreadsheets/d/1l-FgF1TiEp2oVGihLZlb2SHJTB6mioEcuB6hxGDGbzw/edit#gid=1323020530&range=I19
S1,2,TRICKYDICKY,3rd,2,,,6,1,,,6,NUMERIC_TOTAL,L,19,M19,M19,N19:P19,https://docs.google.com/spreadsheets/d/1l-FgF1TiEp2oVGihLZlb2SHJTB6mioEcuB6hxGDGbzw/edit#gid=1323020530&range=M19
S1,2,TRICKYDICKY,3rd,3,,,5,1,,,6,NUMERIC_TOTAL,L,19,Q19,Q19,R19:T19,https://docs.google.com/spreadsheets/d/1l-FgF1TiEp2oVGihLZlb2SHJTB6mioEcuB6hxGDGbzw/edit#gid=1323020530&range=Q19
S1,2,STEWIE,4th,1,,,9,,1,,0,NUMERIC_TOTAL,L,21,I21,I21,J21:L21,https://docs.google.com/spreadsheets/d/1l-FgF1TiEp2oVGihLZlb2SHJTB6mioEcuB6hxGDGbzw/edit#gid=1323020530&range=I21
S1,2,STEWIE,4th,2,,,5,,1,,0,NUMERIC_TOTAL,L,21,M21,M21,N21:P21,https://docs.google.com/spreadsheets/d/1l-FgF1TiEp2oVGihLZlb2SHJTB6mioEcuB6hxGDGbzw/edit#gid=1323020530&range=M21
S1,2,STEWIE,4th,3,,,4,,1,,0,NUMERIC_TOTAL,L,21,Q21,Q21,R21:T21,https://docs.google.com/spreadsheets/d/1l-FgF1TiEp2oVGihLZlb2SHJTB6mioEcuB6hxGDGbzw/edit#gid=1323020530&range=Q21
S1,3,DERBY_DAZ,2nd,1,,,13,1,,,6,NUMERIC_TOTAL,L,25,I25,I25,J25:L25,https://docs.google.com/spreadsheets/d/1l-FgF1TiEp2oVGihLZlb2SHJTB6mioEcuB6hxGDGbzw/edit#gid=1323020530&range=I25
S1,3,DERBY_DAZ,2nd,2,,,15,1,,,6,NUMERIC_TOTAL,L,25,M25,M25,N25:P25,https://docs.google.com/spreadsheets/d/1l-FgF1TiEp2oVGihLZlb2SHJTB6mioEcuB6hxGDGbzw/edit#gid=1323020530&range=M25
S1,3,DERBY_DAZ,2nd,3,,,11,,1,,6,NUMERIC_TOTAL,L,25,Q25,Q25,R25:T25,https://docs.google.com/spreadsheets/d/1l-FgF1TiEp2oVGihLZlb2SHJTB6mioEcuB6hxGDGbzw/edit#gid=1323020530&range=Q25
S1,3,YODA,3rd,1,,,9,,,1,40,NUMERIC_TOTAL,R,25,AD25,AD25,AE25:AG25,https://docs.google.com/spreadsheets/d/1l-FgF1TiEp2oVGihLZlb2SHJTB6mioEcuB6hxGDGbzw/edit#gid=1323020530&range=AD25
S1,3,YODA,3rd,2,,,18,1,,,40,NUMERIC_TOTAL,R,25,AH25,AH25,AI25:AK25,https://docs.google.com/spreadsheets/d/1l-FgF1TiEp2oVGihLZlb2SHJTB6mioEcuB6hxGDGbzw/edit#gid=1323020530&range=AH25
S1,3,YODA,3rd,3,,,13,1,,,40,NUMERIC_TOTAL,R,25,AL25,AL25,AM25:AO25,https://docs.google.com/spreadsheets/d/1l-FgF1TiEp2oVGihLZlb2SHJTB6mioEcuB6hxGDGbzw/edit#gid=1323020530&range=AL25
S1,3,JAMIE,4th,1,,,3,,1,,0,NUMERIC_TOTAL,L,26,I26,I26,J26:L26,https://docs.google.com/spreadsheets/d/1l-FgF1TiEp2oVGihLZlb2SHJTB6mioEcuB6hxGDGbzw/edit#gid=1323020530&range=I26
S1,3,JAMIE,4th,2,,,5,,1,,0,NUMERIC_TOTAL,L,26,M26,M26,N26:P26,https://docs.google.com/spreadsheets/d/1l-FgF1TiEp2oVGihLZlb2SHJTB6mioEcuB6hxGDGbzw/edit#gid=1323020530&range=M26
S1,3,JAMIE,4th,3,,,8,,1,,0,NUMERIC_TOTAL,L,26,Q26,Q26,R26:T26,https://docs.google.com/spreadsheets/d/1l-FgF1TiEp2oVGihLZlb2SHJTB6mioEcuB6hxGDGbzw/edit#gid=1323020530&range=Q26
S1,3,SLAPPY,4th,1,,,9,,,1,23,NUMERIC_TOTAL,R,27,AD27,AD27,AE27:AG27,https://docs.google.com/spreadsheets/d/1l-FgF1TiEp2oVGihLZlb2SHJTB6mioEcuB6hxGDGbzw/edit#gid=1323020530&range=AD27
S1,3,SLAPPY,4th,2,,,3,,1,,23,NUMERIC_TOTAL,R,27,AH27,AH27,AI27:AK27,https://docs.google.com/spreadsheets/d/1l-FgF1TiEp2oVGihLZlb2SHJTB6mioEcuB6hxGDGbzw/edit#gid=1323020530&range=AH27
S1,3,SLAPPY,4th,3,,,11,1,,,23,NUMERIC_TOTAL,R,27,AL27,AL27,AM27:AO27,https://docs.google.com/spreadsheets/d/1l-FgF1TiEp2oVGihLZlb2SHJTB6mioEcuB6hxGDGbzw/edit#gid=1323020530&range=AL27
S1,4,Maximus,1st,1,,,11,1,,,7,NUMERIC_TOTAL,L,32,I32,I32,J32:L32,https://docs.google.com/spreadsheets/d/1l-FgF1TiEp2oVGihLZlb2SHJTB6mioEcuB6hxGDGbzw/edit#gid=1323020530&range=I32
S1,4,Maximus,1st,2,,,10,,,1,7,NUMERIC_TOTAL,L,32,M32,M32,N32:P32,https://docs.google.com/spreadsheets/d/1l-FgF1TiEp2oVGihLZlb2SHJTB6mioEcuB6hxGDGbzw/edit#gid=1323020530&range=M32
S1,4,Maximus,1st,3,,,10,1,,,7,NUMERIC_TOTAL,L,32,Q32,Q32,R32:T32,https://docs.google.com/spreadsheets/d/1l-FgF1TiEp2oVGihLZlb2SHJTB6mioEcuB6hxGDGbzw/edit#gid=1323020530&range=Q32
S1,4,Chicagobry,3rd,1,,,7,,1,,3,NUMERIC_TOTAL,L,33,I33,I33,J33:L33,https://docs.google.com/spreadsheets/d/1l-FgF1TiEp2oVGihLZlb2SHJTB6mioEcuB6hxGDGbzw/edit#gid=1323020530&range=I33
S1,4,Chicagobry,3rd,2,,,11,,1,,3,NUMERIC_TOTAL,L,33,M33,M33,N33:P33,https://docs.google.com/spreadsheets/d/1l-FgF1TiEp2oVGihLZlb2SHJTB6mioEcuB6hxGDGbzw/edit#gid=1323020530&range=M33
S1,4,Chicagobry,3rd,3,,,15,1,,,3,NUMERIC_TOTAL,L,33,Q33,Q33,R33:T33,https://docs.google.com/spreadsheets/d/1l-FgF1TiEp2oVGihLZlb2SHJTB6mioEcuB6hxGDGbzw/edit#gid=1323020530&range=Q33
S1,4,Spicy,3rd,1,,,14,1,,,32,NUMERIC_TOTAL,R,33,AD33,AD33,AE33:AG33,https://docs.google.com/spreadsheets/d/1l-FgF1TiEp2oVGihLZlb2SHJTB6mioEcuB6hxGDGbzw/edit#gid=1323020530&range=AD33
S1,4,Spicy,3rd,2,,,12,1,,,32,NUMERIC_TOTAL,R,33,AH33,AH33,AI33:AK33,https://docs.google.com/spreadsheets/d/1l-FgF1TiEp2oVGihLZlb2SHJTB6mioEcuB6hxGDGbzw/edit#gid=1323020530&range=AH33
S1,4,Spicy,3rd,3,,,6,,1,,32,NUMERIC_TOTAL,R,33,AL33,AL33,AM33:AO33,https://docs.google.com/spreadsheets/d/1l-FgF1TiEp2oVGihLZlb2SHJTB6mioEcuB6hxGDGbzw/edit#gid=1323020530&range=AL33
S1,4,ChipnPutt,4th,1,,,9,,1,,1,NUMERIC_TOTAL,L,35,I35,I35,J35:L35,https://docs.google.com/spreadsheets/d/1l-FgF1TiEp2oVGihLZlb2SHJTB6mioEcuB6hxGDGbzw/edit#gid=1323020530&range=I35
S1,4,ChipnPutt,4th,2,,,10,,,1,1,NUMERIC_TOTAL,L,35,M35,M35,N35:P35,https://docs.google.com/spreadsheets/d/1l-FgF1TiEp2oVGihLZlb2SHJTB6mioEcuB6hxGDGbzw/edit#gid=1323020530&range=M35
S1,4,ChipnPutt,4th,3,,,8,,1,,1,NUMERIC_TOTAL,L,35,Q35,Q35,R35:T35,https://docs.google.com/spreadsheets/d/1l-FgF1TiEp2oVGihLZlb2SHJTB6mioEcuB6hxGDGbzw/edit#gid=1323020530&range=Q35
S1,5,Uropa,2nd,1,,,11,1,,,3,NUMERIC_TOTAL,L,39,I39,I39,J39:L39,https://docs.google.com/spreadsheets/d/1l-FgF1TiEp2oVGihLZlb2SHJTB6mioEcuB6hxGDGbzw/edit#gid=1323020530&range=I39
S1,5,Uropa,2nd,2,,,,,,,3,UNPLAYED_BLANK,L,39,M39,M39,N39:P39,https://docs.google.com/spreadsheets/d/1l-FgF1TiEp2oVGihLZlb2SHJTB6mioEcuB6hxGDGbzw/edit#gid=1323020530&range=M39
S1,5,Uropa,2nd,3,,,8,,1,,3,NUMERIC_TOTAL,L,39,Q39,Q39,R39:T39,https://docs.google.com/spreadsheets/d/1l-FgF1TiEp2oVGihLZlb2SHJTB6mioEcuB6hxGDGbzw/edit#gid=1323020530&range=Q39
S1,5,D3bb13,3rd,1,,,11,,1,,31,NUMERIC_TOTAL,R,39,AD39,AD39,AE39:AG39,https://docs.google.com/spreadsheets/d/1l-FgF1TiEp2oVGihLZlb2SHJTB6mioEcuB6hxGDGbzw/edit#gid=1323020530&range=AD39
S1,5,D3bb13,3rd,2,,,10,1,,,31,NUMERIC_TOTAL,R,39,AH39,AH39,AI39:AK39,https://docs.google.com/spreadsheets/d/1l-FgF1TiEp2oVGihLZlb2SHJTB6mioEcuB6hxGDGbzw/edit#gid=1323020530&range=AH39
S1,5,D3bb13,3rd,3,,,10,1,,,31,NUMERIC_TOTAL,R,39,AL39,AL39,AM39:AO39,https://docs.google.com/spreadsheets/d/1l-FgF1TiEp2oVGihLZlb2SHJTB6mioEcuB6hxGDGbzw/edit#gid=1323020530&range=AL39
S1,5,PaulV,4th,1,,,9,,1,,0,NUMERIC_TOTAL,L,40,I40,I40,J40:L40,https://docs.google.com/spreadsheets/d/1l-FgF1TiEp2oVGihLZlb2SHJTB6mioEcuB6hxGDGbzw/edit#gid=1323020530&range=I40
S1,5,PaulV,4th,2,,,8,,1,,0,NUMERIC_TOTAL,L,40,M40,M40,N40:P40,https://docs.google.com/spreadsheets/d/1l-FgF1TiEp2oVGihLZlb2SHJTB6mioEcuB6hxGDGbzw/edit#gid=1323020530&range=M40
S1,5,PaulV,4th,3,,,,,,,0,UNPLAYED_BLANK,L,40,Q40,Q40,R40:T40,https://docs.google.com/spreadsheets/d/1l-FgF1TiEp2oVGihLZlb2SHJTB6mioEcuB6hxGDGbzw/edit#gid=1323020530&range=Q40
S1,5,GuyB,4th,1,,,13,1,,,13,NUMERIC_TOTAL,R,41,AD41,AD41,AE41:AG41,https://docs.google.com/spreadsheets/d/1l-FgF1TiEp2oVGihLZlb2SHJTB6mioEcuB6hxGDGbzw/edit#gid=1323020530&range=AD41
S1,5,GuyB,4th,2,,,,,,,13,UNPLAYED_BLANK,R,41,AH41,AH41,AI41:AK41,https://docs.google.com/spreadsheets/d/1l-FgF1TiEp2oVGihLZlb2SHJTB6mioEcuB6hxGDGbzw/edit#gid=1323020530&range=AH41
S1,5,GuyB,4th,3,,,,,,,13,UNPLAYED_BLANK,R,41,AL41,AL41,AM41:AO41,https://docs.google.com/spreadsheets/d/1l-FgF1TiEp2oVGihLZlb2SHJTB6mioEcuB6hxGDGbzw/edit#gid=1323020530&range=AL41
S1,6,Shooter_Mcgavin,3rd,1,,,7,1,,,3,NUMERIC_TOTAL,L,46,I46,I46,J46:L46,https://docs.google.com/spreadsheets/d/1l-FgF1TiEp2oVGihLZlb2SHJTB6mioEcuB6hxGDGbzw/edit#gid=1323020530&range=I46
S1,6,Shooter_Mcgavin,3rd,2,,,10,,1,,3,NUMERIC_TOTAL,L,46,M46,M46,N46:P46,https://docs.google.com/spreadsheets/d/1l-FgF1TiEp2oVGihLZlb2SHJTB6mioEcuB6hxGDGbzw/edit#gid=1323020530&range=M46
S1,6,Shooter_Mcgavin,3rd,3,,,12,,1,,3,NUMERIC_TOTAL,L,46,Q46,Q46,R46:T46,https://docs.google.com/spreadsheets/d/1l-FgF1TiEp2oVGihLZlb2SHJTB6mioEcuB6hxGDGbzw/edit#gid=1323020530&range=Q46
S1,6,Mammothrept,3rd,1,,,8,,,1,42,NUMERIC_TOTAL,R,46,AD46,AD46,AE46:AG46,https://docs.google.com/spreadsheets/d/1l-FgF1TiEp2oVGihLZlb2SHJTB6mioEcuB6hxGDGbzw/edit#gid=1323020530&range=AD46
S1,6,Mammothrept,3rd,2,,,21,1,,,42,NUMERIC_TOTAL,R,46,AH46,AH46,AI46:AK46,https://docs.google.com/spreadsheets/d/1l-FgF1TiEp2oVGihLZlb2SHJTB6mioEcuB6hxGDGbzw/edit#gid=1323020530&range=AH46
S1,6,Mammothrept,3rd,3,,,13,1,,,42,NUMERIC_TOTAL,R,46,AL46,AL46,AM46:AO46,https://docs.google.com/spreadsheets/d/1l-FgF1TiEp2oVGihLZlb2SHJTB6mioEcuB6hxGDGbzw/edit#gid=1323020530&range=AL46
S1,6,StevieWonderful,4th,1,,,6,,1,,0,NUMERIC_TOTAL,L,47,I47,I47,J47:L47,https://docs.google.com/spreadsheets/d/1l-FgF1TiEp2oVGihLZlb2SHJTB6mioEcuB6hxGDGbzw/edit#gid=1323020530&range=I47
S1,6,StevieWonderful,4th,2,,,8,,1,,0,NUMERIC_TOTAL,L,47,M47,M47,N47:P47,https://docs.google.com/spreadsheets/d/1l-FgF1TiEp2oVGihLZlb2SHJTB6mioEcuB6hxGDGbzw/edit#gid=1323020530&range=M47
S1,6,StevieWonderful,4th,3,,,6,,1,,0,NUMERIC_TOTAL,L,47,Q47,Q47,R47:T47,https://docs.google.com/spreadsheets/d/1l-FgF1TiEp2oVGihLZlb2SHJTB6mioEcuB6hxGDGbzw/edit#gid=1323020530&range=Q47
S1,6,Empzurg,4th,1,,,8,,,1,29,NUMERIC_TOTAL,R,47,AD47,AD47,AE47:AG47,https://docs.google.com/spreadsheets/d/1l-FgF1TiEp2oVGihLZlb2SHJTB6mioEcuB6hxGDGbzw/edit#gid=1323020530&range=AD47
S1,6,Empzurg,4th,2,,,11,1,,,29,NUMERIC_TOTAL,R,47,AH47,AH47,AI47:AK47,https://docs.google.com/spreadsheets/d/1l-FgF1TiEp2oVGihLZlb2SHJTB6mioEcuB6hxGDGbzw/edit#gid=1323020530&range=AH47
S1,6,Empzurg,4th,3,,,10,1,,,29,NUMERIC_TOTAL,R,47,AL47,AL47,AM47:AO47,https://docs.google.com/spreadsheets/d/1l-FgF1TiEp2oVGihLZlb2SHJTB6mioEcuB6hxGDGbzw/edit#gid=1323020530&range=AL47
S1,7,Sandtrap,2nd,1,,,7,,1,,6,NUMERIC_TOTAL,L,53,I53,I53,J53:L53,https://docs.google.com/spreadsheets/d/1l-FgF1TiEp2oVGihLZlb2SHJTB6mioEcuB6hxGDGbzw/edit#gid=1323020530&range=I53
S1,7,Sandtrap,2nd,2,,,16,1,,,6,NUMERIC_TOTAL,L,53,M53,M53,N53:P53,https://docs.google.com/spreadsheets/d/1l-FgF1TiEp2oVGihLZlb2SHJTB6mioEcuB6hxGDGbzw/edit#gid=1323020530&range=M53
S1,7,Sandtrap,2nd,3,,,12,1,,,6,NUMERIC_TOTAL,L,53,Q53,Q53,R53:T53,https://docs.google.com/spreadsheets/d/1l-FgF1TiEp2oVGihLZlb2SHJTB6mioEcuB6hxGDGbzw/edit#gid=1323020530&range=Q53
S1,7,L7jazz,3rd,1,,,17,1,,,40,NUMERIC_TOTAL,R,53,AD53,AD53,AE53:AG53,https://docs.google.com/spreadsheets/d/1l-FgF1TiEp2oVGihLZlb2SHJTB6mioEcuB6hxGDGbzw/edit#gid=1323020530&range=AD53
S1,7,L7jazz,3rd,2,,,13,1,,,40,NUMERIC_TOTAL,R,53,AH53,AH53,AI53:AK53,https://docs.google.com/spreadsheets/d/1l-FgF1TiEp2oVGihLZlb2SHJTB6mioEcuB6hxGDGbzw/edit#gid=1323020530&range=AH53
S1,7,L7jazz,3rd,3,,,10,,1,,40,NUMERIC_TOTAL,R,53,AL53,AL53,AM53:AO53,https://docs.google.com/spreadsheets/d/1l-FgF1TiEp2oVGihLZlb2SHJTB6mioEcuB6hxGDGbzw/edit#gid=1323020530&range=AL53
S1,7,JFitz,3rd,1,,,16,1,,,3,NUMERIC_TOTAL,L,54,I54,I54,J54:L54,https://docs.google.com/spreadsheets/d/1l-FgF1TiEp2oVGihLZlb2SHJTB6mioEcuB6hxGDGbzw/edit#gid=1323020530&range=I54
S1,7,JFitz,3rd,2,,,11,,1,,3,NUMERIC_TOTAL,L,54,M54,M54,N54:P54,https://docs.google.com/spreadsheets/d/1l-FgF1TiEp2oVGihLZlb2SHJTB6mioEcuB6hxGDGbzw/edit#gid=1323020530&range=M54
S1,7,JFitz,3rd,3,,,,,,,3,UNPLAYED_BLANK,L,54,Q54,Q54,R54:T54,https://docs.google.com/spreadsheets/d/1l-FgF1TiEp2oVGihLZlb2SHJTB6mioEcuB6hxGDGbzw/edit#gid=1323020530&range=Q54
S1,7,SJ,4th,1,,,10,,1,,0,NUMERIC_TOTAL,L,56,I56,I56,J56:L56,https://docs.google.com/spreadsheets/d/1l-FgF1TiEp2oVGihLZlb2SHJTB6mioEcuB6hxGDGbzw/edit#gid=1323020530&range=I56
S1,7,SJ,4th,2,,,15,,1,,0,NUMERIC_TOTAL,L,56,M56,M56,N56:P56,https://docs.google.com/spreadsheets/d/1l-FgF1TiEp2oVGihLZlb2SHJTB6mioEcuB6hxGDGbzw/edit#gid=1323020530&range=M56
S1,7,SJ,4th,3,,,,,,,0,UNPLAYED_BLANK,L,56,Q56,Q56,R56:T56,https://docs.google.com/spreadsheets/d/1l-FgF1TiEp2oVGihLZlb2SHJTB6mioEcuB6hxGDGbzw/edit#gid=1323020530&range=Q56
S1,8,Skeeter,2nd,1,,,10,,1,,3,NUMERIC_TOTAL,L,60,I60,I60,J60:L60,https://docs.google.com/spreadsheets/d/1l-FgF1TiEp2oVGihLZlb2SHJTB6mioEcuB6hxGDGbzw/edit#gid=1323020530&range=I60
S1,8,Skeeter,2nd,2,,,,,,,3,UNPLAYED_BLANK,L,60,M60,M60,N60:P60,https://docs.google.com/spreadsheets/d/1l-FgF1TiEp2oVGihLZlb2SHJTB6mioEcuB6hxGDGbzw/edit#gid=1323020530&range=M60
S1,8,Skeeter,2nd,3,,,14,1,,,3,NUMERIC_TOTAL,L,60,Q60,Q60,R60:T60,https://docs.google.com/spreadsheets/d/1l-FgF1TiEp2oVGihLZlb2SHJTB6mioEcuB6hxGDGbzw/edit#gid=1323020530&range=Q60
S1,8,Exny_amyb,2nd,1,,,14,1,,,33,NUMERIC_TOTAL,R,60,AD60,AD60,AE60:AG60,https://docs.google.com/spreadsheets/d/1l-FgF1TiEp2oVGihLZlb2SHJTB6mioEcuB6hxGDGbzw/edit#gid=1323020530&range=AD60
S1,8,Exny_amyb,2nd,2,,,19,1,,,33,NUMERIC_TOTAL,R,60,AH60,AH60,AI60:AK60,https://docs.google.com/spreadsheets/d/1l-FgF1TiEp2oVGihLZlb2SHJTB6mioEcuB6hxGDGbzw/edit#gid=1323020530&range=AH60
S1,8,Exny_amyb,2nd,3,,,,,,,33,UNPLAYED_BLANK,R,60,AL60,AL60,AM60:AO60,https://docs.google.com/spreadsheets/d/1l-FgF1TiEp2oVGihLZlb2SHJTB6mioEcuB6hxGDGbzw/edit#gid=1323020530&range=AL60
S1,8,Musical_atv,3rd,1,,,,,,,0,UNPLAYED_BLANK,L,62,I62,I62,J62:L62,https://docs.google.com/spreadsheets/d/1l-FgF1TiEp2oVGihLZlb2SHJTB6mioEcuB6hxGDGbzw/edit#gid=1323020530&range=I62
S1,8,Musical_atv,3rd,2,,,6,,1,,0,NUMERIC_TOTAL,L,62,M62,M62,N62:P62,https://docs.google.com/spreadsheets/d/1l-FgF1TiEp2oVGihLZlb2SHJTB6mioEcuB6hxGDGbzw/edit#gid=1323020530&range=M62
S1,8,Musical_atv,3rd,3,,,5,,1,,0,NUMERIC_TOTAL,L,62,Q62,Q62,R62:T62,https://docs.google.com/spreadsheets/d/1l-FgF1TiEp2oVGihLZlb2SHJTB6mioEcuB6hxGDGbzw/edit#gid=1323020530&range=Q62
S2,1,MULLIGAN,3rd,1,,,10,1,,,3,NUMERIC_TOTAL,L,11,I11,I11,J11:L11,https://docs.google.com/spreadsheets/d/1l-FgF1TiEp2oVGihLZlb2SHJTB6mioEcuB6hxGDGbzw/edit#gid=382041783&range=I11
S2,1,MULLIGAN,3rd,2,,,,,,,3,UNPLAYED_BLANK,L,11,M11,M11,N11:P11,https://docs.google.com/spreadsheets/d/1l-FgF1TiEp2oVGihLZlb2SHJTB6mioEcuB6hxGDGbzw/edit#gid=382041783&range=M11
S2,1,MULLIGAN,3rd,3,,,,,,,3,UNPLAYED_BLANK,L,11,Q11,Q11,R11:T11,https://docs.google.com/spreadsheets/d/1l-FgF1TiEp2oVGihLZlb2SHJTB6mioEcuB6hxGDGbzw/edit#gid=382041783&range=Q11
S2,1,YUK1N,4th,1,,,9,1,,,19,NUMERIC_TOTAL,R,11,AD11,AD11,AE11:AG11,https://docs.google.com/spreadsheets/d/1l-FgF1TiEp2oVGihLZlb2SHJTB6mioEcuB6hxGDGbzw/edit#gid=382041783&range=AD11
S2,1,YUK1N,4th,2,,,10,,,1,19,NUMERIC_TOTAL,R,11,AH11,AH11,AI11:AK11,https://docs.google.com/spreadsheets/d/1l-FgF1TiEp2oVGihLZlb2SHJTB6mioEcuB6hxGDGbzw/edit#gid=382041783&range=AH11
S2,1,YUK1N,4th,3,,,,,,,19,UNPLAYED_BLANK,R,11,AL11,AL11,AM11:AO11,https://docs.google.com/spreadsheets/d/1l-FgF1TiEp2oVGihLZlb2SHJTB6mioEcuB6hxGDGbzw/edit#gid=382041783&range=AL11
S2,1,BIGJA,4th,1,,,9,,1,,1,NUMERIC_TOTAL,L,12,I12,I12,J12:L12,https://docs.google.com/spreadsheets/d/1l-FgF1TiEp2oVGihLZlb2SHJTB6mioEcuB6hxGDGbzw/edit#gid=382041783&range=I12
S2,1,BIGJA,4th,2,,,10,,,1,1,NUMERIC_TOTAL,L,12,M12,M12,N12:P12,https://docs.google.com/spreadsheets/d/1l-FgF1TiEp2oVGihLZlb2SHJTB6mioEcuB6hxGDGbzw/edit#gid=382041783&range=M12
S2,1,BIGJA,4th,3,,,8,,1,,1,NUMERIC_TOTAL,L,12,Q12,Q12,R12:T12,https://docs.google.com/spreadsheets/d/1l-FgF1TiEp2oVGihLZlb2SHJTB6mioEcuB6hxGDGbzw/edit#gid=382041783&range=Q12
S2,1,STROKELIMITREACHED,3rd,1,,,5,,1,,14,NUMERIC_TOTAL,R,12,AD12,AD12,AE12:AG12,https://docs.google.com/spreadsheets/d/1l-FgF1TiEp2oVGihLZlb2SHJTB6mioEcuB6hxGDGbzw/edit#gid=382041783&range=AD12
S2,1,STROKELIMITREACHED,3rd,2,,,,,,,14,UNPLAYED_BLANK,R,12,AH12,AH12,AI12:AK12,https://docs.google.com/spreadsheets/d/1l-FgF1TiEp2oVGihLZlb2SHJTB6mioEcuB6hxGDGbzw/edit#gid=382041783&range=AH12
S2,1,STROKELIMITREACHED,3rd,3,,,9,1,,,14,NUMERIC_TOTAL,R,12,AL12,AL12,AM12:AO12,https://docs.google.com/spreadsheets/d/1l-FgF1TiEp2oVGihLZlb2SHJTB6mioEcuB6hxGDGbzw/edit#gid=382041783&range=AL12
S2,2,KRYS,1st,1,,,14,1,,,4,NUMERIC_TOTAL,L,18,I18,I18,J18:L18,https://docs.google.com/spreadsheets/d/1l-FgF1TiEp2oVGihLZlb2SHJTB6mioEcuB6hxGDGbzw/edit#gid=382041783&range=I18
S2,2,KRYS,1st,2,,,,,,,4,UNPLAYED_BLANK,L,18,M18,M18,N18:P18,https://docs.google.com/spreadsheets/d/1l-FgF1TiEp2oVGihLZlb2SHJTB6mioEcuB6hxGDGbzw/edit#gid=382041783&range=M18
S2,2,KRYS,1st,3,,,10,,,1,4,NUMERIC_TOTAL,L,18,Q18,Q18,R18:T18,https://docs.google.com/spreadsheets/d/1l-FgF1TiEp2oVGihLZlb2SHJTB6mioEcuB6hxGDGbzw/edit#gid=382041783&range=Q18
S2,2,TRICKYDICKY,3rd,1,,,,,,,20,UNPLAYED_BLANK,R,19,AD19,AD19,AE19:AG19,https://docs.google.com/spreadsheets/d/1l-FgF1TiEp2oVGihLZlb2SHJTB6mioEcuB6hxGDGbzw/edit#gid=382041783&range=AD19
S2,2,TRICKYDICKY,3rd,2,,,10,1,,,20,NUMERIC_TOTAL,R,19,AH19,AH19,AI19:AK19,https://docs.google.com/spreadsheets/d/1l-FgF1TiEp2oVGihLZlb2SHJTB6mioEcuB6hxGDGbzw/edit#gid=382041783&range=AH19
S2,2,TRICKYDICKY,3rd,3,,,10,,,1,20,NUMERIC_TOTAL,R,19,AL19,AL19,AM19:AO19,https://docs.google.com/spreadsheets/d/1l-FgF1TiEp2oVGihLZlb2SHJTB6mioEcuB6hxGDGbzw/edit#gid=382041783&range=AL19
S2,2,YODA,4th,1,,,9,,1,,16,NUMERIC_TOTAL,R,20,AD20,AD20,AE20:AG20,https://docs.google.com/spreadsheets/d/1l-FgF1TiEp2oVGihLZlb2SHJTB6mioEcuB6hxGDGbzw/edit#gid=382041783&range=AD20
S2,2,YODA,4th,2,,,7,,1,,16,NUMERIC_TOTAL,R,20,AH20,AH20,AI20:AK20,https://docs.google.com/spreadsheets/d/1l-FgF1TiEp2oVGihLZlb2SHJTB6mioEcuB6hxGDGbzw/edit#gid=382041783&range=AH20
S2,2,YODA,4th,3,,,,,,,16,UNPLAYED_BLANK,R,20,AL20,AL20,AM20:AO20,https://docs.google.com/spreadsheets/d/1l-FgF1TiEp2oVGihLZlb2SHJTB6mioEcuB6hxGDGbzw/edit#gid=382041783&range=AL20
S2,3,STEWIE,2nd,1,,,11,1,,,6,NUMERIC_TOTAL,L,25,I25,I25,J25:L25,https://docs.google.com/spreadsheets/d/1l-FgF1TiEp2oVGihLZlb2SHJTB6mioEcuB6hxGDGbzw/edit#gid=382041783&range=I25
S2,3,STEWIE,2nd,2,,,14,1,,,6,NUMERIC_TOTAL,L,25,M25,M25,N25:P25,https://docs.google.com/spreadsheets/d/1l-FgF1TiEp2oVGihLZlb2SHJTB6mioEcuB6hxGDGbzw/edit#gid=382041783&range=M25
S2,3,STEWIE,2nd,3,,,8,,1,,6,NUMERIC_TOTAL,L,25,Q25,Q25,R25:T25,https://docs.google.com/spreadsheets/d/1l-FgF1TiEp2oVGihLZlb2SHJTB6mioEcuB6hxGDGbzw/edit#gid=382041783&range=Q25
S2,3,MAXIMUS,4th,1,,,7,,1,,35,NUMERIC_TOTAL,R,25,AD25,AD25,AE25:AG25,https://docs.google.com/spreadsheets/d/1l-FgF1TiEp2oVGihLZlb2SHJTB6mioEcuB6hxGDGbzw/edit#gid=382041783&range=AD25
S2,3,MAXIMUS,4th,2,,,17,1,,,35,NUMERIC_TOTAL,R,25,AH25,AH25,AI25:AK25,https://docs.google.com/spreadsheets/d/1l-FgF1TiEp2oVGihLZlb2SHJTB6mioEcuB6hxGDGbzw/edit#gid=382041783&range=AH25
S2,3,MAXIMUS,4th,3,,,11,1,,,35,NUMERIC_TOTAL,R,25,AL25,AL25,AM25:AO25,https://docs.google.com/spreadsheets/d/1l-FgF1TiEp2oVGihLZlb2SHJTB6mioEcuB6hxGDGbzw/edit#gid=382041783&range=AL25
S2,3,DERBY_DAZ,3rd,1,,,8,1,,,3,NUMERIC_TOTAL,L,26,I26,I26,J26:L26,https://docs.google.com/spreadsheets/d/1l-FgF1TiEp2oVGihLZlb2SHJTB6mioEcuB6hxGDGbzw/edit#gid=382041783&range=I26
S2,3,DERBY_DAZ,3rd,2,,,10,,1,,3,NUMERIC_TOTAL,L,26,M26,M26,N26:P26,https://docs.google.com/spreadsheets/d/1l-FgF1TiEp2oVGihLZlb2SHJTB6mioEcuB6hxGDGbzw/edit#gid=382041783&range=M26
S2,3,DERBY_DAZ,3rd,3,,,10,,1,,3,NUMERIC_TOTAL,L,26,Q26,Q26,R26:T26,https://docs.google.com/spreadsheets/d/1l-FgF1TiEp2oVGihLZlb2SHJTB6mioEcuB6hxGDGbzw/edit#gid=382041783&range=Q26
S2,3,SLAPPY,4th,1,,,6,,1,,3,NUMERIC_TOTAL,L,27,I27,I27,J27:L27,https://docs.google.com/spreadsheets/d/1l-FgF1TiEp2oVGihLZlb2SHJTB6mioEcuB6hxGDGbzw/edit#gid=382041783&range=I27
S2,3,SLAPPY,4th,2,,,7,,1,,3,NUMERIC_TOTAL,L,27,M27,M27,N27:P27,https://docs.google.com/spreadsheets/d/1l-FgF1TiEp2oVGihLZlb2SHJTB6mioEcuB6hxGDGbzw/edit#gid=382041783&range=M27
S2,3,SLAPPY,4th,3,,,11,1,,,3,NUMERIC_TOTAL,L,27,Q27,Q27,R27:T27,https://docs.google.com/spreadsheets/d/1l-FgF1TiEp2oVGihLZlb2SHJTB6mioEcuB6hxGDGbzw/edit#gid=382041783&range=Q27
S2,4,JAMIE_THE_TIGER,3rd,1,,,,,,,0,UNPLAYED_BLANK,L,32,I32,I32,J32:L32,https://docs.google.com/spreadsheets/d/1l-FgF1TiEp2oVGihLZlb2SHJTB6mioEcuB6hxGDGbzw/edit#gid=382041783&range=I32
S2,4,JAMIE_THE_TIGER,3rd,2,,,,,,,0,UNPLAYED_BLANK,L,32,M32,M32,N32:P32,https://docs.google.com/spreadsheets/d/1l-FgF1TiEp2oVGihLZlb2SHJTB6mioEcuB6hxGDGbzw/edit#gid=382041783&range=M32
S2,4,JAMIE_THE_TIGER,3rd,3,,,,,,,0,UNPLAYED_BLANK,L,32,Q32,Q32,R32:T32,https://docs.google.com/spreadsheets/d/1l-FgF1TiEp2oVGihLZlb2SHJTB6mioEcuB6hxGDGbzw/edit#gid=382041783&range=Q32
S2,4,CHICAGOBRY,3rd,1,,,17,1,,,17,NUMERIC_TOTAL,R,32,AD32,AD32,AE32:AG32,https://docs.google.com/spreadsheets/d/1l-FgF1TiEp2oVGihLZlb2SHJTB6mioEcuB6hxGDGbzw/edit#gid=382041783&range=AD32
S2,4,CHICAGOBRY,3rd,2,,,,,,,17,UNPLAYED_BLANK,R,32,AH32,AH32,AI32:AK32,https://docs.google.com/spreadsheets/d/1l-FgF1TiEp2oVGihLZlb2SHJTB6mioEcuB6hxGDGbzw/edit#gid=382041783&range=AH32
S2,4,CHICAGOBRY,3rd,3,,,,,,,17,UNPLAYED_BLANK,R,32,AL32,AL32,AM32:AO32,https://docs.google.com/spreadsheets/d/1l-FgF1TiEp2oVGihLZlb2SHJTB6mioEcuB6hxGDGbzw/edit#gid=382041783&range=AL32
S2,4,SPICY,2nd,1,,,8,,1,,0,NUMERIC_TOTAL,L,33,I33,I33,J33:L33,https://docs.google.com/spreadsheets/d/1l-FgF1TiEp2oVGihLZlb2SHJTB6mioEcuB6hxGDGbzw/edit#gid=382041783&range=I33
S2,4,SPICY,2nd,2,,,,,,,0,UNPLAYED_BLANK,L,33,M33,M33,N33:P33,https://docs.google.com/spreadsheets/d/1l-FgF1TiEp2oVGihLZlb2SHJTB6mioEcuB6hxGDGbzw/edit#gid=382041783&range=M33
S2,4,SPICY,2nd,3,,,,,,,0,UNPLAYED_BLANK,L,33,Q33,Q33,R33:T33,https://docs.google.com/spreadsheets/d/1l-FgF1TiEp2oVGihLZlb2SHJTB6mioEcuB6hxGDGbzw/edit#gid=382041783&range=Q33
S2,5,ChipnPutt,1st,1,,,,,,,6,UNPLAYED_BLANK,L,39,I39,I39,J39:L39,https://docs.google.com/spreadsheets/d/1l-FgF1TiEp2oVGihLZlb2SHJTB6mioEcuB6hxGDGbzw/edit#gid=382041783&range=I39
S2,5,ChipnPutt,1st,2,,,12,1,,,6,NUMERIC_TOTAL,L,39,M39,M39,N39:P39,https://docs.google.com/spreadsheets/d/1l-FgF1TiEp2oVGihLZlb2SHJTB6mioEcuB6hxGDGbzw/edit#gid=382041783&range=M39
S2,5,ChipnPutt,1st,3,,,8,1,,,6,NUMERIC_TOTAL,L,39,Q39,Q39,R39:T39,https://docs.google.com/spreadsheets/d/1l-FgF1TiEp2oVGihLZlb2SHJTB6mioEcuB6hxGDGbzw/edit#gid=382041783&range=Q39
S2,5,GuyB,3rd,1,,,14,1,,,21,NUMERIC_TOTAL,R,40,AD40,AD40,AE40:AG40,https://docs.google.com/spreadsheets/d/1l-FgF1TiEp2oVGihLZlb2SHJTB6mioEcuB6hxGDGbzw/edit#gid=382041783&range=AD40
S2,5,GuyB,3rd,2,,,,,,,21,UNPLAYED_BLANK,R,40,AH40,AH40,AI40:AK40,https://docs.google.com/spreadsheets/d/1l-FgF1TiEp2oVGihLZlb2SHJTB6mioEcuB6hxGDGbzw/edit#gid=382041783&range=AH40
S2,5,GuyB,3rd,3,,,7,,1,,21,NUMERIC_TOTAL,R,40,AL40,AL40,AM40:AO40,https://docs.google.com/spreadsheets/d/1l-FgF1TiEp2oVGihLZlb2SHJTB6mioEcuB6hxGDGbzw/edit#gid=382041783&range=AL40
S2,5,Mammothrept,4th,1,,,9,,1,,20,NUMERIC_TOTAL,R,41,AD41,AD41,AE41:AG41,https://docs.google.com/spreadsheets/d/1l-FgF1TiEp2oVGihLZlb2SHJTB6mioEcuB6hxGDGbzw/edit#gid=382041783&range=AD41
S2,5,Mammothrept,4th,2,,,11,,1,,20,NUMERIC_TOTAL,R,41,AH41,AH41,AI41:AK41,https://docs.google.com/spreadsheets/d/1l-FgF1TiEp2oVGihLZlb2SHJTB6mioEcuB6hxGDGbzw/edit#gid=382041783&range=AH41
S2,5,Mammothrept,4th,3,,,,,,,20,UNPLAYED_BLANK,R,41,AL41,AL41,AM41:AO41,https://docs.google.com/spreadsheets/d/1l-FgF1TiEp2oVGihLZlb2SHJTB6mioEcuB6hxGDGbzw/edit#gid=382041783&range=AL41
S2,6,Shooter_Mcgavin,3rd,1,,,,,,,26,UNPLAYED_BLANK,R,46,AD46,AD46,AE46:AG46,https://docs.google.com/spreadsheets/d/1l-FgF1TiEp2oVGihLZlb2SHJTB6mioEcuB6hxGDGbzw/edit#gid=382041783&range=AD46
S2,6,Shooter_Mcgavin,3rd,2,,,13,1,,,26,NUMERIC_TOTAL,R,46,AH46,AH46,AI46:AK46,https://docs.google.com/spreadsheets/d/1l-FgF1TiEp2oVGihLZlb2SHJTB6mioEcuB6hxGDGbzw/edit#gid=382041783&range=AH46
S2,6,Shooter_Mcgavin,3rd,3,,,13,1,,,26,NUMERIC_TOTAL,R,46,AL46,AL46,AM46:AO46,https://docs.google.com/spreadsheets/d/1l-FgF1TiEp2oVGihLZlb2SHJTB6mioEcuB6hxGDGbzw/edit#gid=382041783&range=AL46
S2,6,Empzurg,3rd,1,,,6,,1,,0,NUMERIC_TOTAL,L,47,I47,I47,J47:L47,https://docs.google.com/spreadsheets/d/1l-FgF1TiEp2oVGihLZlb2SHJTB6mioEcuB6hxGDGbzw/edit#gid=382041783&range=I47
S2,6,Empzurg,3rd,2,,,,,,,0,UNPLAYED_BLANK,L,47,M47,M47,N47:P47,https://docs.google.com/spreadsheets/d/1l-FgF1TiEp2oVGihLZlb2SHJTB6mioEcuB6hxGDGbzw/edit#gid=382041783&range=M47
S2,6,Empzurg,3rd,3,,,4,,1,,0,NUMERIC_TOTAL,L,47,Q47,Q47,R47:T47,https://docs.google.com/spreadsheets/d/1l-FgF1TiEp2oVGihLZlb2SHJTB6mioEcuB6hxGDGbzw/edit#gid=382041783&range=Q47
S2,6,L7jazz,4th,1,,,11,1,,,19,NUMERIC_TOTAL,R,47,AD47,AD47,AE47:AG47,https://docs.google.com/spreadsheets/d/1l-FgF1TiEp2oVGihLZlb2SHJTB6mioEcuB6hxGDGbzw/edit#gid=382041783&range=AD47
S2,6,L7jazz,4th,2,,,8,,1,,19,NUMERIC_TOTAL,R,47,AH47,AH47,AI47:AK47,https://docs.google.com/spreadsheets/d/1l-FgF1TiEp2oVGihLZlb2SHJTB6mioEcuB6hxGDGbzw/edit#gid=382041783&range=AH47
S2,6,L7jazz,4th,3,,,,,,,19,UNPLAYED_BLANK,R,47,AL47,AL47,AM47:AO47,https://docs.google.com/spreadsheets/d/1l-FgF1TiEp2oVGihLZlb2SHJTB6mioEcuB6hxGDGbzw/edit#gid=382041783&range=AL47
S2,7,StTEVIEWONDERFUL,1st,1,,,17,1,,,6,NUMERIC_TOTAL,L,53,I53,I53,J53:L53,https://docs.google.com/spreadsheets/d/1l-FgF1TiEp2oVGihLZlb2SHJTB6mioEcuB6hxGDGbzw/edit#gid=382041783&range=I53
S2,7,StTEVIEWONDERFUL,1st,2,,,20,1,,,6,NUMERIC_TOTAL,L,53,M53,M53,N53:P53,https://docs.google.com/spreadsheets/d/1l-FgF1TiEp2oVGihLZlb2SHJTB6mioEcuB6hxGDGbzw/edit#gid=382041783&range=M53
S2,7,StTEVIEWONDERFUL,1st,3,,,,,,,6,UNPLAYED_BLANK,L,53,Q53,Q53,R53:T53,https://docs.google.com/spreadsheets/d/1l-FgF1TiEp2oVGihLZlb2SHJTB6mioEcuB6hxGDGbzw/edit#gid=382041783&range=Q53
S2,7,SANDTRAP,2nd,1,,,7,,,,3,NUMERIC_TOTAL,L,54,I54,I54,J54:L54,https://docs.google.com/spreadsheets/d/1l-FgF1TiEp2oVGihLZlb2SHJTB6mioEcuB6hxGDGbzw/edit#gid=382041783&range=I54
S2,7,SANDTRAP,2nd,2,,,,,,,3,UNPLAYED_BLANK,L,54,M54,M54,N54:P54,https://docs.google.com/spreadsheets/d/1l-FgF1TiEp2oVGihLZlb2SHJTB6mioEcuB6hxGDGbzw/edit#gid=382041783&range=M54
S2,7,SANDTRAP,2nd,3,,,14,1,,,3,NUMERIC_TOTAL,L,54,Q54,Q54,R54:T54,https://docs.google.com/spreadsheets/d/1l-FgF1TiEp2oVGihLZlb2SHJTB6mioEcuB6hxGDGbzw/edit#gid=382041783&range=Q54
S2,7,EVILARVAE,3rd,1,,,,,,,0,UNPLAYED_BLANK,L,55,I55,I55,J55:L55,https://docs.google.com/spreadsheets/d/1l-FgF1TiEp2oVGihLZlb2SHJTB6mioEcuB6hxGDGbzw/edit#gid=382041783&range=I55
S2,7,EVILARVAE,3rd,2,,,6,,,,0,NUMERIC_TOTAL,L,55,M55,M55,N55:P55,https://docs.google.com/spreadsheets/d/1l-FgF1TiEp2oVGihLZlb2SHJTB6mioEcuB6hxGDGbzw/edit#gid=382041783&range=M55
S2,7,EVILARVAE,3rd,3,,,12,,1,,0,NUMERIC_TOTAL,L,55,Q55,Q55,R55:T55,https://docs.google.com/spreadsheets/d/1l-FgF1TiEp2oVGihLZlb2SHJTB6mioEcuB6hxGDGbzw/edit#gid=382041783&range=Q55
S2,8,SJ,1st,1,,,16,1,,,3,NUMERIC_TOTAL,L,60,I60,I60,J60:L60,https://docs.google.com/spreadsheets/d/1l-FgF1TiEp2oVGihLZlb2SHJTB6mioEcuB6hxGDGbzw/edit#gid=382041783&range=I60
S2,8,SJ,1st,2,,,,,,,3,UNPLAYED_BLANK,L,60,M60,M60,N60:P60,https://docs.google.com/spreadsheets/d/1l-FgF1TiEp2oVGihLZlb2SHJTB6mioEcuB6hxGDGbzw/edit#gid=382041783&range=M60
S2,8,SJ,1st,3,,,,,,,3,UNPLAYED_BLANK,L,60,Q60,Q60,R60:T60,https://docs.google.com/spreadsheets/d/1l-FgF1TiEp2oVGihLZlb2SHJTB6mioEcuB6hxGDGbzw/edit#gid=382041783&range=Q60
S2,8,SKEETER,2nd,1,,,,,,,3,UNPLAYED_BLANK,L,61,I61,I61,J61:L61,https://docs.google.com/spreadsheets/d/1l-FgF1TiEp2oVGihLZlb2SHJTB6mioEcuB6hxGDGbzw/edit#gid=382041783&range=I61
S2,8,SKEETER,2nd,2,,,16,1,,,3,NUMERIC_TOTAL,L,61,M61,M61,N61:P61,https://docs.google.com/spreadsheets/d/1l-FgF1TiEp2oVGihLZlb2SHJTB6mioEcuB6hxGDGbzw/edit#gid=382041783&range=M61
S2,8,SKEETER,2nd,3,,,,,,,3,UNPLAYED_BLANK,L,61,Q61,Q61,R61:T61,https://docs.google.com/spreadsheets/d/1l-FgF1TiEp2oVGihLZlb2SHJTB6mioEcuB6hxGDGbzw/edit#gid=382041783&range=Q61
S2,8,MUSICAL_ATV,3rd,1,,,9,,1,,0,NUMERIC_TOTAL,L,62,I62,I62,J62:L62,https://docs.google.com/spreadsheets/d/1l-FgF1TiEp2oVGihLZlb2SHJTB6mioEcuB6hxGDGbzw/edit#gid=382041783&range=I62
S2,8,MUSICAL_ATV,3rd,2,,,7,,1,,0,NUMERIC_TOTAL,L,62,M62,M62,N62:P62,https://docs.google.com/spreadsheets/d/1l-FgF1TiEp2oVGihLZlb2SHJTB6mioEcuB6hxGDGbzw/edit#gid=382041783&range=M62
S2,8,MUSICAL_ATV,3rd,3,,,,,,,0,UNPLAYED_BLANK,L,62,Q62,Q62,R62:T62,https://docs.google.com/spreadsheets/d/1l-FgF1TiEp2oVGihLZlb2SHJTB6mioEcuB6hxGDGbzw/edit#gid=382041783&range=Q62
S3,1,MULLIGAN,1st,1,4,4,8,1,,,6,NUMERIC_PAIR,L,11,J11:K11,I11,L11:N11,https://docs.google.com/spreadsheets/d/1l-FgF1TiEp2oVGihLZlb2SHJTB6mioEcuB6hxGDGbzw/edit#gid=1851245356&range=J11:K11
S3,1,MULLIGAN,1st,2,6,4,10,1,,,6,NUMERIC_PAIR,L,11,P11:Q11,O11,R11:T11,https://docs.google.com/spreadsheets/d/1l-FgF1TiEp2oVGihLZlb2SHJTB6mioEcuB6hxGDGbzw/edit#gid=1851245356&range=P11:Q11
S3,1,MULLIGAN,1st,3,---,---,0,,,,6,UNPLAYED_DASH,L,11,V11:W11,U11,X11:Z11,https://docs.google.com/spreadsheets/d/1l-FgF1TiEp2oVGihLZlb2SHJTB6mioEcuB6hxGDGbzw/edit#gid=1851245356&range=V11:W11
S3,1,YUK1N,3rd,1,2,5,7,,1,,1,NUMERIC_PAIR,L,12,J12:K12,I12,L12:N12,https://docs.google.com/spreadsheets/d/1l-FgF1TiEp2oVGihLZlb2SHJTB6mioEcuB6hxGDGbzw/edit#gid=1851245356&range=J12:K12
S3,1,YUK1N,3rd,2,---,---,0,,,,1,UNPLAYED_DASH,L,12,P12:Q12,O12,R12:T12,https://docs.google.com/spreadsheets/d/1l-FgF1TiEp2oVGihLZlb2SHJTB6mioEcuB6hxGDGbzw/edit#gid=1851245356&range=P12:Q12
S3,1,YUK1N,3rd,3,3,10,13,,,1,1,NUMERIC_PAIR,L,12,V12:W12,U12,X12:Z12,https://docs.google.com/spreadsheets/d/1l-FgF1TiEp2oVGihLZlb2SHJTB6mioEcuB6hxGDGbzw/edit#gid=1851245356&range=V12:W12
S3,1,STROKELIMITREACHED,3rd,1,5,4,9,1,,,3,NUMERIC_PAIR,R,12,AK12:AL12,AJ12,AM12:AO12,https://docs.google.com/spreadsheets/d/1l-FgF1TiEp2oVGihLZlb2SHJTB6mioEcuB6hxGDGbzw/edit#gid=1851245356&range=AK12:AL12
S3,1,STROKELIMITREACHED,3rd,2,1,3,4,,1,,3,NUMERIC_PAIR,R,12,AQ12:AR12,AP12,AS12:AU12,https://docs.google.com/spreadsheets/d/1l-FgF1TiEp2oVGihLZlb2SHJTB6mioEcuB6hxGDGbzw/edit#gid=1851245356&range=AQ12:AR12
S3,1,STROKELIMITREACHED,3rd,3,---,---,0,,,,3,UNPLAYED_DASH,R,12,AW12:AX12,AV12,AY12:BA12,https://docs.google.com/spreadsheets/d/1l-FgF1TiEp2oVGihLZlb2SHJTB6mioEcuB6hxGDGbzw/edit#gid=1851245356&range=AW12:AX12
S3,1,KRYS,4th,1,3,4,7,,1,,1,NUMERIC_PAIR,L,14,J14:K14,I14,L14:N14,https://docs.google.com/spreadsheets/d/1l-FgF1TiEp2oVGihLZlb2SHJTB6mioEcuB6hxGDGbzw/edit#gid=1851245356&range=J14:K14
S3,1,KRYS,4th,2,---,---,0,,,,1,UNPLAYED_DASH,L,14,P14:Q14,O14,R14:T14,https://docs.google.com/spreadsheets/d/1l-FgF1TiEp2oVGihLZlb2SHJTB6mioEcuB6hxGDGbzw/edit#gid=1851245356&range=P14:Q14
S3,1,KRYS,4th,3,7,6,13,,,1,1,NUMERIC_PAIR,L,14,V14:W14,U14,X14:Z14,https://docs.google.com/spreadsheets/d/1l-FgF1TiEp2oVGihLZlb2SHJTB6mioEcuB6hxGDGbzw/edit#gid=1851245356&range=V14:W14
S3,2,BIGJA,2nd,1,3,8,11,,1,,4,NUMERIC_PAIR,L,18,J18:K18,I18,L18:N18,https://docs.google.com/spreadsheets/d/1l-FgF1TiEp2oVGihLZlb2SHJTB6mioEcuB6hxGDGbzw/edit#gid=1851245356&range=J18:K18
S3,2,BIGJA,2nd,2,2,5,7,,,1,4,NUMERIC_PAIR,L,18,P18:Q18,O18,R18:T18,https://docs.google.com/spreadsheets/d/1l-FgF1TiEp2oVGihLZlb2SHJTB6mioEcuB6hxGDGbzw/edit#gid=1851245356&range=P18:Q18
S3,2,BIGJA,2nd,3,6,5,11,1,,,4,NUMERIC_PAIR,L,18,V18:W18,U18,X18:Z18,https://docs.google.com/spreadsheets/d/1l-FgF1TiEp2oVGihLZlb2SHJTB6mioEcuB6hxGDGbzw/edit#gid=1851245356&range=V18:W18
S3,2,TRICKYDICKY,3rd,1,4,5,9,1,,,6,NUMERIC_PAIR,R,18,AK18:AL18,AJ18,AM18:AO18,https://docs.google.com/spreadsheets/d/1l-FgF1TiEp2oVGihLZlb2SHJTB6mioEcuB6hxGDGbzw/edit#gid=1851245356&range=AK18:AL18
S3,2,TRICKYDICKY,3rd,2,6,5,11,1,,,6,NUMERIC_PAIR,R,18,AQ18:AR18,AP18,AS18:AU18,https://docs.google.com/spreadsheets/d/1l-FgF1TiEp2oVGihLZlb2SHJTB6mioEcuB6hxGDGbzw/edit#gid=1851245356&range=AQ18:AR18
S3,2,TRICKYDICKY,3rd,3,3,7,10,,1,,6,NUMERIC_PAIR,R,18,AW18:AX18,AV18,AY18:BA18,https://docs.google.com/spreadsheets/d/1l-FgF1TiEp2oVGihLZlb2SHJTB6mioEcuB6hxGDGbzw/edit#gid=1851245356&range=AW18:AX18
S3,2,YODA,4th,1,7,6,13,1,,,3,NUMERIC_PAIR,L,19,J19:K19,I19,L19:N19,https://docs.google.com/spreadsheets/d/1l-FgF1TiEp2oVGihLZlb2SHJTB6mioEcuB6hxGDGbzw/edit#gid=1851245356&range=J19:K19
S3,2,YODA,4th,2,3,3,6,,1,,3,NUMERIC_PAIR,L,19,P19:Q19,O19,R19:T19,https://docs.google.com/spreadsheets/d/1l-FgF1TiEp2oVGihLZlb2SHJTB6mioEcuB6hxGDGbzw/edit#gid=1851245356&range=P19:Q19
S3,2,YODA,4th,3,4,1,5,,1,,3,NUMERIC_PAIR,L,19,V19:W19,U19,X19:Z19,https://docs.google.com/spreadsheets/d/1l-FgF1TiEp2oVGihLZlb2SHJTB6mioEcuB6hxGDGbzw/edit#gid=1851245356&range=V19:W19
S3,2,MAXIMUS,4th,1,3,2,5,,1,,4,NUMERIC_PAIR,R,20,AK20:AL20,AJ20,AM20:AO20,https://docs.google.com/spreadsheets/d/1l-FgF1TiEp2oVGihLZlb2SHJTB6mioEcuB6hxGDGbzw/edit#gid=1851245356&range=AK20:AL20
S3,2,MAXIMUS,4th,2,5,2,7,,,1,4,NUMERIC_PAIR,R,20,AQ20:AR20,AP20,AS20:AU20,https://docs.google.com/spreadsheets/d/1l-FgF1TiEp2oVGihLZlb2SHJTB6mioEcuB6hxGDGbzw/edit#gid=1851245356&range=AQ20:AR20
S3,2,MAXIMUS,4th,3,8,5,13,1,,,4,NUMERIC_PAIR,R,20,AW20:AX20,AV20,AY20:BA20,https://docs.google.com/spreadsheets/d/1l-FgF1TiEp2oVGihLZlb2SHJTB6mioEcuB6hxGDGbzw/edit#gid=1851245356&range=AW20:AX20
S3,3,CHICAGOBRY,3rd,1,2,4,6,,1,,3,NUMERIC_PAIR,R,25,AK25:AL25,AJ25,AM25:AO25,https://docs.google.com/spreadsheets/d/1l-FgF1TiEp2oVGihLZlb2SHJTB6mioEcuB6hxGDGbzw/edit#gid=1851245356&range=AK25:AL25
S3,3,CHICAGOBRY,3rd,2,4,7,11,1,,,3,NUMERIC_PAIR,R,25,AQ25:AR25,AP25,AS25:AU25,https://docs.google.com/spreadsheets/d/1l-FgF1TiEp2oVGihLZlb2SHJTB6mioEcuB6hxGDGbzw/edit#gid=1851245356&range=AQ25:AR25
S3,3,CHICAGOBRY,3rd,3,-,-,0,,,,3,UNPLAYED_DASH,R,25,AW25:AX25,AV25,AY25:BA25,https://docs.google.com/spreadsheets/d/1l-FgF1TiEp2oVGihLZlb2SHJTB6mioEcuB6hxGDGbzw/edit#gid=1851245356&range=AW25:AX25
S3,3,DERBY_DAZ,3rd,1,-,-,0,,,,3,UNPLAYED_DASH,L,26,J26:K26,I26,L26:N26,https://docs.google.com/spreadsheets/d/1l-FgF1TiEp2oVGihLZlb2SHJTB6mioEcuB6hxGDGbzw/edit#gid=1851245356&range=J26:K26
S3,3,DERBY_DAZ,3rd,2,4,3,7,,1,,3,NUMERIC_PAIR,L,26,P26:Q26,O26,R26:T26,https://docs.google.com/spreadsheets/d/1l-FgF1TiEp2oVGihLZlb2SHJTB6mioEcuB6hxGDGbzw/edit#gid=1851245356&range=P26:Q26
S3,3,DERBY_DAZ,3rd,3,4,3,7,1,,,3,NUMERIC_PAIR,L,26,V26:W26,U26,X26:Z26,https://docs.google.com/spreadsheets/d/1l-FgF1TiEp2oVGihLZlb2SHJTB6mioEcuB6hxGDGbzw/edit#gid=1851245356&range=V26:W26
S3,3,SLAPPY,4th,1,7,4,11,1,,,3,NUMERIC_PAIR,R,26,AK26:AL26,AJ26,AM26:AO26,https://docs.google.com/spreadsheets/d/1l-FgF1TiEp2oVGihLZlb2SHJTB6mioEcuB6hxGDGbzw/edit#gid=1851245356&range=AK26:AL26
S3,3,SLAPPY,4th,2,-,-,0,,,,3,UNPLAYED_DASH,R,26,AQ26:AR26,AP26,AS26:AU26,https://docs.google.com/spreadsheets/d/1l-FgF1TiEp2oVGihLZlb2SHJTB6mioEcuB6hxGDGbzw/edit#gid=1851245356&range=AQ26:AR26
S3,3,SLAPPY,4th,3,3,3,6,,1,,3,NUMERIC_PAIR,R,26,AW26:AX26,AV26,AY26:BA26,https://docs.google.com/spreadsheets/d/1l-FgF1TiEp2oVGihLZlb2SHJTB6mioEcuB6hxGDGbzw/edit#gid=1851245356&range=AW26:AX26
S3,4,SPICY,2nd,1,-,-,0,,,,3,UNPLAYED_DASH,R,32,AK32:AL32,AJ32,AM32:AO32,https://docs.google.com/spreadsheets/d/1l-FgF1TiEp2oVGihLZlb2SHJTB6mioEcuB6hxGDGbzw/edit#gid=1851245356&range=AK32:AL32
S3,4,SPICY,2nd,2,-,-,0,,,,3,UNPLAYED_DASH,R,32,AQ32:AR32,AP32,AS32:AU32,https://docs.google.com/spreadsheets/d/1l-FgF1TiEp2oVGihLZlb2SHJTB6mioEcuB6hxGDGbzw/edit#gid=1851245356&range=AQ32:AR32
S3,4,SPICY,2nd,3,5,7,12,1,,,3,NUMERIC_PAIR,R,32,AW32:AX32,AV32,AY32:BA32,https://docs.google.com/spreadsheets/d/1l-FgF1TiEp2oVGihLZlb2SHJTB6mioEcuB6hxGDGbzw/edit#gid=1851245356&range=AW32:AX32
S3,4,CHIPNPUTT,4th,1,-,-,0,,,,0,UNPLAYED_DASH,R,33,AK33:AL33,AJ33,AM33:AO33,https://docs.google.com/spreadsheets/d/1l-FgF1TiEp2oVGihLZlb2SHJTB6mioEcuB6hxGDGbzw/edit#gid=1851245356&range=AK33:AL33
S3,4,CHIPNPUTT,4th,2,-,-,0,,,,0,UNPLAYED_DASH,R,33,AQ33:AR33,AP33,AS33:AU33,https://docs.google.com/spreadsheets/d/1l-FgF1TiEp2oVGihLZlb2SHJTB6mioEcuB6hxGDGbzw/edit#gid=1851245356&range=AQ33:AR33
S3,4,CHIPNPUTT,4th,3,5,2,7,,1,,0,NUMERIC_PAIR,R,33,AW33:AX33,AV33,AY33:BA33,https://docs.google.com/spreadsheets/d/1l-FgF1TiEp2oVGihLZlb2SHJTB6mioEcuB6hxGDGbzw/edit#gid=1851245356&range=AW33:AX33
S3,5,L7JAZZ,3rd,1,-,-,0,,,,1,UNPLAYED_DASH,L,39,J39:K39,I39,L39:N39,https://docs.google.com/spreadsheets/d/1l-FgF1TiEp2oVGihLZlb2SHJTB6mioEcuB6hxGDGbzw/edit#gid=1851245356&range=J39:K39
S3,5,L7JAZZ,3rd,2,7,2,9,,1,,1,NUMERIC_PAIR,L,39,P39:Q39,O39,R39:T39,https://docs.google.com/spreadsheets/d/1l-FgF1TiEp2oVGihLZlb2SHJTB6mioEcuB6hxGDGbzw/edit#gid=1851245356&range=P39:Q39
S3,5,L7JAZZ,3rd,3,5,5,10,,,1,1,NUMERIC_PAIR,L,39,V39:W39,U39,X39:Z39,https://docs.google.com/spreadsheets/d/1l-FgF1TiEp2oVGihLZlb2SHJTB6mioEcuB6hxGDGbzw/edit#gid=1851245356&range=V39:W39
S3,5,EMPZURG,3rd,1,6,7,13,1,,,7,NUMERIC_PAIR,R,39,AK39:AL39,AJ39,AM39:AO39,https://docs.google.com/spreadsheets/d/1l-FgF1TiEp2oVGihLZlb2SHJTB6mioEcuB6hxGDGbzw/edit#gid=1851245356&range=AK39:AL39
S3,5,EMPZURG,3rd,2,3,12,15,1,,,7,NUMERIC_PAIR,R,39,AQ39:AR39,AP39,AS39:AU39,https://docs.google.com/spreadsheets/d/1l-FgF1TiEp2oVGihLZlb2SHJTB6mioEcuB6hxGDGbzw/edit#gid=1851245356&range=AQ39:AR39
S3,5,EMPZURG,3rd,3,3,7,10,,,1,7,NUMERIC_PAIR,R,39,AW39:AX39,AV39,AY39:BA39,https://docs.google.com/spreadsheets/d/1l-FgF1TiEp2oVGihLZlb2SHJTB6mioEcuB6hxGDGbzw/edit#gid=1851245356&range=AW39:AX39
S3,5,SHOOTER MCGAVIN,4th,1,-,-,0,,,,0,UNPLAYED_DASH,L,40,J40:K40,I40,L40:N40,https://docs.google.com/spreadsheets/d/1l-FgF1TiEp2oVGihLZlb2SHJTB6mioEcuB6hxGDGbzw/edit#gid=1851245356&range=J40:K40
S3,5,SHOOTER MCGAVIN,4th,2,6,1,7,,1,,0,NUMERIC_PAIR,L,40,P40:Q40,O40,R40:T40,https://docs.google.com/spreadsheets/d/1l-FgF1TiEp2oVGihLZlb2SHJTB6mioEcuB6hxGDGbzw/edit#gid=1851245356&range=P40:Q40
S3,5,SHOOTER MCGAVIN,4th,3,4,5,9,,1,,0,NUMERIC_PAIR,L,40,V40:W40,U40,X40:Z40,https://docs.google.com/spreadsheets/d/1l-FgF1TiEp2oVGihLZlb2SHJTB6mioEcuB6hxGDGbzw/edit#gid=1851245356&range=V40:W40
S3,5,MAMMOTHREPT,4th,1,2,9,11,,1,,6,NUMERIC_PAIR,R,40,AK40:AL40,AJ40,AM40:AO40,https://docs.google.com/spreadsheets/d/1l-FgF1TiEp2oVGihLZlb2SHJTB6mioEcuB6hxGDGbzw/edit#gid=1851245356&range=AK40:AL40
S3,5,MAMMOTHREPT,4th,2,5,10,15,1,,,6,NUMERIC_PAIR,R,40,AQ40:AR40,AP40,AS40:AU40,https://docs.google.com/spreadsheets/d/1l-FgF1TiEp2oVGihLZlb2SHJTB6mioEcuB6hxGDGbzw/edit#gid=1851245356&range=AQ40:AR40
S3,5,MAMMOTHREPT,4th,3,9,6,15,1,,,6,NUMERIC_PAIR,R,40,AW40:AX40,AV40,AY40:BA40,https://docs.google.com/spreadsheets/d/1l-FgF1TiEp2oVGihLZlb2SHJTB6mioEcuB6hxGDGbzw/edit#gid=1851245356&range=AW40:AX40
S3,6,SJ,1st,1,-,-,0,,,,0,UNPLAYED_DASH,L,46,J46:K46,I46,L46:N46,https://docs.google.com/spreadsheets/d/1l-FgF1TiEp2oVGihLZlb2SHJTB6mioEcuB6hxGDGbzw/edit#gid=1851245356&range=J46:K46
S3,6,SJ,1st,2,-,-,0,,,,0,UNPLAYED_DASH,L,46,P46:Q46,O46,R46:T46,https://docs.google.com/spreadsheets/d/1l-FgF1TiEp2oVGihLZlb2SHJTB6mioEcuB6hxGDGbzw/edit#gid=1851245356&range=P46:Q46
S3,6,SJ,1st,3,-,-,0,,,,0,UNPLAYED_DASH,L,46,V46:W46,U46,X46:Z46,https://docs.google.com/spreadsheets/d/1l-FgF1TiEp2oVGihLZlb2SHJTB6mioEcuB6hxGDGbzw/edit#gid=1851245356&range=V46:W46
S3,6,EVILARVAE,4th,1,-,-,0,,,,0,UNPLAYED_DASH,L,49,J49:K49,I49,L49:N49,https://docs.google.com/spreadsheets/d/1l-FgF1TiEp2oVGihLZlb2SHJTB6mioEcuB6hxGDGbzw/edit#gid=1851245356&range=J49:K49
S3,6,EVILARVAE,4th,2,-,-,0,,,,0,UNPLAYED_DASH,L,49,P49:Q49,O49,R49:T49,https://docs.google.com/spreadsheets/d/1l-FgF1TiEp2oVGihLZlb2SHJTB6mioEcuB6hxGDGbzw/edit#gid=1851245356&range=P49:Q49
S3,6,EVILARVAE,4th,3,-,-,0,,,,0,UNPLAYED_DASH,L,49,V49:W49,U49,X49:Z49,https://docs.google.com/spreadsheets/d/1l-FgF1TiEp2oVGihLZlb2SHJTB6mioEcuB6hxGDGbzw/edit#gid=1851245356&range=V49:W49
S3,7,FRYLOCK,3rd,1,-,-,0,1,,,6,UNPLAYED_DASH,L,53,J53:K53,I53,L53:N53,https://docs.google.com/spreadsheets/d/1l-FgF1TiEp2oVGihLZlb2SHJTB6mioEcuB6hxGDGbzw/edit#gid=1851245356&range=J53:K53
S3,7,FRYLOCK,3rd,2,2,2,4,,1,,6,NUMERIC_PAIR,L,53,P53:Q53,O53,R53:T53,https://docs.google.com/spreadsheets/d/1l-FgF1TiEp2oVGihLZlb2SHJTB6mioEcuB6hxGDGbzw/edit#gid=1851245356&range=P53:Q53
S3,7,FRYLOCK,3rd,3,5,9,14,1,,,6,NUMERIC_PAIR,L,53,V53:W53,U53,X53:Z53,https://docs.google.com/spreadsheets/d/1l-FgF1TiEp2oVGihLZlb2SHJTB6mioEcuB6hxGDGbzw/edit#gid=1851245356&range=V53:W53
S3,7,CATHY G,4th,1,7,8,15,1,,,6,NUMERIC_PAIR,R,53,AK53:AL53,AJ53,AM53:AO53,https://docs.google.com/spreadsheets/d/1l-FgF1TiEp2oVGihLZlb2SHJTB6mioEcuB6hxGDGbzw/edit#gid=1851245356&range=AK53:AL53
S3,7,CATHY G,4th,2,9,7,16,1,,,6,NUMERIC_PAIR,R,53,AQ53:AR53,AP53,AS53:AU53,https://docs.google.com/spreadsheets/d/1l-FgF1TiEp2oVGihLZlb2SHJTB6mioEcuB6hxGDGbzw/edit#gid=1851245356&range=AQ53:AR53
S3,7,CATHY G,4th,3,6,3,9,,1,,6,NUMERIC_PAIR,R,53,AW53:AX53,AV53,AY53:BA53,https://docs.google.com/spreadsheets/d/1l-FgF1TiEp2oVGihLZlb2SHJTB6mioEcuB6hxGDGbzw/edit#gid=1851245356&range=AW53:AX53
S3,7,SKEETER,2nd,1,-,-,0,,1,,6,UNPLAYED_DASH,L,54,J54:K54,I54,L54:N54,https://docs.google.com/spreadsheets/d/1l-FgF1TiEp2oVGihLZlb2SHJTB6mioEcuB6hxGDGbzw/edit#gid=1851245356&range=J54:K54
S3,7,SKEETER,2nd,2,8,3,11,1,,,6,NUMERIC_PAIR,L,54,P54:Q54,O54,R54:T54,https://docs.google.com/spreadsheets/d/1l-FgF1TiEp2oVGihLZlb2SHJTB6mioEcuB6hxGDGbzw/edit#gid=1851245356&range=P54:Q54
S3,7,SKEETER,2nd,3,5,6,11,1,,,6,NUMERIC_PAIR,L,54,V54:W54,U54,X54:Z54,https://docs.google.com/spreadsheets/d/1l-FgF1TiEp2oVGihLZlb2SHJTB6mioEcuB6hxGDGbzw/edit#gid=1851245356&range=V54:W54
S3,7,MUSICAL_ATV,4th,1,4,5,9,,1,,0,NUMERIC_PAIR,L,55,J55:K55,I55,L55:N55,https://docs.google.com/spreadsheets/d/1l-FgF1TiEp2oVGihLZlb2SHJTB6mioEcuB6hxGDGbzw/edit#gid=1851245356&range=J55:K55
S3,7,MUSICAL_ATV,4th,2,1,4,5,,1,,0,NUMERIC_PAIR,L,55,P55:Q55,O55,R55:T55,https://docs.google.com/spreadsheets/d/1l-FgF1TiEp2oVGihLZlb2SHJTB6mioEcuB6hxGDGbzw/edit#gid=1851245356&range=P55:Q55
S3,7,MUSICAL_ATV,4th,3,6,1,7,,1,,0,NUMERIC_PAIR,L,55,V55:W55,U55,X55:Z55,https://docs.google.com/spreadsheets/d/1l-FgF1TiEp2oVGihLZlb2SHJTB6mioEcuB6hxGDGbzw/edit#gid=1851245356&range=V55:W55
S4,1,MULLIGAN,1st,1,0,0,0,,,,0,NUMERIC_PAIR,L,11,J11:K11,I11,L11:N11,https://docs.google.com/spreadsheets/d/1l-FgF1TiEp2oVGihLZlb2SHJTB6mioEcuB6hxGDGbzw/edit#gid=12121589&range=J11:K11
S4,1,MULLIGAN,1st,2,---,---,0,,,,0,UNPLAYED_DASH,L,11,P11:Q11,O11,R11:T11,https://docs.google.com/spreadsheets/d/1l-FgF1TiEp2oVGihLZlb2SHJTB6mioEcuB6hxGDGbzw/edit#gid=12121589&range=P11:Q11
S4,1,MULLIGAN,1st,3,---,---,0,,,,0,UNPLAYED_DASH,L,11,V11:W11,U11,X11:Z11,https://docs.google.com/spreadsheets/d/1l-FgF1TiEp2oVGihLZlb2SHJTB6mioEcuB6hxGDGbzw/edit#gid=12121589&range=V11:W11
S4,1,STROKELIMITREACHED,2nd,1,0,0,0,,,,0,NUMERIC_PAIR,L,12,J12:K12,I12,L12:N12,https://docs.google.com/spreadsheets/d/1l-FgF1TiEp2oVGihLZlb2SHJTB6mioEcuB6hxGDGbzw/edit#gid=12121589&range=J12:K12
S4,1,STROKELIMITREACHED,2nd,2,---,---,0,,,,0,UNPLAYED_DASH,L,12,P12:Q12,O12,R12:T12,https://docs.google.com/spreadsheets/d/1l-FgF1TiEp2oVGihLZlb2SHJTB6mioEcuB6hxGDGbzw/edit#gid=12121589&range=P12:Q12
S4,1,STROKELIMITREACHED,2nd,3,---,---,0,,,,0,UNPLAYED_DASH,L,12,V12:W12,U12,X12:Z12,https://docs.google.com/spreadsheets/d/1l-FgF1TiEp2oVGihLZlb2SHJTB6mioEcuB6hxGDGbzw/edit#gid=12121589&range=V12:W12
S4,2,BIGJA,1st,1,6,10,16,1,,,9,NUMERIC_PAIR,L,18,J18:K18,I18,L18:N18,https://docs.google.com/spreadsheets/d/1l-FgF1TiEp2oVGihLZlb2SHJTB6mioEcuB6hxGDGbzw/edit#gid=12121589&range=J18:K18
S4,2,BIGJA,1st,2,4,7,11,1,,,9,NUMERIC_PAIR,L,18,P18:Q18,O18,R18:T18,https://docs.google.com/spreadsheets/d/1l-FgF1TiEp2oVGihLZlb2SHJTB6mioEcuB6hxGDGbzw/edit#gid=12121589&range=P18:Q18
S4,2,BIGJA,1st,3,8,5,13,1,,,9,NUMERIC_PAIR,L,18,V18:W18,U18,X18:Z18,https://docs.google.com/spreadsheets/d/1l-FgF1TiEp2oVGihLZlb2SHJTB6mioEcuB6hxGDGbzw/edit#gid=12121589&range=V18:W18
S4,2,MAXIMUS,2nd,1,2,3,5,,1,,4,NUMERIC_PAIR,L,19,J19:K19,I19,L19:N19,https://docs.google.com/spreadsheets/d/1l-FgF1TiEp2oVGihLZlb2SHJTB6mioEcuB6hxGDGbzw/edit#gid=12121589&range=J19:K19
S4,2,MAXIMUS,2nd,2,10,7,17,1,,,4,NUMERIC_PAIR,L,19,P19:Q19,O19,R19:T19,https://docs.google.com/spreadsheets/d/1l-FgF1TiEp2oVGihLZlb2SHJTB6mioEcuB6hxGDGbzw/edit#gid=12121589&range=P19:Q19
S4,2,MAXIMUS,2nd,3,6,5,11,,,1,4,NUMERIC_PAIR,L,19,V19:W19,U19,X19:Z19,https://docs.google.com/spreadsheets/d/1l-FgF1TiEp2oVGihLZlb2SHJTB6mioEcuB6hxGDGbzw/edit#gid=12121589&range=V19:W19
S4,2,SLAPPY,3rd,1,6,8,14,1,,,3,NUMERIC_PAIR,L,20,J20:K20,I20,L20:N20,https://docs.google.com/spreadsheets/d/1l-FgF1TiEp2oVGihLZlb2SHJTB6mioEcuB6hxGDGbzw/edit#gid=12121589&range=J20:K20
S4,2,SLAPPY,3rd,2,2,2,4,,1,,3,NUMERIC_PAIR,L,20,P20:Q20,O20,R20:T20,https://docs.google.com/spreadsheets/d/1l-FgF1TiEp2oVGihLZlb2SHJTB6mioEcuB6hxGDGbzw/edit#gid=12121589&range=P20:Q20
S4,2,SLAPPY,3rd,3,2,4,6,,1,,3,NUMERIC_PAIR,L,20,V20:W20,U20,X20:Z20,https://docs.google.com/spreadsheets/d/1l-FgF1TiEp2oVGihLZlb2SHJTB6mioEcuB6hxGDGbzw/edit#gid=12121589&range=V20:W20
S4,2,YODA,4th,1,1,7,8,,1,,1,NUMERIC_PAIR,L,21,J21:K21,I21,L21:N21,https://docs.google.com/spreadsheets/d/1l-FgF1TiEp2oVGihLZlb2SHJTB6mioEcuB6hxGDGbzw/edit#gid=12121589&range=J21:K21
S4,2,YODA,4th,2,3,2,5,,1,,1,NUMERIC_PAIR,L,21,P21:Q21,O21,R21:T21,https://docs.google.com/spreadsheets/d/1l-FgF1TiEp2oVGihLZlb2SHJTB6mioEcuB6hxGDGbzw/edit#gid=12121589&range=P21:Q21
S4,2,YODA,4th,3,6,5,11,,,1,1,NUMERIC_PAIR,L,21,V21:W21,U21,X21:Z21,https://docs.google.com/spreadsheets/d/1l-FgF1TiEp2oVGihLZlb2SHJTB6mioEcuB6hxGDGbzw/edit#gid=12121589&range=V21:W21
S4,3,DERBY_DAZ,2nd,1,6,7,13,1,,,6,NUMERIC_PAIR,L,25,J25:K25,I25,L25:N25,https://docs.google.com/spreadsheets/d/1l-FgF1TiEp2oVGihLZlb2SHJTB6mioEcuB6hxGDGbzw/edit#gid=12121589&range=J25:K25
S4,3,DERBY_DAZ,2nd,2,6,8,14,1,,,6,NUMERIC_PAIR,L,25,P25:Q25,O25,R25:T25,https://docs.google.com/spreadsheets/d/1l-FgF1TiEp2oVGihLZlb2SHJTB6mioEcuB6hxGDGbzw/edit#gid=12121589&range=P25:Q25
S4,3,DERBY_DAZ,2nd,3,5,5,10,,1,,6,NUMERIC_PAIR,L,25,V25:W25,U25,X25:Z25,https://docs.google.com/spreadsheets/d/1l-FgF1TiEp2oVGihLZlb2SHJTB6mioEcuB6hxGDGbzw/edit#gid=12121589&range=V25:W25
S4,3,CHIPNPUTT,3rd,1,7,6,13,1,,,9,NUMERIC_PAIR,R,25,AK25:AL25,AJ25,AM25:AO25,https://docs.google.com/spreadsheets/d/1l-FgF1TiEp2oVGihLZlb2SHJTB6mioEcuB6hxGDGbzw/edit#gid=12121589&range=AK25:AL25
S4,3,CHIPNPUTT,3rd,2,5,8,13,1,,,9,NUMERIC_PAIR,R,25,AQ25:AR25,AP25,AS25:AU25,https://docs.google.com/spreadsheets/d/1l-FgF1TiEp2oVGihLZlb2SHJTB6mioEcuB6hxGDGbzw/edit#gid=12121589&range=AQ25:AR25
S4,3,CHIPNPUTT,3rd,3,3,8,11,1,,,9,NUMERIC_PAIR,R,25,AW25:AX25,AV25,AY25:BA25,https://docs.google.com/spreadsheets/d/1l-FgF1TiEp2oVGihLZlb2SHJTB6mioEcuB6hxGDGbzw/edit#gid=12121589&range=AW25:AX25
S4,3,SPICY,3rd,1,2,4,6,,1,,3,NUMERIC_PAIR,L,26,J26:K26,I26,L26:N26,https://docs.google.com/spreadsheets/d/1l-FgF1TiEp2oVGihLZlb2SHJTB6mioEcuB6hxGDGbzw/edit#gid=12121589&range=J26:K26
S4,3,SPICY,3rd,2,5,3,8,,1,,3,NUMERIC_PAIR,L,26,P26:Q26,O26,R26:T26,https://docs.google.com/spreadsheets/d/1l-FgF1TiEp2oVGihLZlb2SHJTB6mioEcuB6hxGDGbzw/edit#gid=12121589&range=P26:Q26
S4,3,SPICY,3rd,3,6,5,11,1,,,3,NUMERIC_PAIR,L,26,V26:W26,U26,X26:Z26,https://docs.google.com/spreadsheets/d/1l-FgF1TiEp2oVGihLZlb2SHJTB6mioEcuB6hxGDGbzw/edit#gid=12121589&range=V26:W26
S4,3,EMPZURG,4th,1,3,6,9,,1,,0,NUMERIC_PAIR,L,28,J28:K28,I28,L28:N28,https://docs.google.com/spreadsheets/d/1l-FgF1TiEp2oVGihLZlb2SHJTB6mioEcuB6hxGDGbzw/edit#gid=12121589&range=J28:K28
S4,3,EMPZURG,4th,2,5,4,9,,1,,0,NUMERIC_PAIR,L,28,P28:Q28,O28,R28:T28,https://docs.google.com/spreadsheets/d/1l-FgF1TiEp2oVGihLZlb2SHJTB6mioEcuB6hxGDGbzw/edit#gid=12121589&range=P28:Q28
S4,3,EMPZURG,4th,3,3,6,9,,1,,0,NUMERIC_PAIR,L,28,V28:W28,U28,X28:Z28,https://docs.google.com/spreadsheets/d/1l-FgF1TiEp2oVGihLZlb2SHJTB6mioEcuB6hxGDGbzw/edit#gid=12121589&range=V28:W28
S4,4,MAMMOTHREPT,1st,1,5,2,7,,1,,6,NUMERIC_PAIR,L,32,J32:K32,I32,L32:N32,https://docs.google.com/spreadsheets/d/1l-FgF1TiEp2oVGihLZlb2SHJTB6mioEcuB6hxGDGbzw/edit#gid=12121589&range=J32:K32
S4,4,MAMMOTHREPT,1st,2,10,11,21,1,,,6,NUMERIC_PAIR,L,32,P32:Q32,O32,R32:T32,https://docs.google.com/spreadsheets/d/1l-FgF1TiEp2oVGihLZlb2SHJTB6mioEcuB6hxGDGbzw/edit#gid=12121589&range=P32:Q32
S4,4,MAMMOTHREPT,1st,3,7,3,10,1,,,6,NUMERIC_PAIR,L,32,V32:W32,U32,X32:Z32,https://docs.google.com/spreadsheets/d/1l-FgF1TiEp2oVGihLZlb2SHJTB6mioEcuB6hxGDGbzw/edit#gid=12121589&range=V32:W32
S4,4,L7JAZZ,2nd,1,6,12,18,1,,,6,NUMERIC_PAIR,L,33,J33:K33,I33,L33:N33,https://docs.google.com/spreadsheets/d/1l-FgF1TiEp2oVGihLZlb2SHJTB6mioEcuB6hxGDGbzw/edit#gid=12121589&range=J33:K33
S4,4,L7JAZZ,2nd,2,7,7,14,1,,,6,NUMERIC_PAIR,L,33,P33:Q33,O33,R33:T33,https://docs.google.com/spreadsheets/d/1l-FgF1TiEp2oVGihLZlb2SHJTB6mioEcuB6hxGDGbzw/edit#gid=12121589&range=P33:Q33
S4,4,L7JAZZ,2nd,3,0,0,0,,,,6,NUMERIC_PAIR,L,33,V33:W33,U33,X33:Z33,https://docs.google.com/spreadsheets/d/1l-FgF1TiEp2oVGihLZlb2SHJTB6mioEcuB6hxGDGbzw/edit#gid=12121589&range=V33:W33
S4,4,SHOOTER_MCGAVIN,3rd,1,8,11,19,1,,,3,NUMERIC_PAIR,L,34,J34:K34,I34,L34:N34,https://docs.google.com/spreadsheets/d/1l-FgF1TiEp2oVGihLZlb2SHJTB6mioEcuB6hxGDGbzw/edit#gid=12121589&range=J34:K34
S4,4,SHOOTER_MCGAVIN,3rd,2,5,6,11,,1,,3,NUMERIC_PAIR,L,34,P34:Q34,O34,R34:T34,https://docs.google.com/spreadsheets/d/1l-FgF1TiEp2oVGihLZlb2SHJTB6mioEcuB6hxGDGbzw/edit#gid=12121589&range=P34:Q34
S4,4,SHOOTER_MCGAVIN,3rd,3,3,5,8,,1,,3,NUMERIC_PAIR,L,34,V34:W34,U34,X34:Z34,https://docs.google.com/spreadsheets/d/1l-FgF1TiEp2oVGihLZlb2SHJTB6mioEcuB6hxGDGbzw/edit#gid=12121589&range=V34:W34
S4,4,SJ,4th,1,3,2,5,,1,,0,NUMERIC_PAIR,L,35,J35:K35,I35,L35:N35,https://docs.google.com/spreadsheets/d/1l-FgF1TiEp2oVGihLZlb2SHJTB6mioEcuB6hxGDGbzw/edit#gid=12121589&range=J35:K35
S4,4,SJ,4th,2,4,3,7,,1,,0,NUMERIC_PAIR,L,35,P35:Q35,O35,R35:T35,https://docs.google.com/spreadsheets/d/1l-FgF1TiEp2oVGihLZlb2SHJTB6mioEcuB6hxGDGbzw/edit#gid=12121589&range=P35:Q35
S4,4,SJ,4th,3,0,0,0,,,,0,NUMERIC_PAIR,L,35,V35:W35,U35,X35:Z35,https://docs.google.com/spreadsheets/d/1l-FgF1TiEp2oVGihLZlb2SHJTB6mioEcuB6hxGDGbzw/edit#gid=12121589&range=V35:W35
S4,5,EVILARVE,1st,1,0,0,0,,,,0,NUMERIC_PAIR,L,39,J39:K39,I39,L39:N39,https://docs.google.com/spreadsheets/d/1l-FgF1TiEp2oVGihLZlb2SHJTB6mioEcuB6hxGDGbzw/edit#gid=12121589&range=J39:K39
S4,5,EVILARVE,1st,2,0,0,0,,,,0,NUMERIC_PAIR,L,39,P39:Q39,O39,R39:T39,https://docs.google.com/spreadsheets/d/1l-FgF1TiEp2oVGihLZlb2SHJTB6mioEcuB6hxGDGbzw/edit#gid=12121589&range=P39:Q39
S4,5,EVILARVE,1st,3,0,0,0,,,,0,NUMERIC_PAIR,L,39,V39:W39,U39,X39:Z39,https://docs.google.com/spreadsheets/d/1l-FgF1TiEp2oVGihLZlb2SHJTB6mioEcuB6hxGDGbzw/edit#gid=12121589&range=V39:W39
S4,5,CATHY,2nd,1,0,0,0,,,,0,NUMERIC_PAIR,L,40,J40:K40,I40,L40:N40,https://docs.google.com/spreadsheets/d/1l-FgF1TiEp2oVGihLZlb2SHJTB6mioEcuB6hxGDGbzw/edit#gid=12121589&range=J40:K40
S4,5,CATHY,2nd,2,0,0,0,,,,0,NUMERIC_PAIR,L,40,P40:Q40,O40,R40:T40,https://docs.google.com/spreadsheets/d/1l-FgF1TiEp2oVGihLZlb2SHJTB6mioEcuB6hxGDGbzw/edit#gid=12121589&range=P40:Q40
S4,5,CATHY,2nd,3,0,0,0,,,,0,NUMERIC_PAIR,L,40,V40:W40,U40,X40:Z40,https://docs.google.com/spreadsheets/d/1l-FgF1TiEp2oVGihLZlb2SHJTB6mioEcuB6hxGDGbzw/edit#gid=12121589&range=V40:W40
S4,5,SKEETER,3rd,1,0,0,0,,,,0,NUMERIC_PAIR,L,41,J41:K41,I41,L41:N41,https://docs.google.com/spreadsheets/d/1l-FgF1TiEp2oVGihLZlb2SHJTB6mioEcuB6hxGDGbzw/edit#gid=12121589&range=J41:K41
S4,5,SKEETER,3rd,2,0,0,0,,,,0,NUMERIC_PAIR,L,41,P41:Q41,O41,R41:T41,https://docs.google.com/spreadsheets/d/1l-FgF1TiEp2oVGihLZlb2SHJTB6mioEcuB6hxGDGbzw/edit#gid=12121589&range=P41:Q41
S4,5,SKEETER,3rd,3,0,0,0,,,,0,NUMERIC_PAIR,L,41,V41:W41,U41,X41:Z41,https://docs.google.com/spreadsheets/d/1l-FgF1TiEp2oVGihLZlb2SHJTB6mioEcuB6hxGDGbzw/edit#gid=12121589&range=V41:W41
S4,6,FRYLOCK,1st,1,4,9,13,1,,,6,NUMERIC_PAIR,L,46,J46:K46,I46,L46:N46,https://docs.google.com/spreadsheets/d/1l-FgF1TiEp2oVGihLZlb2SHJTB6mioEcuB6hxGDGbzw/edit#gid=12121589&range=J46:K46
S4,6,FRYLOCK,1st,2,--,--,0,,,,6,UNPLAYED_DASH,L,46,P46:Q46,O46,R46:T46,https://docs.google.com/spreadsheets/d/1l-FgF1TiEp2oVGihLZlb2SHJTB6mioEcuB6hxGDGbzw/edit#gid=12121589&range=P46:Q46
S4,6,FRYLOCK,1st,3,6,6,12,1,,,6,NUMERIC_PAIR,L,46,V46:W46,U46,X46:Z46,https://docs.google.com/spreadsheets/d/1l-FgF1TiEp2oVGihLZlb2SHJTB6mioEcuB6hxGDGbzw/edit#gid=12121589&range=V46:W46
S4,6,MUSICAL_ATV,3rd,1,7,4,11,,1,,0,NUMERIC_PAIR,L,47,J47:K47,I47,L47:N47,https://docs.google.com/spreadsheets/d/1l-FgF1TiEp2oVGihLZlb2SHJTB6mioEcuB6hxGDGbzw/edit#gid=12121589&range=J47:K47
S4,6,MUSICAL_ATV,3rd,2,4,5,9,,1,,0,NUMERIC_PAIR,L,47,P47:Q47,O47,R47:T47,https://docs.google.com/spreadsheets/d/1l-FgF1TiEp2oVGihLZlb2SHJTB6mioEcuB6hxGDGbzw/edit#gid=12121589&range=P47:Q47
S4,6,MUSICAL_ATV,3rd,3,--,--,0,,,,0,UNPLAYED_DASH,L,47,V47:W47,U47,X47:Z47,https://docs.google.com/spreadsheets/d/1l-FgF1TiEp2oVGihLZlb2SHJTB6mioEcuB6hxGDGbzw/edit#gid=12121589&range=V47:W47
S4,6,RAY-OF-SUNSHINE,3rd,1,--,--,0,,,,3,UNPLAYED_DASH,R,47,AK47:AL47,AJ47,AM47:AO47,https://docs.google.com/spreadsheets/d/1l-FgF1TiEp2oVGihLZlb2SHJTB6mioEcuB6hxGDGbzw/edit#gid=12121589&range=AK47:AL47
S4,6,RAY-OF-SUNSHINE,3rd,2,8,5,13,1,,,3,NUMERIC_PAIR,R,47,AQ47:AR47,AP47,AS47:AU47,https://docs.google.com/spreadsheets/d/1l-FgF1TiEp2oVGihLZlb2SHJTB6mioEcuB6hxGDGbzw/edit#gid=12121589&range=AQ47:AR47
S4,6,RAY-OF-SUNSHINE,3rd,3,7,4,11,,1,,3,NUMERIC_PAIR,R,47,AW47:AX47,AV47,AY47:BA47,https://docs.google.com/spreadsheets/d/1l-FgF1TiEp2oVGihLZlb2SHJTB6mioEcuB6hxGDGbzw/edit#gid=12121589&range=AW47:AX47
s5,1,MULLIGAN,2nd,1,3,6,9,1,,,3,NUMERIC_PAIR,L,11,J11:K11,I11,L11:N11,https://docs.google.com/spreadsheets/d/1l-FgF1TiEp2oVGihLZlb2SHJTB6mioEcuB6hxGDGbzw/edit#gid=663651584&range=J11:K11
s5,1,MULLIGAN,2nd,2,5,1,6,,1,,3,NUMERIC_PAIR,L,11,P11:Q11,O11,R11:T11,https://docs.google.com/spreadsheets/d/1l-FgF1TiEp2oVGihLZlb2SHJTB6mioEcuB6hxGDGbzw/edit#gid=663651584&range=P11:Q11
s5,1,MULLIGAN,2nd,3,---,---,0,,,,3,UNPLAYED_DASH,L,11,V11:W11,U11,X11:Z11,https://docs.google.com/spreadsheets/d/1l-FgF1TiEp2oVGihLZlb2SHJTB6mioEcuB6hxGDGbzw/edit#gid=663651584&range=V11:W11
s5,1,SLAPPY,4th,1,---,---,0,,,,3,UNPLAYED_DASH,R,11,AK11:AL11,AJ11,AM11:AO11,https://docs.google.com/spreadsheets/d/1l-FgF1TiEp2oVGihLZlb2SHJTB6mioEcuB6hxGDGbzw/edit#gid=663651584&range=AK11:AL11
s5,1,SLAPPY,4th,2,6,11,17,1,,,3,NUMERIC_PAIR,R,11,AQ11:AR11,AP11,AS11:AU11,https://docs.google.com/spreadsheets/d/1l-FgF1TiEp2oVGihLZlb2SHJTB6mioEcuB6hxGDGbzw/edit#gid=663651584&range=AQ11:AR11
s5,1,SLAPPY,4th,3,---,---,0,,,,3,UNPLAYED_DASH,R,11,AW11:AX11,AV11,AY11:BA11,https://docs.google.com/spreadsheets/d/1l-FgF1TiEp2oVGihLZlb2SHJTB6mioEcuB6hxGDGbzw/edit#gid=663651584&range=AW11:AX11
s5,1,BIGJA,3rd,1,4,3,7,,1,,1,NUMERIC_PAIR,L,12,J12:K12,I12,L12:N12,https://docs.google.com/spreadsheets/d/1l-FgF1TiEp2oVGihLZlb2SHJTB6mioEcuB6hxGDGbzw/edit#gid=663651584&range=J12:K12
s5,1,BIGJA,3rd,2,5,2,7,,,1,1,NUMERIC_PAIR,L,12,P12:Q12,O12,R12:T12,https://docs.google.com/spreadsheets/d/1l-FgF1TiEp2oVGihLZlb2SHJTB6mioEcuB6hxGDGbzw/edit#gid=663651584&range=P12:Q12
s5,1,BIGJA,3rd,3,---,---,0,,,,1,UNPLAYED_DASH,L,12,V12:W12,U12,X12:Z12,https://docs.google.com/spreadsheets/d/1l-FgF1TiEp2oVGihLZlb2SHJTB6mioEcuB6hxGDGbzw/edit#gid=663651584&range=V12:W12
s5,1,MAXIMUS,4th,1,---,---,0,,,,1,UNPLAYED_DASH,L,13,J13:K13,I13,L13:N13,https://docs.google.com/spreadsheets/d/1l-FgF1TiEp2oVGihLZlb2SHJTB6mioEcuB6hxGDGbzw/edit#gid=663651584&range=J13:K13
s5,1,MAXIMUS,4th,2,1,6,7,,,1,1,NUMERIC_PAIR,L,13,P13:Q13,O13,R13:T13,https://docs.google.com/spreadsheets/d/1l-FgF1TiEp2oVGihLZlb2SHJTB6mioEcuB6hxGDGbzw/edit#gid=663651584&range=P13:Q13
s5,1,MAXIMUS,4th,3,---,---,0,,,,1,UNPLAYED_DASH,L,13,V13:W13,U13,X13:Z13,https://docs.google.com/spreadsheets/d/1l-FgF1TiEp2oVGihLZlb2SHJTB6mioEcuB6hxGDGbzw/edit#gid=663651584&range=V13:W13
s5,2,YODA,2nd,1,5,8,13,1,,,3,NUMERIC_PAIR,L,18,J18:K18,I18,L18:N18,https://docs.google.com/spreadsheets/d/1l-FgF1TiEp2oVGihLZlb2SHJTB6mioEcuB6hxGDGbzw/edit#gid=663651584&range=J18:K18
s5,2,YODA,2nd,2,6,4,10,,1,,3,NUMERIC_PAIR,L,18,P18:Q18,O18,R18:T18,https://docs.google.com/spreadsheets/d/1l-FgF1TiEp2oVGihLZlb2SHJTB6mioEcuB6hxGDGbzw/edit#gid=663651584&range=P18:Q18
s5,2,YODA,2nd,3,2,6,8,,1,,3,NUMERIC_PAIR,L,18,V18:W18,U18,X18:Z18,https://docs.google.com/spreadsheets/d/1l-FgF1TiEp2oVGihLZlb2SHJTB6mioEcuB6hxGDGbzw/edit#gid=663651584&range=V18:W18
s5,2,DERBY_DAZ,3rd,1,6,7,13,1,,,9,NUMERIC_PAIR,R,18,AK18:AL18,AJ18,AM18:AO18,https://docs.google.com/spreadsheets/d/1l-FgF1TiEp2oVGihLZlb2SHJTB6mioEcuB6hxGDGbzw/edit#gid=663651584&range=AK18:AL18
s5,2,DERBY_DAZ,3rd,2,7,6,13,1,,,9,NUMERIC_PAIR,R,18,AQ18:AR18,AP18,AS18:AU18,https://docs.google.com/spreadsheets/d/1l-FgF1TiEp2oVGihLZlb2SHJTB6mioEcuB6hxGDGbzw/edit#gid=663651584&range=AQ18:AR18
s5,2,DERBY_DAZ,3rd,3,9,8,17,1,,,9,NUMERIC_PAIR,R,18,AW18:AX18,AV18,AY18:BA18,https://docs.google.com/spreadsheets/d/1l-FgF1TiEp2oVGihLZlb2SHJTB6mioEcuB6hxGDGbzw/edit#gid=663651584&range=AW18:AX18
s5,2,CHIPNPUTT,3rd,1,5,2,7,,1,,3,NUMERIC_PAIR,L,19,J19:K19,I19,L19:N19,https://docs.google.com/spreadsheets/d/1l-FgF1TiEp2oVGihLZlb2SHJTB6mioEcuB6hxGDGbzw/edit#gid=663651584&range=J19:K19
s5,2,CHIPNPUTT,3rd,2,3,5,8,,1,,3,NUMERIC_PAIR,L,19,P19:Q19,O19,R19:T19,https://docs.google.com/spreadsheets/d/1l-FgF1TiEp2oVGihLZlb2SHJTB6mioEcuB6hxGDGbzw/edit#gid=663651584&range=P19:Q19
s5,2,CHIPNPUTT,3rd,3,7,7,14,1,,,3,NUMERIC_PAIR,L,19,V19:W19,U19,X19:Z19,https://docs.google.com/spreadsheets/d/1l-FgF1TiEp2oVGihLZlb2SHJTB6mioEcuB6hxGDGbzw/edit#gid=663651584&range=V19:W19
s5,2,SPICY,4th,1,6,0,6,,1,,3,NUMERIC_PAIR,L,21,J21:K21,I21,L21:N21,https://docs.google.com/spreadsheets/d/1l-FgF1TiEp2oVGihLZlb2SHJTB6mioEcuB6hxGDGbzw/edit#gid=663651584&range=J21:K21
s5,2,SPICY,4th,2,3,8,11,1,,,3,NUMERIC_PAIR,L,21,P21:Q21,O21,R21:T21,https://docs.google.com/spreadsheets/d/1l-FgF1TiEp2oVGihLZlb2SHJTB6mioEcuB6hxGDGbzw/edit#gid=663651584&range=P21:Q21
s5,2,SPICY,4th,3,5,5,10,,1,,3,NUMERIC_PAIR,L,21,V21:W21,U21,X21:Z21,https://docs.google.com/spreadsheets/d/1l-FgF1TiEp2oVGihLZlb2SHJTB6mioEcuB6hxGDGbzw/edit#gid=663651584&range=V21:W21
s5,3,EMPZURG,3rd,1,3,5,8,,1,,0,NUMERIC_PAIR,L,25,J25:K25,I25,L25:N25,https://docs.google.com/spreadsheets/d/1l-FgF1TiEp2oVGihLZlb2SHJTB6mioEcuB6hxGDGbzw/edit#gid=663651584&range=J25:K25
s5,3,EMPZURG,3rd,2,6,5,11,,1,,0,NUMERIC_PAIR,L,25,P25:Q25,O25,R25:T25,https://docs.google.com/spreadsheets/d/1l-FgF1TiEp2oVGihLZlb2SHJTB6mioEcuB6hxGDGbzw/edit#gid=663651584&range=P25:Q25
s5,3,EMPZURG,3rd,3,---,---,0,,,,0,UNPLAYED_DASH,L,25,V25:W25,U25,X25:Z25,https://docs.google.com/spreadsheets/d/1l-FgF1TiEp2oVGihLZlb2SHJTB6mioEcuB6hxGDGbzw/edit#gid=663651584&range=V25:W25
s5,3,SHOOTER_MCGAVIN,4th,1,---,---,0,,,,6,UNPLAYED_DASH,R,25,AK25:AL25,AJ25,AM25:AO25,https://docs.google.com/spreadsheets/d/1l-FgF1TiEp2oVGihLZlb2SHJTB6mioEcuB6hxGDGbzw/edit#gid=663651584&range=AK25:AL25
s5,3,SHOOTER_MCGAVIN,4th,2,7,9,16,1,,,6,NUMERIC_PAIR,R,25,AQ25:AR25,AP25,AS25:AU25,https://docs.google.com/spreadsheets/d/1l-FgF1TiEp2oVGihLZlb2SHJTB6mioEcuB6hxGDGbzw/edit#gid=663651584&range=AQ25:AR25
s5,3,SHOOTER_MCGAVIN,4th,3,5,9,14,1,,,6,NUMERIC_PAIR,R,25,AW25:AX25,AV25,AY25:BA25,https://docs.google.com/spreadsheets/d/1l-FgF1TiEp2oVGihLZlb2SHJTB6mioEcuB6hxGDGbzw/edit#gid=663651584&range=AW25:AX25
s5,3,MAMMOTHREPT,2nd,1,6,7,13,1,,,3,NUMERIC_PAIR,L,26,J26:K26,I26,L26:N26,https://docs.google.com/spreadsheets/d/1l-FgF1TiEp2oVGihLZlb2SHJTB6mioEcuB6hxGDGbzw/edit#gid=663651584&range=J26:K26
s5,3,MAMMOTHREPT,2nd,2,---,---,0,,,,3,UNPLAYED_DASH,L,26,P26:Q26,O26,R26:T26,https://docs.google.com/spreadsheets/d/1l-FgF1TiEp2oVGihLZlb2SHJTB6mioEcuB6hxGDGbzw/edit#gid=663651584&range=P26:Q26
s5,3,MAMMOTHREPT,2nd,3,8,2,10,,1,,3,NUMERIC_PAIR,L,26,V26:W26,U26,X26:Z26,https://docs.google.com/spreadsheets/d/1l-FgF1TiEp2oVGihLZlb2SHJTB6mioEcuB6hxGDGbzw/edit#gid=663651584&range=V26:W26
s5,4,SJ,1st,1,---,---,0,,,,3,UNPLAYED_DASH,L,32,J32:K32,I32,L32:N32,https://docs.google.com/spreadsheets/d/1l-FgF1TiEp2oVGihLZlb2SHJTB6mioEcuB6hxGDGbzw/edit#gid=663651584&range=J32:K32
s5,4,SJ,1st,2,5,11,16,1,,,3,NUMERIC_PAIR,L,32,P32:Q32,O32,R32:T32,https://docs.google.com/spreadsheets/d/1l-FgF1TiEp2oVGihLZlb2SHJTB6mioEcuB6hxGDGbzw/edit#gid=663651584&range=P32:Q32
s5,4,SJ,1st,3,---,---,0,,,,3,UNPLAYED_DASH,L,32,V32:W32,U32,X32:Z32,https://docs.google.com/spreadsheets/d/1l-FgF1TiEp2oVGihLZlb2SHJTB6mioEcuB6hxGDGbzw/edit#gid=663651584&range=V32:W32
s5,4,EVILARVE,3rd,1,---,---,0,,,,0,UNPLAYED_DASH,L,33,J33:K33,I33,L33:N33,https://docs.google.com/spreadsheets/d/1l-FgF1TiEp2oVGihLZlb2SHJTB6mioEcuB6hxGDGbzw/edit#gid=663651584&range=J33:K33
s5,4,EVILARVE,3rd,2,---,---,0,,,,0,UNPLAYED_DASH,L,33,P33:Q33,O33,R33:T33,https://docs.google.com/spreadsheets/d/1l-FgF1TiEp2oVGihLZlb2SHJTB6mioEcuB6hxGDGbzw/edit#gid=663651584&range=P33:Q33
s5,4,EVILARVE,3rd,3,0,0,0,,,,0,NUMERIC_PAIR,L,33,V33:W33,U33,X33:Z33,https://docs.google.com/spreadsheets/d/1l-FgF1TiEp2oVGihLZlb2SHJTB6mioEcuB6hxGDGbzw/edit#gid=663651584&range=V33:W33
s5,4,FRYLOCK,4th,1,---,---,0,,,,0,UNPLAYED_DASH,R,33,AK33:AL33,AJ33,AM33:AO33,https://docs.google.com/spreadsheets/d/1l-FgF1TiEp2oVGihLZlb2SHJTB6mioEcuB6hxGDGbzw/edit#gid=663651584&range=AK33:AL33
s5,4,FRYLOCK,4th,2,7,3,10,,1,,0,NUMERIC_PAIR,R,33,AQ33:AR33,AP33,AS33:AU33,https://docs.google.com/spreadsheets/d/1l-FgF1TiEp2oVGihLZlb2SHJTB6mioEcuB6hxGDGbzw/edit#gid=663651584&range=AQ33:AR33
s5,4,FRYLOCK,4th,3,0,0,0,,,,0,NUMERIC_PAIR,R,33,AW33:AX33,AV33,AY33:BA33,https://docs.google.com/spreadsheets/d/1l-FgF1TiEp2oVGihLZlb2SHJTB6mioEcuB6hxGDGbzw/edit#gid=663651584&range=AW33:AX33
s5,4,SKEETER,4th,1,---,---,0,,,,0,UNPLAYED_DASH,L,34,J34:K34,I34,L34:N34,https://docs.google.com/spreadsheets/d/1l-FgF1TiEp2oVGihLZlb2SHJTB6mioEcuB6hxGDGbzw/edit#gid=663651584&range=J34:K34
s5,4,SKEETER,4th,2,---,---,0,,,,0,UNPLAYED_DASH,L,34,P34:Q34,O34,R34:T34,https://docs.google.com/spreadsheets/d/1l-FgF1TiEp2oVGihLZlb2SHJTB6mioEcuB6hxGDGbzw/edit#gid=663651584&range=P34:Q34
s5,4,SKEETER,4th,3,---,---,0,,,,0,UNPLAYED_DASH,L,34,V34:W34,U34,X34:Z34,https://docs.google.com/spreadsheets/d/1l-FgF1TiEp2oVGihLZlb2SHJTB6mioEcuB6hxGDGbzw/edit#gid=663651584&range=V34:W34
s5,5,RAY-OF-SUNSHINE,2nd,1,9,10,19,1,,,3,NUMERIC_PAIR,L,39,J39:K39,I39,L39:N39,https://docs.google.com/spreadsheets/d/1l-FgF1TiEp2oVGihLZlb2SHJTB6mioEcuB6hxGDGbzw/edit#gid=663651584&range=J39:K39
s5,5,RAY-OF-SUNSHINE,2nd,2,---,---,0,,,,3,UNPLAYED_DASH,L,39,P39:Q39,O39,R39:T39,https://docs.google.com/spreadsheets/d/1l-FgF1TiEp2oVGihLZlb2SHJTB6mioEcuB6hxGDGbzw/edit#gid=663651584&range=P39:Q39
s5,5,RAY-OF-SUNSHINE,2nd,3,7,5,12,,1,,3,NUMERIC_PAIR,L,39,V39:W39,U39,X39:Z39,https://docs.google.com/spreadsheets/d/1l-FgF1TiEp2oVGihLZlb2SHJTB6mioEcuB6hxGDGbzw/edit#gid=663651584&range=V39:W39
s5,5,WILMA_FINGERDOO,3rd,1,---,---,0,,,,6,UNPLAYED_DASH,R,39,AK39:AL39,AJ39,AM39:AO39,https://docs.google.com/spreadsheets/d/1l-FgF1TiEp2oVGihLZlb2SHJTB6mioEcuB6hxGDGbzw/edit#gid=663651584&range=AK39:AL39
s5,5,WILMA_FINGERDOO,3rd,2,3,8,11,1,,,6,NUMERIC_PAIR,R,39,AQ39:AR39,AP39,AS39:AU39,https://docs.google.com/spreadsheets/d/1l-FgF1TiEp2oVGihLZlb2SHJTB6mioEcuB6hxGDGbzw/edit#gid=663651584&range=AQ39:AR39
s5,5,WILMA_FINGERDOO,3rd,3,3,10,13,1,,,6,NUMERIC_PAIR,R,39,AW39:AX39,AV39,AY39:BA39,https://docs.google.com/spreadsheets/d/1l-FgF1TiEp2oVGihLZlb2SHJTB6mioEcuB6hxGDGbzw/edit#gid=663651584&range=AW39:AX39
s5,5,MUSICAL_ATV,3rd,1,2,2,4,,1,,0,NUMERIC_PAIR,L,40,J40:K40,I40,L40:N40,https://docs.google.com/spreadsheets/d/1l-FgF1TiEp2oVGihLZlb2SHJTB6mioEcuB6hxGDGbzw/edit#gid=663651584&range=J40:K40
s5,5,MUSICAL_ATV,3rd,2,6,2,8,,1,,0,NUMERIC_PAIR,L,40,P40:Q40,O40,R40:T40,https://docs.google.com/spreadsheets/d/1l-FgF1TiEp2oVGihLZlb2SHJTB6mioEcuB6hxGDGbzw/edit#gid=663651584&range=P40:Q40
s5,5,MUSICAL_ATV,3rd,3,---,---,0,,,,0,UNPLAYED_DASH,L,40,V40:W40,U40,X40:Z40,https://docs.google.com/spreadsheets/d/1l-FgF1TiEp2oVGihLZlb2SHJTB6mioEcuB6hxGDGbzw/edit#gid=663651584&range=V40:W40
s5,6,DARLAVA,1st,1,7,5,12,1,,,6,NUMERIC_PAIR,L,46,J46:K46,I46,L46:N46,https://docs.google.com/spreadsheets/d/1l-FgF1TiEp2oVGihLZlb2SHJTB6mioEcuB6hxGDGbzw/edit#gid=663651584&range=J46:K46
s5,6,DARLAVA,1st,2,---,---,0,,,,6,UNPLAYED_DASH,L,46,P46:Q46,O46,R46:T46,https://docs.google.com/spreadsheets/d/1l-FgF1TiEp2oVGihLZlb2SHJTB6mioEcuB6hxGDGbzw/edit#gid=663651584&range=P46:Q46
s5,6,DARLAVA,1st,3,8,5,13,1,,,6,NUMERIC_PAIR,L,46,V46:W46,U46,X46:Z46,https://docs.google.com/spreadsheets/d/1l-FgF1TiEp2oVGihLZlb2SHJTB6mioEcuB6hxGDGbzw/edit#gid=663651584&range=V46:W46
s5,6,KYLE,3rd,1,2,9,11,,1,,0,NUMERIC_PAIR,L,47,J47:K47,I47,L47:N47,https://docs.google.com/spreadsheets/d/1l-FgF1TiEp2oVGihLZlb2SHJTB6mioEcuB6hxGDGbzw/edit#gid=663651584&range=J47:K47
s5,6,KYLE,3rd,2,3,3,6,,1,,0,NUMERIC_PAIR,L,47,P47:Q47,O47,R47:T47,https://docs.google.com/spreadsheets/d/1l-FgF1TiEp2oVGihLZlb2SHJTB6mioEcuB6hxGDGbzw/edit#gid=663651584&range=P47:Q47
s5,6,KYLE,3rd,3,---,---,0,,,,0,UNPLAYED_DASH,L,47,V47:W47,U47,X47:Z47,https://docs.google.com/spreadsheets/d/1l-FgF1TiEp2oVGihLZlb2SHJTB6mioEcuB6hxGDGbzw/edit#gid=663651584&range=V47:W47
s5,6,SANDTRAP,3rd,1,---,---,0,,,,3,UNPLAYED_DASH,R,47,AK47:AL47,AJ47,AM47:AO47,https://docs.google.com/spreadsheets/d/1l-FgF1TiEp2oVGihLZlb2SHJTB6mioEcuB6hxGDGbzw/edit#gid=663651584&range=AK47:AL47
s5,6,SANDTRAP,3rd,2,8,14,22,1,,,3,NUMERIC_PAIR,R,47,AQ47:AR47,AP47,AS47:AU47,https://docs.google.com/spreadsheets/d/1l-FgF1TiEp2oVGihLZlb2SHJTB6mioEcuB6hxGDGbzw/edit#gid=663651584&range=AQ47:AR47
s5,6,SANDTRAP,3rd,3,5,7,12,,1,,3,NUMERIC_PAIR,R,47,AW47:AX47,AV47,AY47:BA47,https://docs.google.com/spreadsheets/d/1l-FgF1TiEp2oVGihLZlb2SHJTB6mioEcuB6hxGDGbzw/edit#gid=663651584&range=AW47:AX47
S6,1,MULLIGAN,4th,1,1,6,7,,1,,0,NUMERIC_PAIR,L,4,J4:K4,I4,L4:N4,https://docs.google.com/spreadsheets/d/1l-FgF1TiEp2oVGihLZlb2SHJTB6mioEcuB6hxGDGbzw/edit#gid=606543101&range=J4:K4
S6,1,MULLIGAN,4th,2,---,---,0,,,,0,UNPLAYED_DASH,L,4,P4:Q4,O4,R4:T4,https://docs.google.com/spreadsheets/d/1l-FgF1TiEp2oVGihLZlb2SHJTB6mioEcuB6hxGDGbzw/edit#gid=606543101&range=P4:Q4
S6,1,MULLIGAN,4th,3,---,---,0,,,,0,UNPLAYED_DASH,L,4,V4:W4,U4,X4:Z4,https://docs.google.com/spreadsheets/d/1l-FgF1TiEp2oVGihLZlb2SHJTB6mioEcuB6hxGDGbzw/edit#gid=606543101&range=V4:W4
S6,1,BIGJA,2nd,1,4,6,10,1,,,7,NUMERIC_PAIR,R,4,AK4:AL4,AJ4,AM4:AO4,https://docs.google.com/spreadsheets/d/1l-FgF1TiEp2oVGihLZlb2SHJTB6mioEcuB6hxGDGbzw/edit#gid=606543101&range=AK4:AL4
S6,1,BIGJA,2nd,2,6,4,10,,,1,7,NUMERIC_PAIR,R,4,AQ4:AR4,AP4,AS4:AU4,https://docs.google.com/spreadsheets/d/1l-FgF1TiEp2oVGihLZlb2SHJTB6mioEcuB6hxGDGbzw/edit#gid=606543101&range=AQ4:AR4
S6,1,BIGJA,2nd,3,5,7,12,1,,,7,NUMERIC_PAIR,R,4,AW4:AX4,AV4,AY4:BA4,https://docs.google.com/spreadsheets/d/1l-FgF1TiEp2oVGihLZlb2SHJTB6mioEcuB6hxGDGbzw/edit#gid=606543101&range=AW4:AX4
S6,1,DERBY_DAZ,3rd,1,5,6,11,1,,,4,NUMERIC_PAIR,R,5,AK5:AL5,AJ5,AM5:AO5,https://docs.google.com/spreadsheets/d/1l-FgF1TiEp2oVGihLZlb2SHJTB6mioEcuB6hxGDGbzw/edit#gid=606543101&range=AK5:AL5
S6,1,DERBY_DAZ,3rd,2,5,5,10,,,1,4,NUMERIC_PAIR,R,5,AQ5:AR5,AP5,AS5:AU5,https://docs.google.com/spreadsheets/d/1l-FgF1TiEp2oVGihLZlb2SHJTB6mioEcuB6hxGDGbzw/edit#gid=606543101&range=AQ5:AR5
S6,1,DERBY_DAZ,3rd,3,---,---,0,,,,4,UNPLAYED_DASH,R,5,AW5:AX5,AV5,AY5:BA5,https://docs.google.com/spreadsheets/d/1l-FgF1TiEp2oVGihLZlb2SHJTB6mioEcuB6hxGDGbzw/edit#gid=606543101&range=AW5:AX5
S6,1,YODA,4th,1,3,3,6,,1,,0,NUMERIC_PAIR,R,6,AK6:AL6,AJ6,AM6:AO6,https://docs.google.com/spreadsheets/d/1l-FgF1TiEp2oVGihLZlb2SHJTB6mioEcuB6hxGDGbzw/edit#gid=606543101&range=AK6:AL6
S6,1,YODA,4th,2,---,---,0,,,,0,UNPLAYED_DASH,R,6,AQ6:AR6,AP6,AS6:AU6,https://docs.google.com/spreadsheets/d/1l-FgF1TiEp2oVGihLZlb2SHJTB6mioEcuB6hxGDGbzw/edit#gid=606543101&range=AQ6:AR6
S6,1,YODA,4th,3,5,2,7,,1,,0,NUMERIC_PAIR,R,6,AW6:AX6,AV6,AY6:BA6,https://docs.google.com/spreadsheets/d/1l-FgF1TiEp2oVGihLZlb2SHJTB6mioEcuB6hxGDGbzw/edit#gid=606543101&range=AW6:AX6
S6,2,CHIPNPUTT,4th,1,3,3,6,,1,,0,NUMERIC_PAIR,L,11,J11:K11,I11,L11:N11,https://docs.google.com/spreadsheets/d/1l-FgF1TiEp2oVGihLZlb2SHJTB6mioEcuB6hxGDGbzw/edit#gid=606543101&range=J11:K11
S6,2,CHIPNPUTT,4th,2,3,4,7,,1,,0,NUMERIC_PAIR,L,11,P11:Q11,O11,R11:T11,https://docs.google.com/spreadsheets/d/1l-FgF1TiEp2oVGihLZlb2SHJTB6mioEcuB6hxGDGbzw/edit#gid=606543101&range=P11:Q11
S6,2,CHIPNPUTT,4th,3,4,4,8,,1,,0,NUMERIC_PAIR,L,11,V11:W11,U11,X11:Z11,https://docs.google.com/spreadsheets/d/1l-FgF1TiEp2oVGihLZlb2SHJTB6mioEcuB6hxGDGbzw/edit#gid=606543101&range=V11:W11
S6,2,SPICY,2nd,1,10,5,15,1,,,9,NUMERIC_PAIR,R,11,AK11:AL11,AJ11,AM11:AO11,https://docs.google.com/spreadsheets/d/1l-FgF1TiEp2oVGihLZlb2SHJTB6mioEcuB6hxGDGbzw/edit#gid=606543101&range=AK11:AL11
S6,2,SPICY,2nd,2,3,6,9,1,,,9,NUMERIC_PAIR,R,11,AQ11:AR11,AP11,AS11:AU11,https://docs.google.com/spreadsheets/d/1l-FgF1TiEp2oVGihLZlb2SHJTB6mioEcuB6hxGDGbzw/edit#gid=606543101&range=AQ11:AR11
S6,2,SPICY,2nd,3,9,5,14,1,,,9,NUMERIC_PAIR,R,11,AW11:AX11,AV11,AY11:BA11,https://docs.google.com/spreadsheets/d/1l-FgF1TiEp2oVGihLZlb2SHJTB6mioEcuB6hxGDGbzw/edit#gid=606543101&range=AW11:AX11
S6,2,SHOOTER_MCGAVIN,3rd,1,4,7,11,1,,,6,NUMERIC_PAIR,R,12,AK12:AL12,AJ12,AM12:AO12,https://docs.google.com/spreadsheets/d/1l-FgF1TiEp2oVGihLZlb2SHJTB6mioEcuB6hxGDGbzw/edit#gid=606543101&range=AK12:AL12
S6,2,SHOOTER_MCGAVIN,3rd,2,4,4,8,,1,,6,NUMERIC_PAIR,R,12,AQ12:AR12,AP12,AS12:AU12,https://docs.google.com/spreadsheets/d/1l-FgF1TiEp2oVGihLZlb2SHJTB6mioEcuB6hxGDGbzw/edit#gid=606543101&range=AQ12:AR12
S6,2,SHOOTER_MCGAVIN,3rd,3,3,8,11,1,,,6,NUMERIC_PAIR,R,12,AW12:AX12,AV12,AY12:BA12,https://docs.google.com/spreadsheets/d/1l-FgF1TiEp2oVGihLZlb2SHJTB6mioEcuB6hxGDGbzw/edit#gid=606543101&range=AW12:AX12
S6,2,MAMMOTHREPT,4th,1,6,3,9,,1,,3,NUMERIC_PAIR,R,13,AK13:AL13,AJ13,AM13:AO13,https://docs.google.com/spreadsheets/d/1l-FgF1TiEp2oVGihLZlb2SHJTB6mioEcuB6hxGDGbzw/edit#gid=606543101&range=AK13:AL13
S6,2,MAMMOTHREPT,4th,2,3,5,8,1,,,3,NUMERIC_PAIR,R,13,AQ13:AR13,AP13,AS13:AU13,https://docs.google.com/spreadsheets/d/1l-FgF1TiEp2oVGihLZlb2SHJTB6mioEcuB6hxGDGbzw/edit#gid=606543101&range=AQ13:AR13
S6,2,MAMMOTHREPT,4th,3,3,4,7,,1,,3,NUMERIC_PAIR,R,13,AW13:AX13,AV13,AY13:BA13,https://docs.google.com/spreadsheets/d/1l-FgF1TiEp2oVGihLZlb2SHJTB6mioEcuB6hxGDGbzw/edit#gid=606543101&range=AW13:AX13
S6,3,SJ,1st,1,0,0,0,,,,3,NUMERIC_PAIR,L,18,J18:K18,I18,L18:N18,https://docs.google.com/spreadsheets/d/1l-FgF1TiEp2oVGihLZlb2SHJTB6mioEcuB6hxGDGbzw/edit#gid=606543101&range=J18:K18
S6,3,SJ,1st,2,5,8,13,1,,,3,NUMERIC_PAIR,L,18,P18:Q18,O18,R18:T18,https://docs.google.com/spreadsheets/d/1l-FgF1TiEp2oVGihLZlb2SHJTB6mioEcuB6hxGDGbzw/edit#gid=606543101&range=P18:Q18
S6,3,SJ,1st,3,0,0,0,,,,3,NUMERIC_PAIR,L,18,V18:W18,U18,X18:Z18,https://docs.google.com/spreadsheets/d/1l-FgF1TiEp2oVGihLZlb2SHJTB6mioEcuB6hxGDGbzw/edit#gid=606543101&range=V18:W18
S6,3,FRYLOCK,2nd,1,0,0,0,,,,0,NUMERIC_PAIR,L,19,J19:K19,I19,L19:N19,https://docs.google.com/spreadsheets/d/1l-FgF1TiEp2oVGihLZlb2SHJTB6mioEcuB6hxGDGbzw/edit#gid=606543101&range=J19:K19
S6,3,FRYLOCK,2nd,2,7,3,10,,1,,0,NUMERIC_PAIR,L,19,P19:Q19,O19,R19:T19,https://docs.google.com/spreadsheets/d/1l-FgF1TiEp2oVGihLZlb2SHJTB6mioEcuB6hxGDGbzw/edit#gid=606543101&range=P19:Q19
S6,3,FRYLOCK,2nd,3,0,0,0,,,,0,NUMERIC_PAIR,L,19,V19:W19,U19,X19:Z19,https://docs.google.com/spreadsheets/d/1l-FgF1TiEp2oVGihLZlb2SHJTB6mioEcuB6hxGDGbzw/edit#gid=606543101&range=V19:W19
S6,3,EVILARVAE,3rd,1,0,0,0,,,,0,NUMERIC_PAIR,L,20,J20:K20,I20,L20:N20,https://docs.google.com/spreadsheets/d/1l-FgF1TiEp2oVGihLZlb2SHJTB6mioEcuB6hxGDGbzw/edit#gid=606543101&range=J20:K20
S6,3,EVILARVAE,3rd,2,0,0,0,,,,0,NUMERIC_PAIR,L,20,P20:Q20,O20,R20:T20,https://docs.google.com/spreadsheets/d/1l-FgF1TiEp2oVGihLZlb2SHJTB6mioEcuB6hxGDGbzw/edit#gid=606543101&range=P20:Q20
S6,3,EVILARVAE,3rd,3,0,0,0,,,,0,NUMERIC_PAIR,L,20,V20:W20,U20,X20:Z20,https://docs.google.com/spreadsheets/d/1l-FgF1TiEp2oVGihLZlb2SHJTB6mioEcuB6hxGDGbzw/edit#gid=606543101&range=V20:W20
S6,3,SKEETER,4th,1,0,0,0,,,,0,NUMERIC_PAIR,L,21,J21:K21,I21,L21:N21,https://docs.google.com/spreadsheets/d/1l-FgF1TiEp2oVGihLZlb2SHJTB6mioEcuB6hxGDGbzw/edit#gid=606543101&range=J21:K21
S6,3,SKEETER,4th,2,0,0,0,,,,0,NUMERIC_PAIR,L,21,P21:Q21,O21,R21:T21,https://docs.google.com/spreadsheets/d/1l-FgF1TiEp2oVGihLZlb2SHJTB6mioEcuB6hxGDGbzw/edit#gid=606543101&range=P21:Q21
S6,3,SKEETER,4th,3,0,0,0,,,,0,NUMERIC_PAIR,L,21,V21:W21,U21,X21:Z21,https://docs.google.com/spreadsheets/d/1l-FgF1TiEp2oVGihLZlb2SHJTB6mioEcuB6hxGDGbzw/edit#gid=606543101&range=V21:W21
S6,4,WILMA_FINGERDOO,1st,1,4,3,7,1,,,6,NUMERIC_PAIR,L,25,J25:K25,I25,L25:N25,https://docs.google.com/spreadsheets/d/1l-FgF1TiEp2oVGihLZlb2SHJTB6mioEcuB6hxGDGbzw/edit#gid=606543101&range=J25:K25
S6,4,WILMA_FINGERDOO,1st,2,---,---,0,,,,6,UNPLAYED_DASH,L,25,P25:Q25,O25,R25:T25,https://docs.google.com/spreadsheets/d/1l-FgF1TiEp2oVGihLZlb2SHJTB6mioEcuB6hxGDGbzw/edit#gid=606543101&range=P25:Q25
S6,4,WILMA_FINGERDOO,1st,3,8,9,17,1,,,6,NUMERIC_PAIR,L,25,V25:W25,U25,X25:Z25,https://docs.google.com/spreadsheets/d/1l-FgF1TiEp2oVGihLZlb2SHJTB6mioEcuB6hxGDGbzw/edit#gid=606543101&range=V25:W25
S6,4,RAY-OF-SUNSHINE,2nd,1,4,2,6,,1,,3,NUMERIC_PAIR,L,26,J26:K26,I26,L26:N26,https://docs.google.com/spreadsheets/d/1l-FgF1TiEp2oVGihLZlb2SHJTB6mioEcuB6hxGDGbzw/edit#gid=606543101&range=J26:K26
S6,4,RAY-OF-SUNSHINE,2nd,2,2,9,11,1,,,3,NUMERIC_PAIR,L,26,P26:Q26,O26,R26:T26,https://docs.google.com/spreadsheets/d/1l-FgF1TiEp2oVGihLZlb2SHJTB6mioEcuB6hxGDGbzw/edit#gid=606543101&range=P26:Q26
S6,4,RAY-OF-SUNSHINE,2nd,3,---,---,0,,,,3,UNPLAYED_DASH,L,26,V26:W26,U26,X26:Z26,https://docs.google.com/spreadsheets/d/1l-FgF1TiEp2oVGihLZlb2SHJTB6mioEcuB6hxGDGbzw/edit#gid=606543101&range=V26:W26
S6,4,MUSICAL_ATV,3rd,1,---,---,0,,,,0,UNPLAYED_DASH,L,27,J27:K27,I27,L27:N27,https://docs.google.com/spreadsheets/d/1l-FgF1TiEp2oVGihLZlb2SHJTB6mioEcuB6hxGDGbzw/edit#gid=606543101&range=J27:K27
S6,4,MUSICAL_ATV,3rd,2,5,2,7,,1,,0,NUMERIC_PAIR,L,27,P27:Q27,O27,R27:T27,https://docs.google.com/spreadsheets/d/1l-FgF1TiEp2oVGihLZlb2SHJTB6mioEcuB6hxGDGbzw/edit#gid=606543101&range=P27:Q27
S6,4,MUSICAL_ATV,3rd,3,6,2,8,,1,,0,NUMERIC_PAIR,L,27,V27:W27,U27,X27:Z27,https://docs.google.com/spreadsheets/d/1l-FgF1TiEp2oVGihLZlb2SHJTB6mioEcuB6hxGDGbzw/edit#gid=606543101&range=V27:W27
S6,5,DARLAVA,2nd,1,6,3,9,,1,,0,NUMERIC_PAIR,L,32,J32:K32,I32,L32:N32,https://docs.google.com/spreadsheets/d/1l-FgF1TiEp2oVGihLZlb2SHJTB6mioEcuB6hxGDGbzw/edit#gid=606543101&range=J32:K32
S6,5,DARLAVA,2nd,2,---,---,0,,,,0,UNPLAYED_DASH,L,32,P32:Q32,O32,R32:T32,https://docs.google.com/spreadsheets/d/1l-FgF1TiEp2oVGihLZlb2SHJTB6mioEcuB6hxGDGbzw/edit#gid=606543101&range=P32:Q32
S6,5,DARLAVA,2nd,3,---,---,0,,,,0,UNPLAYED_DASH,L,32,V32:W32,U32,X32:Z32,https://docs.google.com/spreadsheets/d/1l-FgF1TiEp2oVGihLZlb2SHJTB6mioEcuB6hxGDGbzw/edit#gid=606543101&range=V32:W32
S6,5,SANDTRAP,2nd,1,7,5,12,1,,,3,NUMERIC_PAIR,R,32,AK32:AL32,AJ32,AM32:AO32,https://docs.google.com/spreadsheets/d/1l-FgF1TiEp2oVGihLZlb2SHJTB6mioEcuB6hxGDGbzw/edit#gid=606543101&range=AK32:AL32
S6,5,SANDTRAP,2nd,2,---,---,0,,,,3,UNPLAYED_DASH,R,32,AQ32:AR32,AP32,AS32:AU32,https://docs.google.com/spreadsheets/d/1l-FgF1TiEp2oVGihLZlb2SHJTB6mioEcuB6hxGDGbzw/edit#gid=606543101&range=AQ32:AR32
S6,5,SANDTRAP,2nd,3,---,---,0,,,,3,UNPLAYED_DASH,R,32,AW32:AX32,AV32,AY32:BA32,https://docs.google.com/spreadsheets/d/1l-FgF1TiEp2oVGihLZlb2SHJTB6mioEcuB6hxGDGbzw/edit#gid=606543101&range=AW32:AX32
S6,6,SKORPZZ,3rd,1,2,7,9,,1,,0,NUMERIC_PAIR,L,39,J39:K39,I39,L39:N39,https://docs.google.com/spreadsheets/d/1l-FgF1TiEp2oVGihLZlb2SHJTB6mioEcuB6hxGDGbzw/edit#gid=606543101&range=J39:K39
S6,6,SKORPZZ,3rd,2,---,---,0,,,,0,UNPLAYED_DASH,L,39,P39:Q39,O39,R39:T39,https://docs.google.com/spreadsheets/d/1l-FgF1TiEp2oVGihLZlb2SHJTB6mioEcuB6hxGDGbzw/edit#gid=606543101&range=P39:Q39
S6,6,SKORPZZ,3rd,3,4,4,8,,1,,0,NUMERIC_PAIR,L,39,V39:W39,U39,X39:Z39,https://docs.google.com/spreadsheets/d/1l-FgF1TiEp2oVGihLZlb2SHJTB6mioEcuB6hxGDGbzw/edit#gid=606543101&range=V39:W39
S6,6,EARTHLING,3rd,1,---,---,0,,,,6,UNPLAYED_DASH,R,39,AK39:AL39,AJ39,AM39:AO39,https://docs.google.com/spreadsheets/d/1l-FgF1TiEp2oVGihLZlb2SHJTB6mioEcuB6hxGDGbzw/edit#gid=606543101&range=AK39:AL39
S6,6,EARTHLING,3rd,2,7,6,13,1,,,6,NUMERIC_PAIR,R,39,AQ39:AR39,AP39,AS39:AU39,https://docs.google.com/spreadsheets/d/1l-FgF1TiEp2oVGihLZlb2SHJTB6mioEcuB6hxGDGbzw/edit#gid=606543101&range=AQ39:AR39
S6,6,EARTHLING,3rd,3,9,9,18,1,,,6,NUMERIC_PAIR,R,39,AW39:AX39,AV39,AY39:BA39,https://docs.google.com/spreadsheets/d/1l-FgF1TiEp2oVGihLZlb2SHJTB6mioEcuB6hxGDGbzw/edit#gid=606543101&range=AW39:AX39
S6,6,sarahlynn727,2nd,1,6,7,13,1,,,3,NUMERIC_PAIR,L,40,J40:K40,I40,L40:N40,https://docs.google.com/spreadsheets/d/1l-FgF1TiEp2oVGihLZlb2SHJTB6mioEcuB6hxGDGbzw/edit#gid=606543101&range=J40:K40
S6,6,sarahlynn727,2nd,2,7,0,7,,1,,3,NUMERIC_PAIR,L,40,P40:Q40,O40,R40:T40,https://docs.google.com/spreadsheets/d/1l-FgF1TiEp2oVGihLZlb2SHJTB6mioEcuB6hxGDGbzw/edit#gid=606543101&range=P40:Q40
S6,6,sarahlynn727,2nd,3,---,---,0,,,,3,UNPLAYED_DASH,L,40,V40:W40,U40,X40:Z40,https://docs.google.com/spreadsheets/d/1l-FgF1TiEp2oVGihLZlb2SHJTB6mioEcuB6hxGDGbzw/edit#gid=606543101&range=V40:W40
S7,1,BIGJA,2nd,1,8,6,14,1,,,6,NUMERIC_PAIR,L,4,J4:K4,I4,L4:N4,https://docs.google.com/spreadsheets/d/1l-FgF1TiEp2oVGihLZlb2SHJTB6mioEcuB6hxGDGbzw/edit#gid=263109864&range=J4:K4
S7,1,BIGJA,2nd,2,--,--,0,,,,6,UNPLAYED_DASH,L,4,P4:Q4,O4,R4:T4,https://docs.google.com/spreadsheets/d/1l-FgF1TiEp2oVGihLZlb2SHJTB6mioEcuB6hxGDGbzw/edit#gid=263109864&range=P4:Q4
S7,1,BIGJA,2nd,3,7,8,15,1,,,6,NUMERIC_PAIR,L,4,V4:W4,U4,X4:Z4,https://docs.google.com/spreadsheets/d/1l-FgF1TiEp2oVGihLZlb2SHJTB6mioEcuB6hxGDGbzw/edit#gid=263109864&range=V4:W4
S7,1,DERBY_DAZ,2nd,1,1,8,9,,1,,6,NUMERIC_PAIR,R,4,AK4:AL4,AJ4,AM4:AO4,https://docs.google.com/spreadsheets/d/1l-FgF1TiEp2oVGihLZlb2SHJTB6mioEcuB6hxGDGbzw/edit#gid=263109864&range=AK4:AL4
S7,1,DERBY_DAZ,2nd,2,9,7,16,1,,,6,NUMERIC_PAIR,R,4,AQ4:AR4,AP4,AS4:AU4,https://docs.google.com/spreadsheets/d/1l-FgF1TiEp2oVGihLZlb2SHJTB6mioEcuB6hxGDGbzw/edit#gid=263109864&range=AQ4:AR4
S7,1,DERBY_DAZ,2nd,3,8,5,13,1,,,6,NUMERIC_PAIR,R,4,AW4:AX4,AV4,AY4:BA4,https://docs.google.com/spreadsheets/d/1l-FgF1TiEp2oVGihLZlb2SHJTB6mioEcuB6hxGDGbzw/edit#gid=263109864&range=AW4:AX4
S7,1,YODA,4th,1,5,4,9,,1,,0,NUMERIC_PAIR,L,6,J6:K6,I6,L6:N6,https://docs.google.com/spreadsheets/d/1l-FgF1TiEp2oVGihLZlb2SHJTB6mioEcuB6hxGDGbzw/edit#gid=263109864&range=J6:K6
S7,1,YODA,4th,2,3,4,7,,2,,0,NUMERIC_PAIR,L,6,P6:Q6,O6,R6:T6,https://docs.google.com/spreadsheets/d/1l-FgF1TiEp2oVGihLZlb2SHJTB6mioEcuB6hxGDGbzw/edit#gid=263109864&range=P6:Q6
S7,1,YODA,4th,3,4,1,5,,1,,0,NUMERIC_PAIR,L,6,V6:W6,U6,X6:Z6,https://docs.google.com/spreadsheets/d/1l-FgF1TiEp2oVGihLZlb2SHJTB6mioEcuB6hxGDGbzw/edit#gid=263109864&range=V6:W6
S7,1,SPICY,4th,1,3,8,11,1,,,3,NUMERIC_PAIR,R,6,AK6:AL6,AJ6,AM6:AO6,https://docs.google.com/spreadsheets/d/1l-FgF1TiEp2oVGihLZlb2SHJTB6mioEcuB6hxGDGbzw/edit#gid=263109864&range=AK6:AL6
S7,1,SPICY,4th,2,--,--,0,,,,3,UNPLAYED_DASH,R,6,AQ6:AR6,AP6,AS6:AU6,https://docs.google.com/spreadsheets/d/1l-FgF1TiEp2oVGihLZlb2SHJTB6mioEcuB6hxGDGbzw/edit#gid=263109864&range=AQ6:AR6
S7,1,SPICY,4th,3,4,1,5,,1,,3,NUMERIC_PAIR,R,6,AW6:AX6,AV6,AY6:BA6,https://docs.google.com/spreadsheets/d/1l-FgF1TiEp2oVGihLZlb2SHJTB6mioEcuB6hxGDGbzw/edit#gid=263109864&range=AW6:AX6
S7,2,MULLIGAN,4th,1,---,---,0,,,,0,UNPLAYED_DASH,L,11,J11:K11,I11,L11:N11,https://docs.google.com/spreadsheets/d/1l-FgF1TiEp2oVGihLZlb2SHJTB6mioEcuB6hxGDGbzw/edit#gid=263109864&range=J11:K11
S7,2,MULLIGAN,4th,2,---,---,0,,,,0,UNPLAYED_DASH,L,11,P11:Q11,O11,R11:T11,https://docs.google.com/spreadsheets/d/1l-FgF1TiEp2oVGihLZlb2SHJTB6mioEcuB6hxGDGbzw/edit#gid=263109864&range=P11:Q11
S7,2,MULLIGAN,4th,3,---,---,0,,,,0,UNPLAYED_DASH,L,11,V11:W11,U11,X11:Z11,https://docs.google.com/spreadsheets/d/1l-FgF1TiEp2oVGihLZlb2SHJTB6mioEcuB6hxGDGbzw/edit#gid=263109864&range=V11:W11
S7,2,SHOOTER_MCGAVIN,2nd,1,---,---,0,,,,3,UNPLAYED_DASH,R,11,AK11:AL11,AJ11,AM11:AO11,https://docs.google.com/spreadsheets/d/1l-FgF1TiEp2oVGihLZlb2SHJTB6mioEcuB6hxGDGbzw/edit#gid=263109864&range=AK11:AL11
S7,2,SHOOTER_MCGAVIN,2nd,2,5,5,10,,1,,3,NUMERIC_PAIR,R,11,AQ11:AR11,AP11,AS11:AU11,https://docs.google.com/spreadsheets/d/1l-FgF1TiEp2oVGihLZlb2SHJTB6mioEcuB6hxGDGbzw/edit#gid=263109864&range=AQ11:AR11
S7,2,SHOOTER_MCGAVIN,2nd,3,12,8,20,1,,,3,NUMERIC_PAIR,R,11,AW11:AX11,AV11,AY11:BA11,https://docs.google.com/spreadsheets/d/1l-FgF1TiEp2oVGihLZlb2SHJTB6mioEcuB6hxGDGbzw/edit#gid=263109864&range=AW11:AX11
S7,2,MAMMOTHREPT,3rd,1,---,---,0,,,,3,UNPLAYED_DASH,R,12,AK12:AL12,AJ12,AM12:AO12,https://docs.google.com/spreadsheets/d/1l-FgF1TiEp2oVGihLZlb2SHJTB6mioEcuB6hxGDGbzw/edit#gid=263109864&range=AK12:AL12
S7,2,MAMMOTHREPT,3rd,2,4,8,12,1,,,3,NUMERIC_PAIR,R,12,AQ12:AR12,AP12,AS12:AU12,https://docs.google.com/spreadsheets/d/1l-FgF1TiEp2oVGihLZlb2SHJTB6mioEcuB6hxGDGbzw/edit#gid=263109864&range=AQ12:AR12
S7,2,MAMMOTHREPT,3rd,3,---,---,0,,,,3,UNPLAYED_DASH,R,12,AW12:AX12,AV12,AY12:BA12,https://docs.google.com/spreadsheets/d/1l-FgF1TiEp2oVGihLZlb2SHJTB6mioEcuB6hxGDGbzw/edit#gid=263109864&range=AW12:AX12
S7,2,SJ,4th,1,---,---,0,,,,0,UNPLAYED_DASH,R,13,AK13:AL13,AJ13,AM13:AO13,https://docs.google.com/spreadsheets/d/1l-FgF1TiEp2oVGihLZlb2SHJTB6mioEcuB6hxGDGbzw/edit#gid=263109864&range=AK13:AL13
S7,2,SJ,4th,2,---,---,0,,,,0,UNPLAYED_DASH,R,13,AQ13:AR13,AP13,AS13:AU13,https://docs.google.com/spreadsheets/d/1l-FgF1TiEp2oVGihLZlb2SHJTB6mioEcuB6hxGDGbzw/edit#gid=263109864&range=AQ13:AR13
S7,2,SJ,4th,3,2,2,4,,1,,0,NUMERIC_PAIR,R,13,AW13:AX13,AV13,AY13:BA13,https://docs.google.com/spreadsheets/d/1l-FgF1TiEp2oVGihLZlb2SHJTB6mioEcuB6hxGDGbzw/edit#gid=263109864&range=AW13:AX13
S7,3,CHIPNPUTT,1st,1,5,2,7,,,1,4,NUMERIC_PAIR,L,18,J18:K18,I18,L18:N18,https://docs.google.com/spreadsheets/d/1l-FgF1TiEp2oVGihLZlb2SHJTB6mioEcuB6hxGDGbzw/edit#gid=263109864&range=J18:K18
S7,3,CHIPNPUTT,1st,2,7,11,18,1,,,4,NUMERIC_PAIR,L,18,P18:Q18,O18,R18:T18,https://docs.google.com/spreadsheets/d/1l-FgF1TiEp2oVGihLZlb2SHJTB6mioEcuB6hxGDGbzw/edit#gid=263109864&range=P18:Q18
S7,3,CHIPNPUTT,1st,3,---,---,0,,,,4,UNPLAYED_DASH,L,18,V18:W18,U18,X18:Z18,https://docs.google.com/spreadsheets/d/1l-FgF1TiEp2oVGihLZlb2SHJTB6mioEcuB6hxGDGbzw/edit#gid=263109864&range=V18:W18
S7,3,FRYLOCK,2nd,1,2,5,7,,,1,1,NUMERIC_PAIR,L,19,J19:K19,I19,L19:N19,https://docs.google.com/spreadsheets/d/1l-FgF1TiEp2oVGihLZlb2SHJTB6mioEcuB6hxGDGbzw/edit#gid=263109864&range=J19:K19
S7,3,FRYLOCK,2nd,2,---,---,0,,,,1,UNPLAYED_DASH,L,19,P19:Q19,O19,R19:T19,https://docs.google.com/spreadsheets/d/1l-FgF1TiEp2oVGihLZlb2SHJTB6mioEcuB6hxGDGbzw/edit#gid=263109864&range=P19:Q19
S7,3,FRYLOCK,2nd,3,---,---,0,,,,1,UNPLAYED_DASH,L,19,V19:W19,U19,X19:Z19,https://docs.google.com/spreadsheets/d/1l-FgF1TiEp2oVGihLZlb2SHJTB6mioEcuB6hxGDGbzw/edit#gid=263109864&range=V19:W19
S7,3,EVILARVAE,4th,1,---,---,0,,,,0,UNPLAYED_DASH,L,20,J20:K20,I20,L20:N20,https://docs.google.com/spreadsheets/d/1l-FgF1TiEp2oVGihLZlb2SHJTB6mioEcuB6hxGDGbzw/edit#gid=263109864&range=J20:K20
S7,3,EVILARVAE,4th,2,---,---,0,,,,0,UNPLAYED_DASH,L,20,P20:Q20,O20,R20:T20,https://docs.google.com/spreadsheets/d/1l-FgF1TiEp2oVGihLZlb2SHJTB6mioEcuB6hxGDGbzw/edit#gid=263109864&range=P20:Q20
S7,3,EVILARVAE,4th,3,---,---,0,,,,0,UNPLAYED_DASH,L,20,V20:W20,U20,X20:Z20,https://docs.google.com/spreadsheets/d/1l-FgF1TiEp2oVGihLZlb2SHJTB6mioEcuB6hxGDGbzw/edit#gid=263109864&range=V20:W20
S7,3,RAY-OF-SUNSHINE,4th,1,---,---,0,,,,0,UNPLAYED_DASH,R,20,AK20:AL20,AJ20,AM20:AO20,https://docs.google.com/spreadsheets/d/1l-FgF1TiEp2oVGihLZlb2SHJTB6mioEcuB6hxGDGbzw/edit#gid=263109864&range=AK20:AL20
S7,3,RAY-OF-SUNSHINE,4th,2,3,5,8,,1,,0,NUMERIC_PAIR,R,20,AQ20:AR20,AP20,AS20:AU20,https://docs.google.com/spreadsheets/d/1l-FgF1TiEp2oVGihLZlb2SHJTB6mioEcuB6hxGDGbzw/edit#gid=263109864&range=AQ20:AR20
S7,3,RAY-OF-SUNSHINE,4th,3,---,---,0,,,,0,UNPLAYED_DASH,R,20,AW20:AX20,AV20,AY20:BA20,https://docs.google.com/spreadsheets/d/1l-FgF1TiEp2oVGihLZlb2SHJTB6mioEcuB6hxGDGbzw/edit#gid=263109864&range=AW20:AX20
S7,4,SKEETER,4th,1,1,5,6,,1,,0,NUMERIC_PAIR,L,25,J25:K25,I25,L25:N25,https://docs.google.com/spreadsheets/d/1l-FgF1TiEp2oVGihLZlb2SHJTB6mioEcuB6hxGDGbzw/edit#gid=263109864&range=J25:K25
S7,4,SKEETER,4th,2,---,---,0,,,,0,UNPLAYED_DASH,L,25,P25:Q25,O25,R25:T25,https://docs.google.com/spreadsheets/d/1l-FgF1TiEp2oVGihLZlb2SHJTB6mioEcuB6hxGDGbzw/edit#gid=263109864&range=P25:Q25
S7,4,SKEETER,4th,3,---,---,0,,,,0,UNPLAYED_DASH,L,25,V25:W25,U25,X25:Z25,https://docs.google.com/spreadsheets/d/1l-FgF1TiEp2oVGihLZlb2SHJTB6mioEcuB6hxGDGbzw/edit#gid=263109864&range=V25:W25
S7,4,MUSICAL_ATV,2nd,1,9,6,15,1,,,3,NUMERIC_PAIR,R,25,AK25:AL25,AJ25,AM25:AO25,https://docs.google.com/spreadsheets/d/1l-FgF1TiEp2oVGihLZlb2SHJTB6mioEcuB6hxGDGbzw/edit#gid=263109864&range=AK25:AL25
S7,4,MUSICAL_ATV,2nd,2,5,2,7,,1,,3,NUMERIC_PAIR,R,25,AQ25:AR25,AP25,AS25:AU25,https://docs.google.com/spreadsheets/d/1l-FgF1TiEp2oVGihLZlb2SHJTB6mioEcuB6hxGDGbzw/edit#gid=263109864&range=AQ25:AR25
S7,4,MUSICAL_ATV,2nd,3,6,4,10,,1,,3,NUMERIC_PAIR,R,25,AW25:AX25,AV25,AY25:BA25,https://docs.google.com/spreadsheets/d/1l-FgF1TiEp2oVGihLZlb2SHJTB6mioEcuB6hxGDGbzw/edit#gid=263109864&range=AW25:AX25
S7,4,EARTHLING,4th,1,---,---,0,,,,3,UNPLAYED_DASH,R,26,AK26:AL26,AJ26,AM26:AO26,https://docs.google.com/spreadsheets/d/1l-FgF1TiEp2oVGihLZlb2SHJTB6mioEcuB6hxGDGbzw/edit#gid=263109864&range=AK26:AL26
S7,4,EARTHLING,4th,2,---,---,0,,,,3,UNPLAYED_DASH,R,26,AQ26:AR26,AP26,AS26:AU26,https://docs.google.com/spreadsheets/d/1l-FgF1TiEp2oVGihLZlb2SHJTB6mioEcuB6hxGDGbzw/edit#gid=263109864&range=AQ26:AR26
S7,4,EARTHLING,4th,3,8,4,12,1,,,3,NUMERIC_PAIR,R,26,AW26:AX26,AV26,AY26:BA26,https://docs.google.com/spreadsheets/d/1l-FgF1TiEp2oVGihLZlb2SHJTB6mioEcuB6hxGDGbzw/edit#gid=263109864&range=AW26:AX26
S7,4,SANDTRAP,3rd,1,---,---,0,,,,3,UNPLAYED_DASH,L,27,J27:K27,I27,L27:N27,https://docs.google.com/spreadsheets/d/1l-FgF1TiEp2oVGihLZlb2SHJTB6mioEcuB6hxGDGbzw/edit#gid=263109864&range=J27:K27
S7,4,SANDTRAP,3rd,2,3,5,8,1,,,3,NUMERIC_PAIR,L,27,P27:Q27,O27,R27:T27,https://docs.google.com/spreadsheets/d/1l-FgF1TiEp2oVGihLZlb2SHJTB6mioEcuB6hxGDGbzw/edit#gid=263109864&range=P27:Q27
S7,4,SANDTRAP,3rd,3,---,---,0,,,,3,UNPLAYED_DASH,L,27,V27:W27,U27,X27:Z27,https://docs.google.com/spreadsheets/d/1l-FgF1TiEp2oVGihLZlb2SHJTB6mioEcuB6hxGDGbzw/edit#gid=263109864&range=V27:W27
S7,5,DARLAVA,2nd,1,8,4,12,1,,,3,NUMERIC_PAIR,L,32,J32:K32,I32,L32:N32,https://docs.google.com/spreadsheets/d/1l-FgF1TiEp2oVGihLZlb2SHJTB6mioEcuB6hxGDGbzw/edit#gid=263109864&range=J32:K32
S7,5,DARLAVA,2nd,2,4,2,6,,1,,3,NUMERIC_PAIR,L,32,P32:Q32,O32,R32:T32,https://docs.google.com/spreadsheets/d/1l-FgF1TiEp2oVGihLZlb2SHJTB6mioEcuB6hxGDGbzw/edit#gid=263109864&range=P32:Q32
S7,5,DARLAVA,2nd,3,---,---,0,,,,3,UNPLAYED_DASH,L,32,V32:W32,U32,X32:Z32,https://docs.google.com/spreadsheets/d/1l-FgF1TiEp2oVGihLZlb2SHJTB6mioEcuB6hxGDGbzw/edit#gid=263109864&range=V32:W32
S7,5,WICKEDSHACK,4th,1,---,---,0,,,,6,UNPLAYED_DASH,R,32,AK32:AL32,AJ32,AM32:AO32,https://docs.google.com/spreadsheets/d/1l-FgF1TiEp2oVGihLZlb2SHJTB6mioEcuB6hxGDGbzw/edit#gid=263109864&range=AK32:AL32
S7,5,WICKEDSHACK,4th,2,9,9,18,1,,,6,NUMERIC_PAIR,R,32,AQ32:AR32,AP32,AS32:AU32,https://docs.google.com/spreadsheets/d/1l-FgF1TiEp2oVGihLZlb2SHJTB6mioEcuB6hxGDGbzw/edit#gid=263109864&range=AQ32:AR32
S7,5,WICKEDSHACK,4th,3,3,9,12,1,,,6,NUMERIC_PAIR,R,32,AW32:AX32,AV32,AY32:BA32,https://docs.google.com/spreadsheets/d/1l-FgF1TiEp2oVGihLZlb2SHJTB6mioEcuB6hxGDGbzw/edit#gid=263109864&range=AW32:AX32
S7,5,SARAHLYNN727,3rd,1,3,7,10,,1,,0,NUMERIC_PAIR,L,33,J33:K33,I33,L33:N33,https://docs.google.com/spreadsheets/d/1l-FgF1TiEp2oVGihLZlb2SHJTB6mioEcuB6hxGDGbzw/edit#gid=263109864&range=J33:K33
S7,5,SARAHLYNN727,3rd,2,---,---,0,,,,0,UNPLAYED_DASH,L,33,P33:Q33,O33,R33:T33,https://docs.google.com/spreadsheets/d/1l-FgF1TiEp2oVGihLZlb2SHJTB6mioEcuB6hxGDGbzw/edit#gid=263109864&range=P33:Q33
S7,5,SARAHLYNN727,3rd,3,3,1,4,,1,,0,NUMERIC_PAIR,L,33,V33:W33,U33,X33:Z33,https://docs.google.com/spreadsheets/d/1l-FgF1TiEp2oVGihLZlb2SHJTB6mioEcuB6hxGDGbzw/edit#gid=263109864&range=V33:W33
S7,5,SKORPZZ,4th,1,---,---,0,,,,0,UNPLAYED_DASH,L,34,J34:K34,I34,L34:N34,https://docs.google.com/spreadsheets/d/1l-FgF1TiEp2oVGihLZlb2SHJTB6mioEcuB6hxGDGbzw/edit#gid=263109864&range=J34:K34
S7,5,SKORPZZ,4th,2,---,---,0,,,,0,UNPLAYED_DASH,L,34,P34:Q34,O34,R34:T34,https://docs.google.com/spreadsheets/d/1l-FgF1TiEp2oVGihLZlb2SHJTB6mioEcuB6hxGDGbzw/edit#gid=263109864&range=P34:Q34
S7,5,SKORPZZ,4th,3,---,---,0,,,,0,UNPLAYED_DASH,L,34,V34:W34,U34,X34:Z34,https://docs.google.com/spreadsheets/d/1l-FgF1TiEp2oVGihLZlb2SHJTB6mioEcuB6hxGDGbzw/edit#gid=263109864&range=V34:W34
s8,1,DERBY_DAZ,2nd,1,5,2,7,,1,,6,NUMERIC_PAIR,L,4,J4:K4,I4,L4:N4,https://docs.google.com/spreadsheets/d/1l-FgF1TiEp2oVGihLZlb2SHJTB6mioEcuB6hxGDGbzw/edit#gid=1325943840&range=J4:K4
s8,1,DERBY_DAZ,2nd,2,6,4,10,1,,,6,NUMERIC_PAIR,L,4,P4:Q4,O4,R4:T4,https://docs.google.com/spreadsheets/d/1l-FgF1TiEp2oVGihLZlb2SHJTB6mioEcuB6hxGDGbzw/edit#gid=1325943840&range=P4:Q4
s8,1,DERBY_DAZ,2nd,3,7,7,14,1,,,6,NUMERIC_PAIR,L,4,V4:W4,U4,X4:Z4,https://docs.google.com/spreadsheets/d/1l-FgF1TiEp2oVGihLZlb2SHJTB6mioEcuB6hxGDGbzw/edit#gid=1325943840&range=V4:W4
s8,1,BIGJA,2nd,1,6,5,11,1,,,9,NUMERIC_PAIR,R,4,AK4:AL4,AJ4,AM4:AO4,https://docs.google.com/spreadsheets/d/1l-FgF1TiEp2oVGihLZlb2SHJTB6mioEcuB6hxGDGbzw/edit#gid=1325943840&range=AK4:AL4
s8,1,BIGJA,2nd,2,5,7,12,1,,,9,NUMERIC_PAIR,R,4,AQ4:AR4,AP4,AS4:AU4,https://docs.google.com/spreadsheets/d/1l-FgF1TiEp2oVGihLZlb2SHJTB6mioEcuB6hxGDGbzw/edit#gid=1325943840&range=AQ4:AR4
s8,1,BIGJA,2nd,3,5,8,13,1,,,9,NUMERIC_PAIR,R,4,AW4:AX4,AV4,AY4:BA4,https://docs.google.com/spreadsheets/d/1l-FgF1TiEp2oVGihLZlb2SHJTB6mioEcuB6hxGDGbzw/edit#gid=1325943840&range=AW4:AX4
s8,1,SPICY,4th,1,--,--,0,,,,0,UNPLAYED_DASH,L,6,J6:K6,I6,L6:N6,https://docs.google.com/spreadsheets/d/1l-FgF1TiEp2oVGihLZlb2SHJTB6mioEcuB6hxGDGbzw/edit#gid=1325943840&range=J6:K6
s8,1,SPICY,4th,2,2,3,5,,1,,0,NUMERIC_PAIR,L,6,P6:Q6,O6,R6:T6,https://docs.google.com/spreadsheets/d/1l-FgF1TiEp2oVGihLZlb2SHJTB6mioEcuB6hxGDGbzw/edit#gid=1325943840&range=P6:Q6
s8,1,SPICY,4th,3,3,5,8,,1,,0,NUMERIC_PAIR,L,6,V6:W6,U6,X6:Z6,https://docs.google.com/spreadsheets/d/1l-FgF1TiEp2oVGihLZlb2SHJTB6mioEcuB6hxGDGbzw/edit#gid=1325943840&range=V6:W6
s8,1,MAMMOTHREPT,4th,1,--,--,0,,,,0,UNPLAYED_DASH,R,6,AK6:AL6,AJ6,AM6:AO6,https://docs.google.com/spreadsheets/d/1l-FgF1TiEp2oVGihLZlb2SHJTB6mioEcuB6hxGDGbzw/edit#gid=1325943840&range=AK6:AL6
s8,1,MAMMOTHREPT,4th,2,6,1,7,,1,,0,NUMERIC_PAIR,R,6,AQ6:AR6,AP6,AS6:AU6,https://docs.google.com/spreadsheets/d/1l-FgF1TiEp2oVGihLZlb2SHJTB6mioEcuB6hxGDGbzw/edit#gid=1325943840&range=AQ6:AR6
s8,1,MAMMOTHREPT,4th,3,7,1,8,,1,,0,NUMERIC_PAIR,R,6,AW6:AX6,AV6,AY6:BA6,https://docs.google.com/spreadsheets/d/1l-FgF1TiEp2oVGihLZlb2SHJTB6mioEcuB6hxGDGbzw/edit#gid=1325943840&range=AW6:AX6
s8,2,YODA,1st,1,11,10,21,1,,,6,NUMERIC_PAIR,L,11,J11:K11,I11,L11:N11,https://docs.google.com/spreadsheets/d/1l-FgF1TiEp2oVGihLZlb2SHJTB6mioEcuB6hxGDGbzw/edit#gid=1325943840&range=J11:K11
s8,2,YODA,1st,2,---,---,0,,,,6,UNPLAYED_DASH,L,11,P11:Q11,O11,R11:T11,https://docs.google.com/spreadsheets/d/1l-FgF1TiEp2oVGihLZlb2SHJTB6mioEcuB6hxGDGbzw/edit#gid=1325943840&range=P11:Q11
s8,2,YODA,1st,3,8,7,15,1,,,6,NUMERIC_PAIR,L,11,V11:W11,U11,X11:Z11,https://docs.google.com/spreadsheets/d/1l-FgF1TiEp2oVGihLZlb2SHJTB6mioEcuB6hxGDGbzw/edit#gid=1325943840&range=V11:W11
s8,2,SJ,3rd,1,3,5,8,,1,,0,NUMERIC_PAIR,L,12,J12:K12,I12,L12:N12,https://docs.google.com/spreadsheets/d/1l-FgF1TiEp2oVGihLZlb2SHJTB6mioEcuB6hxGDGbzw/edit#gid=1325943840&range=J12:K12
s8,2,SJ,3rd,2,7,4,11,,1,,0,NUMERIC_PAIR,L,12,P12:Q12,O12,R12:T12,https://docs.google.com/spreadsheets/d/1l-FgF1TiEp2oVGihLZlb2SHJTB6mioEcuB6hxGDGbzw/edit#gid=1325943840&range=P12:Q12
s8,2,SJ,3rd,3,---,---,0,,,,0,UNPLAYED_DASH,L,12,V12:W12,U12,X12:Z12,https://docs.google.com/spreadsheets/d/1l-FgF1TiEp2oVGihLZlb2SHJTB6mioEcuB6hxGDGbzw/edit#gid=1325943840&range=V12:W12
s8,2,CHIPNPUTT,3rd,1,---,---,0,,,,3,UNPLAYED_DASH,R,12,AK12:AL12,AJ12,AM12:AO12,https://docs.google.com/spreadsheets/d/1l-FgF1TiEp2oVGihLZlb2SHJTB6mioEcuB6hxGDGbzw/edit#gid=1325943840&range=AK12:AL12
s8,2,CHIPNPUTT,3rd,2,4,9,13,1,,,3,NUMERIC_PAIR,R,12,AQ12:AR12,AP12,AS12:AU12,https://docs.google.com/spreadsheets/d/1l-FgF1TiEp2oVGihLZlb2SHJTB6mioEcuB6hxGDGbzw/edit#gid=1325943840&range=AQ12:AR12
s8,2,CHIPNPUTT,3rd,3,3,2,5,,1,,3,NUMERIC_PAIR,R,12,AW12:AX12,AV12,AY12:BA12,https://docs.google.com/spreadsheets/d/1l-FgF1TiEp2oVGihLZlb2SHJTB6mioEcuB6hxGDGbzw/edit#gid=1325943840&range=AW12:AX12
s8,3,RAY-OF-SUNSHINE,2nd,1,--,--,0,,,,3,UNPLAYED_DASH,L,18,J18:K18,I18,L18:N18,https://docs.google.com/spreadsheets/d/1l-FgF1TiEp2oVGihLZlb2SHJTB6mioEcuB6hxGDGbzw/edit#gid=1325943840&range=J18:K18
s8,3,RAY-OF-SUNSHINE,2nd,2,5,3,8,,1,,3,NUMERIC_PAIR,L,18,P18:Q18,O18,R18:T18,https://docs.google.com/spreadsheets/d/1l-FgF1TiEp2oVGihLZlb2SHJTB6mioEcuB6hxGDGbzw/edit#gid=1325943840&range=P18:Q18
s8,3,RAY-OF-SUNSHINE,2nd,3,5,5,10,1,,,3,NUMERIC_PAIR,L,18,V18:W18,U18,X18:Z18,https://docs.google.com/spreadsheets/d/1l-FgF1TiEp2oVGihLZlb2SHJTB6mioEcuB6hxGDGbzw/edit#gid=1325943840&range=V18:W18
s8,3,WICKEDSHACK,4th,1,5,6,11,1,,,9,NUMERIC_PAIR,R,18,AK18:AL18,AJ18,AM18:AO18,https://docs.google.com/spreadsheets/d/1l-FgF1TiEp2oVGihLZlb2SHJTB6mioEcuB6hxGDGbzw/edit#gid=1325943840&range=AK18:AL18
s8,3,WICKEDSHACK,4th,2,5,7,12,1,,,9,NUMERIC_PAIR,R,18,AQ18:AR18,AP18,AS18:AU18,https://docs.google.com/spreadsheets/d/1l-FgF1TiEp2oVGihLZlb2SHJTB6mioEcuB6hxGDGbzw/edit#gid=1325943840&range=AQ18:AR18
s8,3,WICKEDSHACK,4th,3,7,8,15,1,,,9,NUMERIC_PAIR,R,18,AW18:AX18,AV18,AY18:BA18,https://docs.google.com/spreadsheets/d/1l-FgF1TiEp2oVGihLZlb2SHJTB6mioEcuB6hxGDGbzw/edit#gid=1325943840&range=AW18:AX18
s8,3,MUSICAL_ATV,3rd,1,--,--,0,,,,3,UNPLAYED_DASH,L,19,J19:K19,I19,L19:N19,https://docs.google.com/spreadsheets/d/1l-FgF1TiEp2oVGihLZlb2SHJTB6mioEcuB6hxGDGbzw/edit#gid=1325943840&range=J19:K19
s8,3,MUSICAL_ATV,3rd,2,4,6,10,1,,,3,NUMERIC_PAIR,L,19,P19:Q19,O19,R19:T19,https://docs.google.com/spreadsheets/d/1l-FgF1TiEp2oVGihLZlb2SHJTB6mioEcuB6hxGDGbzw/edit#gid=1325943840&range=P19:Q19
s8,3,MUSICAL_ATV,3rd,3,3,4,7,,1,,3,NUMERIC_PAIR,L,19,V19:W19,U19,X19:Z19,https://docs.google.com/spreadsheets/d/1l-FgF1TiEp2oVGihLZlb2SHJTB6mioEcuB6hxGDGbzw/edit#gid=1325943840&range=V19:W19
s8,3,SKEETER,4th,1,2,1,3,,1,,0,NUMERIC_PAIR,L,20,J20:K20,I20,L20:N20,https://docs.google.com/spreadsheets/d/1l-FgF1TiEp2oVGihLZlb2SHJTB6mioEcuB6hxGDGbzw/edit#gid=1325943840&range=J20:K20
s8,3,SKEETER,4th,2,5,2,7,,1,,0,NUMERIC_PAIR,L,20,P20:Q20,O20,R20:T20,https://docs.google.com/spreadsheets/d/1l-FgF1TiEp2oVGihLZlb2SHJTB6mioEcuB6hxGDGbzw/edit#gid=1325943840&range=P20:Q20
s8,3,SKEETER,4th,3,6,3,9,,1,,0,NUMERIC_PAIR,L,20,V20:W20,U20,X20:Z20,https://docs.google.com/spreadsheets/d/1l-FgF1TiEp2oVGihLZlb2SHJTB6mioEcuB6hxGDGbzw/edit#gid=1325943840&range=V20:W20
s8,4,DARLAVA,4th,1,5,3,8,,1,,0,NUMERIC_PAIR,L,25,J25:K25,I25,L25:N25,https://docs.google.com/spreadsheets/d/1l-FgF1TiEp2oVGihLZlb2SHJTB6mioEcuB6hxGDGbzw/edit#gid=1325943840&range=J25:K25
s8,4,DARLAVA,4th,2,4,1,5,,1,,0,NUMERIC_PAIR,L,25,P25:Q25,O25,R25:T25,https://docs.google.com/spreadsheets/d/1l-FgF1TiEp2oVGihLZlb2SHJTB6mioEcuB6hxGDGbzw/edit#gid=1325943840&range=P25:Q25
s8,4,DARLAVA,4th,3,5,1,6,,1,,0,NUMERIC_PAIR,L,25,V25:W25,U25,X25:Z25,https://docs.google.com/spreadsheets/d/1l-FgF1TiEp2oVGihLZlb2SHJTB6mioEcuB6hxGDGbzw/edit#gid=1325943840&range=V25:W25
s8,4,PAULV,3rd,1,5,4,9,1,,,9,NUMERIC_PAIR,R,25,AK25:AL25,AJ25,AM25:AO25,https://docs.google.com/spreadsheets/d/1l-FgF1TiEp2oVGihLZlb2SHJTB6mioEcuB6hxGDGbzw/edit#gid=1325943840&range=AK25:AL25
s8,4,PAULV,3rd,2,4,8,12,1,,,9,NUMERIC_PAIR,R,25,AQ25:AR25,AP25,AS25:AU25,https://docs.google.com/spreadsheets/d/1l-FgF1TiEp2oVGihLZlb2SHJTB6mioEcuB6hxGDGbzw/edit#gid=1325943840&range=AQ25:AR25
s8,4,PAULV,3rd,3,4,9,13,1,,,9,NUMERIC_PAIR,R,25,AW25:AX25,AV25,AY25:BA25,https://docs.google.com/spreadsheets/d/1l-FgF1TiEp2oVGihLZlb2SHJTB6mioEcuB6hxGDGbzw/edit#gid=1325943840&range=AW25:AX25
s8,4,SARAHLYNN727,2nd,1,5,9,14,1,,,6,NUMERIC_PAIR,L,26,J26:K26,I26,L26:N26,https://docs.google.com/spreadsheets/d/1l-FgF1TiEp2oVGihLZlb2SHJTB6mioEcuB6hxGDGbzw/edit#gid=1325943840&range=J26:K26
s8,4,SARAHLYNN727,2nd,2,2,2,4,,1,,6,NUMERIC_PAIR,L,26,P26:Q26,O26,R26:T26,https://docs.google.com/spreadsheets/d/1l-FgF1TiEp2oVGihLZlb2SHJTB6mioEcuB6hxGDGbzw/edit#gid=1325943840&range=P26:Q26
s8,4,SARAHLYNN727,2nd,3,6,5,11,1,,,6,NUMERIC_PAIR,L,26,V26:W26,U26,X26:Z26,https://docs.google.com/spreadsheets/d/1l-FgF1TiEp2oVGihLZlb2SHJTB6mioEcuB6hxGDGbzw/edit#gid=1325943840&range=V26:W26
s8,4,KD,4th,1,2,2,4,,1,,3,NUMERIC_PAIR,R,27,AK27:AL27,AJ27,AM27:AO27,https://docs.google.com/spreadsheets/d/1l-FgF1TiEp2oVGihLZlb2SHJTB6mioEcuB6hxGDGbzw/edit#gid=1325943840&range=AK27:AL27
s8,4,KD,4th,2,7,8,15,1,,,3,NUMERIC_PAIR,R,27,AQ27:AR27,AP27,AS27:AU27,https://docs.google.com/spreadsheets/d/1l-FgF1TiEp2oVGihLZlb2SHJTB6mioEcuB6hxGDGbzw/edit#gid=1325943840&range=AQ27:AR27
s8,4,KD,4th,3,0,4,4,,1,,3,NUMERIC_PAIR,R,27,AW27:AX27,AV27,AY27:BA27,https://docs.google.com/spreadsheets/d/1l-FgF1TiEp2oVGihLZlb2SHJTB6mioEcuB6hxGDGbzw/edit#gid=1325943840&range=AW27:AX27
s9,1,BIGJA,1st,1,4,7,11,1,,,6,NUMERIC_PAIR,L,4,J4:K4,I4,L4:N4,https://docs.google.com/spreadsheets/d/1l-FgF1TiEp2oVGihLZlb2SHJTB6mioEcuB6hxGDGbzw/edit#gid=148209357&range=J4:K4
s9,1,BIGJA,1st,2,--,--,0,,,,6,UNPLAYED_DASH,L,4,P4:Q4,O4,R4:T4,https://docs.google.com/spreadsheets/d/1l-FgF1TiEp2oVGihLZlb2SHJTB6mioEcuB6hxGDGbzw/edit#gid=148209357&range=P4:Q4
s9,1,BIGJA,1st,3,4,5,9,1,,,6,NUMERIC_PAIR,L,4,V4:W4,U4,X4:Z4,https://docs.google.com/spreadsheets/d/1l-FgF1TiEp2oVGihLZlb2SHJTB6mioEcuB6hxGDGbzw/edit#gid=148209357&range=V4:W4
s9,1,DERBY_DAZ,2nd,1,1,1,2,,1,,3,NUMERIC_PAIR,L,5,J5:K5,I5,L5:N5,https://docs.google.com/spreadsheets/d/1l-FgF1TiEp2oVGihLZlb2SHJTB6mioEcuB6hxGDGbzw/edit#gid=148209357&range=J5:K5
s9,1,DERBY_DAZ,2nd,2,--,--,0,,,,3,UNPLAYED_DASH,L,5,P5:Q5,O5,R5:T5,https://docs.google.com/spreadsheets/d/1l-FgF1TiEp2oVGihLZlb2SHJTB6mioEcuB6hxGDGbzw/edit#gid=148209357&range=P5:Q5
s9,1,DERBY_DAZ,2nd,3,10,8,18,1,,,3,NUMERIC_PAIR,L,5,V5:W5,U5,X5:Z5,https://docs.google.com/spreadsheets/d/1l-FgF1TiEp2oVGihLZlb2SHJTB6mioEcuB6hxGDGbzw/edit#gid=148209357&range=V5:W5
s9,1,MAMMOTHREPT,4th,1,--,--,0,,,,0,UNPLAYED_DASH,L,6,J6:K6,I6,L6:N6,https://docs.google.com/spreadsheets/d/1l-FgF1TiEp2oVGihLZlb2SHJTB6mioEcuB6hxGDGbzw/edit#gid=148209357&range=J6:K6
s9,1,MAMMOTHREPT,4th,2,--,--,0,,,,0,UNPLAYED_DASH,L,6,P6:Q6,O6,R6:T6,https://docs.google.com/spreadsheets/d/1l-FgF1TiEp2oVGihLZlb2SHJTB6mioEcuB6hxGDGbzw/edit#gid=148209357&range=P6:Q6
s9,1,MAMMOTHREPT,4th,3,2,4,6,,1,,0,NUMERIC_PAIR,L,6,V6:W6,U6,X6:Z6,https://docs.google.com/spreadsheets/d/1l-FgF1TiEp2oVGihLZlb2SHJTB6mioEcuB6hxGDGbzw/edit#gid=148209357&range=V6:W6
s9,1,YODA,4th,1,--,--,0,,,,0,UNPLAYED_DASH,R,6,AK6:AL6,AJ6,AM6:AO6,https://docs.google.com/spreadsheets/d/1l-FgF1TiEp2oVGihLZlb2SHJTB6mioEcuB6hxGDGbzw/edit#gid=148209357&range=AK6:AL6
s9,1,YODA,4th,2,--,--,0,,,,0,UNPLAYED_DASH,R,6,AQ6:AR6,AP6,AS6:AU6,https://docs.google.com/spreadsheets/d/1l-FgF1TiEp2oVGihLZlb2SHJTB6mioEcuB6hxGDGbzw/edit#gid=148209357&range=AQ6:AR6
s9,1,YODA,4th,3,6,3,9,,1,,0,NUMERIC_PAIR,R,6,AW6:AX6,AV6,AY6:BA6,https://docs.google.com/spreadsheets/d/1l-FgF1TiEp2oVGihLZlb2SHJTB6mioEcuB6hxGDGbzw/edit#gid=148209357&range=AW6:AX6
s9,2,CHIPNPUTT,2nd,1,-,-,0,,,,3,UNPLAYED_DASH,L,11,J11:K11,I11,L11:N11,https://docs.google.com/spreadsheets/d/1l-FgF1TiEp2oVGihLZlb2SHJTB6mioEcuB6hxGDGbzw/edit#gid=148209357&range=J11:K11
s9,2,CHIPNPUTT,2nd,2,--,--,0,,,,3,UNPLAYED_DASH,L,11,P11:Q11,O11,R11:T11,https://docs.google.com/spreadsheets/d/1l-FgF1TiEp2oVGihLZlb2SHJTB6mioEcuB6hxGDGbzw/edit#gid=148209357&range=P11:Q11
s9,2,CHIPNPUTT,2nd,3,8,5,13,1,,,3,NUMERIC_PAIR,L,11,V11:W11,U11,X11:Z11,https://docs.google.com/spreadsheets/d/1l-FgF1TiEp2oVGihLZlb2SHJTB6mioEcuB6hxGDGbzw/edit#gid=148209357&range=V11:W11
s9,2,WICKEDSHACK,3rd,1,11,2,13,1,,,3,NUMERIC_PAIR,R,11,AK11:AL11,AJ11,AM11:AO11,https://docs.google.com/spreadsheets/d/1l-FgF1TiEp2oVGihLZlb2SHJTB6mioEcuB6hxGDGbzw/edit#gid=148209357&range=AK11:AL11
s9,2,WICKEDSHACK,3rd,2,-,-,0,,,,3,UNPLAYED_DASH,R,11,AQ11:AR11,AP11,AS11:AU11,https://docs.google.com/spreadsheets/d/1l-FgF1TiEp2oVGihLZlb2SHJTB6mioEcuB6hxGDGbzw/edit#gid=148209357&range=AQ11:AR11
s9,2,WICKEDSHACK,3rd,3,2,2,4,,1,,3,NUMERIC_PAIR,R,11,AW11:AX11,AV11,AY11:BA11,https://docs.google.com/spreadsheets/d/1l-FgF1TiEp2oVGihLZlb2SHJTB6mioEcuB6hxGDGbzw/edit#gid=148209357&range=AW11:AX11
s9,2,RAY-OF-SUNSHINE,4th,1,1,5,6,,1,,0,NUMERIC_PAIR,R,13,AK13:AL13,AJ13,AM13:AO13,https://docs.google.com/spreadsheets/d/1l-FgF1TiEp2oVGihLZlb2SHJTB6mioEcuB6hxGDGbzw/edit#gid=148209357&range=AK13:AL13
s9,2,RAY-OF-SUNSHINE,4th,2,--,--,0,,,,0,UNPLAYED_DASH,R,13,AQ13:AR13,AP13,AS13:AU13,https://docs.google.com/spreadsheets/d/1l-FgF1TiEp2oVGihLZlb2SHJTB6mioEcuB6hxGDGbzw/edit#gid=148209357&range=AQ13:AR13
s9,2,RAY-OF-SUNSHINE,4th,3,-,-,0,,,,0,UNPLAYED_DASH,R,13,AW13:AX13,AV13,AY13:BA13,https://docs.google.com/spreadsheets/d/1l-FgF1TiEp2oVGihLZlb2SHJTB6mioEcuB6hxGDGbzw/edit#gid=148209357&range=AW13:AX13
s9,3,PAULV,2nd,1,--,--,0,,,,6,UNPLAYED_DASH,L,18,J18:K18,I18,L18:N18,https://docs.google.com/spreadsheets/d/1l-FgF1TiEp2oVGihLZlb2SHJTB6mioEcuB6hxGDGbzw/edit#gid=148209357&range=J18:K18
s9,3,PAULV,2nd,2,11,4,15,1,,,6,NUMERIC_PAIR,L,18,P18:Q18,O18,R18:T18,https://docs.google.com/spreadsheets/d/1l-FgF1TiEp2oVGihLZlb2SHJTB6mioEcuB6hxGDGbzw/edit#gid=148209357&range=P18:Q18
s9,3,PAULV,2nd,3,5,6,11,1,,,6,NUMERIC_PAIR,L,18,V18:W18,U18,X18:Z18,https://docs.google.com/spreadsheets/d/1l-FgF1TiEp2oVGihLZlb2SHJTB6mioEcuB6hxGDGbzw/edit#gid=148209357&range=V18:W18
s9,3,KD,4th,1,6,9,15,1,,,6,NUMERIC_PAIR,R,18,AK18:AL18,AJ18,AM18:AO18,https://docs.google.com/spreadsheets/d/1l-FgF1TiEp2oVGihLZlb2SHJTB6mioEcuB6hxGDGbzw/edit#gid=148209357&range=AK18:AL18
s9,3,KD,4th,2,0,8,8,,1,,6,NUMERIC_PAIR,R,18,AQ18:AR18,AP18,AS18:AU18,https://docs.google.com/spreadsheets/d/1l-FgF1TiEp2oVGihLZlb2SHJTB6mioEcuB6hxGDGbzw/edit#gid=148209357&range=AQ18:AR18
s9,3,KD,4th,3,5,8,13,1,,,6,NUMERIC_PAIR,R,18,AW18:AX18,AV18,AY18:BA18,https://docs.google.com/spreadsheets/d/1l-FgF1TiEp2oVGihLZlb2SHJTB6mioEcuB6hxGDGbzw/edit#gid=148209357&range=AW18:AX18
s9,3,SKEETER,4th,1,--,--,0,,,,0,UNPLAYED_DASH,L,19,J19:K19,I19,L19:N19,https://docs.google.com/spreadsheets/d/1l-FgF1TiEp2oVGihLZlb2SHJTB6mioEcuB6hxGDGbzw/edit#gid=148209357&range=J19:K19
s9,3,SKEETER,4th,2,--,--,0,,,,0,UNPLAYED_DASH,L,19,P19:Q19,O19,R19:T19,https://docs.google.com/spreadsheets/d/1l-FgF1TiEp2oVGihLZlb2SHJTB6mioEcuB6hxGDGbzw/edit#gid=148209357&range=P19:Q19
s9,3,SKEETER,4th,3,6,4,10,,1,,0,NUMERIC_PAIR,L,19,V19:W19,U19,X19:Z19,https://docs.google.com/spreadsheets/d/1l-FgF1TiEp2oVGihLZlb2SHJTB6mioEcuB6hxGDGbzw/edit#gid=148209357&range=V19:W19
s9,3,SARAHLYNN727,3rd,1,6,2,8,,1,,0,NUMERIC_PAIR,L,20,J20:K20,I20,L20:N20,https://docs.google.com/spreadsheets/d/1l-FgF1TiEp2oVGihLZlb2SHJTB6mioEcuB6hxGDGbzw/edit#gid=148209357&range=J20:K20
s9,3,SARAHLYNN727,3rd,2,--,--,0,,,,0,UNPLAYED_DASH,L,20,P20:Q20,O20,R20:T20,https://docs.google.com/spreadsheets/d/1l-FgF1TiEp2oVGihLZlb2SHJTB6mioEcuB6hxGDGbzw/edit#gid=148209357&range=P20:Q20
s9,3,SARAHLYNN727,3rd,3,3,5,8,,1,,0,NUMERIC_PAIR,L,20,V20:W20,U20,X20:Z20,https://docs.google.com/spreadsheets/d/1l-FgF1TiEp2oVGihLZlb2SHJTB6mioEcuB6hxGDGbzw/edit#gid=148209357&range=V20:W20
s9,4,MAMABEAR2002,3rd,1,2,4,6,,1,,3,NUMERIC_PAIR,L,25,J25:K25,I25,L25:N25,https://docs.google.com/spreadsheets/d/1l-FgF1TiEp2oVGihLZlb2SHJTB6mioEcuB6hxGDGbzw/edit#gid=148209357&range=J25:K25
s9,4,MAMABEAR2002,3rd,2,9,8,17,1,,,3,NUMERIC_PAIR,L,25,P25:Q25,O25,R25:T25,https://docs.google.com/spreadsheets/d/1l-FgF1TiEp2oVGihLZlb2SHJTB6mioEcuB6hxGDGbzw/edit#gid=148209357&range=P25:Q25
s9,4,MAMABEAR2002,3rd,3,9,4,13,,1,,3,NUMERIC_PAIR,L,25,V25:W25,U25,X25:Z25,https://docs.google.com/spreadsheets/d/1l-FgF1TiEp2oVGihLZlb2SHJTB6mioEcuB6hxGDGbzw/edit#gid=148209357&range=V25:W25
s9,4,GATORSFAN89,2nd,1,8,10,18,1,,,9,NUMERIC_PAIR,R,25,AK25:AL25,AJ25,AM25:AO25,https://docs.google.com/spreadsheets/d/1l-FgF1TiEp2oVGihLZlb2SHJTB6mioEcuB6hxGDGbzw/edit#gid=148209357&range=AK25:AL25
s9,4,GATORSFAN89,2nd,2,8,8,16,1,,,9,NUMERIC_PAIR,R,25,AQ25:AR25,AP25,AS25:AU25,https://docs.google.com/spreadsheets/d/1l-FgF1TiEp2oVGihLZlb2SHJTB6mioEcuB6hxGDGbzw/edit#gid=148209357&range=AQ25:AR25
s9,4,GATORSFAN89,2nd,3,6,9,15,1,,,9,NUMERIC_PAIR,R,25,AW25:AX25,AV25,AY25:BA25,https://docs.google.com/spreadsheets/d/1l-FgF1TiEp2oVGihLZlb2SHJTB6mioEcuB6hxGDGbzw/edit#gid=148209357&range=AW25:AX25
s9,4,AUDREY,3rd,1,5,7,12,1,,,6,NUMERIC_PAIR,R,26,AK26:AL26,AJ26,AM26:AO26,https://docs.google.com/spreadsheets/d/1l-FgF1TiEp2oVGihLZlb2SHJTB6mioEcuB6hxGDGbzw/edit#gid=148209357&range=AK26:AL26
s9,4,AUDREY,3rd,2,4,5,9,,1,,6,NUMERIC_PAIR,R,26,AQ26:AR26,AP26,AS26:AU26,https://docs.google.com/spreadsheets/d/1l-FgF1TiEp2oVGihLZlb2SHJTB6mioEcuB6hxGDGbzw/edit#gid=148209357&range=AQ26:AR26
s9,4,AUDREY,3rd,3,5,9,14,1,,,6,NUMERIC_PAIR,R,26,AW26:AX26,AV26,AY26:BA26,https://docs.google.com/spreadsheets/d/1l-FgF1TiEp2oVGihLZlb2SHJTB6mioEcuB6hxGDGbzw/edit#gid=148209357&range=AW26:AX26
s9,4,SHANNON/OLIVEOWL,4th,1,7,2,9,,1,,0,NUMERIC_PAIR,L,28,J28:K28,I28,L28:N28,https://docs.google.com/spreadsheets/d/1l-FgF1TiEp2oVGihLZlb2SHJTB6mioEcuB6hxGDGbzw/edit#gid=148209357&range=J28:K28
s9,4,SHANNON/OLIVEOWL,4th,2,2,6,8,,1,,0,NUMERIC_PAIR,L,28,P28:Q28,O28,R28:T28,https://docs.google.com/spreadsheets/d/1l-FgF1TiEp2oVGihLZlb2SHJTB6mioEcuB6hxGDGbzw/edit#gid=148209357&range=P28:Q28
s9,4,SHANNON/OLIVEOWL,4th,3,6,2,8,,1,,0,NUMERIC_PAIR,L,28,V28:W28,U28,X28:Z28,https://docs.google.com/spreadsheets/d/1l-FgF1TiEp2oVGihLZlb2SHJTB6mioEcuB6hxGDGbzw/edit#gid=148209357&range=V28:W28
s9,5,WILL,1st,1,10,7,17,1,,,3,NUMERIC_PAIR,L,32,J32:K32,I32,L32:N32,https://docs.google.com/spreadsheets/d/1l-FgF1TiEp2oVGihLZlb2SHJTB6mioEcuB6hxGDGbzw/edit#gid=148209357&range=J32:K32
s9,5,WILL,1st,2,-,-,0,,,,3,UNPLAYED_DASH,L,32,P32:Q32,O32,R32:T32,https://docs.google.com/spreadsheets/d/1l-FgF1TiEp2oVGihLZlb2SHJTB6mioEcuB6hxGDGbzw/edit#gid=148209357&range=P32:Q32
s9,5,WILL,1st,3,5,4,9,,1,,3,NUMERIC_PAIR,L,32,V32:W32,U32,X32:Z32,https://docs.google.com/spreadsheets/d/1l-FgF1TiEp2oVGihLZlb2SHJTB6mioEcuB6hxGDGbzw/edit#gid=148209357&range=V32:W32
s9,5,GREATSEER,2nd,1,4,6,10,,1,,3,NUMERIC_PAIR,L,33,J33:K33,I33,L33:N33,https://docs.google.com/spreadsheets/d/1l-FgF1TiEp2oVGihLZlb2SHJTB6mioEcuB6hxGDGbzw/edit#gid=148209357&range=J33:K33
s9,5,GREATSEER,2nd,2,8,5,13,1,,,3,NUMERIC_PAIR,L,33,P33:Q33,O33,R33:T33,https://docs.google.com/spreadsheets/d/1l-FgF1TiEp2oVGihLZlb2SHJTB6mioEcuB6hxGDGbzw/edit#gid=148209357&range=P33:Q33
s9,5,GREATSEER,2nd,3,-,-,0,,,,3,UNPLAYED_DASH,L,33,V33:W33,U33,X33:Z33,https://docs.google.com/spreadsheets/d/1l-FgF1TiEp2oVGihLZlb2SHJTB6mioEcuB6hxGDGbzw/edit#gid=148209357&range=V33:W33
s9,5,FORE_FUN,3rd,1,-,-,0,,,,3,UNPLAYED_DASH,L,34,J34:K34,I34,L34:N34,https://docs.google.com/spreadsheets/d/1l-FgF1TiEp2oVGihLZlb2SHJTB6mioEcuB6hxGDGbzw/edit#gid=148209357&range=J34:K34
s9,5,FORE_FUN,3rd,2,5,6,11,,1,,3,NUMERIC_PAIR,L,34,P34:Q34,O34,R34:T34,https://docs.google.com/spreadsheets/d/1l-FgF1TiEp2oVGihLZlb2SHJTB6mioEcuB6hxGDGbzw/edit#gid=148209357&range=P34:Q34
s9,5,FORE_FUN,3rd,3,4,7,11,1,,,3,NUMERIC_PAIR,L,34,V34:W34,U34,X34:Z34,https://docs.google.com/spreadsheets/d/1l-FgF1TiEp2oVGihLZlb2SHJTB6mioEcuB6hxGDGbzw/edit#gid=148209357&range=V34:W34
s10,1,BIGJA,1st,1,5,9,14,1,,,9,NUMERIC_PAIR,L,4,J4:K4,I4,L4:N4,https://docs.google.com/spreadsheets/d/1l-FgF1TiEp2oVGihLZlb2SHJTB6mioEcuB6hxGDGbzw/edit#gid=1130581268&range=J4:K4
s10,1,BIGJA,1st,2,4,8,12,1,,,9,NUMERIC_PAIR,L,4,P4:Q4,O4,R4:T4,https://docs.google.com/spreadsheets/d/1l-FgF1TiEp2oVGihLZlb2SHJTB6mioEcuB6hxGDGbzw/edit#gid=1130581268&range=P4:Q4
s10,1,BIGJA,1st,3,4,11,15,1,,,9,NUMERIC_PAIR,L,4,V4:W4,U4,X4:Z4,https://docs.google.com/spreadsheets/d/1l-FgF1TiEp2oVGihLZlb2SHJTB6mioEcuB6hxGDGbzw/edit#gid=1130581268&range=V4:W4
s10,1,DERBY_DAZ,2nd,1,5,2,7,,1,,6,NUMERIC_PAIR,L,5,J5:K5,I5,L5:N5,https://docs.google.com/spreadsheets/d/1l-FgF1TiEp2oVGihLZlb2SHJTB6mioEcuB6hxGDGbzw/edit#gid=1130581268&range=J5:K5
s10,1,DERBY_DAZ,2nd,2,8,4,12,1,,,6,NUMERIC_PAIR,L,5,P5:Q5,O5,R5:T5,https://docs.google.com/spreadsheets/d/1l-FgF1TiEp2oVGihLZlb2SHJTB6mioEcuB6hxGDGbzw/edit#gid=1130581268&range=P5:Q5
s10,1,DERBY_DAZ,2nd,3,6,6,12,1,,,6,NUMERIC_PAIR,L,5,V5:W5,U5,X5:Z5,https://docs.google.com/spreadsheets/d/1l-FgF1TiEp2oVGihLZlb2SHJTB6mioEcuB6hxGDGbzw/edit#gid=1130581268&range=V5:W5
s10,1,YODA,4th,1,7,4,11,,1,,0,NUMERIC_PAIR,L,6,J6:K6,I6,L6:N6,https://docs.google.com/spreadsheets/d/1l-FgF1TiEp2oVGihLZlb2SHJTB6mioEcuB6hxGDGbzw/edit#gid=1130581268&range=J6:K6
s10,1,YODA,4th,2,2,6,8,,1,,0,NUMERIC_PAIR,L,6,P6:Q6,O6,R6:T6,https://docs.google.com/spreadsheets/d/1l-FgF1TiEp2oVGihLZlb2SHJTB6mioEcuB6hxGDGbzw/edit#gid=1130581268&range=P6:Q6
s10,1,YODA,4th,3,0,0,0,,1,,0,NUMERIC_PAIR,L,6,V6:W6,U6,X6:Z6,https://docs.google.com/spreadsheets/d/1l-FgF1TiEp2oVGihLZlb2SHJTB6mioEcuB6hxGDGbzw/edit#gid=1130581268&range=V6:W6
s10,1,WICKEDSHACK,4th,1,7,7,14,1,,,3,NUMERIC_PAIR,R,6,AK6:AL6,AJ6,AM6:AO6,https://docs.google.com/spreadsheets/d/1l-FgF1TiEp2oVGihLZlb2SHJTB6mioEcuB6hxGDGbzw/edit#gid=1130581268&range=AK6:AL6
s10,1,WICKEDSHACK,4th,2,2,5,7,,1,,3,NUMERIC_PAIR,R,6,AQ6:AR6,AP6,AS6:AU6,https://docs.google.com/spreadsheets/d/1l-FgF1TiEp2oVGihLZlb2SHJTB6mioEcuB6hxGDGbzw/edit#gid=1130581268&range=AQ6:AR6
s10,1,WICKEDSHACK,4th,3,2,6,8,,1,,3,NUMERIC_PAIR,R,6,AW6:AX6,AV6,AY6:BA6,https://docs.google.com/spreadsheets/d/1l-FgF1TiEp2oVGihLZlb2SHJTB6mioEcuB6hxGDGbzw/edit#gid=1130581268&range=AW6:AX6
s10,2,CHIPNPUTT,1st,1,6,3,9,,1,,6,NUMERIC_PAIR,L,11,J11:K11,I11,L11:N11,https://docs.google.com/spreadsheets/d/1l-FgF1TiEp2oVGihLZlb2SHJTB6mioEcuB6hxGDGbzw/edit#gid=1130581268&range=J11:K11
s10,2,CHIPNPUTT,1st,2,7,5,12,1,,,6,NUMERIC_PAIR,L,11,P11:Q11,O11,R11:T11,https://docs.google.com/spreadsheets/d/1l-FgF1TiEp2oVGihLZlb2SHJTB6mioEcuB6hxGDGbzw/edit#gid=1130581268&range=P11:Q11
s10,2,CHIPNPUTT,1st,3,9,6,15,1,,,6,NUMERIC_PAIR,L,11,V11:W11,U11,X11:Z11,https://docs.google.com/spreadsheets/d/1l-FgF1TiEp2oVGihLZlb2SHJTB6mioEcuB6hxGDGbzw/edit#gid=1130581268&range=V11:W11
s10,2,RAY-OF-SUNSHINE,2nd,1,5,5,10,1,,,6,NUMERIC_PAIR,L,12,J12:K12,I12,L12:N12,https://docs.google.com/spreadsheets/d/1l-FgF1TiEp2oVGihLZlb2SHJTB6mioEcuB6hxGDGbzw/edit#gid=1130581268&range=J12:K12
s10,2,RAY-OF-SUNSHINE,2nd,2,7,6,13,1,,,6,NUMERIC_PAIR,L,12,P12:Q12,O12,R12:T12,https://docs.google.com/spreadsheets/d/1l-FgF1TiEp2oVGihLZlb2SHJTB6mioEcuB6hxGDGbzw/edit#gid=1130581268&range=P12:Q12
s10,2,RAY-OF-SUNSHINE,2nd,3,3,2,5,,1,,6,NUMERIC_PAIR,L,12,V12:W12,U12,X12:Z12,https://docs.google.com/spreadsheets/d/1l-FgF1TiEp2oVGihLZlb2SHJTB6mioEcuB6hxGDGbzw/edit#gid=1130581268&range=V12:W12
s10,2,KD,4th,1,6,5,11,,,1,1,NUMERIC_PAIR,L,13,J13:K13,I13,L13:N13,https://docs.google.com/spreadsheets/d/1l-FgF1TiEp2oVGihLZlb2SHJTB6mioEcuB6hxGDGbzw/edit#gid=1130581268&range=J13:K13
s10,2,KD,4th,2,3,6,9,,1,,1,NUMERIC_PAIR,L,13,P13:Q13,O13,R13:T13,https://docs.google.com/spreadsheets/d/1l-FgF1TiEp2oVGihLZlb2SHJTB6mioEcuB6hxGDGbzw/edit#gid=1130581268&range=P13:Q13
s10,2,KD,4th,3,2,8,10,,1,,1,NUMERIC_PAIR,L,13,V13:W13,U13,X13:Z13,https://docs.google.com/spreadsheets/d/1l-FgF1TiEp2oVGihLZlb2SHJTB6mioEcuB6hxGDGbzw/edit#gid=1130581268&range=V13:W13
s10,2,PAULV,4th,1,6,5,11,,,1,4,NUMERIC_PAIR,R,13,AK13:AL13,AJ13,AM13:AO13,https://docs.google.com/spreadsheets/d/1l-FgF1TiEp2oVGihLZlb2SHJTB6mioEcuB6hxGDGbzw/edit#gid=1130581268&range=AK13:AL13
s10,2,PAULV,4th,2,2,6,8,,1,,4,NUMERIC_PAIR,R,13,AQ13:AR13,AP13,AS13:AU13,https://docs.google.com/spreadsheets/d/1l-FgF1TiEp2oVGihLZlb2SHJTB6mioEcuB6hxGDGbzw/edit#gid=1130581268&range=AQ13:AR13
s10,2,PAULV,4th,3,6,9,15,1,,,4,NUMERIC_PAIR,R,13,AW13:AX13,AV13,AY13:BA13,https://docs.google.com/spreadsheets/d/1l-FgF1TiEp2oVGihLZlb2SHJTB6mioEcuB6hxGDGbzw/edit#gid=1130581268&range=AW13:AX13
s10,3,SARAHLYNN727,1st,1,--,--,0,,,,3,UNPLAYED_DASH,L,18,J18:K18,I18,L18:N18,https://docs.google.com/spreadsheets/d/1l-FgF1TiEp2oVGihLZlb2SHJTB6mioEcuB6hxGDGbzw/edit#gid=1130581268&range=J18:K18
s10,3,SARAHLYNN727,1st,2,5,8,13,1,,,3,NUMERIC_PAIR,L,18,P18:Q18,O18,R18:T18,https://docs.google.com/spreadsheets/d/1l-FgF1TiEp2oVGihLZlb2SHJTB6mioEcuB6hxGDGbzw/edit#gid=1130581268&range=P18:Q18
s10,3,SARAHLYNN727,1st,3,--,--,0,,,,3,UNPLAYED_DASH,L,18,V18:W18,U18,X18:Z18,https://docs.google.com/spreadsheets/d/1l-FgF1TiEp2oVGihLZlb2SHJTB6mioEcuB6hxGDGbzw/edit#gid=1130581268&range=V18:W18
s10,3,SKEETER,3rd,1,--,--,0,,,,0,UNPLAYED_DASH,L,19,J19:K19,I19,L19:N19,https://docs.google.com/spreadsheets/d/1l-FgF1TiEp2oVGihLZlb2SHJTB6mioEcuB6hxGDGbzw/edit#gid=1130581268&range=J19:K19
s10,3,SKEETER,3rd,2,--,--,0,,,,0,UNPLAYED_DASH,L,19,P19:Q19,O19,R19:T19,https://docs.google.com/spreadsheets/d/1l-FgF1TiEp2oVGihLZlb2SHJTB6mioEcuB6hxGDGbzw/edit#gid=1130581268&range=P19:Q19
s10,3,SKEETER,3rd,3,--,--,0,,,,0,UNPLAYED_DASH,L,19,V19:W19,U19,X19:Z19,https://docs.google.com/spreadsheets/d/1l-FgF1TiEp2oVGihLZlb2SHJTB6mioEcuB6hxGDGbzw/edit#gid=1130581268&range=V19:W19
s10,3,AUDREY,4th,1,--,--,0,,,,0,UNPLAYED_DASH,R,19,AK19:AL19,AJ19,AM19:AO19,https://docs.google.com/spreadsheets/d/1l-FgF1TiEp2oVGihLZlb2SHJTB6mioEcuB6hxGDGbzw/edit#gid=1130581268&range=AK19:AL19
s10,3,AUDREY,4th,2,2,6,8,,1,,0,NUMERIC_PAIR,R,19,AQ19:AR19,AP19,AS19:AU19,https://docs.google.com/spreadsheets/d/1l-FgF1TiEp2oVGihLZlb2SHJTB6mioEcuB6hxGDGbzw/edit#gid=1130581268&range=AQ19:AR19
s10,3,AUDREY,4th,3,--,--,0,,,,0,UNPLAYED_DASH,R,19,AW19:AX19,AV19,AY19:BA19,https://docs.google.com/spreadsheets/d/1l-FgF1TiEp2oVGihLZlb2SHJTB6mioEcuB6hxGDGbzw/edit#gid=1130581268&range=AW19:AX19
s10,4,WILL,3rd,1,5,6,11,1,,,6,NUMERIC_PAIR,R,25,AK25:AL25,AJ25,AM25:AO25,https://docs.google.com/spreadsheets/d/1l-FgF1TiEp2oVGihLZlb2SHJTB6mioEcuB6hxGDGbzw/edit#gid=1130581268&range=AK25:AL25
s10,4,WILL,3rd,2,9,7,16,1,,,6,NUMERIC_PAIR,R,25,AQ25:AR25,AP25,AS25:AU25,https://docs.google.com/spreadsheets/d/1l-FgF1TiEp2oVGihLZlb2SHJTB6mioEcuB6hxGDGbzw/edit#gid=1130581268&range=AQ25:AR25
s10,4,WILL,3rd,3,--,--,0,,,,6,UNPLAYED_DASH,R,25,AW25:AX25,AV25,AY25:BA25,https://docs.google.com/spreadsheets/d/1l-FgF1TiEp2oVGihLZlb2SHJTB6mioEcuB6hxGDGbzw/edit#gid=1130581268&range=AW25:AX25
s10,4,SHANNON/OLIVEOWL,3rd,1,--,--,0,,,,0,UNPLAYED_DASH,L,26,J26:K26,I26,L26:N26,https://docs.google.com/spreadsheets/d/1l-FgF1TiEp2oVGihLZlb2SHJTB6mioEcuB6hxGDGbzw/edit#gid=1130581268&range=J26:K26
s10,4,SHANNON/OLIVEOWL,3rd,2,2,6,8,,1,,0,NUMERIC_PAIR,L,26,P26:Q26,O26,R26:T26,https://docs.google.com/spreadsheets/d/1l-FgF1TiEp2oVGihLZlb2SHJTB6mioEcuB6hxGDGbzw/edit#gid=1130581268&range=P26:Q26
s10,4,SHANNON/OLIVEOWL,3rd,3,3,5,8,,1,,0,NUMERIC_PAIR,L,26,V26:W26,U26,X26:Z26,https://docs.google.com/spreadsheets/d/1l-FgF1TiEp2oVGihLZlb2SHJTB6mioEcuB6hxGDGbzw/edit#gid=1130581268&range=V26:W26
s10,4,GREATSEER,4th,1,4,5,9,,1,,3,NUMERIC_PAIR,R,26,AK26:AL26,AJ26,AM26:AO26,https://docs.google.com/spreadsheets/d/1l-FgF1TiEp2oVGihLZlb2SHJTB6mioEcuB6hxGDGbzw/edit#gid=1130581268&range=AK26:AL26
s10,4,GREATSEER,4th,2,--,--,0,,,,3,UNPLAYED_DASH,R,26,AQ26:AR26,AP26,AS26:AU26,https://docs.google.com/spreadsheets/d/1l-FgF1TiEp2oVGihLZlb2SHJTB6mioEcuB6hxGDGbzw/edit#gid=1130581268&range=AQ26:AR26
s10,4,GREATSEER,4th,3,9,7,16,1,,,3,NUMERIC_PAIR,R,26,AW26:AX26,AV26,AY26:BA26,https://docs.google.com/spreadsheets/d/1l-FgF1TiEp2oVGihLZlb2SHJTB6mioEcuB6hxGDGbzw/edit#gid=1130581268&range=AW26:AX26
s10,5,FORE_FUN,1st,1,--,--,0,,,,6,UNPLAYED_DASH,L,32,J32:K32,I32,L32:N32,https://docs.google.com/spreadsheets/d/1l-FgF1TiEp2oVGihLZlb2SHJTB6mioEcuB6hxGDGbzw/edit#gid=1130581268&range=J32:K32
s10,5,FORE_FUN,1st,2,6,5,11,1,,,6,NUMERIC_PAIR,L,32,P32:Q32,O32,R32:T32,https://docs.google.com/spreadsheets/d/1l-FgF1TiEp2oVGihLZlb2SHJTB6mioEcuB6hxGDGbzw/edit#gid=1130581268&range=P32:Q32
s10,5,FORE_FUN,1st,3,8,8,16,1,,,6,NUMERIC_PAIR,L,32,V32:W32,U32,X32:Z32,https://docs.google.com/spreadsheets/d/1l-FgF1TiEp2oVGihLZlb2SHJTB6mioEcuB6hxGDGbzw/edit#gid=1130581268&range=V32:W32
s10,5,CANDYMAN,4th,1,--,--,0,,,,0,UNPLAYED_DASH,L,33,J33:K33,I33,L33:N33,https://docs.google.com/spreadsheets/d/1l-FgF1TiEp2oVGihLZlb2SHJTB6mioEcuB6hxGDGbzw/edit#gid=1130581268&range=J33:K33
s10,5,CANDYMAN,4th,2,--,--,0,,,,0,UNPLAYED_DASH,L,33,P33:Q33,O33,R33:T33,https://docs.google.com/spreadsheets/d/1l-FgF1TiEp2oVGihLZlb2SHJTB6mioEcuB6hxGDGbzw/edit#gid=1130581268&range=P33:Q33
s10,5,CANDYMAN,4th,3,--,--,0,,,,0,UNPLAYED_DASH,L,33,V33:W33,U33,X33:Z33,https://docs.google.com/spreadsheets/d/1l-FgF1TiEp2oVGihLZlb2SHJTB6mioEcuB6hxGDGbzw/edit#gid=1130581268&range=V33:W33
s10,5,SKORPZZ,3rd,1,--,--,0,,,,0,UNPLAYED_DASH,R,33,AK33:AL33,AJ33,AM33:AO33,https://docs.google.com/spreadsheets/d/1l-FgF1TiEp2oVGihLZlb2SHJTB6mioEcuB6hxGDGbzw/edit#gid=1130581268&range=AK33:AL33
s10,5,SKORPZZ,3rd,2,--,--,0,,,,0,UNPLAYED_DASH,R,33,AQ33:AR33,AP33,AS33:AU33,https://docs.google.com/spreadsheets/d/1l-FgF1TiEp2oVGihLZlb2SHJTB6mioEcuB6hxGDGbzw/edit#gid=1130581268&range=AQ33:AR33
s10,5,SKORPZZ,3rd,3,5,6,11,,1,,0,NUMERIC_PAIR,R,33,AW33:AX33,AV33,AY33:BA33,https://docs.google.com/spreadsheets/d/1l-FgF1TiEp2oVGihLZlb2SHJTB6mioEcuB6hxGDGbzw/edit#gid=1130581268&range=AW33:AX33
s10,5,PRINCESS SPICY,4th,1,--,--,0,,,,0,UNPLAYED_DASH,R,34,AK34:AL34,AJ34,AM34:AO34,https://docs.google.com/spreadsheets/d/1l-FgF1TiEp2oVGihLZlb2SHJTB6mioEcuB6hxGDGbzw/edit#gid=1130581268&range=AK34:AL34
s10,5,PRINCESS SPICY,4th,2,5,4,9,,1,,0,NUMERIC_PAIR,R,34,AQ34:AR34,AP34,AS34:AU34,https://docs.google.com/spreadsheets/d/1l-FgF1TiEp2oVGihLZlb2SHJTB6mioEcuB6hxGDGbzw/edit#gid=1130581268&range=AQ34:AR34
s10,5,PRINCESS SPICY,4th,3,--,--,0,,,,0,UNPLAYED_DASH,R,34,AW34:AX34,AV34,AY34:BA34,https://docs.google.com/spreadsheets/d/1l-FgF1TiEp2oVGihLZlb2SHJTB6mioEcuB6hxGDGbzw/edit#gid=1130581268&range=AW34:AX34
11,1,BIGJA,2nd,1,5,4,9,,1,,6,NUMERIC_PAIR,L,4,J4:K4,I4,L4:N4,https://docs.google.com/spreadsheets/d/1l-FgF1TiEp2oVGihLZlb2SHJTB6mioEcuB6hxGDGbzw/edit#gid=1806498582&range=J4:K4
11,1,BIGJA,2nd,2,7,6,13,1,,,6,NUMERIC_PAIR,L,4,P4:Q4,O4,R4:T4,https://docs.google.com/spreadsheets/d/1l-FgF1TiEp2oVGihLZlb2SHJTB6mioEcuB6hxGDGbzw/edit#gid=1806498582&range=P4:Q4
11,1,BIGJA,2nd,3,6,7,13,1,,,6,NUMERIC_PAIR,L,4,V4:W4,U4,X4:Z4,https://docs.google.com/spreadsheets/d/1l-FgF1TiEp2oVGihLZlb2SHJTB6mioEcuB6hxGDGbzw/edit#gid=1806498582&range=V4:W4
11,1,DERBY_DAZ,2nd,1,6,5,11,1,,,9,NUMERIC_PAIR,R,4,AK4:AL4,AJ4,AM4:AO4,https://docs.google.com/spreadsheets/d/1l-FgF1TiEp2oVGihLZlb2SHJTB6mioEcuB6hxGDGbzw/edit#gid=1806498582&range=AK4:AL4
11,1,DERBY_DAZ,2nd,2,5,7,12,1,,,9,NUMERIC_PAIR,R,4,AQ4:AR4,AP4,AS4:AU4,https://docs.google.com/spreadsheets/d/1l-FgF1TiEp2oVGihLZlb2SHJTB6mioEcuB6hxGDGbzw/edit#gid=1806498582&range=AQ4:AR4
11,1,DERBY_DAZ,2nd,3,7,10,17,1,,,9,NUMERIC_PAIR,R,4,AW4:AX4,AV4,AY4:BA4,https://docs.google.com/spreadsheets/d/1l-FgF1TiEp2oVGihLZlb2SHJTB6mioEcuB6hxGDGbzw/edit#gid=1806498582&range=AW4:AX4
11,1,WICKEDSHACK,3rd,1,3,6,9,,,1,1,NUMERIC_PAIR,L,6,J6:K6,I6,L6:N6,https://docs.google.com/spreadsheets/d/1l-FgF1TiEp2oVGihLZlb2SHJTB6mioEcuB6hxGDGbzw/edit#gid=1806498582&range=J6:K6
11,1,WICKEDSHACK,3rd,2,0,3,3,,1,,1,NUMERIC_PAIR,L,6,P6:Q6,O6,R6:T6,https://docs.google.com/spreadsheets/d/1l-FgF1TiEp2oVGihLZlb2SHJTB6mioEcuB6hxGDGbzw/edit#gid=1806498582&range=P6:Q6
11,1,WICKEDSHACK,3rd,3,5,5,10,,1,,1,NUMERIC_PAIR,L,6,V6:W6,U6,X6:Z6,https://docs.google.com/spreadsheets/d/1l-FgF1TiEp2oVGihLZlb2SHJTB6mioEcuB6hxGDGbzw/edit#gid=1806498582&range=V6:W6
11,1,CHIPNPUTT,4th,1,3,6,9,,,1,1,NUMERIC_PAIR,L,7,J7:K7,I7,L7:N7,https://docs.google.com/spreadsheets/d/1l-FgF1TiEp2oVGihLZlb2SHJTB6mioEcuB6hxGDGbzw/edit#gid=1806498582&range=J7:K7
11,1,CHIPNPUTT,4th,2,3,2,5,,1,,1,NUMERIC_PAIR,L,7,P7:Q7,O7,R7:T7,https://docs.google.com/spreadsheets/d/1l-FgF1TiEp2oVGihLZlb2SHJTB6mioEcuB6hxGDGbzw/edit#gid=1806498582&range=P7:Q7
11,1,CHIPNPUTT,4th,3,3,1,4,,1,,1,NUMERIC_PAIR,L,7,V7:W7,U7,X7:Z7,https://docs.google.com/spreadsheets/d/1l-FgF1TiEp2oVGihLZlb2SHJTB6mioEcuB6hxGDGbzw/edit#gid=1806498582&range=V7:W7
11,2,YODA,1st,1,14,5,19,1,,,6,NUMERIC_PAIR,L,11,J11:K11,I11,L11:N11,https://docs.google.com/spreadsheets/d/1l-FgF1TiEp2oVGihLZlb2SHJTB6mioEcuB6hxGDGbzw/edit#gid=1806498582&range=J11:K11
11,2,YODA,1st,2,--,--,0,,,,6,UNPLAYED_DASH,L,11,P11:Q11,O11,R11:T11,https://docs.google.com/spreadsheets/d/1l-FgF1TiEp2oVGihLZlb2SHJTB6mioEcuB6hxGDGbzw/edit#gid=1806498582&range=P11:Q11
11,2,YODA,1st,3,11,6,17,1,,,6,NUMERIC_PAIR,L,11,V11:W11,U11,X11:Z11,https://docs.google.com/spreadsheets/d/1l-FgF1TiEp2oVGihLZlb2SHJTB6mioEcuB6hxGDGbzw/edit#gid=1806498582&range=V11:W11
11,2,RAY-OF-SUNSHINE,3rd,1,3,3,6,,1,,0,NUMERIC_PAIR,L,12,J12:K12,I12,L12:N12,https://docs.google.com/spreadsheets/d/1l-FgF1TiEp2oVGihLZlb2SHJTB6mioEcuB6hxGDGbzw/edit#gid=1806498582&range=J12:K12
11,2,RAY-OF-SUNSHINE,3rd,2,2,6,8,,1,,0,NUMERIC_PAIR,L,12,P12:Q12,O12,R12:T12,https://docs.google.com/spreadsheets/d/1l-FgF1TiEp2oVGihLZlb2SHJTB6mioEcuB6hxGDGbzw/edit#gid=1806498582&range=P12:Q12
11,2,RAY-OF-SUNSHINE,3rd,3,--,--,0,,,,0,UNPLAYED_DASH,L,12,V12:W12,U12,X12:Z12,https://docs.google.com/spreadsheets/d/1l-FgF1TiEp2oVGihLZlb2SHJTB6mioEcuB6hxGDGbzw/edit#gid=1806498582&range=V12:W12
11,2,PAULV,3rd,1,8,5,13,1,,,6,NUMERIC_PAIR,R,12,AK12:AL12,AJ12,AM12:AO12,https://docs.google.com/spreadsheets/d/1l-FgF1TiEp2oVGihLZlb2SHJTB6mioEcuB6hxGDGbzw/edit#gid=1806498582&range=AK12:AL12
11,2,PAULV,3rd,2,7,2,9,1,,,6,NUMERIC_PAIR,R,12,AQ12:AR12,AP12,AS12:AU12,https://docs.google.com/spreadsheets/d/1l-FgF1TiEp2oVGihLZlb2SHJTB6mioEcuB6hxGDGbzw/edit#gid=1806498582&range=AQ12:AR12
11,2,PAULV,3rd,3,4,9,13,,1,,6,NUMERIC_PAIR,R,12,AW12:AX12,AV12,AY12:BA12,https://docs.google.com/spreadsheets/d/1l-FgF1TiEp2oVGihLZlb2SHJTB6mioEcuB6hxGDGbzw/edit#gid=1806498582&range=AW12:AX12
11,2,SARAHLYNN727,4th,1,3,3,6,,1,,0,NUMERIC_PAIR,L,14,J14:K14,I14,L14:N14,https://docs.google.com/spreadsheets/d/1l-FgF1TiEp2oVGihLZlb2SHJTB6mioEcuB6hxGDGbzw/edit#gid=1806498582&range=J14:K14
11,2,SARAHLYNN727,4th,2,--,--,0,,,,0,UNPLAYED_DASH,L,14,P14:Q14,O14,R14:T14,https://docs.google.com/spreadsheets/d/1l-FgF1TiEp2oVGihLZlb2SHJTB6mioEcuB6hxGDGbzw/edit#gid=1806498582&range=P14:Q14
11,2,SARAHLYNN727,4th,3,--,--,0,,,,0,UNPLAYED_DASH,L,14,V14:W14,U14,X14:Z14,https://docs.google.com/spreadsheets/d/1l-FgF1TiEp2oVGihLZlb2SHJTB6mioEcuB6hxGDGbzw/edit#gid=1806498582&range=V14:W14
11,3,KD,2nd,1,10,3,13,1,,,6,NUMERIC_PAIR,L,18,J18:K18,I18,L18:N18,https://docs.google.com/spreadsheets/d/1l-FgF1TiEp2oVGihLZlb2SHJTB6mioEcuB6hxGDGbzw/edit#gid=1806498582&range=J18:K18
11,3,KD,2nd,2,1,4,5,,1,,6,NUMERIC_PAIR,L,18,P18:Q18,O18,R18:T18,https://docs.google.com/spreadsheets/d/1l-FgF1TiEp2oVGihLZlb2SHJTB6mioEcuB6hxGDGbzw/edit#gid=1806498582&range=P18:Q18
11,3,KD,2nd,3,5,5,10,1,,,6,NUMERIC_PAIR,L,18,V18:W18,U18,X18:Z18,https://docs.google.com/spreadsheets/d/1l-FgF1TiEp2oVGihLZlb2SHJTB6mioEcuB6hxGDGbzw/edit#gid=1806498582&range=V18:W18
11,3,WILL,3rd,1,8,9,17,1,,,6,NUMERIC_PAIR,R,18,AK18:AL18,AJ18,AM18:AO18,https://docs.google.com/spreadsheets/d/1l-FgF1TiEp2oVGihLZlb2SHJTB6mioEcuB6hxGDGbzw/edit#gid=1806498582&range=AK18:AL18
11,3,WILL,3rd,2,7,11,18,1,,,6,NUMERIC_PAIR,R,18,AQ18:AR18,AP18,AS18:AU18,https://docs.google.com/spreadsheets/d/1l-FgF1TiEp2oVGihLZlb2SHJTB6mioEcuB6hxGDGbzw/edit#gid=1806498582&range=AQ18:AR18
11,3,WILL,3rd,3,3,5,8,,1,,6,NUMERIC_PAIR,R,18,AW18:AX18,AV18,AY18:BA18,https://docs.google.com/spreadsheets/d/1l-FgF1TiEp2oVGihLZlb2SHJTB6mioEcuB6hxGDGbzw/edit#gid=1806498582&range=AW18:AX18
11,3,AUDREY,4th,1,1,3,4,,1,,3,NUMERIC_PAIR,L,19,J19:K19,I19,L19:N19,https://docs.google.com/spreadsheets/d/1l-FgF1TiEp2oVGihLZlb2SHJTB6mioEcuB6hxGDGbzw/edit#gid=1806498582&range=J19:K19
11,3,AUDREY,4th,2,0,0,0,,1,,3,NUMERIC_PAIR,L,19,P19:Q19,O19,R19:T19,https://docs.google.com/spreadsheets/d/1l-FgF1TiEp2oVGihLZlb2SHJTB6mioEcuB6hxGDGbzw/edit#gid=1806498582&range=P19:Q19
11,3,AUDREY,4th,3,5,7,12,1,,,3,NUMERIC_PAIR,L,19,V19:W19,U19,X19:Z19,https://docs.google.com/spreadsheets/d/1l-FgF1TiEp2oVGihLZlb2SHJTB6mioEcuB6hxGDGbzw/edit#gid=1806498582&range=V19:W19
11,3,GREATSEER,4th,1,3,2,5,,1,,3,NUMERIC_PAIR,R,20,AK20:AL20,AJ20,AM20:AO20,https://docs.google.com/spreadsheets/d/1l-FgF1TiEp2oVGihLZlb2SHJTB6mioEcuB6hxGDGbzw/edit#gid=1806498582&range=AK20:AL20
11,3,GREATSEER,4th,2,5,7,12,1,,,3,NUMERIC_PAIR,R,20,AQ20:AR20,AP20,AS20:AU20,https://docs.google.com/spreadsheets/d/1l-FgF1TiEp2oVGihLZlb2SHJTB6mioEcuB6hxGDGbzw/edit#gid=1806498582&range=AQ20:AR20
11,3,GREATSEER,4th,3,3,3,6,,1,,3,NUMERIC_PAIR,R,20,AW20:AX20,AV20,AY20:BA20,https://docs.google.com/spreadsheets/d/1l-FgF1TiEp2oVGihLZlb2SHJTB6mioEcuB6hxGDGbzw/edit#gid=1806498582&range=AW20:AX20
11,4,SHANNON/OLIVEOWL,3rd,1,4,2,6,,1,,0,NUMERIC_PAIR,L,25,J25:K25,I25,L25:N25,https://docs.google.com/spreadsheets/d/1l-FgF1TiEp2oVGihLZlb2SHJTB6mioEcuB6hxGDGbzw/edit#gid=1806498582&range=J25:K25
11,4,SHANNON/OLIVEOWL,3rd,2,--,--,0,,,,0,UNPLAYED_DASH,L,25,P25:Q25,O25,R25:T25,https://docs.google.com/spreadsheets/d/1l-FgF1TiEp2oVGihLZlb2SHJTB6mioEcuB6hxGDGbzw/edit#gid=1806498582&range=P25:Q25
11,4,SHANNON/OLIVEOWL,3rd,3,--,--,0,,,,0,UNPLAYED_DASH,L,25,V25:W25,U25,X25:Z25,https://docs.google.com/spreadsheets/d/1l-FgF1TiEp2oVGihLZlb2SHJTB6mioEcuB6hxGDGbzw/edit#gid=1806498582&range=V25:W25
11,4,FORE_FUN,2nd,1,7,10,17,1,,,3,NUMERIC_PAIR,R,25,AK25:AL25,AJ25,AM25:AO25,https://docs.google.com/spreadsheets/d/1l-FgF1TiEp2oVGihLZlb2SHJTB6mioEcuB6hxGDGbzw/edit#gid=1806498582&range=AK25:AL25
11,4,FORE_FUN,2nd,2,--,--,0,,,,3,UNPLAYED_DASH,R,25,AQ25:AR25,AP25,AS25:AU25,https://docs.google.com/spreadsheets/d/1l-FgF1TiEp2oVGihLZlb2SHJTB6mioEcuB6hxGDGbzw/edit#gid=1806498582&range=AQ25:AR25
11,4,FORE_FUN,2nd,3,3,4,7,,1,,3,NUMERIC_PAIR,R,25,AW25:AX25,AV25,AY25:BA25,https://docs.google.com/spreadsheets/d/1l-FgF1TiEp2oVGihLZlb2SHJTB6mioEcuB6hxGDGbzw/edit#gid=1806498582&range=AW25:AX25
11,4,PRINCESS-SPICY,4th,1,--,--,0,,,,3,UNPLAYED_DASH,R,26,AK26:AL26,AJ26,AM26:AO26,https://docs.google.com/spreadsheets/d/1l-FgF1TiEp2oVGihLZlb2SHJTB6mioEcuB6hxGDGbzw/edit#gid=1806498582&range=AK26:AL26
11,4,PRINCESS-SPICY,4th,2,--,--,0,,,,3,UNPLAYED_DASH,R,26,AQ26:AR26,AP26,AS26:AU26,https://docs.google.com/spreadsheets/d/1l-FgF1TiEp2oVGihLZlb2SHJTB6mioEcuB6hxGDGbzw/edit#gid=1806498582&range=AQ26:AR26
11,4,PRINCESS-SPICY,4th,3,9,5,14,1,,,3,NUMERIC_PAIR,R,26,AW26:AX26,AV26,AY26:BA26,https://docs.google.com/spreadsheets/d/1l-FgF1TiEp2oVGihLZlb2SHJTB6mioEcuB6hxGDGbzw/edit#gid=1806498582&range=AW26:AX26
12,1,DERBY_DAZ,1st,1,7,5,12,1,,,9,NUMERIC_PAIR,L,4,J4:K4,I4,L4:N4,https://docs.google.com/spreadsheets/d/1l-FgF1TiEp2oVGihLZlb2SHJTB6mioEcuB6hxGDGbzw/edit#gid=1600540861&range=J4:K4
12,1,DERBY_DAZ,1st,2,8,7,15,1,,,9,NUMERIC_PAIR,L,4,P4:Q4,O4,R4:T4,https://docs.google.com/spreadsheets/d/1l-FgF1TiEp2oVGihLZlb2SHJTB6mioEcuB6hxGDGbzw/edit#gid=1600540861&range=P4:Q4
12,1,DERBY_DAZ,1st,3,8,6,14,1,,,9,NUMERIC_PAIR,L,4,V4:W4,U4,X4:Z4,https://docs.google.com/spreadsheets/d/1l-FgF1TiEp2oVGihLZlb2SHJTB6mioEcuB6hxGDGbzw/edit#gid=1600540861&range=V4:W4
12,1,BIGJA,2nd,1,3,3,6,,1,,3,NUMERIC_PAIR,L,5,J5:K5,I5,L5:N5,https://docs.google.com/spreadsheets/d/1l-FgF1TiEp2oVGihLZlb2SHJTB6mioEcuB6hxGDGbzw/edit#gid=1600540861&range=J5:K5
12,1,BIGJA,2nd,2,-,-,0,,,,3,UNPLAYED_DASH,L,5,P5:Q5,O5,R5:T5,https://docs.google.com/spreadsheets/d/1l-FgF1TiEp2oVGihLZlb2SHJTB6mioEcuB6hxGDGbzw/edit#gid=1600540861&range=P5:Q5
12,1,BIGJA,2nd,3,7,9,16,1,,,3,NUMERIC_PAIR,L,5,V5:W5,U5,X5:Z5,https://docs.google.com/spreadsheets/d/1l-FgF1TiEp2oVGihLZlb2SHJTB6mioEcuB6hxGDGbzw/edit#gid=1600540861&range=V5:W5
12,1,WICKEDSHACK,4th,1,-,-,0,,,,0,UNPLAYED_DASH,L,6,J6:K6,I6,L6:N6,https://docs.google.com/spreadsheets/d/1l-FgF1TiEp2oVGihLZlb2SHJTB6mioEcuB6hxGDGbzw/edit#gid=1600540861&range=J6:K6
12,1,WICKEDSHACK,4th,2,-,-,0,,,,0,UNPLAYED_DASH,L,6,P6:Q6,O6,R6:T6,https://docs.google.com/spreadsheets/d/1l-FgF1TiEp2oVGihLZlb2SHJTB6mioEcuB6hxGDGbzw/edit#gid=1600540861&range=P6:Q6
12,1,WICKEDSHACK,4th,3,4,4,8,,1,,0,NUMERIC_PAIR,L,6,V6:W6,U6,X6:Z6,https://docs.google.com/spreadsheets/d/1l-FgF1TiEp2oVGihLZlb2SHJTB6mioEcuB6hxGDGbzw/edit#gid=1600540861&range=V6:W6
12,1,YODA,4th,1,-,-,0,,,,0,UNPLAYED_DASH,R,6,AK6:AL6,AJ6,AM6:AO6,https://docs.google.com/spreadsheets/d/1l-FgF1TiEp2oVGihLZlb2SHJTB6mioEcuB6hxGDGbzw/edit#gid=1600540861&range=AK6:AL6
12,1,YODA,4th,2,4,3,7,,1,,0,NUMERIC_PAIR,R,6,AQ6:AR6,AP6,AS6:AU6,https://docs.google.com/spreadsheets/d/1l-FgF1TiEp2oVGihLZlb2SHJTB6mioEcuB6hxGDGbzw/edit#gid=1600540861&range=AQ6:AR6
12,1,YODA,4th,3,3,1,4,,1,,0,NUMERIC_PAIR,R,6,AW6:AX6,AV6,AY6:BA6,https://docs.google.com/spreadsheets/d/1l-FgF1TiEp2oVGihLZlb2SHJTB6mioEcuB6hxGDGbzw/edit#gid=1600540861&range=AW6:AX6
12,2,CHIPNPUTT,1st,1,12,2,14,1,,,6,NUMERIC_PAIR,L,11,J11:K11,I11,L11:N11,https://docs.google.com/spreadsheets/d/1l-FgF1TiEp2oVGihLZlb2SHJTB6mioEcuB6hxGDGbzw/edit#gid=1600540861&range=J11:K11
12,2,CHIPNPUTT,1st,2,-,-,0,,,,6,UNPLAYED_DASH,L,11,P11:Q11,O11,R11:T11,https://docs.google.com/spreadsheets/d/1l-FgF1TiEp2oVGihLZlb2SHJTB6mioEcuB6hxGDGbzw/edit#gid=1600540861&range=P11:Q11
12,2,CHIPNPUTT,1st,3,6,5,11,1,,,6,NUMERIC_PAIR,L,11,V11:W11,U11,X11:Z11,https://docs.google.com/spreadsheets/d/1l-FgF1TiEp2oVGihLZlb2SHJTB6mioEcuB6hxGDGbzw/edit#gid=1600540861&range=V11:W11
12,2,PAULV-PPP,3rd,1,1,6,7,,1,,0,NUMERIC_PAIR,L,12,J12:K12,I12,L12:N12,https://docs.google.com/spreadsheets/d/1l-FgF1TiEp2oVGihLZlb2SHJTB6mioEcuB6hxGDGbzw/edit#gid=1600540861&range=J12:K12
12,2,PAULV-PPP,3rd,2,0,0,0,,,,0,NUMERIC_PAIR,L,12,P12:Q12,O12,R12:T12,https://docs.google.com/spreadsheets/d/1l-FgF1TiEp2oVGihLZlb2SHJTB6mioEcuB6hxGDGbzw/edit#gid=1600540861&range=P12:Q12
12,2,PAULV-PPP,3rd,3,-,-,0,,,,0,UNPLAYED_DASH,L,12,V12:W12,U12,X12:Z12,https://docs.google.com/spreadsheets/d/1l-FgF1TiEp2oVGihLZlb2SHJTB6mioEcuB6hxGDGbzw/edit#gid=1600540861&range=V12:W12
12,2,RAY-OF-SUNSHINE,3rd,1,-,-,0,,,,0,UNPLAYED_DASH,R,12,AK12:AL12,AJ12,AM12:AO12,https://docs.google.com/spreadsheets/d/1l-FgF1TiEp2oVGihLZlb2SHJTB6mioEcuB6hxGDGbzw/edit#gid=1600540861&range=AK12:AL12
12,2,RAY-OF-SUNSHINE,3rd,2,0,0,0,,,,0,NUMERIC_PAIR,R,12,AQ12:AR12,AP12,AS12:AU12,https://docs.google.com/spreadsheets/d/1l-FgF1TiEp2oVGihLZlb2SHJTB6mioEcuB6hxGDGbzw/edit#gid=1600540861&range=AQ12:AR12
12,2,RAY-OF-SUNSHINE,3rd,3,5,4,9,,1,,0,NUMERIC_PAIR,R,12,AW12:AX12,AV12,AY12:BA12,https://docs.google.com/spreadsheets/d/1l-FgF1TiEp2oVGihLZlb2SHJTB6mioEcuB6hxGDGbzw/edit#gid=1600540861&range=AW12:AX12
12,3,SARAHLYNN,3rd,1,5,4,9,,,1,1,NUMERIC_PAIR,L,18,J18:K18,I18,L18:N18,https://docs.google.com/spreadsheets/d/1l-FgF1TiEp2oVGihLZlb2SHJTB6mioEcuB6hxGDGbzw/edit#gid=1600540861&range=J18:K18
12,3,SARAHLYNN,3rd,2,2,3,5,,1,,1,NUMERIC_PAIR,L,18,P18:Q18,O18,R18:T18,https://docs.google.com/spreadsheets/d/1l-FgF1TiEp2oVGihLZlb2SHJTB6mioEcuB6hxGDGbzw/edit#gid=1600540861&range=P18:Q18
12,3,SARAHLYNN,3rd,3,0,0,0,,,,1,NUMERIC_PAIR,L,18,V18:W18,U18,X18:Z18,https://docs.google.com/spreadsheets/d/1l-FgF1TiEp2oVGihLZlb2SHJTB6mioEcuB6hxGDGbzw/edit#gid=1600540861&range=V18:W18
12,3,FORE FUN,4th,1,4,10,14,1,,,9,NUMERIC_PAIR,R,18,AK18:AL18,AJ18,AM18:AO18,https://docs.google.com/spreadsheets/d/1l-FgF1TiEp2oVGihLZlb2SHJTB6mioEcuB6hxGDGbzw/edit#gid=1600540861&range=AK18:AL18
12,3,FORE FUN,4th,2,4,2,6,1,,,9,NUMERIC_PAIR,R,18,AQ18:AR18,AP18,AS18:AU18,https://docs.google.com/spreadsheets/d/1l-FgF1TiEp2oVGihLZlb2SHJTB6mioEcuB6hxGDGbzw/edit#gid=1600540861&range=AQ18:AR18
12,3,FORE FUN,4th,3,8,7,15,1,,,9,NUMERIC_PAIR,R,18,AW18:AX18,AV18,AY18:BA18,https://docs.google.com/spreadsheets/d/1l-FgF1TiEp2oVGihLZlb2SHJTB6mioEcuB6hxGDGbzw/edit#gid=1600540861&range=AW18:AX18
12,3,KD,2nd,1,7,2,9,,,1,4,NUMERIC_PAIR,L,19,J19:K19,I19,L19:N19,https://docs.google.com/spreadsheets/d/1l-FgF1TiEp2oVGihLZlb2SHJTB6mioEcuB6hxGDGbzw/edit#gid=1600540861&range=J19:K19
12,3,KD,2nd,2,6,5,11,1,,,4,NUMERIC_PAIR,L,19,P19:Q19,O19,R19:T19,https://docs.google.com/spreadsheets/d/1l-FgF1TiEp2oVGihLZlb2SHJTB6mioEcuB6hxGDGbzw/edit#gid=1600540861&range=P19:Q19
12,3,KD,2nd,3,3,4,7,,1,,4,NUMERIC_PAIR,L,19,V19:W19,U19,X19:Z19,https://docs.google.com/spreadsheets/d/1l-FgF1TiEp2oVGihLZlb2SHJTB6mioEcuB6hxGDGbzw/edit#gid=1600540861&range=V19:W19
12,3,GREATSEER,4th,1,7,4,11,,1,,0,NUMERIC_PAIR,L,20,J20:K20,I20,L20:N20,https://docs.google.com/spreadsheets/d/1l-FgF1TiEp2oVGihLZlb2SHJTB6mioEcuB6hxGDGbzw/edit#gid=1600540861&range=J20:K20
12,3,GREATSEER,4th,2,1,2,3,,1,,0,NUMERIC_PAIR,L,20,P20:Q20,O20,R20:T20,https://docs.google.com/spreadsheets/d/1l-FgF1TiEp2oVGihLZlb2SHJTB6mioEcuB6hxGDGbzw/edit#gid=1600540861&range=P20:Q20
12,3,GREATSEER,4th,3,0,0,0,,,,0,NUMERIC_PAIR,L,20,V20:W20,U20,X20:Z20,https://docs.google.com/spreadsheets/d/1l-FgF1TiEp2oVGihLZlb2SHJTB6mioEcuB6hxGDGbzw/edit#gid=1600540861&range=V20:W20
12,4,AUDREY,3rd,1,4,3,7,,1,,0,NUMERIC_PAIR,L,25,J25:K25,I25,L25:N25,https://docs.google.com/spreadsheets/d/1l-FgF1TiEp2oVGihLZlb2SHJTB6mioEcuB6hxGDGbzw/edit#gid=1600540861&range=J25:K25
12,4,AUDREY,3rd,2,--,--,0,,,,0,UNPLAYED_DASH,L,25,P25:Q25,O25,R25:T25,https://docs.google.com/spreadsheets/d/1l-FgF1TiEp2oVGihLZlb2SHJTB6mioEcuB6hxGDGbzw/edit#gid=1600540861&range=P25:Q25
12,4,AUDREY,3rd,3,5,3,8,,1,,0,NUMERIC_PAIR,L,25,V25:W25,U25,X25:Z25,https://docs.google.com/spreadsheets/d/1l-FgF1TiEp2oVGihLZlb2SHJTB6mioEcuB6hxGDGbzw/edit#gid=1600540861&range=V25:W25
12,4,WAREY,3rd,1,--,--,0,,,,6,UNPLAYED_DASH,R,25,AK25:AL25,AJ25,AM25:AO25,https://docs.google.com/spreadsheets/d/1l-FgF1TiEp2oVGihLZlb2SHJTB6mioEcuB6hxGDGbzw/edit#gid=1600540861&range=AK25:AL25
12,4,WAREY,3rd,2,5,7,12,1,,,6,NUMERIC_PAIR,R,25,AQ25:AR25,AP25,AS25:AU25,https://docs.google.com/spreadsheets/d/1l-FgF1TiEp2oVGihLZlb2SHJTB6mioEcuB6hxGDGbzw/edit#gid=1600540861&range=AQ25:AR25
12,4,WAREY,3rd,3,7,7,14,1,,,6,NUMERIC_PAIR,R,25,AW25:AX25,AV25,AY25:BA25,https://docs.google.com/spreadsheets/d/1l-FgF1TiEp2oVGihLZlb2SHJTB6mioEcuB6hxGDGbzw/edit#gid=1600540861&range=AW25:AX25
12,4,PRINCESS-SPICY,2nd,1,4,10,14,1,,,3,NUMERIC_PAIR,L,26,J26:K26,I26,L26:N26,https://docs.google.com/spreadsheets/d/1l-FgF1TiEp2oVGihLZlb2SHJTB6mioEcuB6hxGDGbzw/edit#gid=1600540861&range=J26:K26
12,4,PRINCESS-SPICY,2nd,2,6,3,9,,1,,3,NUMERIC_PAIR,L,26,P26:Q26,O26,R26:T26,https://docs.google.com/spreadsheets/d/1l-FgF1TiEp2oVGihLZlb2SHJTB6mioEcuB6hxGDGbzw/edit#gid=1600540861&range=P26:Q26
12,4,PRINCESS-SPICY,2nd,3,--,--,0,,,,3,UNPLAYED_DASH,L,26,V26:W26,U26,X26:Z26,https://docs.google.com/spreadsheets/d/1l-FgF1TiEp2oVGihLZlb2SHJTB6mioEcuB6hxGDGbzw/edit#gid=1600540861&range=V26:W26
13,1,DERBY_DAZ,2nd,1,6,2,8,,1,,6,NUMERIC_PAIR,L,4,J4:K4,I4,L4:N4,https://docs.google.com/spreadsheets/d/1l-FgF1TiEp2oVGihLZlb2SHJTB6mioEcuB6hxGDGbzw/edit#gid=1083331331&range=J4:K4
13,1,DERBY_DAZ,2nd,2,6,4,10,1,,,6,NUMERIC_PAIR,L,4,P4:Q4,O4,R4:T4,https://docs.google.com/spreadsheets/d/1l-FgF1TiEp2oVGihLZlb2SHJTB6mioEcuB6hxGDGbzw/edit#gid=1083331331&range=P4:Q4
13,1,DERBY_DAZ,2nd,3,8,4,12,1,,,6,NUMERIC_PAIR,L,4,V4:W4,U4,X4:Z4,https://docs.google.com/spreadsheets/d/1l-FgF1TiEp2oVGihLZlb2SHJTB6mioEcuB6hxGDGbzw/edit#gid=1083331331&range=V4:W4
13,1,BIGJA,2nd,1,4,7,11,1,,,9,NUMERIC_PAIR,R,4,AK4:AL4,AJ4,AM4:AO4,https://docs.google.com/spreadsheets/d/1l-FgF1TiEp2oVGihLZlb2SHJTB6mioEcuB6hxGDGbzw/edit#gid=1083331331&range=AK4:AL4
13,1,BIGJA,2nd,2,5,5,10,1,,,9,NUMERIC_PAIR,R,4,AQ4:AR4,AP4,AS4:AU4,https://docs.google.com/spreadsheets/d/1l-FgF1TiEp2oVGihLZlb2SHJTB6mioEcuB6hxGDGbzw/edit#gid=1083331331&range=AQ4:AR4
13,1,BIGJA,2nd,3,10,5,15,1,,,9,NUMERIC_PAIR,R,4,AW4:AX4,AV4,AY4:BA4,https://docs.google.com/spreadsheets/d/1l-FgF1TiEp2oVGihLZlb2SHJTB6mioEcuB6hxGDGbzw/edit#gid=1083331331&range=AW4:AX4
13,1,YODA,4th,1,6,4,10,,1,,0,NUMERIC_PAIR,L,6,J6:K6,I6,L6:N6,https://docs.google.com/spreadsheets/d/1l-FgF1TiEp2oVGihLZlb2SHJTB6mioEcuB6hxGDGbzw/edit#gid=1083331331&range=J6:K6
13,1,YODA,4th,2,4,3,7,,1,,0,NUMERIC_PAIR,L,6,P6:Q6,O6,R6:T6,https://docs.google.com/spreadsheets/d/1l-FgF1TiEp2oVGihLZlb2SHJTB6mioEcuB6hxGDGbzw/edit#gid=1083331331&range=P6:Q6
13,1,YODA,4th,3,2,5,7,,1,,0,NUMERIC_PAIR,L,6,V6:W6,U6,X6:Z6,https://docs.google.com/spreadsheets/d/1l-FgF1TiEp2oVGihLZlb2SHJTB6mioEcuB6hxGDGbzw/edit#gid=1083331331&range=V6:W6
13,1,CHIPNPUTT,4th,1,8,5,13,1,,,3,NUMERIC_PAIR,R,6,AK6:AL6,AJ6,AM6:AO6,https://docs.google.com/spreadsheets/d/1l-FgF1TiEp2oVGihLZlb2SHJTB6mioEcuB6hxGDGbzw/edit#gid=1083331331&range=AK6:AL6
13,1,CHIPNPUTT,4th,2,4,4,8,,1,,3,NUMERIC_PAIR,R,6,AQ6:AR6,AP6,AS6:AU6,https://docs.google.com/spreadsheets/d/1l-FgF1TiEp2oVGihLZlb2SHJTB6mioEcuB6hxGDGbzw/edit#gid=1083331331&range=AQ6:AR6
13,1,CHIPNPUTT,4th,3,4,3,7,,1,,3,NUMERIC_PAIR,R,6,AW6:AX6,AV6,AY6:BA6,https://docs.google.com/spreadsheets/d/1l-FgF1TiEp2oVGihLZlb2SHJTB6mioEcuB6hxGDGbzw/edit#gid=1083331331&range=AW6:AX6
13,2,RAY-OF-SUNSHINE,4th,1,-,-,0,,,,0,UNPLAYED_DASH,L,11,J11:K11,I11,L11:N11,https://docs.google.com/spreadsheets/d/1l-FgF1TiEp2oVGihLZlb2SHJTB6mioEcuB6hxGDGbzw/edit#gid=1083331331&range=J11:K11
13,2,RAY-OF-SUNSHINE,4th,2,-,-,0,,,,0,UNPLAYED_DASH,L,11,P11:Q11,O11,R11:T11,https://docs.google.com/spreadsheets/d/1l-FgF1TiEp2oVGihLZlb2SHJTB6mioEcuB6hxGDGbzw/edit#gid=1083331331&range=P11:Q11
13,2,RAY-OF-SUNSHINE,4th,3,2,2,4,,1,,0,NUMERIC_PAIR,L,11,V11:W11,U11,X11:Z11,https://docs.google.com/spreadsheets/d/1l-FgF1TiEp2oVGihLZlb2SHJTB6mioEcuB6hxGDGbzw/edit#gid=1083331331&range=V11:W11
13,2,PAULV-PPP,2nd,1,-,-,0,,,,6,UNPLAYED_DASH,R,11,AK11:AL11,AJ11,AM11:AO11,https://docs.google.com/spreadsheets/d/1l-FgF1TiEp2oVGihLZlb2SHJTB6mioEcuB6hxGDGbzw/edit#gid=1083331331&range=AK11:AL11
13,2,PAULV-PPP,2nd,2,10,10,20,1,,,6,NUMERIC_PAIR,R,11,AQ11:AR11,AP11,AS11:AU11,https://docs.google.com/spreadsheets/d/1l-FgF1TiEp2oVGihLZlb2SHJTB6mioEcuB6hxGDGbzw/edit#gid=1083331331&range=AQ11:AR11
13,2,PAULV-PPP,2nd,3,5,10,15,1,,,6,NUMERIC_PAIR,R,11,AW11:AX11,AV11,AY11:BA11,https://docs.google.com/spreadsheets/d/1l-FgF1TiEp2oVGihLZlb2SHJTB6mioEcuB6hxGDGbzw/edit#gid=1083331331&range=AW11:AX11
13,2,KD,3rd,1,2,5,7,,1,,3,NUMERIC_PAIR,R,12,AK12:AL12,AJ12,AM12:AO12,https://docs.google.com/spreadsheets/d/1l-FgF1TiEp2oVGihLZlb2SHJTB6mioEcuB6hxGDGbzw/edit#gid=1083331331&range=AK12:AL12
13,2,KD,3rd,2,2,2,4,,1,,3,NUMERIC_PAIR,R,12,AQ12:AR12,AP12,AS12:AU12,https://docs.google.com/spreadsheets/d/1l-FgF1TiEp2oVGihLZlb2SHJTB6mioEcuB6hxGDGbzw/edit#gid=1083331331&range=AQ12:AR12
13,2,KD,3rd,3,6,8,14,1,,,3,NUMERIC_PAIR,R,12,AW12:AX12,AV12,AY12:BA12,https://docs.google.com/spreadsheets/d/1l-FgF1TiEp2oVGihLZlb2SHJTB6mioEcuB6hxGDGbzw/edit#gid=1083331331&range=AW12:AX12
13,2,WAREY,4th,1,3,5,8,1,,,3,NUMERIC_PAIR,R,13,AK13:AL13,AJ13,AM13:AO13,https://docs.google.com/spreadsheets/d/1l-FgF1TiEp2oVGihLZlb2SHJTB6mioEcuB6hxGDGbzw/edit#gid=1083331331&range=AK13:AL13
13,2,WAREY,4th,2,-,-,0,,,,3,UNPLAYED_DASH,R,13,AQ13:AR13,AP13,AS13:AU13,https://docs.google.com/spreadsheets/d/1l-FgF1TiEp2oVGihLZlb2SHJTB6mioEcuB6hxGDGbzw/edit#gid=1083331331&range=AQ13:AR13
13,2,WAREY,4th,3,2,3,5,,1,,3,NUMERIC_PAIR,R,13,AW13:AX13,AV13,AY13:BA13,https://docs.google.com/spreadsheets/d/1l-FgF1TiEp2oVGihLZlb2SHJTB6mioEcuB6hxGDGbzw/edit#gid=1083331331&range=AW13:AX13
13,3,SPICY,2nd,1,10,12,22,1,,,6,NUMERIC_PAIR,L,18,J18:K18,I18,L18:N18,https://docs.google.com/spreadsheets/d/1l-FgF1TiEp2oVGihLZlb2SHJTB6mioEcuB6hxGDGbzw/edit#gid=1083331331&range=J18:K18
13,3,SPICY,2nd,2,2,1,3,,1,,6,NUMERIC_PAIR,L,18,P18:Q18,O18,R18:T18,https://docs.google.com/spreadsheets/d/1l-FgF1TiEp2oVGihLZlb2SHJTB6mioEcuB6hxGDGbzw/edit#gid=1083331331&range=P18:Q18
13,3,SPICY,2nd,3,5,11,16,1,,,6,NUMERIC_PAIR,L,18,V18:W18,U18,X18:Z18,https://docs.google.com/spreadsheets/d/1l-FgF1TiEp2oVGihLZlb2SHJTB6mioEcuB6hxGDGbzw/edit#gid=1083331331&range=V18:W18
13,3,GIO,4th,1,5,7,12,1,,,9,NUMERIC_PAIR,R,18,AK18:AL18,AJ18,AM18:AO18,https://docs.google.com/spreadsheets/d/1l-FgF1TiEp2oVGihLZlb2SHJTB6mioEcuB6hxGDGbzw/edit#gid=1083331331&range=AK18:AL18
13,3,GIO,4th,2,8,7,15,1,,,9,NUMERIC_PAIR,R,18,AQ18:AR18,AP18,AS18:AU18,https://docs.google.com/spreadsheets/d/1l-FgF1TiEp2oVGihLZlb2SHJTB6mioEcuB6hxGDGbzw/edit#gid=1083331331&range=AQ18:AR18
13,3,GIO,4th,3,6,9,15,1,,,9,NUMERIC_PAIR,R,18,AW18:AX18,AV18,AY18:BA18,https://docs.google.com/spreadsheets/d/1l-FgF1TiEp2oVGihLZlb2SHJTB6mioEcuB6hxGDGbzw/edit#gid=1083331331&range=AW18:AX18
13,3,AUDREY,4th,1,2,2,4,,1,,0,NUMERIC_PAIR,L,19,J19:K19,I19,L19:N19,https://docs.google.com/spreadsheets/d/1l-FgF1TiEp2oVGihLZlb2SHJTB6mioEcuB6hxGDGbzw/edit#gid=1083331331&range=J19:K19
13,3,AUDREY,4th,2,4,4,8,,1,,0,NUMERIC_PAIR,L,19,P19:Q19,O19,R19:T19,https://docs.google.com/spreadsheets/d/1l-FgF1TiEp2oVGihLZlb2SHJTB6mioEcuB6hxGDGbzw/edit#gid=1083331331&range=P19:Q19
13,3,AUDREY,4th,3,0,1,1,,1,,0,NUMERIC_PAIR,L,19,V19:W19,U19,X19:Z19,https://docs.google.com/spreadsheets/d/1l-FgF1TiEp2oVGihLZlb2SHJTB6mioEcuB6hxGDGbzw/edit#gid=1083331331&range=V19:W19
13,3,PASCAL,3rd,1,0,2,2,,1,,3,NUMERIC_PAIR,L,20,J20:K20,I20,L20:N20,https://docs.google.com/spreadsheets/d/1l-FgF1TiEp2oVGihLZlb2SHJTB6mioEcuB6hxGDGbzw/edit#gid=1083331331&range=J20:K20
13,3,PASCAL,3rd,2,9,6,15,1,,,3,NUMERIC_PAIR,L,20,P20:Q20,O20,R20:T20,https://docs.google.com/spreadsheets/d/1l-FgF1TiEp2oVGihLZlb2SHJTB6mioEcuB6hxGDGbzw/edit#gid=1083331331&range=P20:Q20
13,3,PASCAL,3rd,3,4,3,7,,1,,3,NUMERIC_PAIR,L,20,V20:W20,U20,X20:Z20,https://docs.google.com/spreadsheets/d/1l-FgF1TiEp2oVGihLZlb2SHJTB6mioEcuB6hxGDGbzw/edit#gid=1083331331&range=V20:W20
14,1,BIGJA,2nd,1,7,2,9,1,,,6,NUMERIC_PAIR,L,4,J4:K4,I4,L4:N4,https://docs.google.com/spreadsheets/d/1l-FgF1TiEp2oVGihLZlb2SHJTB6mioEcuB6hxGDGbzw/edit#gid=1005096364&range=J4:K4
14,1,BIGJA,2nd,2,5,5,10,1,,,6,NUMERIC_PAIR,L,4,P4:Q4,O4,R4:T4,https://docs.google.com/spreadsheets/d/1l-FgF1TiEp2oVGihLZlb2SHJTB6mioEcuB6hxGDGbzw/edit#gid=1005096364&range=P4:Q4
14,1,BIGJA,2nd,3,0,0,0,,,,6,NUMERIC_PAIR,L,4,V4:W4,U4,X4:Z4,https://docs.google.com/spreadsheets/d/1l-FgF1TiEp2oVGihLZlb2SHJTB6mioEcuB6hxGDGbzw/edit#gid=1005096364&range=V4:W4
14,1,DERBY DAZ,2nd,1,3,4,7,,1,,6,NUMERIC_PAIR,R,4,AK4:AL4,AJ4,AM4:AO4,https://docs.google.com/spreadsheets/d/1l-FgF1TiEp2oVGihLZlb2SHJTB6mioEcuB6hxGDGbzw/edit#gid=1005096364&range=AK4:AL4
14,1,DERBY DAZ,2nd,2,5,5,10,1,,,6,NUMERIC_PAIR,R,4,AQ4:AR4,AP4,AS4:AU4,https://docs.google.com/spreadsheets/d/1l-FgF1TiEp2oVGihLZlb2SHJTB6mioEcuB6hxGDGbzw/edit#gid=1005096364&range=AQ4:AR4
14,1,DERBY DAZ,2nd,3,1,15,16,1,,,6,NUMERIC_PAIR,R,4,AW4:AX4,AV4,AY4:BA4,https://docs.google.com/spreadsheets/d/1l-FgF1TiEp2oVGihLZlb2SHJTB6mioEcuB6hxGDGbzw/edit#gid=1005096364&range=AW4:AX4
14,1,CHIPNPUTT,3rd,1,8,6,14,1,,,3,NUMERIC_PAIR,L,6,J6:K6,I6,L6:N6,https://docs.google.com/spreadsheets/d/1l-FgF1TiEp2oVGihLZlb2SHJTB6mioEcuB6hxGDGbzw/edit#gid=1005096364&range=J6:K6
14,1,CHIPNPUTT,3rd,2,4,4,8,,1,,3,NUMERIC_PAIR,L,6,P6:Q6,O6,R6:T6,https://docs.google.com/spreadsheets/d/1l-FgF1TiEp2oVGihLZlb2SHJTB6mioEcuB6hxGDGbzw/edit#gid=1005096364&range=P6:Q6
14,1,CHIPNPUTT,3rd,3,0,0,0,,,,3,NUMERIC_PAIR,L,6,V6:W6,U6,X6:Z6,https://docs.google.com/spreadsheets/d/1l-FgF1TiEp2oVGihLZlb2SHJTB6mioEcuB6hxGDGbzw/edit#gid=1005096364&range=V6:W6
14,1,PAULV-PPP,4th,1,3,9,12,,1,,0,NUMERIC_PAIR,L,7,J7:K7,I7,L7:N7,https://docs.google.com/spreadsheets/d/1l-FgF1TiEp2oVGihLZlb2SHJTB6mioEcuB6hxGDGbzw/edit#gid=1005096364&range=J7:K7
14,1,PAULV-PPP,4th,2,4,4,8,,1,,0,NUMERIC_PAIR,L,7,P7:Q7,O7,R7:T7,https://docs.google.com/spreadsheets/d/1l-FgF1TiEp2oVGihLZlb2SHJTB6mioEcuB6hxGDGbzw/edit#gid=1005096364&range=P7:Q7
14,1,PAULV-PPP,4th,3,3,1,4,,1,,0,NUMERIC_PAIR,L,7,V7:W7,U7,X7:Z7,https://docs.google.com/spreadsheets/d/1l-FgF1TiEp2oVGihLZlb2SHJTB6mioEcuB6hxGDGbzw/edit#gid=1005096364&range=V7:W7
14,2,YODA,1st,1,5,6,11,1,,,7,NUMERIC_PAIR,L,11,J11:K11,I11,L11:N11,https://docs.google.com/spreadsheets/d/1l-FgF1TiEp2oVGihLZlb2SHJTB6mioEcuB6hxGDGbzw/edit#gid=1005096364&range=J11:K11
14,2,YODA,1st,2,8,5,13,,,1,7,NUMERIC_PAIR,L,11,P11:Q11,O11,R11:T11,https://docs.google.com/spreadsheets/d/1l-FgF1TiEp2oVGihLZlb2SHJTB6mioEcuB6hxGDGbzw/edit#gid=1005096364&range=P11:Q11
14,2,YODA,1st,3,11,6,17,1,,,7,NUMERIC_PAIR,L,11,V11:W11,U11,X11:Z11,https://docs.google.com/spreadsheets/d/1l-FgF1TiEp2oVGihLZlb2SHJTB6mioEcuB6hxGDGbzw/edit#gid=1005096364&range=V11:W11
14,2,KD,4th,1,2,6,8,,1,,0,NUMERIC_PAIR,L,12,J12:K12,I12,L12:N12,https://docs.google.com/spreadsheets/d/1l-FgF1TiEp2oVGihLZlb2SHJTB6mioEcuB6hxGDGbzw/edit#gid=1005096364&range=J12:K12
14,2,KD,4th,2,6,1,7,,1,,0,NUMERIC_PAIR,L,12,P12:Q12,O12,R12:T12,https://docs.google.com/spreadsheets/d/1l-FgF1TiEp2oVGihLZlb2SHJTB6mioEcuB6hxGDGbzw/edit#gid=1005096364&range=P12:Q12
14,2,KD,4th,3,7,2,9,,1,,0,NUMERIC_PAIR,L,12,V12:W12,U12,X12:Z12,https://docs.google.com/spreadsheets/d/1l-FgF1TiEp2oVGihLZlb2SHJTB6mioEcuB6hxGDGbzw/edit#gid=1005096364&range=V12:W12
14,2,WAREY,3rd,1,5,8,13,1,,,6,NUMERIC_PAIR,R,12,AK12:AL12,AJ12,AM12:AO12,https://docs.google.com/spreadsheets/d/1l-FgF1TiEp2oVGihLZlb2SHJTB6mioEcuB6hxGDGbzw/edit#gid=1005096364&range=AK12:AL12
14,2,WAREY,3rd,2,6,10,16,1,,,6,NUMERIC_PAIR,R,12,AQ12:AR12,AP12,AS12:AU12,https://docs.google.com/spreadsheets/d/1l-FgF1TiEp2oVGihLZlb2SHJTB6mioEcuB6hxGDGbzw/edit#gid=1005096364&range=AQ12:AR12
14,2,WAREY,3rd,3,4,7,11,,1,,6,NUMERIC_PAIR,R,12,AW12:AX12,AV12,AY12:BA12,https://docs.google.com/spreadsheets/d/1l-FgF1TiEp2oVGihLZlb2SHJTB6mioEcuB6hxGDGbzw/edit#gid=1005096364&range=AW12:AX12
14,2,GIO,4th,1,3,5,8,,1,,4,NUMERIC_PAIR,R,13,AK13:AL13,AJ13,AM13:AO13,https://docs.google.com/spreadsheets/d/1l-FgF1TiEp2oVGihLZlb2SHJTB6mioEcuB6hxGDGbzw/edit#gid=1005096364&range=AK13:AL13
14,2,GIO,4th,2,4,9,13,,,1,4,NUMERIC_PAIR,R,13,AQ13:AR13,AP13,AS13:AU13,https://docs.google.com/spreadsheets/d/1l-FgF1TiEp2oVGihLZlb2SHJTB6mioEcuB6hxGDGbzw/edit#gid=1005096364&range=AQ13:AR13
14,2,GIO,4th,3,3,7,10,1,,,4,NUMERIC_PAIR,R,13,AW13:AX13,AV13,AY13:BA13,https://docs.google.com/spreadsheets/d/1l-FgF1TiEp2oVGihLZlb2SHJTB6mioEcuB6hxGDGbzw/edit#gid=1005096364&range=AW13:AX13
14,3,SPICY,1st,1,0,0,0,,,,6,NUMERIC_PAIR,L,18,J18:K18,I18,L18:N18,https://docs.google.com/spreadsheets/d/1l-FgF1TiEp2oVGihLZlb2SHJTB6mioEcuB6hxGDGbzw/edit#gid=1005096364&range=J18:K18
14,3,SPICY,1st,2,8,6,14,1,,,6,NUMERIC_PAIR,L,18,P18:Q18,O18,R18:T18,https://docs.google.com/spreadsheets/d/1l-FgF1TiEp2oVGihLZlb2SHJTB6mioEcuB6hxGDGbzw/edit#gid=1005096364&range=P18:Q18
14,3,SPICY,1st,3,8,10,18,1,,,6,NUMERIC_PAIR,L,18,V18:W18,U18,X18:Z18,https://docs.google.com/spreadsheets/d/1l-FgF1TiEp2oVGihLZlb2SHJTB6mioEcuB6hxGDGbzw/edit#gid=1005096364&range=V18:W18
14,3,PASCAL,4th,1,0,0,0,,,,0,NUMERIC_PAIR,L,19,J19:K19,I19,L19:N19,https://docs.google.com/spreadsheets/d/1l-FgF1TiEp2oVGihLZlb2SHJTB6mioEcuB6hxGDGbzw/edit#gid=1005096364&range=J19:K19
14,3,PASCAL,4th,2,0,0,0,,,,0,NUMERIC_PAIR,L,19,P19:Q19,O19,R19:T19,https://docs.google.com/spreadsheets/d/1l-FgF1TiEp2oVGihLZlb2SHJTB6mioEcuB6hxGDGbzw/edit#gid=1005096364&range=P19:Q19
14,3,PASCAL,4th,3,0,0,0,,,,0,NUMERIC_PAIR,L,19,V19:W19,U19,X19:Z19,https://docs.google.com/spreadsheets/d/1l-FgF1TiEp2oVGihLZlb2SHJTB6mioEcuB6hxGDGbzw/edit#gid=1005096364&range=V19:W19
14,3,ADAMANN,4th,1,10,8,18,1,,,3,NUMERIC_PAIR,R,19,AK19:AL19,AJ19,AM19:AO19,https://docs.google.com/spreadsheets/d/1l-FgF1TiEp2oVGihLZlb2SHJTB6mioEcuB6hxGDGbzw/edit#gid=1005096364&range=AK19:AL19
14,3,ADAMANN,4th,2,6,2,8,,1,,3,NUMERIC_PAIR,R,19,AQ19:AR19,AP19,AS19:AU19,https://docs.google.com/spreadsheets/d/1l-FgF1TiEp2oVGihLZlb2SHJTB6mioEcuB6hxGDGbzw/edit#gid=1005096364&range=AQ19:AR19
14,3,ADAMANN,4th,3,0,0,0,,,,3,NUMERIC_PAIR,R,19,AW19:AX19,AV19,AY19:BA19,https://docs.google.com/spreadsheets/d/1l-FgF1TiEp2oVGihLZlb2SHJTB6mioEcuB6hxGDGbzw/edit#gid=1005096364&range=AW19:AX19
14,3,SJ,3rd,1,4,7,11,,1,,0,NUMERIC_PAIR,L,20,J20:K20,I20,L20:N20,https://docs.google.com/spreadsheets/d/1l-FgF1TiEp2oVGihLZlb2SHJTB6mioEcuB6hxGDGbzw/edit#gid=1005096364&range=J20:K20
14,3,SJ,3rd,2,0,0,0,,,,0,NUMERIC_PAIR,L,20,P20:Q20,O20,R20:T20,https://docs.google.com/spreadsheets/d/1l-FgF1TiEp2oVGihLZlb2SHJTB6mioEcuB6hxGDGbzw/edit#gid=1005096364&range=P20:Q20
14,3,SJ,3rd,3,5,4,9,,1,,0,NUMERIC_PAIR,L,20,V20:W20,U20,X20:Z20,"https://docs.google.com/spreadsheets/d/1l-FgF1TiEp2oVGihLZlb2SHJTB6mioEcuB6hxGDGbzw/edit#gid=1005096364&range=V20:W20
"
