"period"	"period_id"	"division"	"division_id"	"source_player_id"	"source_player_name"	"course"	"score_text"	"score_numeric"	"played_state"	"placement"	"hn1"	"points"	"raw_json_sha256"
"2024 August"	"54"	"Amateur 2"	"27"	"7186"	"Chelle💯"	"Gardens of Babylon"	"-16"	"-16"	"PLAYED"	""	"1"	"201"	"857496BE4F9BD2F97C7F5CD14C3F9528E2E66FC54F949ABA21A1A80181606865"
"2024 August"	"54"	"Amateur 2"	"27"	"7388"	"FROGMAN"	"Gardens of Babylon"	"-15"	"-15"	"PLAYED"	""	"2"	"192"	"857496BE4F9BD2F97C7F5CD14C3F9528E2E66FC54F949ABA21A1A80181606865"
"2024 August"	"54"	"Amateur 2"	"27"	"129"	"Sj_76"	"Gardens of Babylon"	"-15"	"-15"	"PLAYED"	""	"1"	"181"	"857496BE4F9BD2F97C7F5CD14C3F9528E2E66FC54F949ABA21A1A80181606865"
"2024 August"	"54"	"Amateur 2"	"27"	"7327"	"MOENSHINER"	"Gardens of Babylon"	"-14"	"-14"	"PLAYED"	""	"1"	"171"	"857496BE4F9BD2F97C7F5CD14C3F9528E2E66FC54F949ABA21A1A80181606865"
"2024 August"	"54"	"Amateur 2"	"27"	"7229"	"Ultrafox_Lynne"	"Gardens of Babylon"	"-13"	"-13"	"PLAYED"	""	"2"	"162"	"857496BE4F9BD2F97C7F5CD14C3F9528E2E66FC54F949ABA21A1A80181606865"
"2024 August"	"54"	"Amateur 2"	"27"	"7167"	"Sandtrap"	"Gardens of Babylon"	"-13"	"-13"	"PLAYED"	""	"1"	"151"	"857496BE4F9BD2F97C7F5CD14C3F9528E2E66FC54F949ABA21A1A80181606865"
"2024 August"	"54"	"Amateur 2"	"27"	"7182"	"RUBBERDUCK"	"Gardens of Babylon"	"-12"	"-12"	"PLAYED"	""	"2"	"142"	"857496BE4F9BD2F97C7F5CD14C3F9528E2E66FC54F949ABA21A1A80181606865"
"2024 August"	"54"	"Amateur 2"	"27"	"7173"	"KillERBee"	"Gardens of Babylon"	"-5"	"-5"	"PLAYED"	""	"2"	"132"	"857496BE4F9BD2F97C7F5CD14C3F9528E2E66FC54F949ABA21A1A80181606865"
"2024 August"	"54"	"Amateur 2"	"27"	"129"	"Sj_76"	"Gardens of Babylon Hard"	"-15"	"-15"	"PLAYED"	""	"1"	"201"	"857496BE4F9BD2F97C7F5CD14C3F9528E2E66FC54F949ABA21A1A80181606865"
"2024 August"	"54"	"Amateur 2"	"27"	"7173"	"KillERBee"	"Gardens of Babylon Hard"	"-9"	"-9"	"PLAYED"	""	"2"	"192"	"857496BE4F9BD2F97C7F5CD14C3F9528E2E66FC54F949ABA21A1A80181606865"
"2024 August"	"54"	"Amateur 2"	"27"	"7229"	"Ultrafox_Lynne"	"Gardens of Babylon Hard"	"-6"	"-6"	"PLAYED"	""	"1"	"181"	"857496BE4F9BD2F97C7F5CD14C3F9528E2E66FC54F949ABA21A1A80181606865"
"2024 August"	"54"	"Amateur 2"	"27"	"7186"	"Chelle💯"	"Gardens of Babylon Hard"	"-3"	"-3"	"PLAYED"	""	"0"	"170"	"857496BE4F9BD2F97C7F5CD14C3F9528E2E66FC54F949ABA21A1A80181606865"
"2024 August"	"54"	"Amateur 2"	"27"	"7167"	"Sandtrap"	"Gardens of Babylon Hard"	"-3"	"-3"	"PLAYED"	""	"0"	"170"	"857496BE4F9BD2F97C7F5CD14C3F9528E2E66FC54F949ABA21A1A80181606865"
"2024 August"	"54"	"Amateur 2"	"27"	"7327"	"MOENSHINER"	"Gardens of Babylon Hard"	"2"	"2"	"PLAYED"	""	"1"	"151"	"857496BE4F9BD2F97C7F5CD14C3F9528E2E66FC54F949ABA21A1A80181606865"
"2024 August"	"54"	"Amateur 2"	"27"	"7182"	"RUBBERDUCK"	"Gardens of Babylon Hard"	"8"	"8"	"PLAYED"	""	"1"	"141"	"857496BE4F9BD2F97C7F5CD14C3F9528E2E66FC54F949ABA21A1A80181606865"
"2024 August"	"54"	"Amateur 2"	"27"	"7186"	"Chelle💯"	"20,000 Leagues Under The Sea"	"-18"	"-18"	"PLAYED"	""	"2"	"202"	"857496BE4F9BD2F97C7F5CD14C3F9528E2E66FC54F949ABA21A1A80181606865"
"2024 August"	"54"	"Amateur 2"	"27"	"7167"	"Sandtrap"	"20,000 Leagues Under The Sea"	"-17"	"-17"	"PLAYED"	""	"0"	"190"	"857496BE4F9BD2F97C7F5CD14C3F9528E2E66FC54F949ABA21A1A80181606865"
"2024 August"	"54"	"Amateur 2"	"27"	"7229"	"Ultrafox_Lynne"	"20,000 Leagues Under The Sea"	"-13"	"-13"	"PLAYED"	""	"0"	"180"	"857496BE4F9BD2F97C7F5CD14C3F9528E2E66FC54F949ABA21A1A80181606865"
"2024 August"	"54"	"Amateur 2"	"27"	"7327"	"MOENSHINER"	"20,000 Leagues Under The Sea"	"-13"	"-13"	"PLAYED"	""	"0"	"180"	"857496BE4F9BD2F97C7F5CD14C3F9528E2E66FC54F949ABA21A1A80181606865"
"2024 August"	"54"	"Amateur 2"	"27"	"7388"	"FROGMAN"	"20,000 Leagues Under The Sea"	"-12"	"-12"	"PLAYED"	""	"2"	"162"	"857496BE4F9BD2F97C7F5CD14C3F9528E2E66FC54F949ABA21A1A80181606865"
"2024 August"	"54"	"Amateur 2"	"27"	"129"	"Sj_76"	"20,000 Leagues Under The Sea"	"-12"	"-12"	"PLAYED"	""	"1"	"151"	"857496BE4F9BD2F97C7F5CD14C3F9528E2E66FC54F949ABA21A1A80181606865"
"2024 August"	"54"	"Amateur 2"	"27"	"7173"	"KillERBee"	"20,000 Leagues Under The Sea"	"-12"	"-12"	"PLAYED"	""	"1"	"151"	"857496BE4F9BD2F97C7F5CD14C3F9528E2E66FC54F949ABA21A1A80181606865"
"2024 August"	"54"	"Amateur 2"	"27"	"129"	"Sj_76"	"20,000 Leagues Hard"	"-13"	"-13"	"PLAYED"	""	"1"	"201"	"857496BE4F9BD2F97C7F5CD14C3F9528E2E66FC54F949ABA21A1A80181606865"
"2024 August"	"54"	"Amateur 2"	"27"	"7229"	"Ultrafox_Lynne"	"20,000 Leagues Hard"	"-11"	"-11"	"PLAYED"	""	"0"	"190"	"857496BE4F9BD2F97C7F5CD14C3F9528E2E66FC54F949ABA21A1A80181606865"
"2024 August"	"54"	"Amateur 2"	"27"	"7186"	"Chelle💯"	"20,000 Leagues Hard"	"-10"	"-10"	"PLAYED"	""	"1"	"181"	"857496BE4F9BD2F97C7F5CD14C3F9528E2E66FC54F949ABA21A1A80181606865"
"2024 August"	"54"	"Amateur 2"	"27"	"7173"	"KillERBee"	"20,000 Leagues Hard"	"-6"	"-6"	"PLAYED"	""	"0"	"170"	"857496BE4F9BD2F97C7F5CD14C3F9528E2E66FC54F949ABA21A1A80181606865"
"2024 August"	"54"	"Amateur 2"	"27"	"7167"	"Sandtrap"	"20,000 Leagues Hard"	"-5"	"-5"	"PLAYED"	""	"0"	"160"	"857496BE4F9BD2F97C7F5CD14C3F9528E2E66FC54F949ABA21A1A80181606865"
"2024 August"	"54"	"Amateur 2"	"27"	"7388"	"FROGMAN"	"20,000 Leagues Hard"	"0"	"0"	"PLAYED"	""	"0"	"150"	"857496BE4F9BD2F97C7F5CD14C3F9528E2E66FC54F949ABA21A1A80181606865"
"2024 August"	"54"	"Amateur 2"	"27"	"7186"	"Chelle💯"	"Widow’s Walkabout"	"-18"	"-18"	"PLAYED"	""	"2"	"202"	"857496BE4F9BD2F97C7F5CD14C3F9528E2E66FC54F949ABA21A1A80181606865"
"2024 August"	"54"	"Amateur 2"	"27"	"7229"	"Ultrafox_Lynne"	"Widow’s Walkabout"	"-15"	"-15"	"PLAYED"	""	"2"	"192"	"857496BE4F9BD2F97C7F5CD14C3F9528E2E66FC54F949ABA21A1A80181606865"
"2024 August"	"54"	"Amateur 2"	"27"	"129"	"Sj_76"	"Widow’s Walkabout"	"-15"	"-15"	"PLAYED"	""	"1"	"181"	"857496BE4F9BD2F97C7F5CD14C3F9528E2E66FC54F949ABA21A1A80181606865"
"2024 August"	"54"	"Amateur 2"	"27"	"7167"	"Sandtrap"	"Widow’s Walkabout"	"-14"	"-14"	"PLAYED"	""	"1"	"171"	"857496BE4F9BD2F97C7F5CD14C3F9528E2E66FC54F949ABA21A1A80181606865"
"2024 August"	"54"	"Amateur 2"	"27"	"7327"	"MOENSHINER"	"Widow’s Walkabout"	"-10"	"-10"	"PLAYED"	""	"2"	"162"	"857496BE4F9BD2F97C7F5CD14C3F9528E2E66FC54F949ABA21A1A80181606865"
"2024 August"	"54"	"Amateur 2"	"27"	"7173"	"KillERBee"	"Widow’s Walkabout"	"-9"	"-9"	"PLAYED"	""	"2"	"152"	"857496BE4F9BD2F97C7F5CD14C3F9528E2E66FC54F949ABA21A1A80181606865"
"2024 August"	"54"	"Amateur 2"	"27"	"7167"	"Sandtrap"	"Widow’s Walkabout - Hard"	"-12"	"-12"	"PLAYED"	""	"0"	"200"	"857496BE4F9BD2F97C7F5CD14C3F9528E2E66FC54F949ABA21A1A80181606865"
"2024 August"	"54"	"Amateur 2"	"27"	"7186"	"Chelle💯"	"Widow’s Walkabout - Hard"	"-8"	"-8"	"PLAYED"	""	"0"	"190"	"857496BE4F9BD2F97C7F5CD14C3F9528E2E66FC54F949ABA21A1A80181606865"
"2024 August"	"54"	"Amateur 2"	"27"	"7388"	"FROGMAN"	"Widow’s Walkabout - Hard"	"-5"	"-5"	"PLAYED"	""	"1"	"181"	"857496BE4F9BD2F97C7F5CD14C3F9528E2E66FC54F949ABA21A1A80181606865"
"2024 August"	"54"	"Amateur 2"	"27"	"7327"	"MOENSHINER"	"Widow’s Walkabout - Hard"	"-5"	"-5"	"PLAYED"	""	"0"	"170"	"857496BE4F9BD2F97C7F5CD14C3F9528E2E66FC54F949ABA21A1A80181606865"
"2024 August"	"54"	"Amateur 2"	"27"	"129"	"Sj_76"	"Widow’s Walkabout - Hard"	"-3"	"-3"	"PLAYED"	""	"0"	"160"	"857496BE4F9BD2F97C7F5CD14C3F9528E2E66FC54F949ABA21A1A80181606865"
"2024 August"	"54"	"Amateur 2"	"27"	"7229"	"Ultrafox_Lynne"	"Widow’s Walkabout - Hard"	"-1"	"-1"	"PLAYED"	""	"0"	"150"	"857496BE4F9BD2F97C7F5CD14C3F9528E2E66FC54F949ABA21A1A80181606865"
"2024 August"	"54"	"Amateur 2"	"27"	"7173"	"KillERBee"	"Widow’s Walkabout - Hard"	"2"	"2"	"PLAYED"	""	"0"	"140"	"857496BE4F9BD2F97C7F5CD14C3F9528E2E66FC54F949ABA21A1A80181606865"
"2024 August"	"54"	"Amateur 2"	"27"	"7388"	"FROGMAN"	"Wallace & Gromit"	"-21"	"-21"	"PLAYED"	""	"6"	"206"	"857496BE4F9BD2F97C7F5CD14C3F9528E2E66FC54F949ABA21A1A80181606865"
"2024 August"	"54"	"Amateur 2"	"27"	"7167"	"Sandtrap"	"Wallace & Gromit"	"-18"	"-18"	"PLAYED"	""	"6"	"196"	"857496BE4F9BD2F97C7F5CD14C3F9528E2E66FC54F949ABA21A1A80181606865"
"2024 August"	"54"	"Amateur 2"	"27"	"7186"	"Chelle💯"	"Wallace & Gromit"	"-18"	"-18"	"PLAYED"	""	"5"	"185"	"857496BE4F9BD2F97C7F5CD14C3F9528E2E66FC54F949ABA21A1A80181606865"
"2024 August"	"54"	"Amateur 2"	"27"	"129"	"Sj_76"	"Wallace & Gromit"	"-17"	"-17"	"PLAYED"	""	"5"	"175"	"857496BE4F9BD2F97C7F5CD14C3F9528E2E66FC54F949ABA21A1A80181606865"
"2024 August"	"54"	"Amateur 2"	"27"	"7173"	"KillERBee"	"Wallace & Gromit"	"-15"	"-15"	"PLAYED"	""	"6"	"166"	"857496BE4F9BD2F97C7F5CD14C3F9528E2E66FC54F949ABA21A1A80181606865"
"2024 August"	"54"	"Amateur 2"	"27"	"7229"	"Ultrafox_Lynne"	"Wallace & Gromit"	"-15"	"-15"	"PLAYED"	""	"3"	"153"	"857496BE4F9BD2F97C7F5CD14C3F9528E2E66FC54F949ABA21A1A80181606865"
"2024 August"	"54"	"Amateur 2"	"27"	"7327"	"MOENSHINER"	"Wallace & Gromit"	"-14"	"-14"	"PLAYED"	""	"3"	"143"	"857496BE4F9BD2F97C7F5CD14C3F9528E2E66FC54F949ABA21A1A80181606865"
"2024 August"	"54"	"Amateur 2"	"27"	"7167"	"Sandtrap"	"Wallace & Gromit - Hard"	"-10"	"-10"	"PLAYED"	""	"1"	"201"	"857496BE4F9BD2F97C7F5CD14C3F9528E2E66FC54F949ABA21A1A80181606865"
"2024 August"	"54"	"Amateur 2"	"27"	"7186"	"Chelle💯"	"Wallace & Gromit - Hard"	"-6"	"-6"	"PLAYED"	""	"2"	"192"	"857496BE4F9BD2F97C7F5CD14C3F9528E2E66FC54F949ABA21A1A80181606865"
"2024 August"	"54"	"Amateur 2"	"27"	"7388"	"FROGMAN"	"Wallace & Gromit - Hard"	"-6"	"-6"	"PLAYED"	""	"1"	"181"	"857496BE4F9BD2F97C7F5CD14C3F9528E2E66FC54F949ABA21A1A80181606865"
"2024 August"	"54"	"Amateur 2"	"27"	"129"	"Sj_76"	"Wallace & Gromit - Hard"	"-5"	"-5"	"PLAYED"	""	"1"	"171"	"857496BE4F9BD2F97C7F5CD14C3F9528E2E66FC54F949ABA21A1A80181606865"
"2024 August"	"54"	"Amateur 2"	"27"	"7327"	"MOENSHINER"	"Wallace & Gromit - Hard"	"-4"	"-4"	"PLAYED"	""	"1"	"161"	"857496BE4F9BD2F97C7F5CD14C3F9528E2E66FC54F949ABA21A1A80181606865"
"2024 August"	"54"	"Amateur 2"	"27"	"7229"	"Ultrafox_Lynne"	"Wallace & Gromit - Hard"	"0"	"0"	"PLAYED"	""	"0"	"150"	"857496BE4F9BD2F97C7F5CD14C3F9528E2E66FC54F949ABA21A1A80181606865"
"2024 August"	"54"	"Amateur 2"	"27"	"7173"	"KillERBee"	"Wallace & Gromit - Hard"	"1"	"1"	"PLAYED"	""	"0"	"140"	"857496BE4F9BD2F97C7F5CD14C3F9528E2E66FC54F949ABA21A1A80181606865"
"2024 August"	"54"	"Amateur 3"	"28"	"7189"	"CHERIE_ROSE"	"Gardens of Babylon"	"-19"	"-19"	"PLAYED"	""	"3"	"203"	"BE0235F3DA8BE649A8D14BFC2DA67FC3D9477D564E7EBD1CC06BBE73CF1ED67A"
"2024 August"	"54"	"Amateur 3"	"28"	"7553"	"SHA_HOOF_NA"	"Gardens of Babylon"	"-19"	"-19"	"PLAYED"	""	"1"	"191"	"BE0235F3DA8BE649A8D14BFC2DA67FC3D9477D564E7EBD1CC06BBE73CF1ED67A"
"2024 August"	"54"	"Amateur 3"	"28"	"7552"	"IMJOMAMA"	"Gardens of Babylon"	"-13"	"-13"	"PLAYED"	""	"1"	"181"	"BE0235F3DA8BE649A8D14BFC2DA67FC3D9477D564E7EBD1CC06BBE73CF1ED67A"
"2024 August"	"54"	"Amateur 3"	"28"	"7551"	"GALICE1975"	"Gardens of Babylon"	"-11"	"-11"	"PLAYED"	""	"1"	"171"	"BE0235F3DA8BE649A8D14BFC2DA67FC3D9477D564E7EBD1CC06BBE73CF1ED67A"
"2024 August"	"54"	"Amateur 3"	"28"	"7448"	"ANDRIA77"	"Gardens of Babylon"	"-9"	"-9"	"PLAYED"	""	"0"	"160"	"BE0235F3DA8BE649A8D14BFC2DA67FC3D9477D564E7EBD1CC06BBE73CF1ED67A"
"2024 August"	"54"	"Amateur 3"	"28"	"7554"	"SKEETER78"	"Gardens of Babylon"	"-3"	"-3"	"PLAYED"	""	"1"	"151"	"BE0235F3DA8BE649A8D14BFC2DA67FC3D9477D564E7EBD1CC06BBE73CF1ED67A"
"2024 August"	"54"	"Amateur 3"	"28"	"7552"	"IMJOMAMA"	"Gardens of Babylon Hard"	"-7"	"-7"	"PLAYED"	""	"1"	"201"	"BE0235F3DA8BE649A8D14BFC2DA67FC3D9477D564E7EBD1CC06BBE73CF1ED67A"
"2024 August"	"54"	"Amateur 3"	"28"	"7189"	"CHERIE_ROSE"	"Gardens of Babylon Hard"	"-4"	"-4"	"PLAYED"	""	"1"	"191"	"BE0235F3DA8BE649A8D14BFC2DA67FC3D9477D564E7EBD1CC06BBE73CF1ED67A"
"2024 August"	"54"	"Amateur 3"	"28"	"7554"	"SKEETER78"	"Gardens of Babylon Hard"	"-3"	"-3"	"PLAYED"	""	"0"	"180"	"BE0235F3DA8BE649A8D14BFC2DA67FC3D9477D564E7EBD1CC06BBE73CF1ED67A"
"2024 August"	"54"	"Amateur 3"	"28"	"7553"	"SHA_HOOF_NA"	"Gardens of Babylon Hard"	"-3"	"-3"	"PLAYED"	""	"0"	"180"	"BE0235F3DA8BE649A8D14BFC2DA67FC3D9477D564E7EBD1CC06BBE73CF1ED67A"
"2024 August"	"54"	"Amateur 3"	"28"	"7448"	"ANDRIA77"	"Gardens of Babylon Hard"	"2"	"2"	"PLAYED"	""	"1"	"161"	"BE0235F3DA8BE649A8D14BFC2DA67FC3D9477D564E7EBD1CC06BBE73CF1ED67A"
"2024 August"	"54"	"Amateur 3"	"28"	"7551"	"GALICE1975"	"Gardens of Babylon Hard"	"2"	"2"	"PLAYED"	""	"0"	"150"	"BE0235F3DA8BE649A8D14BFC2DA67FC3D9477D564E7EBD1CC06BBE73CF1ED67A"
"2024 August"	"54"	"Amateur 3"	"28"	"7448"	"ANDRIA77"	"20,000 Leagues Under The Sea"	"-17"	"-17"	"PLAYED"	""	"0"	"200"	"BE0235F3DA8BE649A8D14BFC2DA67FC3D9477D564E7EBD1CC06BBE73CF1ED67A"
"2024 August"	"54"	"Amateur 3"	"28"	"7552"	"IMJOMAMA"	"20,000 Leagues Under The Sea"	"-15"	"-15"	"PLAYED"	""	"0"	"190"	"BE0235F3DA8BE649A8D14BFC2DA67FC3D9477D564E7EBD1CC06BBE73CF1ED67A"
"2024 August"	"54"	"Amateur 3"	"28"	"7189"	"CHERIE_ROSE"	"20,000 Leagues Under The Sea"	"-15"	"-15"	"PLAYED"	""	"0"	"190"	"BE0235F3DA8BE649A8D14BFC2DA67FC3D9477D564E7EBD1CC06BBE73CF1ED67A"
"2024 August"	"54"	"Amateur 3"	"28"	"7551"	"GALICE1975"	"20,000 Leagues Under The Sea"	"-12"	"-12"	"PLAYED"	""	"0"	"170"	"BE0235F3DA8BE649A8D14BFC2DA67FC3D9477D564E7EBD1CC06BBE73CF1ED67A"
"2024 August"	"54"	"Amateur 3"	"28"	"7553"	"SHA_HOOF_NA"	"20,000 Leagues Under The Sea"	"-10"	"-10"	"PLAYED"	""	"1"	"161"	"BE0235F3DA8BE649A8D14BFC2DA67FC3D9477D564E7EBD1CC06BBE73CF1ED67A"
"2024 August"	"54"	"Amateur 3"	"28"	"7554"	"SKEETER78"	"20,000 Leagues Under The Sea"	"-6"	"-6"	"PLAYED"	""	"0"	"150"	"BE0235F3DA8BE649A8D14BFC2DA67FC3D9477D564E7EBD1CC06BBE73CF1ED67A"
"2024 August"	"54"	"Amateur 3"	"28"	"7488"	"ThePrankser15"	"20,000 Leagues Under The Sea"	"-4"	"-4"	"PLAYED"	""	"1"	"141"	"BE0235F3DA8BE649A8D14BFC2DA67FC3D9477D564E7EBD1CC06BBE73CF1ED67A"
"2024 August"	"54"	"Amateur 3"	"28"	"7553"	"SHA_HOOF_NA"	"20,000 Leagues Hard"	"-7"	"-7"	"PLAYED"	""	"1"	"201"	"BE0235F3DA8BE649A8D14BFC2DA67FC3D9477D564E7EBD1CC06BBE73CF1ED67A"
"2024 August"	"54"	"Amateur 3"	"28"	"7448"	"ANDRIA77"	"20,000 Leagues Hard"	"-4"	"-4"	"PLAYED"	""	"0"	"190"	"BE0235F3DA8BE649A8D14BFC2DA67FC3D9477D564E7EBD1CC06BBE73CF1ED67A"
"2024 August"	"54"	"Amateur 3"	"28"	"7551"	"GALICE1975"	"20,000 Leagues Hard"	"0"	"0"	"PLAYED"	""	"1"	"181"	"BE0235F3DA8BE649A8D14BFC2DA67FC3D9477D564E7EBD1CC06BBE73CF1ED67A"
"2024 August"	"54"	"Amateur 3"	"28"	"7189"	"CHERIE_ROSE"	"20,000 Leagues Hard"	"0"	"0"	"PLAYED"	""	"0"	"170"	"BE0235F3DA8BE649A8D14BFC2DA67FC3D9477D564E7EBD1CC06BBE73CF1ED67A"
"2024 August"	"54"	"Amateur 3"	"28"	"7554"	"SKEETER78"	"20,000 Leagues Hard"	"1"	"1"	"PLAYED"	""	"0"	"160"	"BE0235F3DA8BE649A8D14BFC2DA67FC3D9477D564E7EBD1CC06BBE73CF1ED67A"
"2024 August"	"54"	"Amateur 3"	"28"	"7552"	"IMJOMAMA"	"20,000 Leagues Hard"	"4"	"4"	"PLAYED"	""	"0"	"150"	"BE0235F3DA8BE649A8D14BFC2DA67FC3D9477D564E7EBD1CC06BBE73CF1ED67A"
"2024 August"	"54"	"Amateur 3"	"28"	"7488"	"ThePrankser15"	"20,000 Leagues Hard"	"13"	"13"	"PLAYED"	""	"1"	"141"	"BE0235F3DA8BE649A8D14BFC2DA67FC3D9477D564E7EBD1CC06BBE73CF1ED67A"
"2024 August"	"54"	"Amateur 3"	"28"	"7553"	"SHA_HOOF_NA"	"Widow’s Walkabout"	"-18"	"-18"	"PLAYED"	""	"3"	"203"	"BE0235F3DA8BE649A8D14BFC2DA67FC3D9477D564E7EBD1CC06BBE73CF1ED67A"
"2024 August"	"54"	"Amateur 3"	"28"	"7448"	"ANDRIA77"	"Widow’s Walkabout"	"-15"	"-15"	"PLAYED"	""	"2"	"192"	"BE0235F3DA8BE649A8D14BFC2DA67FC3D9477D564E7EBD1CC06BBE73CF1ED67A"
"2024 August"	"54"	"Amateur 3"	"28"	"7554"	"SKEETER78"	"Widow’s Walkabout"	"-9"	"-9"	"PLAYED"	""	"0"	"180"	"BE0235F3DA8BE649A8D14BFC2DA67FC3D9477D564E7EBD1CC06BBE73CF1ED67A"
"2024 August"	"54"	"Amateur 3"	"28"	"7552"	"IMJOMAMA"	"Widow’s Walkabout"	"-8"	"-8"	"PLAYED"	""	"2"	"172"	"BE0235F3DA8BE649A8D14BFC2DA67FC3D9477D564E7EBD1CC06BBE73CF1ED67A"
"2024 August"	"54"	"Amateur 3"	"28"	"7189"	"CHERIE_ROSE"	"Widow’s Walkabout"	"-7"	"-7"	"PLAYED"	""	"0"	"160"	"BE0235F3DA8BE649A8D14BFC2DA67FC3D9477D564E7EBD1CC06BBE73CF1ED67A"
"2024 August"	"54"	"Amateur 3"	"28"	"7551"	"GALICE1975"	"Widow’s Walkabout"	"-5"	"-5"	"PLAYED"	""	"1"	"151"	"BE0235F3DA8BE649A8D14BFC2DA67FC3D9477D564E7EBD1CC06BBE73CF1ED67A"
"2024 August"	"54"	"Amateur 3"	"28"	"7488"	"ThePrankser15"	"Widow’s Walkabout"	"7"	"7"	"PLAYED"	""	"1"	"141"	"BE0235F3DA8BE649A8D14BFC2DA67FC3D9477D564E7EBD1CC06BBE73CF1ED67A"
"2024 August"	"54"	"Amateur 3"	"28"	"7448"	"ANDRIA77"	"Widow’s Walkabout - Hard"	"-3"	"-3"	"PLAYED"	""	"1"	"201"	"BE0235F3DA8BE649A8D14BFC2DA67FC3D9477D564E7EBD1CC06BBE73CF1ED67A"
"2024 August"	"54"	"Amateur 3"	"28"	"7551"	"GALICE1975"	"Widow’s Walkabout - Hard"	"-1"	"-1"	"PLAYED"	""	"0"	"190"	"BE0235F3DA8BE649A8D14BFC2DA67FC3D9477D564E7EBD1CC06BBE73CF1ED67A"
"2024 August"	"54"	"Amateur 3"	"28"	"7189"	"CHERIE_ROSE"	"Widow’s Walkabout - Hard"	"0"	"0"	"PLAYED"	""	"0"	"180"	"BE0235F3DA8BE649A8D14BFC2DA67FC3D9477D564E7EBD1CC06BBE73CF1ED67A"
"2024 August"	"54"	"Amateur 3"	"28"	"7553"	"SHA_HOOF_NA"	"Widow’s Walkabout - Hard"	"2"	"2"	"PLAYED"	""	"0"	"170"	"BE0235F3DA8BE649A8D14BFC2DA67FC3D9477D564E7EBD1CC06BBE73CF1ED67A"
"2024 August"	"54"	"Amateur 3"	"28"	"7552"	"IMJOMAMA"	"Widow’s Walkabout - Hard"	"5"	"5"	"PLAYED"	""	"1"	"161"	"BE0235F3DA8BE649A8D14BFC2DA67FC3D9477D564E7EBD1CC06BBE73CF1ED67A"
"2024 August"	"54"	"Amateur 3"	"28"	"7554"	"SKEETER78"	"Widow’s Walkabout - Hard"	"5"	"5"	"PLAYED"	""	"1"	"161"	"BE0235F3DA8BE649A8D14BFC2DA67FC3D9477D564E7EBD1CC06BBE73CF1ED67A"
"2024 August"	"54"	"Amateur 3"	"28"	"7488"	"ThePrankser15"	"Widow’s Walkabout - Hard"	"29"	"29"	"PLAYED"	""	"0"	"140"	"BE0235F3DA8BE649A8D14BFC2DA67FC3D9477D564E7EBD1CC06BBE73CF1ED67A"
"2024 August"	"54"	"Amateur 3"	"28"	"7552"	"IMJOMAMA"	"Wallace & Gromit"	"-17"	"-17"	"PLAYED"	""	"4"	"204"	"BE0235F3DA8BE649A8D14BFC2DA67FC3D9477D564E7EBD1CC06BBE73CF1ED67A"
"2024 August"	"54"	"Amateur 3"	"28"	"7554"	"SKEETER78"	"Wallace & Gromit"	"-13"	"-13"	"PLAYED"	""	"5"	"195"	"BE0235F3DA8BE649A8D14BFC2DA67FC3D9477D564E7EBD1CC06BBE73CF1ED67A"
"2024 August"	"54"	"Amateur 3"	"28"	"7553"	"SHA_HOOF_NA"	"Wallace & Gromit"	"-13"	"-13"	"PLAYED"	""	"4"	"184"	"BE0235F3DA8BE649A8D14BFC2DA67FC3D9477D564E7EBD1CC06BBE73CF1ED67A"
"2024 August"	"54"	"Amateur 3"	"28"	"7448"	"ANDRIA77"	"Wallace & Gromit"	"-12"	"-12"	"PLAYED"	""	"3"	"173"	"BE0235F3DA8BE649A8D14BFC2DA67FC3D9477D564E7EBD1CC06BBE73CF1ED67A"
"2024 August"	"54"	"Amateur 3"	"28"	"7551"	"GALICE1975"	"Wallace & Gromit"	"-11"	"-11"	"PLAYED"	""	"4"	"164"	"BE0235F3DA8BE649A8D14BFC2DA67FC3D9477D564E7EBD1CC06BBE73CF1ED67A"
"2024 August"	"54"	"Amateur 3"	"28"	"7189"	"CHERIE_ROSE"	"Wallace & Gromit"	"-9"	"-9"	"PLAYED"	""	"2"	"152"	"BE0235F3DA8BE649A8D14BFC2DA67FC3D9477D564E7EBD1CC06BBE73CF1ED67A"
"2024 August"	"54"	"Amateur 3"	"28"	"7488"	"ThePrankser15"	"Wallace & Gromit"	"9"	"9"	"PLAYED"	""	"1"	"141"	"BE0235F3DA8BE649A8D14BFC2DA67FC3D9477D564E7EBD1CC06BBE73CF1ED67A"
"2024 August"	"54"	"Amateur 3"	"28"	"7553"	"SHA_HOOF_NA"	"Wallace & Gromit - Hard"	"-11"	"-11"	"PLAYED"	""	"1"	"201"	"BE0235F3DA8BE649A8D14BFC2DA67FC3D9477D564E7EBD1CC06BBE73CF1ED67A"
"2024 August"	"54"	"Amateur 3"	"28"	"7552"	"IMJOMAMA"	"Wallace & Gromit - Hard"	"-5"	"-5"	"PLAYED"	""	"1"	"191"	"BE0235F3DA8BE649A8D14BFC2DA67FC3D9477D564E7EBD1CC06BBE73CF1ED67A"
"2024 August"	"54"	"Amateur 3"	"28"	"7448"	"ANDRIA77"	"Wallace & Gromit - Hard"	"-4"	"-4"	"PLAYED"	""	"1"	"181"	"BE0235F3DA8BE649A8D14BFC2DA67FC3D9477D564E7EBD1CC06BBE73CF1ED67A"
"2024 August"	"54"	"Amateur 3"	"28"	"7554"	"SKEETER78"	"Wallace & Gromit - Hard"	"1"	"1"	"PLAYED"	""	"2"	"172"	"BE0235F3DA8BE649A8D14BFC2DA67FC3D9477D564E7EBD1CC06BBE73CF1ED67A"
"2024 August"	"54"	"Amateur 3"	"28"	"7189"	"CHERIE_ROSE"	"Wallace & Gromit - Hard"	"4"	"4"	"PLAYED"	""	"1"	"161"	"BE0235F3DA8BE649A8D14BFC2DA67FC3D9477D564E7EBD1CC06BBE73CF1ED67A"
"2024 August"	"54"	"Amateur 3"	"28"	"7551"	"GALICE1975"	"Wallace & Gromit - Hard"	"9"	"9"	"PLAYED"	""	"1"	"151"	"BE0235F3DA8BE649A8D14BFC2DA67FC3D9477D564E7EBD1CC06BBE73CF1ED67A"
"2024 August"	"54"	"Amateur 3"	"28"	"7488"	"ThePrankser15"	"Wallace & Gromit - Hard"	"14"	"14"	"PLAYED"	""	"1"	"141"	"BE0235F3DA8BE649A8D14BFC2DA67FC3D9477D564E7EBD1CC06BBE73CF1ED67A"
"2024 September"	"55"	"Amateur 1"	"26"	"4005"	"kenmorefield"	"Tethys Station"	"-23"	"-23"	"PLAYED"	""	"1"	"201"	"30BE46395BEDDEB4A0848EEDC1C88C0A9AC57A8F4EF4E8CDA956E447CB1FDEED"
"2024 September"	"55"	"Amateur 1"	"26"	"7248"	"kimcat"	"Tethys Station"	"-22"	"-22"	"PLAYED"	""	"1"	"191"	"30BE46395BEDDEB4A0848EEDC1C88C0A9AC57A8F4EF4E8CDA956E447CB1FDEED"
"2024 September"	"55"	"Amateur 1"	"26"	"5645"	"mammothrept"	"Tethys Station"	"-21"	"-21"	"PLAYED"	""	"2"	"182"	"30BE46395BEDDEB4A0848EEDC1C88C0A9AC57A8F4EF4E8CDA956E447CB1FDEED"
"2024 September"	"55"	"Amateur 1"	"26"	"7174"	"RYANL503"	"Tethys Station"	"-20"	"-20"	"PLAYED"	""	"2"	"172"	"30BE46395BEDDEB4A0848EEDC1C88C0A9AC57A8F4EF4E8CDA956E447CB1FDEED"
"2024 September"	"55"	"Amateur 1"	"26"	"129"	"Sj_76"	"Tethys Station"	"-18"	"-18"	"PLAYED"	""	"1"	"161"	"30BE46395BEDDEB4A0848EEDC1C88C0A9AC57A8F4EF4E8CDA956E447CB1FDEED"
"2024 September"	"55"	"Amateur 1"	"26"	"7167"	"Sandtrap"	"Tethys Station"	"-17"	"-17"	"PLAYED"	""	"2"	"152"	"30BE46395BEDDEB4A0848EEDC1C88C0A9AC57A8F4EF4E8CDA956E447CB1FDEED"
"2024 September"	"55"	"Amateur 1"	"26"	"7186"	"Chelle💯"	"Tethys Station"	"-6"	"-6"	"PLAYED"	""	"0"	"140"	"30BE46395BEDDEB4A0848EEDC1C88C0A9AC57A8F4EF4E8CDA956E447CB1FDEED"
"2024 September"	"55"	"Amateur 1"	"26"	"4005"	"kenmorefield"	"Tethys Station - Hard"	"-22"	"-22"	"PLAYED"	""	"2"	"202"	"30BE46395BEDDEB4A0848EEDC1C88C0A9AC57A8F4EF4E8CDA956E447CB1FDEED"
"2024 September"	"55"	"Amateur 1"	"26"	"5645"	"mammothrept"	"Tethys Station - Hard"	"-15"	"-15"	"PLAYED"	""	"0"	"190"	"30BE46395BEDDEB4A0848EEDC1C88C0A9AC57A8F4EF4E8CDA956E447CB1FDEED"
"2024 September"	"55"	"Amateur 1"	"26"	"129"	"Sj_76"	"Tethys Station - Hard"	"-7"	"-7"	"PLAYED"	""	"0"	"180"	"30BE46395BEDDEB4A0848EEDC1C88C0A9AC57A8F4EF4E8CDA956E447CB1FDEED"
"2024 September"	"55"	"Amateur 1"	"26"	"7186"	"Chelle💯"	"Tethys Station - Hard"	"-5"	"-5"	"PLAYED"	""	"2"	"172"	"30BE46395BEDDEB4A0848EEDC1C88C0A9AC57A8F4EF4E8CDA956E447CB1FDEED"
"2024 September"	"55"	"Amateur 1"	"26"	"7174"	"RYANL503"	"Tethys Station - Hard"	"-5"	"-5"	"PLAYED"	""	"1"	"161"	"30BE46395BEDDEB4A0848EEDC1C88C0A9AC57A8F4EF4E8CDA956E447CB1FDEED"
"2024 September"	"55"	"Amateur 1"	"26"	"7167"	"Sandtrap"	"Tethys Station - Hard"	"-2"	"-2"	"PLAYED"	""	"1"	"151"	"30BE46395BEDDEB4A0848EEDC1C88C0A9AC57A8F4EF4E8CDA956E447CB1FDEED"
"2024 September"	"55"	"Amateur 1"	"26"	"7248"	"kimcat"	"Tethys Station - Hard"	"0"	"0"	"PLAYED"	""	"0"	"140"	"30BE46395BEDDEB4A0848EEDC1C88C0A9AC57A8F4EF4E8CDA956E447CB1FDEED"
"2024 September"	"55"	"Amateur 1"	"26"	"5645"	"mammothrept"	"Sweetopia"	"-17"	"-17"	"PLAYED"	""	"4"	"204"	"30BE46395BEDDEB4A0848EEDC1C88C0A9AC57A8F4EF4E8CDA956E447CB1FDEED"
"2024 September"	"55"	"Amateur 1"	"26"	"4005"	"kenmorefield"	"Sweetopia"	"-16"	"-16"	"PLAYED"	""	"2"	"192"	"30BE46395BEDDEB4A0848EEDC1C88C0A9AC57A8F4EF4E8CDA956E447CB1FDEED"
"2024 September"	"55"	"Amateur 1"	"26"	"7553"	"SHA_HOOF_NA"	"Sweetopia"	"-13"	"-13"	"PLAYED"	""	"2"	"182"	"30BE46395BEDDEB4A0848EEDC1C88C0A9AC57A8F4EF4E8CDA956E447CB1FDEED"
"2024 September"	"55"	"Amateur 1"	"26"	"7169"	"Master_KP"	"Sweetopia"	"-12"	"-12"	"PLAYED"	""	"1"	"171"	"30BE46395BEDDEB4A0848EEDC1C88C0A9AC57A8F4EF4E8CDA956E447CB1FDEED"
"2024 September"	"55"	"Amateur 1"	"26"	"7248"	"kimcat"	"Sweetopia"	"-11"	"-11"	"PLAYED"	""	"1"	"161"	"30BE46395BEDDEB4A0848EEDC1C88C0A9AC57A8F4EF4E8CDA956E447CB1FDEED"
"2024 September"	"55"	"Amateur 1"	"26"	"129"	"Sj_76"	"Sweetopia"	"-11"	"-11"	"PLAYED"	""	"1"	"161"	"30BE46395BEDDEB4A0848EEDC1C88C0A9AC57A8F4EF4E8CDA956E447CB1FDEED"
"2024 September"	"55"	"Amateur 1"	"26"	"7174"	"RYANL503"	"Sweetopia"	"-9"	"-9"	"PLAYED"	""	"1"	"141"	"30BE46395BEDDEB4A0848EEDC1C88C0A9AC57A8F4EF4E8CDA956E447CB1FDEED"
"2024 September"	"55"	"Amateur 1"	"26"	"7167"	"Sandtrap"	"Sweetopia"	"-7"	"-7"	"PLAYED"	""	"0"	"130"	"30BE46395BEDDEB4A0848EEDC1C88C0A9AC57A8F4EF4E8CDA956E447CB1FDEED"
"2024 September"	"55"	"Amateur 1"	"26"	"7548"	"beezy1"	"Sweetopia"	"-4"	"-4"	"PLAYED"	""	"0"	"120"	"30BE46395BEDDEB4A0848EEDC1C88C0A9AC57A8F4EF4E8CDA956E447CB1FDEED"
"2024 September"	"55"	"Amateur 1"	"26"	"7174"	"RYANL503"	"Sweetopia - Hard"	"-12"	"-12"	"PLAYED"	""	"0"	"200"	"30BE46395BEDDEB4A0848EEDC1C88C0A9AC57A8F4EF4E8CDA956E447CB1FDEED"
"2024 September"	"55"	"Amateur 1"	"26"	"129"	"Sj_76"	"Sweetopia - Hard"	"-9"	"-9"	"PLAYED"	""	"0"	"190"	"30BE46395BEDDEB4A0848EEDC1C88C0A9AC57A8F4EF4E8CDA956E447CB1FDEED"
"2024 September"	"55"	"Amateur 1"	"26"	"7248"	"kimcat"	"Sweetopia - Hard"	"-7"	"-7"	"PLAYED"	""	"1"	"181"	"30BE46395BEDDEB4A0848EEDC1C88C0A9AC57A8F4EF4E8CDA956E447CB1FDEED"
"2024 September"	"55"	"Amateur 1"	"26"	"7167"	"Sandtrap"	"Sweetopia - Hard"	"-7"	"-7"	"PLAYED"	""	"0"	"170"	"30BE46395BEDDEB4A0848EEDC1C88C0A9AC57A8F4EF4E8CDA956E447CB1FDEED"
"2024 September"	"55"	"Amateur 1"	"26"	"5645"	"mammothrept"	"Sweetopia - Hard"	"-6"	"-6"	"PLAYED"	""	"2"	"162"	"30BE46395BEDDEB4A0848EEDC1C88C0A9AC57A8F4EF4E8CDA956E447CB1FDEED"
"2024 September"	"55"	"Amateur 1"	"26"	"4005"	"kenmorefield"	"Sweetopia - Hard"	"-6"	"-6"	"PLAYED"	""	"1"	"151"	"30BE46395BEDDEB4A0848EEDC1C88C0A9AC57A8F4EF4E8CDA956E447CB1FDEED"
"2024 September"	"55"	"Amateur 1"	"26"	"7169"	"Master_KP"	"Sweetopia - Hard"	"6"	"6"	"PLAYED"	""	"0"	"140"	"30BE46395BEDDEB4A0848EEDC1C88C0A9AC57A8F4EF4E8CDA956E447CB1FDEED"
"2024 September"	"55"	"Amateur 1"	"26"	"5645"	"mammothrept"	"Shangri-La"	"-26"	"-26"	"PLAYED"	""	"7"	"207"	"30BE46395BEDDEB4A0848EEDC1C88C0A9AC57A8F4EF4E8CDA956E447CB1FDEED"
"2024 September"	"55"	"Amateur 1"	"26"	"4005"	"kenmorefield"	"Shangri-La"	"-25"	"-25"	"PLAYED"	""	"5"	"195"	"30BE46395BEDDEB4A0848EEDC1C88C0A9AC57A8F4EF4E8CDA956E447CB1FDEED"
"2024 September"	"55"	"Amateur 1"	"26"	"7174"	"RYANL503"	"Shangri-La"	"-24"	"-24"	"PLAYED"	""	"3"	"183"	"30BE46395BEDDEB4A0848EEDC1C88C0A9AC57A8F4EF4E8CDA956E447CB1FDEED"
"2024 September"	"55"	"Amateur 1"	"26"	"129"	"Sj_76"	"Shangri-La"	"-23"	"-23"	"PLAYED"	""	"3"	"173"	"30BE46395BEDDEB4A0848EEDC1C88C0A9AC57A8F4EF4E8CDA956E447CB1FDEED"
"2024 September"	"55"	"Amateur 1"	"26"	"7167"	"Sandtrap"	"Shangri-La"	"-21"	"-21"	"PLAYED"	""	"3"	"163"	"30BE46395BEDDEB4A0848EEDC1C88C0A9AC57A8F4EF4E8CDA956E447CB1FDEED"
"2024 September"	"55"	"Amateur 1"	"26"	"7169"	"Master_KP"	"Shangri-La"	"-19"	"-19"	"PLAYED"	""	"3"	"153"	"30BE46395BEDDEB4A0848EEDC1C88C0A9AC57A8F4EF4E8CDA956E447CB1FDEED"
"2024 September"	"55"	"Amateur 1"	"26"	"7248"	"kimcat"	"Shangri-La"	"-19"	"-19"	"PLAYED"	""	"1"	"141"	"30BE46395BEDDEB4A0848EEDC1C88C0A9AC57A8F4EF4E8CDA956E447CB1FDEED"
"2024 September"	"55"	"Amateur 1"	"26"	"7548"	"beezy1"	"Shangri-La"	"-19"	"-19"	"PLAYED"	""	"1"	"141"	"30BE46395BEDDEB4A0848EEDC1C88C0A9AC57A8F4EF4E8CDA956E447CB1FDEED"
"2024 September"	"55"	"Amateur 1"	"26"	"7186"	"Chelle💯"	"Shangri-La"	"-14"	"-14"	"PLAYED"	""	"2"	"122"	"30BE46395BEDDEB4A0848EEDC1C88C0A9AC57A8F4EF4E8CDA956E447CB1FDEED"
"2024 September"	"55"	"Amateur 1"	"26"	"5645"	"mammothrept"	"Shangri-La - Hard"	"-20"	"-20"	"PLAYED"	""	"1"	"201"	"30BE46395BEDDEB4A0848EEDC1C88C0A9AC57A8F4EF4E8CDA956E447CB1FDEED"
"2024 September"	"55"	"Amateur 1"	"26"	"7169"	"Master_KP"	"Shangri-La - Hard"	"-17"	"-17"	"PLAYED"	""	"1"	"191"	"30BE46395BEDDEB4A0848EEDC1C88C0A9AC57A8F4EF4E8CDA956E447CB1FDEED"
"2024 September"	"55"	"Amateur 1"	"26"	"4005"	"kenmorefield"	"Shangri-La - Hard"	"-16"	"-16"	"PLAYED"	""	"2"	"182"	"30BE46395BEDDEB4A0848EEDC1C88C0A9AC57A8F4EF4E8CDA956E447CB1FDEED"
"2024 September"	"55"	"Amateur 1"	"26"	"7167"	"Sandtrap"	"Shangri-La - Hard"	"-14"	"-14"	"PLAYED"	""	"0"	"170"	"30BE46395BEDDEB4A0848EEDC1C88C0A9AC57A8F4EF4E8CDA956E447CB1FDEED"
"2024 September"	"55"	"Amateur 1"	"26"	"7553"	"SHA_HOOF_NA"	"Shangri-La - Hard"	"-11"	"-11"	"PLAYED"	""	"1"	"161"	"30BE46395BEDDEB4A0848EEDC1C88C0A9AC57A8F4EF4E8CDA956E447CB1FDEED"
"2024 September"	"55"	"Amateur 1"	"26"	"7186"	"Chelle💯"	"Shangri-La - Hard"	"-11"	"-11"	"PLAYED"	""	"0"	"150"	"30BE46395BEDDEB4A0848EEDC1C88C0A9AC57A8F4EF4E8CDA956E447CB1FDEED"
"2024 September"	"55"	"Amateur 1"	"26"	"7174"	"RYANL503"	"Shangri-La - Hard"	"-9"	"-9"	"PLAYED"	""	"0"	"140"	"30BE46395BEDDEB4A0848EEDC1C88C0A9AC57A8F4EF4E8CDA956E447CB1FDEED"
"2024 September"	"55"	"Amateur 1"	"26"	"7548"	"beezy1"	"Shangri-La - Hard"	"-8"	"-8"	"PLAYED"	""	"0"	"130"	"30BE46395BEDDEB4A0848EEDC1C88C0A9AC57A8F4EF4E8CDA956E447CB1FDEED"
"2024 September"	"55"	"Amateur 1"	"26"	"7248"	"kimcat"	"Shangri-La - Hard"	"-5"	"-5"	"PLAYED"	""	"0"	"120"	"30BE46395BEDDEB4A0848EEDC1C88C0A9AC57A8F4EF4E8CDA956E447CB1FDEED"
"2024 September"	"55"	"Amateur 1"	"26"	"129"	"Sj_76"	"Shangri-La - Hard"	"13"	"13"	"PLAYED"	""	"0"	"110"	"30BE46395BEDDEB4A0848EEDC1C88C0A9AC57A8F4EF4E8CDA956E447CB1FDEED"
"2024 September"	"55"	"Amateur 1"	"26"	"7174"	"RYANL503"	"Temple at Zerzura"	"-23"	"-23"	"PLAYED"	""	"1"	"201"	"30BE46395BEDDEB4A0848EEDC1C88C0A9AC57A8F4EF4E8CDA956E447CB1FDEED"
"2024 September"	"55"	"Amateur 1"	"26"	"7186"	"Chelle💯"	"Temple at Zerzura"	"-22"	"-22"	"PLAYED"	""	"3"	"193"	"30BE46395BEDDEB4A0848EEDC1C88C0A9AC57A8F4EF4E8CDA956E447CB1FDEED"
"2024 September"	"55"	"Amateur 1"	"26"	"7167"	"Sandtrap"	"Temple at Zerzura"	"-18"	"-18"	"PLAYED"	""	"2"	"182"	"30BE46395BEDDEB4A0848EEDC1C88C0A9AC57A8F4EF4E8CDA956E447CB1FDEED"
"2024 September"	"55"	"Amateur 1"	"26"	"129"	"Sj_76"	"Temple at Zerzura"	"-18"	"-18"	"PLAYED"	""	"1"	"171"	"30BE46395BEDDEB4A0848EEDC1C88C0A9AC57A8F4EF4E8CDA956E447CB1FDEED"
"2024 September"	"55"	"Amateur 1"	"26"	"5645"	"mammothrept"	"Temple at Zerzura"	"-17"	"-17"	"PLAYED"	""	"0"	"160"	"30BE46395BEDDEB4A0848EEDC1C88C0A9AC57A8F4EF4E8CDA956E447CB1FDEED"
"2024 September"	"55"	"Amateur 1"	"26"	"7248"	"kimcat"	"Temple at Zerzura"	"-16"	"-16"	"PLAYED"	""	"1"	"151"	"30BE46395BEDDEB4A0848EEDC1C88C0A9AC57A8F4EF4E8CDA956E447CB1FDEED"
"2024 September"	"55"	"Amateur 1"	"26"	"4005"	"kenmorefield"	"Temple at Zerzura"	"-15"	"-15"	"PLAYED"	""	"1"	"141"	"30BE46395BEDDEB4A0848EEDC1C88C0A9AC57A8F4EF4E8CDA956E447CB1FDEED"
"2024 September"	"55"	"Amateur 1"	"26"	"7548"	"beezy1"	"Temple at Zerzura"	"-14"	"-14"	"PLAYED"	""	"2"	"132"	"30BE46395BEDDEB4A0848EEDC1C88C0A9AC57A8F4EF4E8CDA956E447CB1FDEED"
"2024 September"	"55"	"Amateur 1"	"26"	"7553"	"SHA_HOOF_NA"	"Temple at Zerzura"	"-14"	"-14"	"PLAYED"	""	"1"	"121"	"30BE46395BEDDEB4A0848EEDC1C88C0A9AC57A8F4EF4E8CDA956E447CB1FDEED"
"2024 September"	"55"	"Amateur 1"	"26"	"5645"	"mammothrept"	"Temple at Zerzura - Hard"	"-16"	"-16"	"PLAYED"	""	"1"	"201"	"30BE46395BEDDEB4A0848EEDC1C88C0A9AC57A8F4EF4E8CDA956E447CB1FDEED"
"2024 September"	"55"	"Amateur 1"	"26"	"4005"	"kenmorefield"	"Temple at Zerzura - Hard"	"-13"	"-13"	"PLAYED"	""	"1"	"191"	"30BE46395BEDDEB4A0848EEDC1C88C0A9AC57A8F4EF4E8CDA956E447CB1FDEED"
"2024 September"	"55"	"Amateur 1"	"26"	"7174"	"RYANL503"	"Temple at Zerzura - Hard"	"-10"	"-10"	"PLAYED"	""	"2"	"182"	"30BE46395BEDDEB4A0848EEDC1C88C0A9AC57A8F4EF4E8CDA956E447CB1FDEED"
"2024 September"	"55"	"Amateur 1"	"26"	"129"	"Sj_76"	"Temple at Zerzura - Hard"	"-8"	"-8"	"PLAYED"	""	"1"	"171"	"30BE46395BEDDEB4A0848EEDC1C88C0A9AC57A8F4EF4E8CDA956E447CB1FDEED"
"2024 September"	"55"	"Amateur 1"	"26"	"7248"	"kimcat"	"Temple at Zerzura - Hard"	"-8"	"-8"	"PLAYED"	""	"1"	"171"	"30BE46395BEDDEB4A0848EEDC1C88C0A9AC57A8F4EF4E8CDA956E447CB1FDEED"
"2024 September"	"55"	"Amateur 1"	"26"	"7553"	"SHA_HOOF_NA"	"Temple at Zerzura - Hard"	"-7"	"-7"	"PLAYED"	""	"1"	"151"	"30BE46395BEDDEB4A0848EEDC1C88C0A9AC57A8F4EF4E8CDA956E447CB1FDEED"
"2024 September"	"55"	"Amateur 1"	"26"	"7186"	"Chelle💯"	"Temple at Zerzura - Hard"	"-5"	"-5"	"PLAYED"	""	"1"	"141"	"30BE46395BEDDEB4A0848EEDC1C88C0A9AC57A8F4EF4E8CDA956E447CB1FDEED"
"2024 September"	"55"	"Amateur 1"	"26"	"7548"	"beezy1"	"Temple at Zerzura - Hard"	"-4"	"-4"	"PLAYED"	""	"3"	"133"	"30BE46395BEDDEB4A0848EEDC1C88C0A9AC57A8F4EF4E8CDA956E447CB1FDEED"
"2024 September"	"55"	"Amateur 1"	"26"	"7167"	"Sandtrap"	"Temple at Zerzura - Hard"	"-2"	"-2"	"PLAYED"	""	"2"	"122"	"30BE46395BEDDEB4A0848EEDC1C88C0A9AC57A8F4EF4E8CDA956E447CB1FDEED"
"2024 September"	"55"	"Amateur 2"	"27"	"7569"	"Alisha0068"	"Tethys Station"	"-24"	"-24"	"PLAYED"	""	"3"	"203"	"3C962125253FA203CAA665DA988DD48A8984D69A6944FF1BFC87ACD6CADFC4DB"
"2024 September"	"55"	"Amateur 2"	"27"	"7229"	"Ultrafox_Lynne"	"Tethys Station"	"-21"	"-21"	"PLAYED"	""	"3"	"193"	"3C962125253FA203CAA665DA988DD48A8984D69A6944FF1BFC87ACD6CADFC4DB"
"2024 September"	"55"	"Amateur 2"	"27"	"7428"	"StevieWonderful"	"Tethys Station"	"-19"	"-19"	"PLAYED"	""	"0"	"180"	"3C962125253FA203CAA665DA988DD48A8984D69A6944FF1BFC87ACD6CADFC4DB"
"2024 September"	"55"	"Amateur 2"	"27"	"322"	"Missi"	"Tethys Station"	"-18"	"-18"	"PLAYED"	""	"2"	"172"	"3C962125253FA203CAA665DA988DD48A8984D69A6944FF1BFC87ACD6CADFC4DB"
"2024 September"	"55"	"Amateur 2"	"27"	"7549"	"CATHY G"	"Tethys Station"	"-18"	"-18"	"PLAYED"	""	"1"	"161"	"3C962125253FA203CAA665DA988DD48A8984D69A6944FF1BFC87ACD6CADFC4DB"
"2024 September"	"55"	"Amateur 2"	"27"	"7188"	"LLABB23_LISA"	"Tethys Station"	"-14"	"-14"	"PLAYED"	""	"1"	"151"	"3C962125253FA203CAA665DA988DD48A8984D69A6944FF1BFC87ACD6CADFC4DB"
"2024 September"	"55"	"Amateur 2"	"27"	"7448"	"ANDRIA77"	"Tethys Station"	"-11"	"-11"	"PLAYED"	""	"0"	"140"	"3C962125253FA203CAA665DA988DD48A8984D69A6944FF1BFC87ACD6CADFC4DB"
"2024 September"	"55"	"Amateur 2"	"27"	"7552"	"IMJOMAMA"	"Tethys Station"	"-8"	"-8"	"PLAYED"	""	"0"	"130"	"3C962125253FA203CAA665DA988DD48A8984D69A6944FF1BFC87ACD6CADFC4DB"
"2024 September"	"55"	"Amateur 2"	"27"	"7189"	"CHERIE_ROSE"	"Tethys Station"	"-8"	"-8"	"PLAYED"	""	"0"	"130"	"3C962125253FA203CAA665DA988DD48A8984D69A6944FF1BFC87ACD6CADFC4DB"
"2024 September"	"55"	"Amateur 2"	"27"	"322"	"Missi"	"Tethys Station - Hard"	"-11"	"-11"	"PLAYED"	""	"0"	"200"	"3C962125253FA203CAA665DA988DD48A8984D69A6944FF1BFC87ACD6CADFC4DB"
"2024 September"	"55"	"Amateur 2"	"27"	"7188"	"LLABB23_LISA"	"Tethys Station - Hard"	"-5"	"-5"	"PLAYED"	""	"1"	"191"	"3C962125253FA203CAA665DA988DD48A8984D69A6944FF1BFC87ACD6CADFC4DB"
"2024 September"	"55"	"Amateur 2"	"27"	"7189"	"CHERIE_ROSE"	"Tethys Station - Hard"	"-3"	"-3"	"PLAYED"	""	"1"	"181"	"3C962125253FA203CAA665DA988DD48A8984D69A6944FF1BFC87ACD6CADFC4DB"
"2024 September"	"55"	"Amateur 2"	"27"	"7428"	"StevieWonderful"	"Tethys Station - Hard"	"-3"	"-3"	"PLAYED"	""	"0"	"170"	"3C962125253FA203CAA665DA988DD48A8984D69A6944FF1BFC87ACD6CADFC4DB"
"2024 September"	"55"	"Amateur 2"	"27"	"7448"	"ANDRIA77"	"Tethys Station - Hard"	"0"	"0"	"PLAYED"	""	"0"	"160"	"3C962125253FA203CAA665DA988DD48A8984D69A6944FF1BFC87ACD6CADFC4DB"
"2024 September"	"55"	"Amateur 2"	"27"	"7552"	"IMJOMAMA"	"Tethys Station - Hard"	"2"	"2"	"PLAYED"	""	"2"	"152"	"3C962125253FA203CAA665DA988DD48A8984D69A6944FF1BFC87ACD6CADFC4DB"
"2024 September"	"55"	"Amateur 2"	"27"	"7549"	"CATHY G"	"Tethys Station - Hard"	"4"	"4"	"PLAYED"	""	"1"	"141"	"3C962125253FA203CAA665DA988DD48A8984D69A6944FF1BFC87ACD6CADFC4DB"
"2024 September"	"55"	"Amateur 2"	"27"	"7229"	"Ultrafox_Lynne"	"Tethys Station - Hard"	"6"	"6"	"PLAYED"	""	"0"	"130"	"3C962125253FA203CAA665DA988DD48A8984D69A6944FF1BFC87ACD6CADFC4DB"
"2024 September"	"55"	"Amateur 2"	"27"	"7189"	"CHERIE_ROSE"	"Sweetopia"	"-17"	"-17"	"PLAYED"	""	"2"	"202"	"3C962125253FA203CAA665DA988DD48A8984D69A6944FF1BFC87ACD6CADFC4DB"
"2024 September"	"55"	"Amateur 2"	"27"	"322"	"Missi"	"Sweetopia"	"-15"	"-15"	"PLAYED"	""	"1"	"191"	"3C962125253FA203CAA665DA988DD48A8984D69A6944FF1BFC87ACD6CADFC4DB"
"2024 September"	"55"	"Amateur 2"	"27"	"7448"	"ANDRIA77"	"Sweetopia"	"-14"	"-14"	"PLAYED"	""	"1"	"181"	"3C962125253FA203CAA665DA988DD48A8984D69A6944FF1BFC87ACD6CADFC4DB"
"2024 September"	"55"	"Amateur 2"	"27"	"7188"	"LLABB23_LISA"	"Sweetopia"	"-13"	"-13"	"PLAYED"	""	"2"	"172"	"3C962125253FA203CAA665DA988DD48A8984D69A6944FF1BFC87ACD6CADFC4DB"
"2024 September"	"55"	"Amateur 2"	"27"	"7428"	"StevieWonderful"	"Sweetopia"	"-12"	"-12"	"PLAYED"	""	"2"	"162"	"3C962125253FA203CAA665DA988DD48A8984D69A6944FF1BFC87ACD6CADFC4DB"
"2024 September"	"55"	"Amateur 2"	"27"	"7388"	"FROGMAN"	"Sweetopia"	"-11"	"-11"	"PLAYED"	""	"1"	"151"	"3C962125253FA203CAA665DA988DD48A8984D69A6944FF1BFC87ACD6CADFC4DB"
"2024 September"	"55"	"Amateur 2"	"27"	"7552"	"IMJOMAMA"	"Sweetopia"	"-11"	"-11"	"PLAYED"	""	"0"	"140"	"3C962125253FA203CAA665DA988DD48A8984D69A6944FF1BFC87ACD6CADFC4DB"
"2024 September"	"55"	"Amateur 2"	"27"	"7229"	"Ultrafox_Lynne"	"Sweetopia"	"-5"	"-5"	"PLAYED"	""	"1"	"131"	"3C962125253FA203CAA665DA988DD48A8984D69A6944FF1BFC87ACD6CADFC4DB"
"2024 September"	"55"	"Amateur 2"	"27"	"7428"	"StevieWonderful"	"Sweetopia - Hard"	"-11"	"-11"	"PLAYED"	""	"0"	"200"	"3C962125253FA203CAA665DA988DD48A8984D69A6944FF1BFC87ACD6CADFC4DB"
"2024 September"	"55"	"Amateur 2"	"27"	"322"	"Missi"	"Sweetopia - Hard"	"-11"	"-11"	"PLAYED"	""	"0"	"200"	"3C962125253FA203CAA665DA988DD48A8984D69A6944FF1BFC87ACD6CADFC4DB"
"2024 September"	"55"	"Amateur 2"	"27"	"7189"	"CHERIE_ROSE"	"Sweetopia - Hard"	"-7"	"-7"	"PLAYED"	""	"2"	"182"	"3C962125253FA203CAA665DA988DD48A8984D69A6944FF1BFC87ACD6CADFC4DB"
"2024 September"	"55"	"Amateur 2"	"27"	"7448"	"ANDRIA77"	"Sweetopia - Hard"	"-7"	"-7"	"PLAYED"	""	"0"	"170"	"3C962125253FA203CAA665DA988DD48A8984D69A6944FF1BFC87ACD6CADFC4DB"
"2024 September"	"55"	"Amateur 2"	"27"	"7188"	"LLABB23_LISA"	"Sweetopia - Hard"	"-6"	"-6"	"PLAYED"	""	"2"	"162"	"3C962125253FA203CAA665DA988DD48A8984D69A6944FF1BFC87ACD6CADFC4DB"
"2024 September"	"55"	"Amateur 2"	"27"	"7229"	"Ultrafox_Lynne"	"Sweetopia - Hard"	"-2"	"-2"	"PLAYED"	""	"0"	"150"	"3C962125253FA203CAA665DA988DD48A8984D69A6944FF1BFC87ACD6CADFC4DB"
"2024 September"	"55"	"Amateur 2"	"27"	"7552"	"IMJOMAMA"	"Sweetopia - Hard"	"2"	"2"	"PLAYED"	""	"1"	"141"	"3C962125253FA203CAA665DA988DD48A8984D69A6944FF1BFC87ACD6CADFC4DB"
"2024 September"	"55"	"Amateur 2"	"27"	"322"	"Missi"	"Shangri-La"	"-26"	"-26"	"PLAYED"	""	"5"	"205"	"3C962125253FA203CAA665DA988DD48A8984D69A6944FF1BFC87ACD6CADFC4DB"
"2024 September"	"55"	"Amateur 2"	"27"	"7388"	"FROGMAN"	"Shangri-La"	"-24"	"-24"	"PLAYED"	""	"3"	"193"	"3C962125253FA203CAA665DA988DD48A8984D69A6944FF1BFC87ACD6CADFC4DB"
"2024 September"	"55"	"Amateur 2"	"27"	"7189"	"CHERIE_ROSE"	"Shangri-La"	"-23"	"-23"	"PLAYED"	""	"2"	"182"	"3C962125253FA203CAA665DA988DD48A8984D69A6944FF1BFC87ACD6CADFC4DB"
"2024 September"	"55"	"Amateur 2"	"27"	"7448"	"ANDRIA77"	"Shangri-La"	"-21"	"-21"	"PLAYED"	""	"5"	"175"	"3C962125253FA203CAA665DA988DD48A8984D69A6944FF1BFC87ACD6CADFC4DB"
"2024 September"	"55"	"Amateur 2"	"27"	"7188"	"LLABB23_LISA"	"Shangri-La"	"-21"	"-21"	"PLAYED"	""	"3"	"163"	"3C962125253FA203CAA665DA988DD48A8984D69A6944FF1BFC87ACD6CADFC4DB"
"2024 September"	"55"	"Amateur 2"	"27"	"7428"	"StevieWonderful"	"Shangri-La"	"-21"	"-21"	"PLAYED"	""	"2"	"152"	"3C962125253FA203CAA665DA988DD48A8984D69A6944FF1BFC87ACD6CADFC4DB"
"2024 September"	"55"	"Amateur 2"	"27"	"7549"	"CATHY G"	"Shangri-La"	"-17"	"-17"	"PLAYED"	""	"1"	"141"	"3C962125253FA203CAA665DA988DD48A8984D69A6944FF1BFC87ACD6CADFC4DB"
"2024 September"	"55"	"Amateur 2"	"27"	"7229"	"Ultrafox_Lynne"	"Shangri-La"	"-16"	"-16"	"PLAYED"	""	"0"	"130"	"3C962125253FA203CAA665DA988DD48A8984D69A6944FF1BFC87ACD6CADFC4DB"
"2024 September"	"55"	"Amateur 2"	"27"	"7552"	"IMJOMAMA"	"Shangri-La"	"-15"	"-15"	"PLAYED"	""	"4"	"124"	"3C962125253FA203CAA665DA988DD48A8984D69A6944FF1BFC87ACD6CADFC4DB"
"2024 September"	"55"	"Amateur 2"	"27"	"7428"	"StevieWonderful"	"Shangri-La - Hard"	"-13"	"-13"	"PLAYED"	""	"2"	"202"	"3C962125253FA203CAA665DA988DD48A8984D69A6944FF1BFC87ACD6CADFC4DB"
"2024 September"	"55"	"Amateur 2"	"27"	"7388"	"FROGMAN"	"Shangri-La - Hard"	"-11"	"-11"	"PLAYED"	""	"2"	"192"	"3C962125253FA203CAA665DA988DD48A8984D69A6944FF1BFC87ACD6CADFC4DB"
"2024 September"	"55"	"Amateur 2"	"27"	"7188"	"LLABB23_LISA"	"Shangri-La - Hard"	"-11"	"-11"	"PLAYED"	""	"1"	"181"	"3C962125253FA203CAA665DA988DD48A8984D69A6944FF1BFC87ACD6CADFC4DB"
"2024 September"	"55"	"Amateur 2"	"27"	"7448"	"ANDRIA77"	"Shangri-La - Hard"	"-10"	"-10"	"PLAYED"	""	"1"	"171"	"3C962125253FA203CAA665DA988DD48A8984D69A6944FF1BFC87ACD6CADFC4DB"
"2024 September"	"55"	"Amateur 2"	"27"	"322"	"Missi"	"Shangri-La - Hard"	"-10"	"-10"	"PLAYED"	""	"0"	"160"	"3C962125253FA203CAA665DA988DD48A8984D69A6944FF1BFC87ACD6CADFC4DB"
"2024 September"	"55"	"Amateur 2"	"27"	"7549"	"CATHY G"	"Shangri-La - Hard"	"-3"	"-3"	"PLAYED"	""	"2"	"152"	"3C962125253FA203CAA665DA988DD48A8984D69A6944FF1BFC87ACD6CADFC4DB"
"2024 September"	"55"	"Amateur 2"	"27"	"7189"	"CHERIE_ROSE"	"Shangri-La - Hard"	"-3"	"-3"	"PLAYED"	""	"1"	"141"	"3C962125253FA203CAA665DA988DD48A8984D69A6944FF1BFC87ACD6CADFC4DB"
"2024 September"	"55"	"Amateur 2"	"27"	"7552"	"IMJOMAMA"	"Shangri-La - Hard"	"-2"	"-2"	"PLAYED"	""	"1"	"131"	"3C962125253FA203CAA665DA988DD48A8984D69A6944FF1BFC87ACD6CADFC4DB"
"2024 September"	"55"	"Amateur 2"	"27"	"7229"	"Ultrafox_Lynne"	"Shangri-La - Hard"	"5"	"5"	"PLAYED"	""	"0"	"120"	"3C962125253FA203CAA665DA988DD48A8984D69A6944FF1BFC87ACD6CADFC4DB"
"2024 September"	"55"	"Amateur 2"	"27"	"322"	"Missi"	"Temple at Zerzura"	"-16"	"-16"	"PLAYED"	""	"2"	"202"	"3C962125253FA203CAA665DA988DD48A8984D69A6944FF1BFC87ACD6CADFC4DB"
"2024 September"	"55"	"Amateur 2"	"27"	"7388"	"FROGMAN"	"Temple at Zerzura"	"-15"	"-15"	"PLAYED"	""	"2"	"192"	"3C962125253FA203CAA665DA988DD48A8984D69A6944FF1BFC87ACD6CADFC4DB"
"2024 September"	"55"	"Amateur 2"	"27"	"7428"	"StevieWonderful"	"Temple at Zerzura"	"-14"	"-14"	"PLAYED"	""	"3"	"183"	"3C962125253FA203CAA665DA988DD48A8984D69A6944FF1BFC87ACD6CADFC4DB"
"2024 September"	"55"	"Amateur 2"	"27"	"7549"	"CATHY G"	"Temple at Zerzura"	"-14"	"-14"	"PLAYED"	""	"1"	"171"	"3C962125253FA203CAA665DA988DD48A8984D69A6944FF1BFC87ACD6CADFC4DB"
"2024 September"	"55"	"Amateur 2"	"27"	"7448"	"ANDRIA77"	"Temple at Zerzura"	"-13"	"-13"	"PLAYED"	""	"1"	"161"	"3C962125253FA203CAA665DA988DD48A8984D69A6944FF1BFC87ACD6CADFC4DB"
"2024 September"	"55"	"Amateur 2"	"27"	"7189"	"CHERIE_ROSE"	"Temple at Zerzura"	"-13"	"-13"	"PLAYED"	""	"1"	"161"	"3C962125253FA203CAA665DA988DD48A8984D69A6944FF1BFC87ACD6CADFC4DB"
"2024 September"	"55"	"Amateur 2"	"27"	"7229"	"Ultrafox_Lynne"	"Temple at Zerzura"	"-12"	"-12"	"PLAYED"	""	"3"	"143"	"3C962125253FA203CAA665DA988DD48A8984D69A6944FF1BFC87ACD6CADFC4DB"
"2024 September"	"55"	"Amateur 2"	"27"	"7188"	"LLABB23_LISA"	"Temple at Zerzura"	"-11"	"-11"	"PLAYED"	""	"0"	"130"	"3C962125253FA203CAA665DA988DD48A8984D69A6944FF1BFC87ACD6CADFC4DB"
"2024 September"	"55"	"Amateur 2"	"27"	"106"	"Grezza"	"Temple at Zerzura"	"-7"	"-7"	"PLAYED"	""	"1"	"121"	"3C962125253FA203CAA665DA988DD48A8984D69A6944FF1BFC87ACD6CADFC4DB"
"2024 September"	"55"	"Amateur 2"	"27"	"7552"	"IMJOMAMA"	"Temple at Zerzura"	"-3"	"-3"	"PLAYED"	""	"1"	"111"	"3C962125253FA203CAA665DA988DD48A8984D69A6944FF1BFC87ACD6CADFC4DB"
"2024 September"	"55"	"Amateur 2"	"27"	"322"	"Missi"	"Temple at Zerzura - Hard"	"-12"	"-12"	"PLAYED"	""	"0"	"200"	"3C962125253FA203CAA665DA988DD48A8984D69A6944FF1BFC87ACD6CADFC4DB"
"2024 September"	"55"	"Amateur 2"	"27"	"7188"	"LLABB23_LISA"	"Temple at Zerzura - Hard"	"-10"	"-10"	"PLAYED"	""	"1"	"191"	"3C962125253FA203CAA665DA988DD48A8984D69A6944FF1BFC87ACD6CADFC4DB"
"2024 September"	"55"	"Amateur 2"	"27"	"7569"	"Alisha0068"	"Temple at Zerzura - Hard"	"-7"	"-7"	"PLAYED"	""	"0"	"180"	"3C962125253FA203CAA665DA988DD48A8984D69A6944FF1BFC87ACD6CADFC4DB"
"2024 September"	"55"	"Amateur 2"	"27"	"7388"	"FROGMAN"	"Temple at Zerzura - Hard"	"-5"	"-5"	"PLAYED"	""	"1"	"171"	"3C962125253FA203CAA665DA988DD48A8984D69A6944FF1BFC87ACD6CADFC4DB"
"2024 September"	"55"	"Amateur 2"	"27"	"7448"	"ANDRIA77"	"Temple at Zerzura - Hard"	"-4"	"-4"	"PLAYED"	""	"2"	"162"	"3C962125253FA203CAA665DA988DD48A8984D69A6944FF1BFC87ACD6CADFC4DB"
"2024 September"	"55"	"Amateur 2"	"27"	"7189"	"CHERIE_ROSE"	"Temple at Zerzura - Hard"	"-3"	"-3"	"PLAYED"	""	"2"	"152"	"3C962125253FA203CAA665DA988DD48A8984D69A6944FF1BFC87ACD6CADFC4DB"
"2024 September"	"55"	"Amateur 2"	"27"	"7428"	"StevieWonderful"	"Temple at Zerzura - Hard"	"-2"	"-2"	"PLAYED"	""	"1"	"141"	"3C962125253FA203CAA665DA988DD48A8984D69A6944FF1BFC87ACD6CADFC4DB"
"2024 September"	"55"	"Amateur 2"	"27"	"7229"	"Ultrafox_Lynne"	"Temple at Zerzura - Hard"	"0"	"0"	"PLAYED"	""	"0"	"130"	"3C962125253FA203CAA665DA988DD48A8984D69A6944FF1BFC87ACD6CADFC4DB"
"2024 September"	"55"	"Amateur 2"	"27"	"7549"	"CATHY G"	"Temple at Zerzura - Hard"	"1"	"1"	"PLAYED"	""	"0"	"120"	"3C962125253FA203CAA665DA988DD48A8984D69A6944FF1BFC87ACD6CADFC4DB"
"2024 September"	"55"	"Amateur 2"	"27"	"106"	"Grezza"	"Temple at Zerzura - Hard"	"2"	"2"	"PLAYED"	""	"1"	"111"	"3C962125253FA203CAA665DA988DD48A8984D69A6944FF1BFC87ACD6CADFC4DB"
"2024 September"	"55"	"Amateur 2"	"27"	"7552"	"IMJOMAMA"	"Temple at Zerzura - Hard"	"6"	"6"	"PLAYED"	""	"1"	"101"	"3C962125253FA203CAA665DA988DD48A8984D69A6944FF1BFC87ACD6CADFC4DB"
"2024 September"	"55"	"Amateur 3"	"28"	"93"	"NuttyGrandpa"	"Tethys Station"	"-18"	"-18"	"PLAYED"	""	"2"	"202"	"3479B5B40F08F6A5331955C58AF7C5BD1342A8AE00C1E537AD707A0784CC4BC4"
"2024 September"	"55"	"Amateur 3"	"28"	"7182"	"RUBBERDUCK"	"Tethys Station"	"-12"	"-12"	"PLAYED"	""	"2"	"192"	"3479B5B40F08F6A5331955C58AF7C5BD1342A8AE00C1E537AD707A0784CC4BC4"
"2024 September"	"55"	"Amateur 3"	"28"	"7327"	"MOENSHINER"	"Tethys Station"	"-12"	"-12"	"PLAYED"	""	"1"	"181"	"3479B5B40F08F6A5331955C58AF7C5BD1342A8AE00C1E537AD707A0784CC4BC4"
"2024 September"	"55"	"Amateur 3"	"28"	"7554"	"SKEETER78"	"Tethys Station"	"-12"	"-12"	"PLAYED"	""	"1"	"181"	"3479B5B40F08F6A5331955C58AF7C5BD1342A8AE00C1E537AD707A0784CC4BC4"
"2024 September"	"55"	"Amateur 3"	"28"	"7173"	"KillERBee"	"Tethys Station"	"-8"	"-8"	"PLAYED"	""	"1"	"161"	"3479B5B40F08F6A5331955C58AF7C5BD1342A8AE00C1E537AD707A0784CC4BC4"
"2024 September"	"55"	"Amateur 3"	"28"	"7551"	"GALICE1975"	"Tethys Station"	"-3"	"-3"	"PLAYED"	""	"1"	"151"	"3479B5B40F08F6A5331955C58AF7C5BD1342A8AE00C1E537AD707A0784CC4BC4"
"2024 September"	"55"	"Amateur 3"	"28"	"7589"	"SMILEROBIN"	"Tethys Station"	"-2"	"-2"	"PLAYED"	""	"0"	"140"	"3479B5B40F08F6A5331955C58AF7C5BD1342A8AE00C1E537AD707A0784CC4BC4"
"2024 September"	"55"	"Amateur 3"	"28"	"7327"	"MOENSHINER"	"Tethys Station - Hard"	"-3"	"-3"	"PLAYED"	""	"1"	"201"	"3479B5B40F08F6A5331955C58AF7C5BD1342A8AE00C1E537AD707A0784CC4BC4"
"2024 September"	"55"	"Amateur 3"	"28"	"7173"	"KillERBee"	"Tethys Station - Hard"	"-1"	"-1"	"PLAYED"	""	"0"	"190"	"3479B5B40F08F6A5331955C58AF7C5BD1342A8AE00C1E537AD707A0784CC4BC4"
"2024 September"	"55"	"Amateur 3"	"28"	"7554"	"SKEETER78"	"Tethys Station - Hard"	"1"	"1"	"PLAYED"	""	"0"	"180"	"3479B5B40F08F6A5331955C58AF7C5BD1342A8AE00C1E537AD707A0784CC4BC4"
"2024 September"	"55"	"Amateur 3"	"28"	"93"	"NuttyGrandpa"	"Tethys Station - Hard"	"2"	"2"	"PLAYED"	""	"0"	"170"	"3479B5B40F08F6A5331955C58AF7C5BD1342A8AE00C1E537AD707A0784CC4BC4"
"2024 September"	"55"	"Amateur 3"	"28"	"7589"	"SMILEROBIN"	"Tethys Station - Hard"	"3"	"3"	"PLAYED"	""	"1"	"161"	"3479B5B40F08F6A5331955C58AF7C5BD1342A8AE00C1E537AD707A0784CC4BC4"
"2024 September"	"55"	"Amateur 3"	"28"	"7182"	"RUBBERDUCK"	"Tethys Station - Hard"	"4"	"4"	"PLAYED"	""	"0"	"150"	"3479B5B40F08F6A5331955C58AF7C5BD1342A8AE00C1E537AD707A0784CC4BC4"
"2024 September"	"55"	"Amateur 3"	"28"	"7551"	"GALICE1975"	"Tethys Station - Hard"	"12"	"12"	"PLAYED"	""	"1"	"141"	"3479B5B40F08F6A5331955C58AF7C5BD1342A8AE00C1E537AD707A0784CC4BC4"
"2024 September"	"55"	"Amateur 3"	"28"	"93"	"NuttyGrandpa"	"Sweetopia"	"-14"	"-14"	"PLAYED"	""	"0"	"200"	"3479B5B40F08F6A5331955C58AF7C5BD1342A8AE00C1E537AD707A0784CC4BC4"
"2024 September"	"55"	"Amateur 3"	"28"	"7327"	"MOENSHINER"	"Sweetopia"	"-12"	"-12"	"PLAYED"	""	"2"	"192"	"3479B5B40F08F6A5331955C58AF7C5BD1342A8AE00C1E537AD707A0784CC4BC4"
"2024 September"	"55"	"Amateur 3"	"28"	"7554"	"SKEETER78"	"Sweetopia"	"-11"	"-11"	"PLAYED"	""	"1"	"181"	"3479B5B40F08F6A5331955C58AF7C5BD1342A8AE00C1E537AD707A0784CC4BC4"
"2024 September"	"55"	"Amateur 3"	"28"	"7551"	"GALICE1975"	"Sweetopia"	"-9"	"-9"	"PLAYED"	""	"1"	"171"	"3479B5B40F08F6A5331955C58AF7C5BD1342A8AE00C1E537AD707A0784CC4BC4"
"2024 September"	"55"	"Amateur 3"	"28"	"7173"	"KillERBee"	"Sweetopia"	"-7"	"-7"	"PLAYED"	""	"1"	"161"	"3479B5B40F08F6A5331955C58AF7C5BD1342A8AE00C1E537AD707A0784CC4BC4"
"2024 September"	"55"	"Amateur 3"	"28"	"7589"	"SMILEROBIN"	"Sweetopia"	"-2"	"-2"	"PLAYED"	""	"1"	"151"	"3479B5B40F08F6A5331955C58AF7C5BD1342A8AE00C1E537AD707A0784CC4BC4"
"2024 September"	"55"	"Amateur 3"	"28"	"7488"	"ThePrankser15"	"Sweetopia"	"-2"	"-2"	"PLAYED"	""	"1"	"151"	"3479B5B40F08F6A5331955C58AF7C5BD1342A8AE00C1E537AD707A0784CC4BC4"
"2024 September"	"55"	"Amateur 3"	"28"	"7327"	"MOENSHINER"	"Sweetopia - Hard"	"-10"	"-10"	"PLAYED"	""	"1"	"201"	"3479B5B40F08F6A5331955C58AF7C5BD1342A8AE00C1E537AD707A0784CC4BC4"
"2024 September"	"55"	"Amateur 3"	"28"	"93"	"NuttyGrandpa"	"Sweetopia - Hard"	"-3"	"-3"	"PLAYED"	""	"0"	"190"	"3479B5B40F08F6A5331955C58AF7C5BD1342A8AE00C1E537AD707A0784CC4BC4"
"2024 September"	"55"	"Amateur 3"	"28"	"7173"	"KillERBee"	"Sweetopia - Hard"	"-1"	"-1"	"PLAYED"	""	"0"	"180"	"3479B5B40F08F6A5331955C58AF7C5BD1342A8AE00C1E537AD707A0784CC4BC4"
"2024 September"	"55"	"Amateur 3"	"28"	"7554"	"SKEETER78"	"Sweetopia - Hard"	"-1"	"-1"	"PLAYED"	""	"0"	"180"	"3479B5B40F08F6A5331955C58AF7C5BD1342A8AE00C1E537AD707A0784CC4BC4"
"2024 September"	"55"	"Amateur 3"	"28"	"7589"	"SMILEROBIN"	"Sweetopia - Hard"	"1"	"1"	"PLAYED"	""	"0"	"160"	"3479B5B40F08F6A5331955C58AF7C5BD1342A8AE00C1E537AD707A0784CC4BC4"
"2024 September"	"55"	"Amateur 3"	"28"	"7551"	"GALICE1975"	"Sweetopia - Hard"	"6"	"6"	"PLAYED"	""	"0"	"150"	"3479B5B40F08F6A5331955C58AF7C5BD1342A8AE00C1E537AD707A0784CC4BC4"
"2024 September"	"55"	"Amateur 3"	"28"	"7488"	"ThePrankser15"	"Sweetopia - Hard"	"22"	"22"	"PLAYED"	""	"0"	"140"	"3479B5B40F08F6A5331955C58AF7C5BD1342A8AE00C1E537AD707A0784CC4BC4"
"2024 September"	"55"	"Amateur 3"	"28"	"7182"	"RUBBERDUCK"	"Shangri-La"	"-19"	"-19"	"PLAYED"	""	"2"	"202"	"3479B5B40F08F6A5331955C58AF7C5BD1342A8AE00C1E537AD707A0784CC4BC4"
"2024 September"	"55"	"Amateur 3"	"28"	"7327"	"MOENSHINER"	"Shangri-La"	"-18"	"-18"	"PLAYED"	""	"3"	"193"	"3479B5B40F08F6A5331955C58AF7C5BD1342A8AE00C1E537AD707A0784CC4BC4"
"2024 September"	"55"	"Amateur 3"	"28"	"7554"	"SKEETER78"	"Shangri-La"	"-16"	"-16"	"PLAYED"	""	"3"	"183"	"3479B5B40F08F6A5331955C58AF7C5BD1342A8AE00C1E537AD707A0784CC4BC4"
"2024 September"	"55"	"Amateur 3"	"28"	"7173"	"KillERBee"	"Shangri-La"	"-14"	"-14"	"PLAYED"	""	"3"	"173"	"3479B5B40F08F6A5331955C58AF7C5BD1342A8AE00C1E537AD707A0784CC4BC4"
"2024 September"	"55"	"Amateur 3"	"28"	"7551"	"GALICE1975"	"Shangri-La"	"-14"	"-14"	"PLAYED"	""	"2"	"162"	"3479B5B40F08F6A5331955C58AF7C5BD1342A8AE00C1E537AD707A0784CC4BC4"
"2024 September"	"55"	"Amateur 3"	"28"	"7589"	"SMILEROBIN"	"Shangri-La"	"-6"	"-6"	"PLAYED"	""	"2"	"152"	"3479B5B40F08F6A5331955C58AF7C5BD1342A8AE00C1E537AD707A0784CC4BC4"
"2024 September"	"55"	"Amateur 3"	"28"	"7488"	"ThePrankser15"	"Shangri-La"	"-2"	"-2"	"PLAYED"	""	"1"	"141"	"3479B5B40F08F6A5331955C58AF7C5BD1342A8AE00C1E537AD707A0784CC4BC4"
"2024 September"	"55"	"Amateur 3"	"28"	"7182"	"RUBBERDUCK"	"Shangri-La - Hard"	"-8"	"-8"	"PLAYED"	""	"0"	"200"	"3479B5B40F08F6A5331955C58AF7C5BD1342A8AE00C1E537AD707A0784CC4BC4"
"2024 September"	"55"	"Amateur 3"	"28"	"7327"	"MOENSHINER"	"Shangri-La - Hard"	"-2"	"-2"	"PLAYED"	""	"1"	"191"	"3479B5B40F08F6A5331955C58AF7C5BD1342A8AE00C1E537AD707A0784CC4BC4"
"2024 September"	"55"	"Amateur 3"	"28"	"7554"	"SKEETER78"	"Shangri-La - Hard"	"3"	"3"	"PLAYED"	""	"0"	"180"	"3479B5B40F08F6A5331955C58AF7C5BD1342A8AE00C1E537AD707A0784CC4BC4"
"2024 September"	"55"	"Amateur 3"	"28"	"7173"	"KillERBee"	"Shangri-La - Hard"	"6"	"6"	"PLAYED"	""	"0"	"170"	"3479B5B40F08F6A5331955C58AF7C5BD1342A8AE00C1E537AD707A0784CC4BC4"
"2024 September"	"55"	"Amateur 3"	"28"	"7589"	"SMILEROBIN"	"Shangri-La - Hard"	"7"	"7"	"PLAYED"	""	"0"	"160"	"3479B5B40F08F6A5331955C58AF7C5BD1342A8AE00C1E537AD707A0784CC4BC4"
"2024 September"	"55"	"Amateur 3"	"28"	"7551"	"GALICE1975"	"Shangri-La - Hard"	"7"	"7"	"PLAYED"	""	"0"	"160"	"3479B5B40F08F6A5331955C58AF7C5BD1342A8AE00C1E537AD707A0784CC4BC4"
"2024 September"	"55"	"Amateur 3"	"28"	"7488"	"ThePrankser15"	"Shangri-La - Hard"	"20"	"20"	"PLAYED"	""	"1"	"141"	"3479B5B40F08F6A5331955C58AF7C5BD1342A8AE00C1E537AD707A0784CC4BC4"
"2024 September"	"55"	"Amateur 3"	"28"	"7182"	"RUBBERDUCK"	"Temple at Zerzura"	"-17"	"-17"	"PLAYED"	""	"0"	"200"	"3479B5B40F08F6A5331955C58AF7C5BD1342A8AE00C1E537AD707A0784CC4BC4"
"2024 September"	"55"	"Amateur 3"	"28"	"7327"	"MOENSHINER"	"Temple at Zerzura"	"-15"	"-15"	"PLAYED"	""	"2"	"192"	"3479B5B40F08F6A5331955C58AF7C5BD1342A8AE00C1E537AD707A0784CC4BC4"
"2024 September"	"55"	"Amateur 3"	"28"	"7554"	"SKEETER78"	"Temple at Zerzura"	"-15"	"-15"	"PLAYED"	""	"1"	"181"	"3479B5B40F08F6A5331955C58AF7C5BD1342A8AE00C1E537AD707A0784CC4BC4"
"2024 September"	"55"	"Amateur 3"	"28"	"7173"	"KillERBee"	"Temple at Zerzura"	"-14"	"-14"	"PLAYED"	""	"2"	"172"	"3479B5B40F08F6A5331955C58AF7C5BD1342A8AE00C1E537AD707A0784CC4BC4"
"2024 September"	"55"	"Amateur 3"	"28"	"7551"	"GALICE1975"	"Temple at Zerzura"	"-13"	"-13"	"PLAYED"	""	"3"	"163"	"3479B5B40F08F6A5331955C58AF7C5BD1342A8AE00C1E537AD707A0784CC4BC4"
"2024 September"	"55"	"Amateur 3"	"28"	"7589"	"SMILEROBIN"	"Temple at Zerzura"	"-5"	"-5"	"PLAYED"	""	"1"	"151"	"3479B5B40F08F6A5331955C58AF7C5BD1342A8AE00C1E537AD707A0784CC4BC4"
"2024 September"	"55"	"Amateur 3"	"28"	"7488"	"ThePrankser15"	"Temple at Zerzura"	"0"	"0"	"PLAYED"	""	"1"	"141"	"3479B5B40F08F6A5331955C58AF7C5BD1342A8AE00C1E537AD707A0784CC4BC4"
"2024 September"	"55"	"Amateur 3"	"28"	"7182"	"RUBBERDUCK"	"Temple at Zerzura - Hard"	"-3"	"-3"	"PLAYED"	""	"1"	"201"	"3479B5B40F08F6A5331955C58AF7C5BD1342A8AE00C1E537AD707A0784CC4BC4"
"2024 September"	"55"	"Amateur 3"	"28"	"7173"	"KillERBee"	"Temple at Zerzura - Hard"	"-2"	"-2"	"PLAYED"	""	"1"	"191"	"3479B5B40F08F6A5331955C58AF7C5BD1342A8AE00C1E537AD707A0784CC4BC4"
"2024 September"	"55"	"Amateur 3"	"28"	"7327"	"MOENSHINER"	"Temple at Zerzura - Hard"	"-1"	"-1"	"PLAYED"	""	"2"	"182"	"3479B5B40F08F6A5331955C58AF7C5BD1342A8AE00C1E537AD707A0784CC4BC4"
"2024 September"	"55"	"Amateur 3"	"28"	"7589"	"SMILEROBIN"	"Temple at Zerzura - Hard"	"1"	"1"	"PLAYED"	""	"0"	"170"	"3479B5B40F08F6A5331955C58AF7C5BD1342A8AE00C1E537AD707A0784CC4BC4"
"2024 September"	"55"	"Amateur 3"	"28"	"7551"	"GALICE1975"	"Temple at Zerzura - Hard"	"2"	"2"	"PLAYED"	""	"1"	"161"	"3479B5B40F08F6A5331955C58AF7C5BD1342A8AE00C1E537AD707A0784CC4BC4"
"2024 September"	"55"	"Amateur 3"	"28"	"7554"	"SKEETER78"	"Temple at Zerzura - Hard"	"6"	"6"	"PLAYED"	""	"0"	"150"	"3479B5B40F08F6A5331955C58AF7C5BD1342A8AE00C1E537AD707A0784CC4BC4"
"2024 September"	"55"	"Amateur 3"	"28"	"7488"	"ThePrankser15"	"Temple at Zerzura - Hard"	"24"	"24"	"PLAYED"	""	"1"	"141"	"3479B5B40F08F6A5331955C58AF7C5BD1342A8AE00C1E537AD707A0784CC4BC4"
"2024 October"	"56"	"Amateur 2"	"27"	"7569"	"Alisha0068"	"Seagull Stacks"	"-18"	"-18"	"PLAYED"	""	"1"	"201"	"C083244F9954D0DA1797ECA20ED5CDC0094D77B8B11E0F9F478D5CFE9CB5D6A7"
"2024 October"	"56"	"Amateur 2"	"27"	"7173"	"KillERBee"	"Seagull Stacks"	"-13"	"-13"	"PLAYED"	""	"1"	"191"	"C083244F9954D0DA1797ECA20ED5CDC0094D77B8B11E0F9F478D5CFE9CB5D6A7"
"2024 October"	"56"	"Amateur 2"	"27"	"7229"	"Ultrafox_Lynne"	"Seagull Stacks"	"-13"	"-13"	"PLAYED"	""	"0"	"180"	"C083244F9954D0DA1797ECA20ED5CDC0094D77B8B11E0F9F478D5CFE9CB5D6A7"
"2024 October"	"56"	"Amateur 2"	"27"	"7189"	"CHERIE_ROSE"	"Seagull Stacks"	"-12"	"-12"	"PLAYED"	""	"0"	"170"	"C083244F9954D0DA1797ECA20ED5CDC0094D77B8B11E0F9F478D5CFE9CB5D6A7"
"2024 October"	"56"	"Amateur 2"	"27"	"7229"	"Ultrafox_Lynne"	"Seagull Stacks - Hard"	"-5"	"-5"	"PLAYED"	""	"0"	"200"	"C083244F9954D0DA1797ECA20ED5CDC0094D77B8B11E0F9F478D5CFE9CB5D6A7"
"2024 October"	"56"	"Amateur 2"	"27"	"7569"	"Alisha0068"	"Seagull Stacks - Hard"	"-4"	"-4"	"PLAYED"	""	"0"	"190"	"C083244F9954D0DA1797ECA20ED5CDC0094D77B8B11E0F9F478D5CFE9CB5D6A7"
"2024 October"	"56"	"Amateur 2"	"27"	"7173"	"KillERBee"	"Seagull Stacks - Hard"	"1"	"1"	"PLAYED"	""	"0"	"180"	"C083244F9954D0DA1797ECA20ED5CDC0094D77B8B11E0F9F478D5CFE9CB5D6A7"
"2024 October"	"56"	"Amateur 2"	"27"	"7189"	"CHERIE_ROSE"	"Seagull Stacks - Hard"	"5"	"5"	"PLAYED"	""	"0"	"170"	"C083244F9954D0DA1797ECA20ED5CDC0094D77B8B11E0F9F478D5CFE9CB5D6A7"
"2024 October"	"56"	"Amateur 2"	"27"	"7569"	"Alisha0068"	"Arizona Modern"	"-23"	"-23"	"PLAYED"	""	"1"	"201"	"C083244F9954D0DA1797ECA20ED5CDC0094D77B8B11E0F9F478D5CFE9CB5D6A7"
"2024 October"	"56"	"Amateur 2"	"27"	"7189"	"CHERIE_ROSE"	"Arizona Modern"	"-19"	"-19"	"PLAYED"	""	"1"	"191"	"C083244F9954D0DA1797ECA20ED5CDC0094D77B8B11E0F9F478D5CFE9CB5D6A7"
"2024 October"	"56"	"Amateur 2"	"27"	"7327"	"MOENSHINER"	"Arizona Modern"	"-19"	"-19"	"PLAYED"	""	"1"	"191"	"C083244F9954D0DA1797ECA20ED5CDC0094D77B8B11E0F9F478D5CFE9CB5D6A7"
"2024 October"	"56"	"Amateur 2"	"27"	"7173"	"KillERBee"	"Arizona Modern"	"-15"	"-15"	"PLAYED"	""	"1"	"171"	"C083244F9954D0DA1797ECA20ED5CDC0094D77B8B11E0F9F478D5CFE9CB5D6A7"
"2024 October"	"56"	"Amateur 2"	"27"	"7229"	"Ultrafox_Lynne"	"Arizona Modern"	"-15"	"-15"	"PLAYED"	""	"0"	"160"	"C083244F9954D0DA1797ECA20ED5CDC0094D77B8B11E0F9F478D5CFE9CB5D6A7"
"2024 October"	"56"	"Amateur 2"	"27"	"7569"	"Alisha0068"	"Arizona Modern Hard"	"-15"	"-15"	"PLAYED"	""	"1"	"201"	"C083244F9954D0DA1797ECA20ED5CDC0094D77B8B11E0F9F478D5CFE9CB5D6A7"
"2024 October"	"56"	"Amateur 2"	"27"	"7229"	"Ultrafox_Lynne"	"Arizona Modern Hard"	"-11"	"-11"	"PLAYED"	""	"0"	"190"	"C083244F9954D0DA1797ECA20ED5CDC0094D77B8B11E0F9F478D5CFE9CB5D6A7"
"2024 October"	"56"	"Amateur 2"	"27"	"7173"	"KillERBee"	"Arizona Modern Hard"	"-6"	"-6"	"PLAYED"	""	"1"	"181"	"C083244F9954D0DA1797ECA20ED5CDC0094D77B8B11E0F9F478D5CFE9CB5D6A7"
"2024 October"	"56"	"Amateur 2"	"27"	"7327"	"MOENSHINER"	"Arizona Modern Hard"	"-6"	"-6"	"PLAYED"	""	"0"	"170"	"C083244F9954D0DA1797ECA20ED5CDC0094D77B8B11E0F9F478D5CFE9CB5D6A7"
"2024 October"	"56"	"Amateur 2"	"27"	"7189"	"CHERIE_ROSE"	"Arizona Modern Hard"	"-5"	"-5"	"PLAYED"	""	"0"	"160"	"C083244F9954D0DA1797ECA20ED5CDC0094D77B8B11E0F9F478D5CFE9CB5D6A7"
"2024 October"	"56"	"Amateur 2"	"27"	"7569"	"Alisha0068"	"Labyrinth"	"-12"	"-12"	"PLAYED"	""	"1"	"201"	"C083244F9954D0DA1797ECA20ED5CDC0094D77B8B11E0F9F478D5CFE9CB5D6A7"
"2024 October"	"56"	"Amateur 2"	"27"	"7229"	"Ultrafox_Lynne"	"Labyrinth"	"-6"	"-6"	"PLAYED"	""	"1"	"191"	"C083244F9954D0DA1797ECA20ED5CDC0094D77B8B11E0F9F478D5CFE9CB5D6A7"
"2024 October"	"56"	"Amateur 2"	"27"	"7173"	"KillERBee"	"Labyrinth"	"-6"	"-6"	"PLAYED"	""	"1"	"191"	"C083244F9954D0DA1797ECA20ED5CDC0094D77B8B11E0F9F478D5CFE9CB5D6A7"
"2024 October"	"56"	"Amateur 2"	"27"	"7552"	"IMJOMAMA"	"Labyrinth"	"-1"	"-1"	"PLAYED"	""	"0"	"170"	"C083244F9954D0DA1797ECA20ED5CDC0094D77B8B11E0F9F478D5CFE9CB5D6A7"
"2024 October"	"56"	"Amateur 2"	"27"	"7189"	"CHERIE_ROSE"	"Labyrinth"	"4"	"4"	"PLAYED"	""	"0"	"160"	"C083244F9954D0DA1797ECA20ED5CDC0094D77B8B11E0F9F478D5CFE9CB5D6A7"
"2024 October"	"56"	"Amateur 2"	"27"	"7569"	"Alisha0068"	"Labyrinth - Hard"	"-8"	"-8"	"PLAYED"	""	"1"	"201"	"C083244F9954D0DA1797ECA20ED5CDC0094D77B8B11E0F9F478D5CFE9CB5D6A7"
"2024 October"	"56"	"Amateur 2"	"27"	"7549"	"CATHY G"	"Labyrinth - Hard"	"-7"	"-7"	"PLAYED"	""	"0"	"190"	"C083244F9954D0DA1797ECA20ED5CDC0094D77B8B11E0F9F478D5CFE9CB5D6A7"
"2024 October"	"56"	"Amateur 2"	"27"	"7189"	"CHERIE_ROSE"	"Labyrinth - Hard"	"-3"	"-3"	"PLAYED"	""	"1"	"181"	"C083244F9954D0DA1797ECA20ED5CDC0094D77B8B11E0F9F478D5CFE9CB5D6A7"
"2024 October"	"56"	"Amateur 2"	"27"	"7552"	"IMJOMAMA"	"Labyrinth - Hard"	"1"	"1"	"PLAYED"	""	"1"	"171"	"C083244F9954D0DA1797ECA20ED5CDC0094D77B8B11E0F9F478D5CFE9CB5D6A7"
"2024 October"	"56"	"Amateur 2"	"27"	"7229"	"Ultrafox_Lynne"	"Labyrinth - Hard"	"2"	"2"	"PLAYED"	""	"0"	"160"	"C083244F9954D0DA1797ECA20ED5CDC0094D77B8B11E0F9F478D5CFE9CB5D6A7"
"2024 October"	"56"	"Amateur 2"	"27"	"7173"	"KillERBee"	"Labyrinth - Hard"	"2"	"2"	"PLAYED"	""	"0"	"160"	"C083244F9954D0DA1797ECA20ED5CDC0094D77B8B11E0F9F478D5CFE9CB5D6A7"
"2024 October"	"56"	"Amateur 2"	"27"	"7549"	"CATHY G"	"Mars Gardens"	"-19"	"-19"	"PLAYED"	""	"3"	"203"	"C083244F9954D0DA1797ECA20ED5CDC0094D77B8B11E0F9F478D5CFE9CB5D6A7"
"2024 October"	"56"	"Amateur 2"	"27"	"7569"	"Alisha0068"	"Mars Gardens"	"-16"	"-16"	"PLAYED"	""	"1"	"191"	"C083244F9954D0DA1797ECA20ED5CDC0094D77B8B11E0F9F478D5CFE9CB5D6A7"
"2024 October"	"56"	"Amateur 2"	"27"	"7229"	"Ultrafox_Lynne"	"Mars Gardens"	"-10"	"-10"	"PLAYED"	""	"1"	"181"	"C083244F9954D0DA1797ECA20ED5CDC0094D77B8B11E0F9F478D5CFE9CB5D6A7"
"2024 October"	"56"	"Amateur 2"	"27"	"7327"	"MOENSHINER"	"Mars Gardens"	"-10"	"-10"	"PLAYED"	""	"1"	"181"	"C083244F9954D0DA1797ECA20ED5CDC0094D77B8B11E0F9F478D5CFE9CB5D6A7"
"2024 October"	"56"	"Amateur 2"	"27"	"7189"	"CHERIE_ROSE"	"Mars Gardens"	"-8"	"-8"	"PLAYED"	""	"0"	"160"	"C083244F9954D0DA1797ECA20ED5CDC0094D77B8B11E0F9F478D5CFE9CB5D6A7"
"2024 October"	"56"	"Amateur 2"	"27"	"7173"	"KillERBee"	"Mars Gardens"	"-7"	"-7"	"PLAYED"	""	"0"	"150"	"C083244F9954D0DA1797ECA20ED5CDC0094D77B8B11E0F9F478D5CFE9CB5D6A7"
"2024 October"	"56"	"Amateur 2"	"27"	"7552"	"IMJOMAMA"	"Mars Gardens"	"-6"	"-6"	"PLAYED"	""	"0"	"140"	"C083244F9954D0DA1797ECA20ED5CDC0094D77B8B11E0F9F478D5CFE9CB5D6A7"
"2024 October"	"56"	"Amateur 2"	"27"	"7549"	"CATHY G"	"Mars Gardens - Hard"	"-13"	"-13"	"PLAYED"	""	"2"	"202"	"C083244F9954D0DA1797ECA20ED5CDC0094D77B8B11E0F9F478D5CFE9CB5D6A7"
"2024 October"	"56"	"Amateur 2"	"27"	"7569"	"Alisha0068"	"Mars Gardens - Hard"	"-11"	"-11"	"PLAYED"	""	"2"	"192"	"C083244F9954D0DA1797ECA20ED5CDC0094D77B8B11E0F9F478D5CFE9CB5D6A7"
"2024 October"	"56"	"Amateur 2"	"27"	"7189"	"CHERIE_ROSE"	"Mars Gardens - Hard"	"-4"	"-4"	"PLAYED"	""	"0"	"180"	"C083244F9954D0DA1797ECA20ED5CDC0094D77B8B11E0F9F478D5CFE9CB5D6A7"
"2024 October"	"56"	"Amateur 2"	"27"	"7229"	"Ultrafox_Lynne"	"Mars Gardens - Hard"	"-2"	"-2"	"PLAYED"	""	"0"	"170"	"C083244F9954D0DA1797ECA20ED5CDC0094D77B8B11E0F9F478D5CFE9CB5D6A7"
"2024 October"	"56"	"Amateur 2"	"27"	"7173"	"KillERBee"	"Mars Gardens - Hard"	"-2"	"-2"	"PLAYED"	""	"0"	"170"	"C083244F9954D0DA1797ECA20ED5CDC0094D77B8B11E0F9F478D5CFE9CB5D6A7"
"2024 October"	"56"	"Amateur 2"	"27"	"7552"	"IMJOMAMA"	"Mars Gardens - Hard"	"7"	"7"	"PLAYED"	""	"0"	"150"	"C083244F9954D0DA1797ECA20ED5CDC0094D77B8B11E0F9F478D5CFE9CB5D6A7"
"2024 October"	"56"	"Amateur 3"	"28"	"7610"	"ARTSY"	"Seagull Stacks"	"-19"	"-19"	"PLAYED"	""	"2"	"202"	"1F23EDCFBDA5B051F2E7CDCE176EBA9800D32CEB166CA3CD7A890654C710D7BD"
"2024 October"	"56"	"Amateur 3"	"28"	"93"	"NuttyGrandpa"	"Seagull Stacks"	"-18"	"-18"	"PLAYED"	""	"0"	"190"	"1F23EDCFBDA5B051F2E7CDCE176EBA9800D32CEB166CA3CD7A890654C710D7BD"
"2024 October"	"56"	"Amateur 3"	"28"	"7728"	"KIM"	"Seagull Stacks"	"-16"	"-16"	"PLAYED"	""	"0"	"180"	"1F23EDCFBDA5B051F2E7CDCE176EBA9800D32CEB166CA3CD7A890654C710D7BD"
"2024 October"	"56"	"Amateur 3"	"28"	"7688"	"GHINI"	"Seagull Stacks"	"-14"	"-14"	"PLAYED"	""	"1"	"171"	"1F23EDCFBDA5B051F2E7CDCE176EBA9800D32CEB166CA3CD7A890654C710D7BD"
"2024 October"	"56"	"Amateur 3"	"28"	"7182"	"RUBBERDUCK"	"Seagull Stacks"	"-14"	"-14"	"PLAYED"	""	"0"	"160"	"1F23EDCFBDA5B051F2E7CDCE176EBA9800D32CEB166CA3CD7A890654C710D7BD"
"2024 October"	"56"	"Amateur 3"	"28"	"7708"	"TENBEERS"	"Seagull Stacks"	"-13"	"-13"	"PLAYED"	""	"1"	"151"	"1F23EDCFBDA5B051F2E7CDCE176EBA9800D32CEB166CA3CD7A890654C710D7BD"
"2024 October"	"56"	"Amateur 3"	"28"	"9328"	"Golfshark"	"Seagull Stacks"	"-11"	"-11"	"PLAYED"	""	"1"	"141"	"1F23EDCFBDA5B051F2E7CDCE176EBA9800D32CEB166CA3CD7A890654C710D7BD"
"2024 October"	"56"	"Amateur 3"	"28"	"7610"	"ARTSY"	"Seagull Stacks - Hard"	"-11"	"-11"	"PLAYED"	""	"0"	"200"	"1F23EDCFBDA5B051F2E7CDCE176EBA9800D32CEB166CA3CD7A890654C710D7BD"
"2024 October"	"56"	"Amateur 3"	"28"	"7182"	"RUBBERDUCK"	"Seagull Stacks - Hard"	"-2"	"-2"	"PLAYED"	""	"0"	"190"	"1F23EDCFBDA5B051F2E7CDCE176EBA9800D32CEB166CA3CD7A890654C710D7BD"
"2024 October"	"56"	"Amateur 3"	"28"	"7728"	"KIM"	"Seagull Stacks - Hard"	"0"	"0"	"PLAYED"	""	"1"	"181"	"1F23EDCFBDA5B051F2E7CDCE176EBA9800D32CEB166CA3CD7A890654C710D7BD"
"2024 October"	"56"	"Amateur 3"	"28"	"93"	"NuttyGrandpa"	"Seagull Stacks - Hard"	"0"	"0"	"PLAYED"	""	"0"	"170"	"1F23EDCFBDA5B051F2E7CDCE176EBA9800D32CEB166CA3CD7A890654C710D7BD"
"2024 October"	"56"	"Amateur 3"	"28"	"7708"	"TENBEERS"	"Seagull Stacks - Hard"	"1"	"1"	"PLAYED"	""	"1"	"161"	"1F23EDCFBDA5B051F2E7CDCE176EBA9800D32CEB166CA3CD7A890654C710D7BD"
"2024 October"	"56"	"Amateur 3"	"28"	"9328"	"Golfshark"	"Seagull Stacks - Hard"	"3"	"3"	"PLAYED"	""	"0"	"150"	"1F23EDCFBDA5B051F2E7CDCE176EBA9800D32CEB166CA3CD7A890654C710D7BD"
"2024 October"	"56"	"Amateur 3"	"28"	"7688"	"GHINI"	"Seagull Stacks - Hard"	"3"	"3"	"PLAYED"	""	"0"	"150"	"1F23EDCFBDA5B051F2E7CDCE176EBA9800D32CEB166CA3CD7A890654C710D7BD"
"2024 October"	"56"	"Amateur 3"	"28"	"7728"	"KIM"	"Arizona Modern"	"-25"	"-25"	"PLAYED"	""	"4"	"204"	"1F23EDCFBDA5B051F2E7CDCE176EBA9800D32CEB166CA3CD7A890654C710D7BD"
"2024 October"	"56"	"Amateur 3"	"28"	"7182"	"RUBBERDUCK"	"Arizona Modern"	"-23"	"-23"	"PLAYED"	""	"3"	"193"	"1F23EDCFBDA5B051F2E7CDCE176EBA9800D32CEB166CA3CD7A890654C710D7BD"
"2024 October"	"56"	"Amateur 3"	"28"	"7610"	"ARTSY"	"Arizona Modern"	"-20"	"-20"	"PLAYED"	""	"2"	"182"	"1F23EDCFBDA5B051F2E7CDCE176EBA9800D32CEB166CA3CD7A890654C710D7BD"
"2024 October"	"56"	"Amateur 3"	"28"	"93"	"NuttyGrandpa"	"Arizona Modern"	"-20"	"-20"	"PLAYED"	""	"0"	"170"	"1F23EDCFBDA5B051F2E7CDCE176EBA9800D32CEB166CA3CD7A890654C710D7BD"
"2024 October"	"56"	"Amateur 3"	"28"	"7708"	"TENBEERS"	"Arizona Modern"	"-18"	"-18"	"PLAYED"	""	"1"	"161"	"1F23EDCFBDA5B051F2E7CDCE176EBA9800D32CEB166CA3CD7A890654C710D7BD"
"2024 October"	"56"	"Amateur 3"	"28"	"7688"	"GHINI"	"Arizona Modern"	"-18"	"-18"	"PLAYED"	""	"1"	"161"	"1F23EDCFBDA5B051F2E7CDCE176EBA9800D32CEB166CA3CD7A890654C710D7BD"
"2024 October"	"56"	"Amateur 3"	"28"	"9328"	"Golfshark"	"Arizona Modern"	"-16"	"-16"	"PLAYED"	""	"2"	"142"	"1F23EDCFBDA5B051F2E7CDCE176EBA9800D32CEB166CA3CD7A890654C710D7BD"
"2024 October"	"56"	"Amateur 3"	"28"	"93"	"NuttyGrandpa"	"Arizona Modern Hard"	"-13"	"-13"	"PLAYED"	""	"1"	"201"	"1F23EDCFBDA5B051F2E7CDCE176EBA9800D32CEB166CA3CD7A890654C710D7BD"
"2024 October"	"56"	"Amateur 3"	"28"	"7728"	"KIM"	"Arizona Modern Hard"	"-13"	"-13"	"PLAYED"	""	"0"	"190"	"1F23EDCFBDA5B051F2E7CDCE176EBA9800D32CEB166CA3CD7A890654C710D7BD"
"2024 October"	"56"	"Amateur 3"	"28"	"7610"	"ARTSY"	"Arizona Modern Hard"	"-11"	"-11"	"PLAYED"	""	"0"	"180"	"1F23EDCFBDA5B051F2E7CDCE176EBA9800D32CEB166CA3CD7A890654C710D7BD"
"2024 October"	"56"	"Amateur 3"	"28"	"7688"	"GHINI"	"Arizona Modern Hard"	"-7"	"-7"	"PLAYED"	""	"1"	"171"	"1F23EDCFBDA5B051F2E7CDCE176EBA9800D32CEB166CA3CD7A890654C710D7BD"
"2024 October"	"56"	"Amateur 3"	"28"	"9328"	"Golfshark"	"Arizona Modern Hard"	"-2"	"-2"	"PLAYED"	""	"0"	"160"	"1F23EDCFBDA5B051F2E7CDCE176EBA9800D32CEB166CA3CD7A890654C710D7BD"
"2024 October"	"56"	"Amateur 3"	"28"	"7708"	"TENBEERS"	"Arizona Modern Hard"	"-1"	"-1"	"PLAYED"	""	"1"	"151"	"1F23EDCFBDA5B051F2E7CDCE176EBA9800D32CEB166CA3CD7A890654C710D7BD"
"2024 October"	"56"	"Amateur 3"	"28"	"7182"	"RUBBERDUCK"	"Arizona Modern Hard"	"-1"	"-1"	"PLAYED"	""	"0"	"140"	"1F23EDCFBDA5B051F2E7CDCE176EBA9800D32CEB166CA3CD7A890654C710D7BD"
"2024 October"	"56"	"Amateur 3"	"28"	"7610"	"ARTSY"	"Labyrinth"	"-15"	"-15"	"PLAYED"	""	"0"	"200"	"1F23EDCFBDA5B051F2E7CDCE176EBA9800D32CEB166CA3CD7A890654C710D7BD"
"2024 October"	"56"	"Amateur 3"	"28"	"7182"	"RUBBERDUCK"	"Labyrinth"	"-10"	"-10"	"PLAYED"	""	"0"	"190"	"1F23EDCFBDA5B051F2E7CDCE176EBA9800D32CEB166CA3CD7A890654C710D7BD"
"2024 October"	"56"	"Amateur 3"	"28"	"7688"	"GHINI"	"Labyrinth"	"-9"	"-9"	"PLAYED"	""	"1"	"181"	"1F23EDCFBDA5B051F2E7CDCE176EBA9800D32CEB166CA3CD7A890654C710D7BD"
"2024 October"	"56"	"Amateur 3"	"28"	"7728"	"KIM"	"Labyrinth"	"-9"	"-9"	"PLAYED"	""	"0"	"170"	"1F23EDCFBDA5B051F2E7CDCE176EBA9800D32CEB166CA3CD7A890654C710D7BD"
"2024 October"	"56"	"Amateur 3"	"28"	"7589"	"SMILEROBIN"	"Labyrinth"	"-4"	"-4"	"PLAYED"	""	"0"	"160"	"1F23EDCFBDA5B051F2E7CDCE176EBA9800D32CEB166CA3CD7A890654C710D7BD"
"2024 October"	"56"	"Amateur 3"	"28"	"7708"	"TENBEERS"	"Labyrinth"	"-2"	"-2"	"PLAYED"	""	"0"	"150"	"1F23EDCFBDA5B051F2E7CDCE176EBA9800D32CEB166CA3CD7A890654C710D7BD"
"2024 October"	"56"	"Amateur 3"	"28"	"9328"	"Golfshark"	"Labyrinth"	"-1"	"-1"	"PLAYED"	""	"0"	"140"	"1F23EDCFBDA5B051F2E7CDCE176EBA9800D32CEB166CA3CD7A890654C710D7BD"
"2024 October"	"56"	"Amateur 3"	"28"	"7610"	"ARTSY"	"Labyrinth - Hard"	"-6"	"-6"	"PLAYED"	""	"1"	"201"	"1F23EDCFBDA5B051F2E7CDCE176EBA9800D32CEB166CA3CD7A890654C710D7BD"
"2024 October"	"56"	"Amateur 3"	"28"	"7688"	"GHINI"	"Labyrinth - Hard"	"-5"	"-5"	"PLAYED"	""	"0"	"190"	"1F23EDCFBDA5B051F2E7CDCE176EBA9800D32CEB166CA3CD7A890654C710D7BD"
"2024 October"	"56"	"Amateur 3"	"28"	"7182"	"RUBBERDUCK"	"Labyrinth - Hard"	"3"	"3"	"PLAYED"	""	"1"	"181"	"1F23EDCFBDA5B051F2E7CDCE176EBA9800D32CEB166CA3CD7A890654C710D7BD"
"2024 October"	"56"	"Amateur 3"	"28"	"7728"	"KIM"	"Labyrinth - Hard"	"10"	"10"	"PLAYED"	""	"0"	"170"	"1F23EDCFBDA5B051F2E7CDCE176EBA9800D32CEB166CA3CD7A890654C710D7BD"
"2024 October"	"56"	"Amateur 3"	"28"	"9328"	"Golfshark"	"Labyrinth - Hard"	"19"	"19"	"PLAYED"	""	"0"	"160"	"1F23EDCFBDA5B051F2E7CDCE176EBA9800D32CEB166CA3CD7A890654C710D7BD"
"2024 October"	"56"	"Amateur 3"	"28"	"7688"	"GHINI"	"Mars Gardens"	"-17"	"-17"	"PLAYED"	""	"2"	"202"	"1F23EDCFBDA5B051F2E7CDCE176EBA9800D32CEB166CA3CD7A890654C710D7BD"
"2024 October"	"56"	"Amateur 3"	"28"	"7728"	"KIM"	"Mars Gardens"	"-16"	"-16"	"PLAYED"	""	"1"	"191"	"1F23EDCFBDA5B051F2E7CDCE176EBA9800D32CEB166CA3CD7A890654C710D7BD"
"2024 October"	"56"	"Amateur 3"	"28"	"7182"	"RUBBERDUCK"	"Mars Gardens"	"-13"	"-13"	"PLAYED"	""	"0"	"180"	"1F23EDCFBDA5B051F2E7CDCE176EBA9800D32CEB166CA3CD7A890654C710D7BD"
"2024 October"	"56"	"Amateur 3"	"28"	"7610"	"ARTSY"	"Mars Gardens"	"-12"	"-12"	"PLAYED"	""	"1"	"171"	"1F23EDCFBDA5B051F2E7CDCE176EBA9800D32CEB166CA3CD7A890654C710D7BD"
"2024 October"	"56"	"Amateur 3"	"28"	"93"	"NuttyGrandpa"	"Mars Gardens"	"-11"	"-11"	"PLAYED"	""	"0"	"160"	"1F23EDCFBDA5B051F2E7CDCE176EBA9800D32CEB166CA3CD7A890654C710D7BD"
"2024 October"	"56"	"Amateur 3"	"28"	"9328"	"Golfshark"	"Mars Gardens"	"-10"	"-10"	"PLAYED"	""	"0"	"150"	"1F23EDCFBDA5B051F2E7CDCE176EBA9800D32CEB166CA3CD7A890654C710D7BD"
"2024 October"	"56"	"Amateur 3"	"28"	"7708"	"TENBEERS"	"Mars Gardens"	"-1"	"-1"	"PLAYED"	""	"1"	"141"	"1F23EDCFBDA5B051F2E7CDCE176EBA9800D32CEB166CA3CD7A890654C710D7BD"
"2024 October"	"56"	"Amateur 3"	"28"	"7488"	"ThePrankser15"	"Mars Gardens"	"9"	"9"	"PLAYED"	""	"0"	"130"	"1F23EDCFBDA5B051F2E7CDCE176EBA9800D32CEB166CA3CD7A890654C710D7BD"
"2024 October"	"56"	"Amateur 3"	"28"	"7610"	"ARTSY"	"Mars Gardens - Hard"	"-16"	"-16"	"PLAYED"	""	"0"	"200"	"1F23EDCFBDA5B051F2E7CDCE176EBA9800D32CEB166CA3CD7A890654C710D7BD"
"2024 October"	"56"	"Amateur 3"	"28"	"7182"	"RUBBERDUCK"	"Mars Gardens - Hard"	"-6"	"-6"	"PLAYED"	""	"1"	"191"	"1F23EDCFBDA5B051F2E7CDCE176EBA9800D32CEB166CA3CD7A890654C710D7BD"
"2024 October"	"56"	"Amateur 3"	"28"	"7688"	"GHINI"	"Mars Gardens - Hard"	"-3"	"-3"	"PLAYED"	""	"0"	"180"	"1F23EDCFBDA5B051F2E7CDCE176EBA9800D32CEB166CA3CD7A890654C710D7BD"
"2024 October"	"56"	"Amateur 3"	"28"	"9328"	"Golfshark"	"Mars Gardens - Hard"	"-2"	"-2"	"PLAYED"	""	"1"	"171"	"1F23EDCFBDA5B051F2E7CDCE176EBA9800D32CEB166CA3CD7A890654C710D7BD"
"2024 October"	"56"	"Amateur 3"	"28"	"7708"	"TENBEERS"	"Mars Gardens - Hard"	"3"	"3"	"PLAYED"	""	"0"	"160"	"1F23EDCFBDA5B051F2E7CDCE176EBA9800D32CEB166CA3CD7A890654C710D7BD"
"2024 October"	"56"	"Amateur 3"	"28"	"93"	"NuttyGrandpa"	"Mars Gardens - Hard"	"9"	"9"	"PLAYED"	""	"0"	"150"	"1F23EDCFBDA5B051F2E7CDCE176EBA9800D32CEB166CA3CD7A890654C710D7BD"
"2024 October"	"56"	"Amateur 3"	"28"	"7488"	"ThePrankser15"	"Mars Gardens - Hard"	"14"	"14"	"PLAYED"	""	"0"	"140"	"1F23EDCFBDA5B051F2E7CDCE176EBA9800D32CEB166CA3CD7A890654C710D7BD"
"2024 November"	"57"	"Amateur 2"	"27"	"7848"	"DaisyShaw"	"Bogey's Bonanza"	"-22"	"-22"	"PLAYED"	""	"1"	"201"	"CE2283CC882A189D911639AF5BEE2F63EC83F7F7000ECFEB9F05584EA2FAA908"
"2024 November"	"57"	"Amateur 2"	"27"	"3184"	"Merged into 8648"	"Bogey's Bonanza"	"-16"	"-16"	"PLAYED"	""	"1"	"191"	"CE2283CC882A189D911639AF5BEE2F63EC83F7F7000ECFEB9F05584EA2FAA908"
"2024 November"	"57"	"Amateur 2"	"27"	"7448"	"ANDRIA77"	"Bogey's Bonanza"	"-15"	"-15"	"PLAYED"	""	"1"	"181"	"CE2283CC882A189D911639AF5BEE2F63EC83F7F7000ECFEB9F05584EA2FAA908"
"2024 November"	"57"	"Amateur 2"	"27"	"7688"	"GHINI"	"Bogey's Bonanza"	"-14"	"-14"	"PLAYED"	""	"0"	"170"	"CE2283CC882A189D911639AF5BEE2F63EC83F7F7000ECFEB9F05584EA2FAA908"
"2024 November"	"57"	"Amateur 2"	"27"	"7229"	"Ultrafox_Lynne"	"Bogey's Bonanza"	"-14"	"-14"	"PLAYED"	""	"0"	"170"	"CE2283CC882A189D911639AF5BEE2F63EC83F7F7000ECFEB9F05584EA2FAA908"
"2024 November"	"57"	"Amateur 2"	"27"	"7189"	"CHERIE_ROSE"	"Bogey's Bonanza"	"-11"	"-11"	"PLAYED"	""	"1"	"151"	"CE2283CC882A189D911639AF5BEE2F63EC83F7F7000ECFEB9F05584EA2FAA908"
"2024 November"	"57"	"Amateur 2"	"27"	"7808"	"crispynut"	"Bogey's Bonanza"	"-10"	"-10"	"PLAYED"	""	"0"	"140"	"CE2283CC882A189D911639AF5BEE2F63EC83F7F7000ECFEB9F05584EA2FAA908"
"2024 November"	"57"	"Amateur 2"	"27"	"7552"	"IMJOMAMA"	"Bogey's Bonanza"	"-8"	"-8"	"PLAYED"	""	"0"	"130"	"CE2283CC882A189D911639AF5BEE2F63EC83F7F7000ECFEB9F05584EA2FAA908"
"2024 November"	"57"	"Amateur 2"	"27"	"7173"	"KillERBee"	"Bogey's Bonanza"	"-7"	"-7"	"PLAYED"	""	"0"	"120"	"CE2283CC882A189D911639AF5BEE2F63EC83F7F7000ECFEB9F05584EA2FAA908"
"2024 November"	"57"	"Amateur 2"	"27"	"7548"	"beezy1"	"Bogey's Bonanza"	"-5"	"-5"	"PLAYED"	""	"0"	"110"	"CE2283CC882A189D911639AF5BEE2F63EC83F7F7000ECFEB9F05584EA2FAA908"
"2024 November"	"57"	"Amateur 2"	"27"	"7848"	"DaisyShaw"	"Bogey's Bonanza Hard"	"-13"	"-13"	"PLAYED"	""	"2"	"202"	"CE2283CC882A189D911639AF5BEE2F63EC83F7F7000ECFEB9F05584EA2FAA908"
"2024 November"	"57"	"Amateur 2"	"27"	"7167"	"Sandtrap"	"Bogey's Bonanza Hard"	"-11"	"-11"	"PLAYED"	""	"1"	"191"	"CE2283CC882A189D911639AF5BEE2F63EC83F7F7000ECFEB9F05584EA2FAA908"
"2024 November"	"57"	"Amateur 2"	"27"	"7549"	"CATHY G"	"Bogey's Bonanza Hard"	"-11"	"-11"	"PLAYED"	""	"1"	"191"	"CE2283CC882A189D911639AF5BEE2F63EC83F7F7000ECFEB9F05584EA2FAA908"
"2024 November"	"57"	"Amateur 2"	"27"	"7548"	"beezy1"	"Bogey's Bonanza Hard"	"-11"	"-11"	"PLAYED"	""	"0"	"170"	"CE2283CC882A189D911639AF5BEE2F63EC83F7F7000ECFEB9F05584EA2FAA908"
"2024 November"	"57"	"Amateur 2"	"27"	"7448"	"ANDRIA77"	"Bogey's Bonanza Hard"	"-4"	"-4"	"PLAYED"	""	"0"	"160"	"CE2283CC882A189D911639AF5BEE2F63EC83F7F7000ECFEB9F05584EA2FAA908"
"2024 November"	"57"	"Amateur 2"	"27"	"7229"	"Ultrafox_Lynne"	"Bogey's Bonanza Hard"	"-1"	"-1"	"PLAYED"	""	"2"	"152"	"CE2283CC882A189D911639AF5BEE2F63EC83F7F7000ECFEB9F05584EA2FAA908"
"2024 November"	"57"	"Amateur 2"	"27"	"7173"	"KillERBee"	"Bogey's Bonanza Hard"	"0"	"0"	"PLAYED"	""	"0"	"140"	"CE2283CC882A189D911639AF5BEE2F63EC83F7F7000ECFEB9F05584EA2FAA908"
"2024 November"	"57"	"Amateur 2"	"27"	"7688"	"GHINI"	"Bogey's Bonanza Hard"	"1"	"1"	"PLAYED"	""	"1"	"131"	"CE2283CC882A189D911639AF5BEE2F63EC83F7F7000ECFEB9F05584EA2FAA908"
"2024 November"	"57"	"Amateur 2"	"27"	"7189"	"CHERIE_ROSE"	"Bogey's Bonanza Hard"	"1"	"1"	"PLAYED"	""	"1"	"131"	"CE2283CC882A189D911639AF5BEE2F63EC83F7F7000ECFEB9F05584EA2FAA908"
"2024 November"	"57"	"Amateur 2"	"27"	"7808"	"crispynut"	"Bogey's Bonanza Hard"	"4"	"4"	"PLAYED"	""	"0"	"110"	"CE2283CC882A189D911639AF5BEE2F63EC83F7F7000ECFEB9F05584EA2FAA908"
"2024 November"	"57"	"Amateur 2"	"27"	"7552"	"IMJOMAMA"	"Bogey's Bonanza Hard"	"5"	"5"	"PLAYED"	""	"0"	"100"	"CE2283CC882A189D911639AF5BEE2F63EC83F7F7000ECFEB9F05584EA2FAA908"
"2024 November"	"57"	"Amateur 2"	"27"	"7189"	"CHERIE_ROSE"	"Quixote Valley"	"-14"	"-14"	"PLAYED"	""	"2"	"202"	"CE2283CC882A189D911639AF5BEE2F63EC83F7F7000ECFEB9F05584EA2FAA908"
"2024 November"	"57"	"Amateur 2"	"27"	"7808"	"crispynut"	"Quixote Valley"	"-13"	"-13"	"PLAYED"	""	"0"	"190"	"CE2283CC882A189D911639AF5BEE2F63EC83F7F7000ECFEB9F05584EA2FAA908"
"2024 November"	"57"	"Amateur 2"	"27"	"7848"	"DaisyShaw"	"Quixote Valley"	"-13"	"-13"	"PLAYED"	""	"0"	"190"	"CE2283CC882A189D911639AF5BEE2F63EC83F7F7000ECFEB9F05584EA2FAA908"
"2024 November"	"57"	"Amateur 2"	"27"	"7229"	"Ultrafox_Lynne"	"Quixote Valley"	"-12"	"-12"	"PLAYED"	""	"1"	"171"	"CE2283CC882A189D911639AF5BEE2F63EC83F7F7000ECFEB9F05584EA2FAA908"
"2024 November"	"57"	"Amateur 2"	"27"	"7548"	"beezy1"	"Quixote Valley"	"-12"	"-12"	"PLAYED"	""	"1"	"171"	"CE2283CC882A189D911639AF5BEE2F63EC83F7F7000ECFEB9F05584EA2FAA908"
"2024 November"	"57"	"Amateur 2"	"27"	"7167"	"Sandtrap"	"Quixote Valley"	"-12"	"-12"	"PLAYED"	""	"0"	"150"	"CE2283CC882A189D911639AF5BEE2F63EC83F7F7000ECFEB9F05584EA2FAA908"
"2024 November"	"57"	"Amateur 2"	"27"	"7448"	"ANDRIA77"	"Quixote Valley"	"-11"	"-11"	"PLAYED"	""	"0"	"140"	"CE2283CC882A189D911639AF5BEE2F63EC83F7F7000ECFEB9F05584EA2FAA908"
"2024 November"	"57"	"Amateur 2"	"27"	"7549"	"CATHY G"	"Quixote Valley"	"-9"	"-9"	"PLAYED"	""	"1"	"131"	"CE2283CC882A189D911639AF5BEE2F63EC83F7F7000ECFEB9F05584EA2FAA908"
"2024 November"	"57"	"Amateur 2"	"27"	"7552"	"IMJOMAMA"	"Quixote Valley"	"-5"	"-5"	"PLAYED"	""	"1"	"121"	"CE2283CC882A189D911639AF5BEE2F63EC83F7F7000ECFEB9F05584EA2FAA908"
"2024 November"	"57"	"Amateur 2"	"27"	"7173"	"KillERBee"	"Quixote Valley"	"-4"	"-4"	"PLAYED"	""	"0"	"110"	"CE2283CC882A189D911639AF5BEE2F63EC83F7F7000ECFEB9F05584EA2FAA908"
"2024 November"	"57"	"Amateur 2"	"27"	"7808"	"crispynut"	"Quixote Valley Hard"	"-13"	"-13"	"PLAYED"	""	"1"	"201"	"CE2283CC882A189D911639AF5BEE2F63EC83F7F7000ECFEB9F05584EA2FAA908"
"2024 November"	"57"	"Amateur 2"	"27"	"7848"	"DaisyShaw"	"Quixote Valley Hard"	"-10"	"-10"	"PLAYED"	""	"0"	"190"	"CE2283CC882A189D911639AF5BEE2F63EC83F7F7000ECFEB9F05584EA2FAA908"
"2024 November"	"57"	"Amateur 2"	"27"	"7448"	"ANDRIA77"	"Quixote Valley Hard"	"-7"	"-7"	"PLAYED"	""	"0"	"180"	"CE2283CC882A189D911639AF5BEE2F63EC83F7F7000ECFEB9F05584EA2FAA908"
"2024 November"	"57"	"Amateur 2"	"27"	"7549"	"CATHY G"	"Quixote Valley Hard"	"-4"	"-4"	"PLAYED"	""	"0"	"170"	"CE2283CC882A189D911639AF5BEE2F63EC83F7F7000ECFEB9F05584EA2FAA908"
"2024 November"	"57"	"Amateur 2"	"27"	"7189"	"CHERIE_ROSE"	"Quixote Valley Hard"	"-4"	"-4"	"PLAYED"	""	"0"	"170"	"CE2283CC882A189D911639AF5BEE2F63EC83F7F7000ECFEB9F05584EA2FAA908"
"2024 November"	"57"	"Amateur 2"	"27"	"7167"	"Sandtrap"	"Quixote Valley Hard"	"-3"	"-3"	"PLAYED"	""	"0"	"150"	"CE2283CC882A189D911639AF5BEE2F63EC83F7F7000ECFEB9F05584EA2FAA908"
"2024 November"	"57"	"Amateur 2"	"27"	"7173"	"KillERBee"	"Quixote Valley Hard"	"-1"	"-1"	"PLAYED"	""	"1"	"141"	"CE2283CC882A189D911639AF5BEE2F63EC83F7F7000ECFEB9F05584EA2FAA908"
"2024 November"	"57"	"Amateur 2"	"27"	"7229"	"Ultrafox_Lynne"	"Quixote Valley Hard"	"0"	"0"	"PLAYED"	""	"0"	"130"	"CE2283CC882A189D911639AF5BEE2F63EC83F7F7000ECFEB9F05584EA2FAA908"
"2024 November"	"57"	"Amateur 2"	"27"	"7552"	"IMJOMAMA"	"Quixote Valley Hard"	"2"	"2"	"PLAYED"	""	"1"	"121"	"CE2283CC882A189D911639AF5BEE2F63EC83F7F7000ECFEB9F05584EA2FAA908"
"2024 November"	"57"	"Amateur 2"	"27"	"7548"	"beezy1"	"Quixote Valley Hard"	"7"	"7"	"PLAYED"	""	"0"	"110"	"CE2283CC882A189D911639AF5BEE2F63EC83F7F7000ECFEB9F05584EA2FAA908"
"2024 November"	"57"	"Amateur 2"	"27"	"7808"	"crispynut"	"Atlantis"	"-19"	"-19"	"PLAYED"	""	"3"	"203"	"CE2283CC882A189D911639AF5BEE2F63EC83F7F7000ECFEB9F05584EA2FAA908"
"2024 November"	"57"	"Amateur 2"	"27"	"7848"	"DaisyShaw"	"Atlantis"	"-18"	"-18"	"PLAYED"	""	"3"	"193"	"CE2283CC882A189D911639AF5BEE2F63EC83F7F7000ECFEB9F05584EA2FAA908"
"2024 November"	"57"	"Amateur 2"	"27"	"7552"	"IMJOMAMA"	"Atlantis"	"-17"	"-17"	"PLAYED"	""	"2"	"182"	"CE2283CC882A189D911639AF5BEE2F63EC83F7F7000ECFEB9F05584EA2FAA908"
"2024 November"	"57"	"Amateur 2"	"27"	"7229"	"Ultrafox_Lynne"	"Atlantis"	"-17"	"-17"	"PLAYED"	""	"0"	"170"	"CE2283CC882A189D911639AF5BEE2F63EC83F7F7000ECFEB9F05584EA2FAA908"
"2024 November"	"57"	"Amateur 2"	"27"	"3184"	"Merged into 8648"	"Atlantis"	"-16"	"-16"	"PLAYED"	""	"1"	"161"	"CE2283CC882A189D911639AF5BEE2F63EC83F7F7000ECFEB9F05584EA2FAA908"
"2024 November"	"57"	"Amateur 2"	"27"	"7167"	"Sandtrap"	"Atlantis"	"-15"	"-15"	"PLAYED"	""	"1"	"151"	"CE2283CC882A189D911639AF5BEE2F63EC83F7F7000ECFEB9F05584EA2FAA908"
"2024 November"	"57"	"Amateur 2"	"27"	"7173"	"KillERBee"	"Atlantis"	"-15"	"-15"	"PLAYED"	""	"1"	"151"	"CE2283CC882A189D911639AF5BEE2F63EC83F7F7000ECFEB9F05584EA2FAA908"
"2024 November"	"57"	"Amateur 2"	"27"	"7448"	"ANDRIA77"	"Atlantis"	"-14"	"-14"	"PLAYED"	""	"1"	"131"	"CE2283CC882A189D911639AF5BEE2F63EC83F7F7000ECFEB9F05584EA2FAA908"
"2024 November"	"57"	"Amateur 2"	"27"	"7189"	"CHERIE_ROSE"	"Atlantis"	"-14"	"-14"	"PLAYED"	""	"1"	"131"	"CE2283CC882A189D911639AF5BEE2F63EC83F7F7000ECFEB9F05584EA2FAA908"
"2024 November"	"57"	"Amateur 2"	"27"	"7548"	"beezy1"	"Atlantis"	"-10"	"-10"	"PLAYED"	""	"1"	"111"	"CE2283CC882A189D911639AF5BEE2F63EC83F7F7000ECFEB9F05584EA2FAA908"
"2024 November"	"57"	"Amateur 2"	"27"	"7848"	"DaisyShaw"	"Atlantis Hard"	"-13"	"-13"	"PLAYED"	""	"0"	"200"	"CE2283CC882A189D911639AF5BEE2F63EC83F7F7000ECFEB9F05584EA2FAA908"
"2024 November"	"57"	"Amateur 2"	"27"	"7548"	"beezy1"	"Atlantis Hard"	"-8"	"-8"	"PLAYED"	""	"2"	"192"	"CE2283CC882A189D911639AF5BEE2F63EC83F7F7000ECFEB9F05584EA2FAA908"
"2024 November"	"57"	"Amateur 2"	"27"	"7808"	"crispynut"	"Atlantis Hard"	"-5"	"-5"	"PLAYED"	""	"0"	"180"	"CE2283CC882A189D911639AF5BEE2F63EC83F7F7000ECFEB9F05584EA2FAA908"
"2024 November"	"57"	"Amateur 2"	"27"	"7448"	"ANDRIA77"	"Atlantis Hard"	"-3"	"-3"	"PLAYED"	""	"1"	"171"	"CE2283CC882A189D911639AF5BEE2F63EC83F7F7000ECFEB9F05584EA2FAA908"
"2024 November"	"57"	"Amateur 2"	"27"	"7552"	"IMJOMAMA"	"Atlantis Hard"	"0"	"0"	"PLAYED"	""	"2"	"162"	"CE2283CC882A189D911639AF5BEE2F63EC83F7F7000ECFEB9F05584EA2FAA908"
"2024 November"	"57"	"Amateur 2"	"27"	"7167"	"Sandtrap"	"Atlantis Hard"	"3"	"3"	"PLAYED"	""	"0"	"150"	"CE2283CC882A189D911639AF5BEE2F63EC83F7F7000ECFEB9F05584EA2FAA908"
"2024 November"	"57"	"Amateur 2"	"27"	"7173"	"KillERBee"	"Atlantis Hard"	"4"	"4"	"PLAYED"	""	"1"	"141"	"CE2283CC882A189D911639AF5BEE2F63EC83F7F7000ECFEB9F05584EA2FAA908"
"2024 November"	"57"	"Amateur 2"	"27"	"7189"	"CHERIE_ROSE"	"Atlantis Hard"	"8"	"8"	"PLAYED"	""	"1"	"131"	"CE2283CC882A189D911639AF5BEE2F63EC83F7F7000ECFEB9F05584EA2FAA908"
"2024 November"	"57"	"Amateur 2"	"27"	"7229"	"Ultrafox_Lynne"	"Atlantis Hard"	"8"	"8"	"PLAYED"	""	"0"	"120"	"CE2283CC882A189D911639AF5BEE2F63EC83F7F7000ECFEB9F05584EA2FAA908"
"2024 November"	"57"	"Amateur 2"	"27"	"7848"	"DaisyShaw"	"Venice"	"-16"	"-16"	"PLAYED"	""	"1"	"201"	"CE2283CC882A189D911639AF5BEE2F63EC83F7F7000ECFEB9F05584EA2FAA908"
"2024 November"	"57"	"Amateur 2"	"27"	"3184"	"Merged into 8648"	"Venice"	"-15"	"-15"	"PLAYED"	""	"0"	"190"	"CE2283CC882A189D911639AF5BEE2F63EC83F7F7000ECFEB9F05584EA2FAA908"
"2024 November"	"57"	"Amateur 2"	"27"	"7448"	"ANDRIA77"	"Venice"	"-14"	"-14"	"PLAYED"	""	"0"	"180"	"CE2283CC882A189D911639AF5BEE2F63EC83F7F7000ECFEB9F05584EA2FAA908"
"2024 November"	"57"	"Amateur 2"	"27"	"7167"	"Sandtrap"	"Venice"	"-12"	"-12"	"PLAYED"	""	"0"	"170"	"CE2283CC882A189D911639AF5BEE2F63EC83F7F7000ECFEB9F05584EA2FAA908"
"2024 November"	"57"	"Amateur 2"	"27"	"7229"	"Ultrafox_Lynne"	"Venice"	"-10"	"-10"	"PLAYED"	""	"0"	"160"	"CE2283CC882A189D911639AF5BEE2F63EC83F7F7000ECFEB9F05584EA2FAA908"
"2024 November"	"57"	"Amateur 2"	"27"	"7173"	"KillERBee"	"Venice"	"-10"	"-10"	"PLAYED"	""	"0"	"160"	"CE2283CC882A189D911639AF5BEE2F63EC83F7F7000ECFEB9F05584EA2FAA908"
"2024 November"	"57"	"Amateur 2"	"27"	"7189"	"CHERIE_ROSE"	"Venice"	"-9"	"-9"	"PLAYED"	""	"0"	"140"	"CE2283CC882A189D911639AF5BEE2F63EC83F7F7000ECFEB9F05584EA2FAA908"
"2024 November"	"57"	"Amateur 2"	"27"	"7548"	"beezy1"	"Venice"	"-9"	"-9"	"PLAYED"	""	"0"	"140"	"CE2283CC882A189D911639AF5BEE2F63EC83F7F7000ECFEB9F05584EA2FAA908"
"2024 November"	"57"	"Amateur 2"	"27"	"7688"	"GHINI"	"Venice"	"-8"	"-8"	"PLAYED"	""	"0"	"120"	"CE2283CC882A189D911639AF5BEE2F63EC83F7F7000ECFEB9F05584EA2FAA908"
"2024 November"	"57"	"Amateur 2"	"27"	"7182"	"RUBBERDUCK"	"Venice"	"-4"	"-4"	"PLAYED"	""	"0"	"110"	"CE2283CC882A189D911639AF5BEE2F63EC83F7F7000ECFEB9F05584EA2FAA908"
"2024 November"	"57"	"Amateur 2"	"27"	"7552"	"IMJOMAMA"	"Venice"	"-3"	"-3"	"PLAYED"	""	"0"	"100"	"CE2283CC882A189D911639AF5BEE2F63EC83F7F7000ECFEB9F05584EA2FAA908"
"2024 November"	"57"	"Amateur 2"	"27"	"7848"	"DaisyShaw"	"Venice - Hard"	"-11"	"-11"	"PLAYED"	""	"0"	"200"	"CE2283CC882A189D911639AF5BEE2F63EC83F7F7000ECFEB9F05584EA2FAA908"
"2024 November"	"57"	"Amateur 2"	"27"	"7448"	"ANDRIA77"	"Venice - Hard"	"-6"	"-6"	"PLAYED"	""	"0"	"190"	"CE2283CC882A189D911639AF5BEE2F63EC83F7F7000ECFEB9F05584EA2FAA908"
"2024 November"	"57"	"Amateur 2"	"27"	"7173"	"KillERBee"	"Venice - Hard"	"-5"	"-5"	"PLAYED"	""	"0"	"180"	"CE2283CC882A189D911639AF5BEE2F63EC83F7F7000ECFEB9F05584EA2FAA908"
"2024 November"	"57"	"Amateur 2"	"27"	"7189"	"CHERIE_ROSE"	"Venice - Hard"	"-2"	"-2"	"PLAYED"	""	"1"	"171"	"CE2283CC882A189D911639AF5BEE2F63EC83F7F7000ECFEB9F05584EA2FAA908"
"2024 November"	"57"	"Amateur 2"	"27"	"7548"	"beezy1"	"Venice - Hard"	"-1"	"-1"	"PLAYED"	""	"0"	"160"	"CE2283CC882A189D911639AF5BEE2F63EC83F7F7000ECFEB9F05584EA2FAA908"
"2024 November"	"57"	"Amateur 2"	"27"	"7182"	"RUBBERDUCK"	"Venice - Hard"	"0"	"0"	"PLAYED"	""	"0"	"150"	"CE2283CC882A189D911639AF5BEE2F63EC83F7F7000ECFEB9F05584EA2FAA908"
"2024 November"	"57"	"Amateur 2"	"27"	"7167"	"Sandtrap"	"Venice - Hard"	"3"	"3"	"PLAYED"	""	"0"	"140"	"CE2283CC882A189D911639AF5BEE2F63EC83F7F7000ECFEB9F05584EA2FAA908"
"2024 November"	"57"	"Amateur 2"	"27"	"7552"	"IMJOMAMA"	"Venice - Hard"	"4"	"4"	"PLAYED"	""	"0"	"130"	"CE2283CC882A189D911639AF5BEE2F63EC83F7F7000ECFEB9F05584EA2FAA908"
"2024 November"	"57"	"Amateur 2"	"27"	"7229"	"Ultrafox_Lynne"	"Venice - Hard"	"5"	"5"	"PLAYED"	""	"0"	"120"	"CE2283CC882A189D911639AF5BEE2F63EC83F7F7000ECFEB9F05584EA2FAA908"
"2024 November"	"57"	"Amateur 3"	"28"	"7868"	"Jaynice"	"Bogey's Bonanza"	"-21"	"-21"	"PLAYED"	""	"2"	"202"	"429DC3CED903301C26CCC1789D03064872DE936F78CC6DBEC4994511CAF088FF"
"2024 November"	"57"	"Amateur 3"	"28"	"7589"	"SMILEROBIN"	"Bogey's Bonanza"	"-3"	"-3"	"PLAYED"	""	"0"	"190"	"429DC3CED903301C26CCC1789D03064872DE936F78CC6DBEC4994511CAF088FF"
"2024 November"	"57"	"Amateur 3"	"28"	"7828"	"HARLEY"	"Bogey's Bonanza"	"8"	"8"	"PLAYED"	""	"0"	"180"	"429DC3CED903301C26CCC1789D03064872DE936F78CC6DBEC4994511CAF088FF"
"2024 November"	"57"	"Amateur 3"	"28"	"7868"	"Jaynice"	"Bogey's Bonanza Hard"	"-6"	"-6"	"PLAYED"	""	"0"	"200"	"429DC3CED903301C26CCC1789D03064872DE936F78CC6DBEC4994511CAF088FF"
"2024 November"	"57"	"Amateur 3"	"28"	"7589"	"SMILEROBIN"	"Bogey's Bonanza Hard"	"11"	"11"	"PLAYED"	""	"1"	"191"	"429DC3CED903301C26CCC1789D03064872DE936F78CC6DBEC4994511CAF088FF"
"2024 November"	"57"	"Amateur 3"	"28"	"7589"	"SMILEROBIN"	"Quixote Valley"	"4"	"4"	"PLAYED"	""	"1"	"201"	"429DC3CED903301C26CCC1789D03064872DE936F78CC6DBEC4994511CAF088FF"
"2024 November"	"57"	"Amateur 3"	"28"	"7589"	"SMILEROBIN"	"Quixote Valley Hard"	"11"	"11"	"PLAYED"	""	"0"	"200"	"429DC3CED903301C26CCC1789D03064872DE936F78CC6DBEC4994511CAF088FF"
"2024 November"	"57"	"Amateur 3"	"28"	"7589"	"SMILEROBIN"	"Atlantis"	"-16"	"-16"	"PLAYED"	""	"1"	"201"	"429DC3CED903301C26CCC1789D03064872DE936F78CC6DBEC4994511CAF088FF"
"2024 November"	"57"	"Amateur 3"	"28"	"7488"	"ThePrankser15"	"Atlantis"	"-13"	"-13"	"PLAYED"	""	"1"	"191"	"429DC3CED903301C26CCC1789D03064872DE936F78CC6DBEC4994511CAF088FF"
"2024 November"	"57"	"Amateur 3"	"28"	"7589"	"SMILEROBIN"	"Atlantis Hard"	"0"	"0"	"PLAYED"	""	"1"	"201"	"429DC3CED903301C26CCC1789D03064872DE936F78CC6DBEC4994511CAF088FF"
"2024 November"	"57"	"Amateur 3"	"28"	"7589"	"SMILEROBIN"	"Venice"	"-8"	"-8"	"PLAYED"	""	"0"	"200"	"429DC3CED903301C26CCC1789D03064872DE936F78CC6DBEC4994511CAF088FF"
"2024 November"	"57"	"Amateur 3"	"28"	"7589"	"SMILEROBIN"	"Venice - Hard"	"5"	"5"	"PLAYED"	""	"0"	"200"	"429DC3CED903301C26CCC1789D03064872DE936F78CC6DBEC4994511CAF088FF"
"2024 December"	"58"	"Amateur 2"	"27"	"3184"	"Merged into 8648"	"Cherry Blossom"	"-29"	"-29"	"PLAYED"	""	"5"	"205"	"96A56B1959773D255612CE8BDA590B0C806EA369DAB51EAE24B1BBE7897F342C"
"2024 December"	"58"	"Amateur 2"	"27"	"7611"	"PUTT_FOR_DOH"	"Cherry Blossom"	"-28"	"-28"	"PLAYED"	""	"5"	"195"	"96A56B1959773D255612CE8BDA590B0C806EA369DAB51EAE24B1BBE7897F342C"
"2024 December"	"58"	"Amateur 2"	"27"	"7889"	"fake4real"	"Cherry Blossom"	"-21"	"-21"	"PLAYED"	""	"3"	"183"	"96A56B1959773D255612CE8BDA590B0C806EA369DAB51EAE24B1BBE7897F342C"
"2024 December"	"58"	"Amateur 2"	"27"	"93"	"NuttyGrandpa"	"Cherry Blossom"	"-21"	"-21"	"PLAYED"	""	"0"	"170"	"96A56B1959773D255612CE8BDA590B0C806EA369DAB51EAE24B1BBE7897F342C"
"2024 December"	"58"	"Amateur 2"	"27"	"7448"	"ANDRIA77"	"Cherry Blossom"	"-19"	"-19"	"PLAYED"	""	"0"	"160"	"96A56B1959773D255612CE8BDA590B0C806EA369DAB51EAE24B1BBE7897F342C"
"2024 December"	"58"	"Amateur 2"	"27"	"7808"	"crispynut"	"Cherry Blossom"	"-19"	"-19"	"PLAYED"	""	"0"	"160"	"96A56B1959773D255612CE8BDA590B0C806EA369DAB51EAE24B1BBE7897F342C"
"2024 December"	"58"	"Amateur 2"	"27"	"7167"	"Sandtrap"	"Cherry Blossom"	"-18"	"-18"	"PLAYED"	""	"0"	"140"	"96A56B1959773D255612CE8BDA590B0C806EA369DAB51EAE24B1BBE7897F342C"
"2024 December"	"58"	"Amateur 2"	"27"	"7548"	"beezy1"	"Cherry Blossom"	"-16"	"-16"	"PLAYED"	""	"2"	"132"	"96A56B1959773D255612CE8BDA590B0C806EA369DAB51EAE24B1BBE7897F342C"
"2024 December"	"58"	"Amateur 2"	"27"	"7611"	"PUTT_FOR_DOH"	"Cherry Blossom Hard"	"-12"	"-12"	"PLAYED"	""	"1"	"201"	"96A56B1959773D255612CE8BDA590B0C806EA369DAB51EAE24B1BBE7897F342C"
"2024 December"	"58"	"Amateur 2"	"27"	"3184"	"Merged into 8648"	"Cherry Blossom Hard"	"-11"	"-11"	"PLAYED"	""	"0"	"190"	"96A56B1959773D255612CE8BDA590B0C806EA369DAB51EAE24B1BBE7897F342C"
"2024 December"	"58"	"Amateur 2"	"27"	"93"	"NuttyGrandpa"	"Cherry Blossom Hard"	"-10"	"-10"	"PLAYED"	""	"0"	"180"	"96A56B1959773D255612CE8BDA590B0C806EA369DAB51EAE24B1BBE7897F342C"
"2024 December"	"58"	"Amateur 2"	"27"	"4002"	"Empzurg"	"Cherry Blossom Hard"	"-8"	"-8"	"PLAYED"	""	"0"	"170"	"96A56B1959773D255612CE8BDA590B0C806EA369DAB51EAE24B1BBE7897F342C"
"2024 December"	"58"	"Amateur 2"	"27"	"7889"	"fake4real"	"Cherry Blossom Hard"	"-7"	"-7"	"PLAYED"	""	"0"	"160"	"96A56B1959773D255612CE8BDA590B0C806EA369DAB51EAE24B1BBE7897F342C"
"2024 December"	"58"	"Amateur 2"	"27"	"7167"	"Sandtrap"	"Cherry Blossom Hard"	"-7"	"-7"	"PLAYED"	""	"0"	"160"	"96A56B1959773D255612CE8BDA590B0C806EA369DAB51EAE24B1BBE7897F342C"
"2024 December"	"58"	"Amateur 2"	"27"	"7548"	"beezy1"	"Cherry Blossom Hard"	"-5"	"-5"	"PLAYED"	""	"0"	"140"	"96A56B1959773D255612CE8BDA590B0C806EA369DAB51EAE24B1BBE7897F342C"
"2024 December"	"58"	"Amateur 2"	"27"	"7808"	"crispynut"	"Cherry Blossom Hard"	"-2"	"-2"	"PLAYED"	""	"0"	"130"	"96A56B1959773D255612CE8BDA590B0C806EA369DAB51EAE24B1BBE7897F342C"
"2024 December"	"58"	"Amateur 2"	"27"	"7448"	"ANDRIA77"	"Cherry Blossom Hard"	"0"	"0"	"PLAYED"	""	"0"	"120"	"96A56B1959773D255612CE8BDA590B0C806EA369DAB51EAE24B1BBE7897F342C"
"2024 December"	"58"	"Amateur 2"	"27"	"7611"	"PUTT_FOR_DOH"	"Myst"	"-23"	"-23"	"PLAYED"	""	"4"	"204"	"96A56B1959773D255612CE8BDA590B0C806EA369DAB51EAE24B1BBE7897F342C"
"2024 December"	"58"	"Amateur 2"	"27"	"3184"	"Merged into 8648"	"Myst"	"-23"	"-23"	"PLAYED"	""	"2"	"192"	"96A56B1959773D255612CE8BDA590B0C806EA369DAB51EAE24B1BBE7897F342C"
"2024 December"	"58"	"Amateur 2"	"27"	"93"	"NuttyGrandpa"	"Myst"	"-20"	"-20"	"PLAYED"	""	"3"	"183"	"96A56B1959773D255612CE8BDA590B0C806EA369DAB51EAE24B1BBE7897F342C"
"2024 December"	"58"	"Amateur 2"	"27"	"7889"	"fake4real"	"Myst"	"-14"	"-14"	"PLAYED"	""	"1"	"171"	"96A56B1959773D255612CE8BDA590B0C806EA369DAB51EAE24B1BBE7897F342C"
"2024 December"	"58"	"Amateur 2"	"27"	"7448"	"ANDRIA77"	"Myst"	"-13"	"-13"	"PLAYED"	""	"1"	"161"	"96A56B1959773D255612CE8BDA590B0C806EA369DAB51EAE24B1BBE7897F342C"
"2024 December"	"58"	"Amateur 2"	"27"	"7167"	"Sandtrap"	"Myst"	"-12"	"-12"	"PLAYED"	""	"2"	"152"	"96A56B1959773D255612CE8BDA590B0C806EA369DAB51EAE24B1BBE7897F342C"
"2024 December"	"58"	"Amateur 2"	"27"	"7548"	"beezy1"	"Myst"	"-11"	"-11"	"PLAYED"	""	"1"	"141"	"96A56B1959773D255612CE8BDA590B0C806EA369DAB51EAE24B1BBE7897F342C"
"2024 December"	"58"	"Amateur 2"	"27"	"7611"	"PUTT_FOR_DOH"	"Myst Hard"	"-14"	"-14"	"PLAYED"	""	"1"	"201"	"96A56B1959773D255612CE8BDA590B0C806EA369DAB51EAE24B1BBE7897F342C"
"2024 December"	"58"	"Amateur 2"	"27"	"93"	"NuttyGrandpa"	"Myst Hard"	"-14"	"-14"	"PLAYED"	""	"0"	"190"	"96A56B1959773D255612CE8BDA590B0C806EA369DAB51EAE24B1BBE7897F342C"
"2024 December"	"58"	"Amateur 2"	"27"	"3184"	"Merged into 8648"	"Myst Hard"	"-13"	"-13"	"PLAYED"	""	"0"	"180"	"96A56B1959773D255612CE8BDA590B0C806EA369DAB51EAE24B1BBE7897F342C"
"2024 December"	"58"	"Amateur 2"	"27"	"4002"	"Empzurg"	"Myst Hard"	"-11"	"-11"	"PLAYED"	""	"2"	"172"	"96A56B1959773D255612CE8BDA590B0C806EA369DAB51EAE24B1BBE7897F342C"
"2024 December"	"58"	"Amateur 2"	"27"	"7548"	"beezy1"	"Myst Hard"	"-11"	"-11"	"PLAYED"	""	"0"	"160"	"96A56B1959773D255612CE8BDA590B0C806EA369DAB51EAE24B1BBE7897F342C"
"2024 December"	"58"	"Amateur 2"	"27"	"3184"	"Merged into 8648"	"8-Bit Lair"	"-16"	"-16"	"PLAYED"	""	"3"	"203"	"96A56B1959773D255612CE8BDA590B0C806EA369DAB51EAE24B1BBE7897F342C"
"2024 December"	"58"	"Amateur 2"	"27"	"7808"	"crispynut"	"8-Bit Lair"	"-14"	"-14"	"PLAYED"	""	"5"	"195"	"96A56B1959773D255612CE8BDA590B0C806EA369DAB51EAE24B1BBE7897F342C"
"2024 December"	"58"	"Amateur 2"	"27"	"93"	"NuttyGrandpa"	"8-Bit Lair"	"-12"	"-12"	"PLAYED"	""	"3"	"183"	"96A56B1959773D255612CE8BDA590B0C806EA369DAB51EAE24B1BBE7897F342C"
"2024 December"	"58"	"Amateur 2"	"27"	"7889"	"fake4real"	"8-Bit Lair"	"-12"	"-12"	"PLAYED"	""	"3"	"183"	"96A56B1959773D255612CE8BDA590B0C806EA369DAB51EAE24B1BBE7897F342C"
"2024 December"	"58"	"Amateur 2"	"27"	"7889"	"fake4real"	"8-Bit Lair - Hard"	"-12"	"-12"	"PLAYED"	""	"2"	"202"	"96A56B1959773D255612CE8BDA590B0C806EA369DAB51EAE24B1BBE7897F342C"
"2024 December"	"58"	"Amateur 2"	"27"	"3184"	"Merged into 8648"	"8-Bit Lair - Hard"	"-12"	"-12"	"PLAYED"	""	"1"	"191"	"96A56B1959773D255612CE8BDA590B0C806EA369DAB51EAE24B1BBE7897F342C"
"2024 December"	"58"	"Amateur 2"	"27"	"93"	"NuttyGrandpa"	"8-Bit Lair - Hard"	"10"	"10"	"PLAYED"	""	"1"	"181"	"96A56B1959773D255612CE8BDA590B0C806EA369DAB51EAE24B1BBE7897F342C"
"2024 December"	"58"	"Amateur 2"	"27"	"3184"	"Merged into 8648"	"Holiday Hideaway"	"-17"	"-17"	"PLAYED"	""	"0"	"200"	"96A56B1959773D255612CE8BDA590B0C806EA369DAB51EAE24B1BBE7897F342C"
"2024 December"	"58"	"Amateur 2"	"27"	"4002"	"Empzurg"	"Holiday Hideaway"	"-12"	"-12"	"PLAYED"	""	"1"	"191"	"96A56B1959773D255612CE8BDA590B0C806EA369DAB51EAE24B1BBE7897F342C"
"2024 December"	"58"	"Amateur 2"	"27"	"7889"	"fake4real"	"Holiday Hideaway"	"-11"	"-11"	"PLAYED"	""	"2"	"182"	"96A56B1959773D255612CE8BDA590B0C806EA369DAB51EAE24B1BBE7897F342C"
"2024 December"	"58"	"Amateur 2"	"27"	"7167"	"Sandtrap"	"Holiday Hideaway"	"-10"	"-10"	"PLAYED"	""	"1"	"171"	"96A56B1959773D255612CE8BDA590B0C806EA369DAB51EAE24B1BBE7897F342C"
"2024 December"	"58"	"Amateur 2"	"27"	"93"	"NuttyGrandpa"	"Holiday Hideaway"	"-2"	"-2"	"PLAYED"	""	"0"	"160"	"96A56B1959773D255612CE8BDA590B0C806EA369DAB51EAE24B1BBE7897F342C"
"2024 December"	"58"	"Amateur 2"	"27"	"3184"	"Merged into 8648"	"Holiday Hideaway - Hard"	"-6"	"-6"	"PLAYED"	""	"2"	"202"	"96A56B1959773D255612CE8BDA590B0C806EA369DAB51EAE24B1BBE7897F342C"
"2024 December"	"58"	"Amateur 2"	"27"	"7889"	"fake4real"	"Holiday Hideaway - Hard"	"-6"	"-6"	"PLAYED"	""	"0"	"190"	"96A56B1959773D255612CE8BDA590B0C806EA369DAB51EAE24B1BBE7897F342C"
"2024 December"	"58"	"Amateur 2"	"27"	"93"	"NuttyGrandpa"	"Holiday Hideaway - Hard"	"-1"	"-1"	"PLAYED"	""	"3"	"183"	"96A56B1959773D255612CE8BDA590B0C806EA369DAB51EAE24B1BBE7897F342C"
"2024 December"	"58"	"Amateur 3"	"28"	"7549"	"CATHY G"	"Cherry Blossom"	"-23"	"-23"	"PLAYED"	""	"2"	"202"	"285C52878276F2E455A2F217A4E624177355B4522D96915A5DEE9C76A45493B7"
"2024 December"	"58"	"Amateur 3"	"28"	"7182"	"RUBBERDUCK"	"Cherry Blossom"	"-19"	"-19"	"PLAYED"	""	"1"	"191"	"285C52878276F2E455A2F217A4E624177355B4522D96915A5DEE9C76A45493B7"
"2024 December"	"58"	"Amateur 3"	"28"	"7173"	"KillERBee"	"Cherry Blossom"	"-19"	"-19"	"PLAYED"	""	"0"	"180"	"285C52878276F2E455A2F217A4E624177355B4522D96915A5DEE9C76A45493B7"
"2024 December"	"58"	"Amateur 3"	"28"	"7189"	"CHERIE_ROSE"	"Cherry Blossom"	"-17"	"-17"	"PLAYED"	""	"0"	"170"	"285C52878276F2E455A2F217A4E624177355B4522D96915A5DEE9C76A45493B7"
"2024 December"	"58"	"Amateur 3"	"28"	"7552"	"IMJOMAMA"	"Cherry Blossom"	"-14"	"-14"	"PLAYED"	""	"0"	"160"	"285C52878276F2E455A2F217A4E624177355B4522D96915A5DEE9C76A45493B7"
"2024 December"	"58"	"Amateur 3"	"28"	"7868"	"Jaynice"	"Cherry Blossom"	"-13"	"-13"	"PLAYED"	""	"0"	"150"	"285C52878276F2E455A2F217A4E624177355B4522D96915A5DEE9C76A45493B7"
"2024 December"	"58"	"Amateur 3"	"28"	"7229"	"Ultrafox_Lynne"	"Cherry Blossom"	"-11"	"-11"	"PLAYED"	""	"0"	"140"	"285C52878276F2E455A2F217A4E624177355B4522D96915A5DEE9C76A45493B7"
"2024 December"	"58"	"Amateur 3"	"28"	"7589"	"SMILEROBIN"	"Cherry Blossom"	"-7"	"-7"	"PLAYED"	""	"0"	"130"	"285C52878276F2E455A2F217A4E624177355B4522D96915A5DEE9C76A45493B7"
"2024 December"	"58"	"Amateur 3"	"28"	"7173"	"KillERBee"	"Cherry Blossom Hard"	"-9"	"-9"	"PLAYED"	""	"0"	"200"	"285C52878276F2E455A2F217A4E624177355B4522D96915A5DEE9C76A45493B7"
"2024 December"	"58"	"Amateur 3"	"28"	"7549"	"CATHY G"	"Cherry Blossom Hard"	"-7"	"-7"	"PLAYED"	""	"0"	"190"	"285C52878276F2E455A2F217A4E624177355B4522D96915A5DEE9C76A45493B7"
"2024 December"	"58"	"Amateur 3"	"28"	"7229"	"Ultrafox_Lynne"	"Cherry Blossom Hard"	"-4"	"-4"	"PLAYED"	""	"0"	"180"	"285C52878276F2E455A2F217A4E624177355B4522D96915A5DEE9C76A45493B7"
"2024 December"	"58"	"Amateur 3"	"28"	"7552"	"IMJOMAMA"	"Cherry Blossom Hard"	"-3"	"-3"	"PLAYED"	""	"0"	"170"	"285C52878276F2E455A2F217A4E624177355B4522D96915A5DEE9C76A45493B7"
"2024 December"	"58"	"Amateur 3"	"28"	"7189"	"CHERIE_ROSE"	"Cherry Blossom Hard"	"-2"	"-2"	"PLAYED"	""	"0"	"160"	"285C52878276F2E455A2F217A4E624177355B4522D96915A5DEE9C76A45493B7"
"2024 December"	"58"	"Amateur 3"	"28"	"7868"	"Jaynice"	"Cherry Blossom Hard"	"-2"	"-2"	"PLAYED"	""	"0"	"160"	"285C52878276F2E455A2F217A4E624177355B4522D96915A5DEE9C76A45493B7"
"2024 December"	"58"	"Amateur 3"	"28"	"7182"	"RUBBERDUCK"	"Cherry Blossom Hard"	"-1"	"-1"	"PLAYED"	""	"0"	"140"	"285C52878276F2E455A2F217A4E624177355B4522D96915A5DEE9C76A45493B7"
"2024 December"	"58"	"Amateur 3"	"28"	"7589"	"SMILEROBIN"	"Cherry Blossom Hard"	"15"	"15"	"PLAYED"	""	"0"	"130"	"285C52878276F2E455A2F217A4E624177355B4522D96915A5DEE9C76A45493B7"
"2024 December"	"58"	"Amateur 3"	"28"	"7189"	"CHERIE_ROSE"	"Myst"	"-20"	"-20"	"PLAYED"	""	"1"	"201"	"285C52878276F2E455A2F217A4E624177355B4522D96915A5DEE9C76A45493B7"
"2024 December"	"58"	"Amateur 3"	"28"	"7868"	"Jaynice"	"Myst"	"-16"	"-16"	"PLAYED"	""	"1"	"191"	"285C52878276F2E455A2F217A4E624177355B4522D96915A5DEE9C76A45493B7"
"2024 December"	"58"	"Amateur 3"	"28"	"7552"	"IMJOMAMA"	"Myst"	"-12"	"-12"	"PLAYED"	""	"1"	"181"	"285C52878276F2E455A2F217A4E624177355B4522D96915A5DEE9C76A45493B7"
"2024 December"	"58"	"Amateur 3"	"28"	"7229"	"Ultrafox_Lynne"	"Myst"	"-11"	"-11"	"PLAYED"	""	"2"	"172"	"285C52878276F2E455A2F217A4E624177355B4522D96915A5DEE9C76A45493B7"
"2024 December"	"58"	"Amateur 3"	"28"	"7173"	"KillERBee"	"Myst"	"-10"	"-10"	"PLAYED"	""	"1"	"161"	"285C52878276F2E455A2F217A4E624177355B4522D96915A5DEE9C76A45493B7"
"2024 December"	"58"	"Amateur 3"	"28"	"7589"	"SMILEROBIN"	"Myst"	"-6"	"-6"	"PLAYED"	""	"1"	"151"	"285C52878276F2E455A2F217A4E624177355B4522D96915A5DEE9C76A45493B7"
"2024 December"	"58"	"Amateur 3"	"28"	"7552"	"IMJOMAMA"	"Myst Hard"	"-8"	"-8"	"PLAYED"	""	"1"	"201"	"285C52878276F2E455A2F217A4E624177355B4522D96915A5DEE9C76A45493B7"
"2024 December"	"58"	"Amateur 3"	"28"	"7173"	"KillERBee"	"Myst Hard"	"-3"	"-3"	"PLAYED"	""	"0"	"190"	"285C52878276F2E455A2F217A4E624177355B4522D96915A5DEE9C76A45493B7"
"2024 December"	"58"	"Amateur 3"	"28"	"7229"	"Ultrafox_Lynne"	"Myst Hard"	"-2"	"-2"	"PLAYED"	""	"0"	"180"	"285C52878276F2E455A2F217A4E624177355B4522D96915A5DEE9C76A45493B7"
"2024 December"	"58"	"Amateur 3"	"28"	"7589"	"SMILEROBIN"	"Myst Hard"	"-2"	"-2"	"PLAYED"	""	"0"	"180"	"285C52878276F2E455A2F217A4E624177355B4522D96915A5DEE9C76A45493B7"
"2024 December"	"58"	"Amateur 3"	"28"	"7868"	"Jaynice"	"Myst Hard"	"1"	"1"	"PLAYED"	""	"2"	"162"	"285C52878276F2E455A2F217A4E624177355B4522D96915A5DEE9C76A45493B7"
"2024 December"	"58"	"Amateur 3"	"28"	"7189"	"CHERIE_ROSE"	"Myst Hard"	"11"	"11"	"PLAYED"	""	"0"	"150"	"285C52878276F2E455A2F217A4E624177355B4522D96915A5DEE9C76A45493B7"
"2024 December"	"58"	"Amateur 3"	"28"	"7182"	"RUBBERDUCK"	"8-Bit Lair"	"-5"	"-5"	"PLAYED"	""	"3"	"203"	"285C52878276F2E455A2F217A4E624177355B4522D96915A5DEE9C76A45493B7"
"2024 December"	"58"	"Amateur 3"	"28"	"7552"	"IMJOMAMA"	"8-Bit Lair"	"-4"	"-4"	"PLAYED"	""	"0"	"190"	"285C52878276F2E455A2F217A4E624177355B4522D96915A5DEE9C76A45493B7"
"2024 December"	"58"	"Amateur 3"	"28"	"7189"	"CHERIE_ROSE"	"8-Bit Lair"	"-3"	"-3"	"PLAYED"	""	"3"	"183"	"285C52878276F2E455A2F217A4E624177355B4522D96915A5DEE9C76A45493B7"
"2024 December"	"58"	"Amateur 3"	"28"	"7868"	"Jaynice"	"8-Bit Lair"	"-1"	"-1"	"PLAYED"	""	"2"	"172"	"285C52878276F2E455A2F217A4E624177355B4522D96915A5DEE9C76A45493B7"
"2024 December"	"58"	"Amateur 3"	"28"	"7173"	"KillERBee"	"8-Bit Lair"	"0"	"0"	"PLAYED"	""	"2"	"162"	"285C52878276F2E455A2F217A4E624177355B4522D96915A5DEE9C76A45493B7"
"2024 December"	"58"	"Amateur 3"	"28"	"7229"	"Ultrafox_Lynne"	"8-Bit Lair"	"0"	"0"	"PLAYED"	""	"1"	"151"	"285C52878276F2E455A2F217A4E624177355B4522D96915A5DEE9C76A45493B7"
"2024 December"	"58"	"Amateur 3"	"28"	"7554"	"SKEETER78"	"8-Bit Lair"	"1"	"1"	"PLAYED"	""	"2"	"142"	"285C52878276F2E455A2F217A4E624177355B4522D96915A5DEE9C76A45493B7"
"2024 December"	"58"	"Amateur 3"	"28"	"7552"	"IMJOMAMA"	"8-Bit Lair - Hard"	"-4"	"-4"	"PLAYED"	""	"2"	"202"	"285C52878276F2E455A2F217A4E624177355B4522D96915A5DEE9C76A45493B7"
"2024 December"	"58"	"Amateur 3"	"28"	"7182"	"RUBBERDUCK"	"8-Bit Lair - Hard"	"-3"	"-3"	"PLAYED"	""	"1"	"191"	"285C52878276F2E455A2F217A4E624177355B4522D96915A5DEE9C76A45493B7"
"2024 December"	"58"	"Amateur 3"	"28"	"7868"	"Jaynice"	"8-Bit Lair - Hard"	"1"	"1"	"PLAYED"	""	"0"	"180"	"285C52878276F2E455A2F217A4E624177355B4522D96915A5DEE9C76A45493B7"
"2024 December"	"58"	"Amateur 3"	"28"	"7173"	"KillERBee"	"8-Bit Lair - Hard"	"4"	"4"	"PLAYED"	""	"1"	"171"	"285C52878276F2E455A2F217A4E624177355B4522D96915A5DEE9C76A45493B7"
"2024 December"	"58"	"Amateur 3"	"28"	"7229"	"Ultrafox_Lynne"	"8-Bit Lair - Hard"	"4"	"4"	"PLAYED"	""	"0"	"160"	"285C52878276F2E455A2F217A4E624177355B4522D96915A5DEE9C76A45493B7"
"2024 December"	"58"	"Amateur 3"	"28"	"7554"	"SKEETER78"	"8-Bit Lair - Hard"	"6"	"6"	"PLAYED"	""	"0"	"150"	"285C52878276F2E455A2F217A4E624177355B4522D96915A5DEE9C76A45493B7"
"2024 December"	"58"	"Amateur 3"	"28"	"7189"	"CHERIE_ROSE"	"8-Bit Lair - Hard"	"19"	"19"	"PLAYED"	""	"0"	"140"	"285C52878276F2E455A2F217A4E624177355B4522D96915A5DEE9C76A45493B7"
"2024 December"	"58"	"Amateur 3"	"28"	"7549"	"CATHY G"	"Holiday Hideaway"	"-13"	"-13"	"PLAYED"	""	"3"	"203"	"285C52878276F2E455A2F217A4E624177355B4522D96915A5DEE9C76A45493B7"
"2024 December"	"58"	"Amateur 3"	"28"	"7189"	"CHERIE_ROSE"	"Holiday Hideaway"	"-8"	"-8"	"PLAYED"	""	"2"	"192"	"285C52878276F2E455A2F217A4E624177355B4522D96915A5DEE9C76A45493B7"
"2024 December"	"58"	"Amateur 3"	"28"	"7552"	"IMJOMAMA"	"Holiday Hideaway"	"-7"	"-7"	"PLAYED"	""	"2"	"182"	"285C52878276F2E455A2F217A4E624177355B4522D96915A5DEE9C76A45493B7"
"2024 December"	"58"	"Amateur 3"	"28"	"7173"	"KillERBee"	"Holiday Hideaway"	"-6"	"-6"	"PLAYED"	""	"2"	"172"	"285C52878276F2E455A2F217A4E624177355B4522D96915A5DEE9C76A45493B7"
"2024 December"	"58"	"Amateur 3"	"28"	"7589"	"SMILEROBIN"	"Holiday Hideaway"	"-5"	"-5"	"PLAYED"	""	"1"	"161"	"285C52878276F2E455A2F217A4E624177355B4522D96915A5DEE9C76A45493B7"
"2024 December"	"58"	"Amateur 3"	"28"	"7229"	"Ultrafox_Lynne"	"Holiday Hideaway"	"-2"	"-2"	"PLAYED"	""	"1"	"151"	"285C52878276F2E455A2F217A4E624177355B4522D96915A5DEE9C76A45493B7"
"2024 December"	"58"	"Amateur 3"	"28"	"7554"	"SKEETER78"	"Holiday Hideaway"	"1"	"1"	"PLAYED"	""	"1"	"141"	"285C52878276F2E455A2F217A4E624177355B4522D96915A5DEE9C76A45493B7"
"2024 December"	"58"	"Amateur 3"	"28"	"7554"	"SKEETER78"	"Holiday Hideaway - Hard"	"-2"	"-2"	"PLAYED"	""	"1"	"201"	"285C52878276F2E455A2F217A4E624177355B4522D96915A5DEE9C76A45493B7"
"2024 December"	"58"	"Amateur 3"	"28"	"7552"	"IMJOMAMA"	"Holiday Hideaway - Hard"	"1"	"1"	"PLAYED"	""	"0"	"190"	"285C52878276F2E455A2F217A4E624177355B4522D96915A5DEE9C76A45493B7"
"2024 December"	"58"	"Amateur 3"	"28"	"7229"	"Ultrafox_Lynne"	"Holiday Hideaway - Hard"	"2"	"2"	"PLAYED"	""	"2"	"182"	"285C52878276F2E455A2F217A4E624177355B4522D96915A5DEE9C76A45493B7"
"2024 December"	"58"	"Amateur 3"	"28"	"7173"	"KillERBee"	"Holiday Hideaway - Hard"	"5"	"5"	"PLAYED"	""	"1"	"171"	"285C52878276F2E455A2F217A4E624177355B4522D96915A5DEE9C76A45493B7"
"2024 December"	"58"	"Amateur 3"	"28"	"7589"	"SMILEROBIN"	"Holiday Hideaway - Hard"	"6"	"6"	"PLAYED"	""	"0"	"160"	"285C52878276F2E455A2F217A4E624177355B4522D96915A5DEE9C76A45493B7"
"2024 December"	"58"	"Amateur 3"	"28"	"7189"	"CHERIE_ROSE"	"Holiday Hideaway - Hard"	"26"	"26"	"PLAYED"	""	"0"	"150"	"285C52878276F2E455A2F217A4E624177355B4522D96915A5DEE9C76A45493B7"
"2025 January"	"81"	"Amateur 1"	"26"	"7169"	"Master_KP"	"Tourist Trap"	"-20"	"-20"	"PLAYED"	""	"1"	"201"	"63F285DFF062DFD5B0FE7531A65A0A809545924E9E06773B6D2D532214EDD40D"
"2025 January"	"81"	"Amateur 1"	"26"	"7948"	"POLANECE"	"Tourist Trap"	"-19"	"-19"	"PLAYED"	""	"2"	"192"	"63F285DFF062DFD5B0FE7531A65A0A809545924E9E06773B6D2D532214EDD40D"
"2025 January"	"81"	"Amateur 1"	"26"	"7553"	"SHA_HOOF_NA"	"Tourist Trap"	"-18"	"-18"	"PLAYED"	""	"1"	"181"	"63F285DFF062DFD5B0FE7531A65A0A809545924E9E06773B6D2D532214EDD40D"
"2025 January"	"81"	"Amateur 1"	"26"	"7889"	"fake4real"	"Tourist Trap"	"-18"	"-18"	"PLAYED"	""	"1"	"181"	"63F285DFF062DFD5B0FE7531A65A0A809545924E9E06773B6D2D532214EDD40D"
"2025 January"	"81"	"Amateur 1"	"26"	"93"	"NuttyGrandpa"	"Tourist Trap"	"-17"	"-17"	"PLAYED"	""	"2"	"162"	"63F285DFF062DFD5B0FE7531A65A0A809545924E9E06773B6D2D532214EDD40D"
"2025 January"	"81"	"Amateur 1"	"26"	"7188"	"LLABB23_LISA"	"Tourist Trap"	"-17"	"-17"	"PLAYED"	""	"1"	"151"	"63F285DFF062DFD5B0FE7531A65A0A809545924E9E06773B6D2D532214EDD40D"
"2025 January"	"81"	"Amateur 1"	"26"	"129"	"Sj_76"	"Tourist Trap"	"-15"	"-15"	"PLAYED"	""	"0"	"140"	"63F285DFF062DFD5B0FE7531A65A0A809545924E9E06773B6D2D532214EDD40D"
"2025 January"	"81"	"Amateur 1"	"26"	"7186"	"Chelle💯"	"Tourist Trap"	"-10"	"-10"	"PLAYED"	""	"1"	"131"	"63F285DFF062DFD5B0FE7531A65A0A809545924E9E06773B6D2D532214EDD40D"
"2025 January"	"81"	"Amateur 1"	"26"	"2505"	"freitag68"	"Tourist Trap"	"-10"	"-10"	"PLAYED"	""	"1"	"131"	"63F285DFF062DFD5B0FE7531A65A0A809545924E9E06773B6D2D532214EDD40D"
"2025 January"	"81"	"Amateur 1"	"26"	"7169"	"Master_KP"	"Tourist Trap Hard"	"-16"	"-16"	"PLAYED"	""	"0"	"200"	"63F285DFF062DFD5B0FE7531A65A0A809545924E9E06773B6D2D532214EDD40D"
"2025 January"	"81"	"Amateur 1"	"26"	"7188"	"LLABB23_LISA"	"Tourist Trap Hard"	"-16"	"-16"	"PLAYED"	""	"0"	"200"	"63F285DFF062DFD5B0FE7531A65A0A809545924E9E06773B6D2D532214EDD40D"
"2025 January"	"81"	"Amateur 1"	"26"	"93"	"NuttyGrandpa"	"Tourist Trap Hard"	"-14"	"-14"	"PLAYED"	""	"0"	"180"	"63F285DFF062DFD5B0FE7531A65A0A809545924E9E06773B6D2D532214EDD40D"
"2025 January"	"81"	"Amateur 1"	"26"	"7948"	"POLANECE"	"Tourist Trap Hard"	"-14"	"-14"	"PLAYED"	""	"0"	"180"	"63F285DFF062DFD5B0FE7531A65A0A809545924E9E06773B6D2D532214EDD40D"
"2025 January"	"81"	"Amateur 1"	"26"	"7889"	"fake4real"	"Tourist Trap Hard"	"-10"	"-10"	"PLAYED"	""	"0"	"160"	"63F285DFF062DFD5B0FE7531A65A0A809545924E9E06773B6D2D532214EDD40D"
"2025 January"	"81"	"Amateur 1"	"26"	"7553"	"SHA_HOOF_NA"	"Tourist Trap Hard"	"-10"	"-10"	"PLAYED"	""	"0"	"160"	"63F285DFF062DFD5B0FE7531A65A0A809545924E9E06773B6D2D532214EDD40D"
"2025 January"	"81"	"Amateur 1"	"26"	"7186"	"Chelle💯"	"Tourist Trap Hard"	"-9"	"-9"	"PLAYED"	""	"0"	"140"	"63F285DFF062DFD5B0FE7531A65A0A809545924E9E06773B6D2D532214EDD40D"
"2025 January"	"81"	"Amateur 1"	"26"	"2505"	"freitag68"	"Tourist Trap Hard"	"-6"	"-6"	"PLAYED"	""	"0"	"130"	"63F285DFF062DFD5B0FE7531A65A0A809545924E9E06773B6D2D532214EDD40D"
"2025 January"	"81"	"Amateur 1"	"26"	"129"	"Sj_76"	"Tourist Trap Hard"	"-4"	"-4"	"PLAYED"	""	"0"	"120"	"63F285DFF062DFD5B0FE7531A65A0A809545924E9E06773B6D2D532214EDD40D"
"2025 January"	"81"	"Amateur 1"	"26"	"7948"	"POLANECE"	"Upside Town"	"-20"	"-20"	"PLAYED"	""	"3"	"203"	"63F285DFF062DFD5B0FE7531A65A0A809545924E9E06773B6D2D532214EDD40D"
"2025 January"	"81"	"Amateur 1"	"26"	"7889"	"fake4real"	"Upside Town"	"-17"	"-17"	"PLAYED"	""	"1"	"191"	"63F285DFF062DFD5B0FE7531A65A0A809545924E9E06773B6D2D532214EDD40D"
"2025 January"	"81"	"Amateur 1"	"26"	"93"	"NuttyGrandpa"	"Upside Town"	"-15"	"-15"	"PLAYED"	""	"0"	"180"	"63F285DFF062DFD5B0FE7531A65A0A809545924E9E06773B6D2D532214EDD40D"
"2025 January"	"81"	"Amateur 1"	"26"	"7188"	"LLABB23_LISA"	"Upside Town"	"-12"	"-12"	"PLAYED"	""	"0"	"170"	"63F285DFF062DFD5B0FE7531A65A0A809545924E9E06773B6D2D532214EDD40D"
"2025 January"	"81"	"Amateur 1"	"26"	"129"	"Sj_76"	"Upside Town"	"-8"	"-8"	"PLAYED"	""	"1"	"161"	"63F285DFF062DFD5B0FE7531A65A0A809545924E9E06773B6D2D532214EDD40D"
"2025 January"	"81"	"Amateur 1"	"26"	"7553"	"SHA_HOOF_NA"	"Upside Town"	"-7"	"-7"	"PLAYED"	""	"1"	"151"	"63F285DFF062DFD5B0FE7531A65A0A809545924E9E06773B6D2D532214EDD40D"
"2025 January"	"81"	"Amateur 1"	"26"	"7948"	"POLANECE"	"Upside Town - Hard"	"-14"	"-14"	"PLAYED"	""	"1"	"201"	"63F285DFF062DFD5B0FE7531A65A0A809545924E9E06773B6D2D532214EDD40D"
"2025 January"	"81"	"Amateur 1"	"26"	"7169"	"Master_KP"	"Upside Town - Hard"	"-13"	"-13"	"PLAYED"	""	"2"	"192"	"63F285DFF062DFD5B0FE7531A65A0A809545924E9E06773B6D2D532214EDD40D"
"2025 January"	"81"	"Amateur 1"	"26"	"7889"	"fake4real"	"Upside Town - Hard"	"-12"	"-12"	"PLAYED"	""	"1"	"181"	"63F285DFF062DFD5B0FE7531A65A0A809545924E9E06773B6D2D532214EDD40D"
"2025 January"	"81"	"Amateur 1"	"26"	"93"	"NuttyGrandpa"	"Upside Town - Hard"	"-11"	"-11"	"PLAYED"	""	"2"	"172"	"63F285DFF062DFD5B0FE7531A65A0A809545924E9E06773B6D2D532214EDD40D"
"2025 January"	"81"	"Amateur 1"	"26"	"7553"	"SHA_HOOF_NA"	"Upside Town - Hard"	"-9"	"-9"	"PLAYED"	""	"1"	"161"	"63F285DFF062DFD5B0FE7531A65A0A809545924E9E06773B6D2D532214EDD40D"
"2025 January"	"81"	"Amateur 1"	"26"	"7188"	"LLABB23_LISA"	"Upside Town - Hard"	"-6"	"-6"	"PLAYED"	""	"0"	"150"	"63F285DFF062DFD5B0FE7531A65A0A809545924E9E06773B6D2D532214EDD40D"
"2025 January"	"81"	"Amateur 1"	"26"	"129"	"Sj_76"	"Upside Town - Hard"	"8"	"8"	"PLAYED"	""	"1"	"141"	"63F285DFF062DFD5B0FE7531A65A0A809545924E9E06773B6D2D532214EDD40D"
"2025 January"	"81"	"Amateur 1"	"26"	"2505"	"freitag68"	"Journey to the Center of the Earth"	"-20"	"-20"	"PLAYED"	""	"3"	"203"	"63F285DFF062DFD5B0FE7531A65A0A809545924E9E06773B6D2D532214EDD40D"
"2025 January"	"81"	"Amateur 1"	"26"	"7948"	"POLANECE"	"Journey to the Center of the Earth"	"-19"	"-19"	"PLAYED"	""	"4"	"194"	"63F285DFF062DFD5B0FE7531A65A0A809545924E9E06773B6D2D532214EDD40D"
"2025 January"	"81"	"Amateur 1"	"26"	"7169"	"Master_KP"	"Journey to the Center of the Earth"	"-19"	"-19"	"PLAYED"	""	"1"	"181"	"63F285DFF062DFD5B0FE7531A65A0A809545924E9E06773B6D2D532214EDD40D"
"2025 January"	"81"	"Amateur 1"	"26"	"7889"	"fake4real"	"Journey to the Center of the Earth"	"-18"	"-18"	"PLAYED"	""	"1"	"171"	"63F285DFF062DFD5B0FE7531A65A0A809545924E9E06773B6D2D532214EDD40D"
"2025 January"	"81"	"Amateur 1"	"26"	"7809"	"SNOWBALL"	"Journey to the Center of the Earth"	"-17"	"-17"	"PLAYED"	""	"3"	"163"	"63F285DFF062DFD5B0FE7531A65A0A809545924E9E06773B6D2D532214EDD40D"
"2025 January"	"81"	"Amateur 1"	"26"	"93"	"NuttyGrandpa"	"Journey to the Center of the Earth"	"-17"	"-17"	"PLAYED"	""	"0"	"150"	"63F285DFF062DFD5B0FE7531A65A0A809545924E9E06773B6D2D532214EDD40D"
"2025 January"	"81"	"Amateur 1"	"26"	"7553"	"SHA_HOOF_NA"	"Journey to the Center of the Earth"	"-15"	"-15"	"PLAYED"	""	"2"	"142"	"63F285DFF062DFD5B0FE7531A65A0A809545924E9E06773B6D2D532214EDD40D"
"2025 January"	"81"	"Amateur 1"	"26"	"7188"	"LLABB23_LISA"	"Journey to the Center of the Earth"	"-14"	"-14"	"PLAYED"	""	"1"	"131"	"63F285DFF062DFD5B0FE7531A65A0A809545924E9E06773B6D2D532214EDD40D"
"2025 January"	"81"	"Amateur 1"	"26"	"129"	"Sj_76"	"Journey to the Center of the Earth"	"-13"	"-13"	"PLAYED"	""	"1"	"121"	"63F285DFF062DFD5B0FE7531A65A0A809545924E9E06773B6D2D532214EDD40D"
"2025 January"	"81"	"Amateur 1"	"26"	"7948"	"POLANECE"	"Center of the Earth - Hard"	"-12"	"-12"	"PLAYED"	""	"1"	"201"	"63F285DFF062DFD5B0FE7531A65A0A809545924E9E06773B6D2D532214EDD40D"
"2025 January"	"81"	"Amateur 1"	"26"	"7169"	"Master_KP"	"Center of the Earth - Hard"	"-12"	"-12"	"PLAYED"	""	"0"	"190"	"63F285DFF062DFD5B0FE7531A65A0A809545924E9E06773B6D2D532214EDD40D"
"2025 January"	"81"	"Amateur 1"	"26"	"7809"	"SNOWBALL"	"Center of the Earth - Hard"	"-12"	"-12"	"PLAYED"	""	"0"	"190"	"63F285DFF062DFD5B0FE7531A65A0A809545924E9E06773B6D2D532214EDD40D"
"2025 January"	"81"	"Amateur 1"	"26"	"7889"	"fake4real"	"Center of the Earth - Hard"	"-11"	"-11"	"PLAYED"	""	"1"	"171"	"63F285DFF062DFD5B0FE7531A65A0A809545924E9E06773B6D2D532214EDD40D"
"2025 January"	"81"	"Amateur 1"	"26"	"2505"	"freitag68"	"Center of the Earth - Hard"	"-11"	"-11"	"PLAYED"	""	"0"	"160"	"63F285DFF062DFD5B0FE7531A65A0A809545924E9E06773B6D2D532214EDD40D"
"2025 January"	"81"	"Amateur 1"	"26"	"7553"	"SHA_HOOF_NA"	"Center of the Earth - Hard"	"-8"	"-8"	"PLAYED"	""	"0"	"150"	"63F285DFF062DFD5B0FE7531A65A0A809545924E9E06773B6D2D532214EDD40D"
"2025 January"	"81"	"Amateur 1"	"26"	"129"	"Sj_76"	"Center of the Earth - Hard"	"-4"	"-4"	"PLAYED"	""	"0"	"140"	"63F285DFF062DFD5B0FE7531A65A0A809545924E9E06773B6D2D532214EDD40D"
"2025 January"	"81"	"Amateur 1"	"26"	"93"	"NuttyGrandpa"	"Center of the Earth - Hard"	"-2"	"-2"	"PLAYED"	""	"0"	"130"	"63F285DFF062DFD5B0FE7531A65A0A809545924E9E06773B6D2D532214EDD40D"
"2025 January"	"81"	"Amateur 1"	"26"	"7188"	"LLABB23_LISA"	"Center of the Earth - Hard"	"-2"	"-2"	"PLAYED"	""	"0"	"130"	"63F285DFF062DFD5B0FE7531A65A0A809545924E9E06773B6D2D532214EDD40D"
"2025 January"	"81"	"Amateur 1"	"26"	"7948"	"POLANECE"	"Alfheim"	"-22"	"-22"	"PLAYED"	""	"2"	"202"	"63F285DFF062DFD5B0FE7531A65A0A809545924E9E06773B6D2D532214EDD40D"
"2025 January"	"81"	"Amateur 1"	"26"	"7307"	"callmemike"	"Alfheim"	"-18"	"-18"	"PLAYED"	""	"3"	"193"	"63F285DFF062DFD5B0FE7531A65A0A809545924E9E06773B6D2D532214EDD40D"
"2025 January"	"81"	"Amateur 1"	"26"	"7889"	"fake4real"	"Alfheim"	"-17"	"-17"	"PLAYED"	""	"3"	"183"	"63F285DFF062DFD5B0FE7531A65A0A809545924E9E06773B6D2D532214EDD40D"
"2025 January"	"81"	"Amateur 1"	"26"	"7169"	"Master_KP"	"Alfheim"	"-15"	"-15"	"PLAYED"	""	"2"	"172"	"63F285DFF062DFD5B0FE7531A65A0A809545924E9E06773B6D2D532214EDD40D"
"2025 January"	"81"	"Amateur 1"	"26"	"93"	"NuttyGrandpa"	"Alfheim"	"-14"	"-14"	"PLAYED"	""	"1"	"161"	"63F285DFF062DFD5B0FE7531A65A0A809545924E9E06773B6D2D532214EDD40D"
"2025 January"	"81"	"Amateur 1"	"26"	"7188"	"LLABB23_LISA"	"Alfheim"	"-12"	"-12"	"PLAYED"	""	"1"	"151"	"63F285DFF062DFD5B0FE7531A65A0A809545924E9E06773B6D2D532214EDD40D"
"2025 January"	"81"	"Amateur 1"	"26"	"7553"	"SHA_HOOF_NA"	"Alfheim"	"-10"	"-10"	"PLAYED"	""	"1"	"141"	"63F285DFF062DFD5B0FE7531A65A0A809545924E9E06773B6D2D532214EDD40D"
"2025 January"	"81"	"Amateur 1"	"26"	"2505"	"freitag68"	"Alfheim"	"-9"	"-9"	"PLAYED"	""	"1"	"131"	"63F285DFF062DFD5B0FE7531A65A0A809545924E9E06773B6D2D532214EDD40D"
"2025 January"	"81"	"Amateur 1"	"26"	"362"	"Dandnt65"	"Alfheim"	"-8"	"-8"	"PLAYED"	""	"2"	"122"	"63F285DFF062DFD5B0FE7531A65A0A809545924E9E06773B6D2D532214EDD40D"
"2025 January"	"81"	"Amateur 1"	"26"	"129"	"Sj_76"	"Alfheim"	"-7"	"-7"	"PLAYED"	""	"1"	"111"	"63F285DFF062DFD5B0FE7531A65A0A809545924E9E06773B6D2D532214EDD40D"
"2025 January"	"81"	"Amateur 1"	"26"	"7948"	"POLANECE"	"Alfheim Hard"	"-22"	"-22"	"PLAYED"	""	"4"	"204"	"63F285DFF062DFD5B0FE7531A65A0A809545924E9E06773B6D2D532214EDD40D"
"2025 January"	"81"	"Amateur 1"	"26"	"7169"	"Master_KP"	"Alfheim Hard"	"-22"	"-22"	"PLAYED"	""	"3"	"193"	"63F285DFF062DFD5B0FE7531A65A0A809545924E9E06773B6D2D532214EDD40D"
"2025 January"	"81"	"Amateur 1"	"26"	"7889"	"fake4real"	"Alfheim Hard"	"-14"	"-14"	"PLAYED"	""	"2"	"182"	"63F285DFF062DFD5B0FE7531A65A0A809545924E9E06773B6D2D532214EDD40D"
"2025 January"	"81"	"Amateur 1"	"26"	"7553"	"SHA_HOOF_NA"	"Alfheim Hard"	"-14"	"-14"	"PLAYED"	""	"1"	"171"	"63F285DFF062DFD5B0FE7531A65A0A809545924E9E06773B6D2D532214EDD40D"
"2025 January"	"81"	"Amateur 1"	"26"	"7307"	"callmemike"	"Alfheim Hard"	"-12"	"-12"	"PLAYED"	""	"1"	"161"	"63F285DFF062DFD5B0FE7531A65A0A809545924E9E06773B6D2D532214EDD40D"
"2025 January"	"81"	"Amateur 1"	"26"	"2505"	"freitag68"	"Alfheim Hard"	"-10"	"-10"	"PLAYED"	""	"0"	"150"	"63F285DFF062DFD5B0FE7531A65A0A809545924E9E06773B6D2D532214EDD40D"
"2025 January"	"81"	"Amateur 1"	"26"	"129"	"Sj_76"	"Alfheim Hard"	"-9"	"-9"	"PLAYED"	""	"1"	"141"	"63F285DFF062DFD5B0FE7531A65A0A809545924E9E06773B6D2D532214EDD40D"
"2025 January"	"81"	"Amateur 1"	"26"	"93"	"NuttyGrandpa"	"Alfheim Hard"	"-9"	"-9"	"PLAYED"	""	"0"	"130"	"63F285DFF062DFD5B0FE7531A65A0A809545924E9E06773B6D2D532214EDD40D"
"2025 January"	"81"	"Amateur 1"	"26"	"362"	"Dandnt65"	"Alfheim Hard"	"-8"	"-8"	"PLAYED"	""	"1"	"121"	"63F285DFF062DFD5B0FE7531A65A0A809545924E9E06773B6D2D532214EDD40D"
"2025 January"	"81"	"Amateur 1"	"26"	"7188"	"LLABB23_LISA"	"Alfheim Hard"	"-5"	"-5"	"PLAYED"	""	"0"	"110"	"63F285DFF062DFD5B0FE7531A65A0A809545924E9E06773B6D2D532214EDD40D"
"2025 January"	"81"	"Amateur 2"	"27"	"3745"	"olle"	"Tourist Trap"	"-19"	"-19"	"PLAYED"	""	"3"	"203"	"01481F208F36BBBBDA177244D5366E0F715AD0A5894AF35373E15DB612A9EFCA"
"2025 January"	"81"	"Amateur 2"	"27"	"4002"	"Empzurg"	"Tourist Trap"	"-18"	"-18"	"PLAYED"	""	"3"	"193"	"01481F208F36BBBBDA177244D5366E0F715AD0A5894AF35373E15DB612A9EFCA"
"2025 January"	"81"	"Amateur 2"	"27"	"7448"	"ANDRIA77"	"Tourist Trap"	"-18"	"-18"	"PLAYED"	""	"2"	"182"	"01481F208F36BBBBDA177244D5366E0F715AD0A5894AF35373E15DB612A9EFCA"
"2025 January"	"81"	"Amateur 2"	"27"	"7167"	"Sandtrap"	"Tourist Trap"	"-18"	"-18"	"PLAYED"	""	"2"	"182"	"01481F208F36BBBBDA177244D5366E0F715AD0A5894AF35373E15DB612A9EFCA"
"2025 January"	"81"	"Amateur 2"	"27"	"7552"	"IMJOMAMA"	"Tourist Trap"	"-17"	"-17"	"PLAYED"	""	"1"	"161"	"01481F208F36BBBBDA177244D5366E0F715AD0A5894AF35373E15DB612A9EFCA"
"2025 January"	"81"	"Amateur 2"	"27"	"7173"	"KillERBee"	"Tourist Trap"	"-15"	"-15"	"PLAYED"	""	"2"	"152"	"01481F208F36BBBBDA177244D5366E0F715AD0A5894AF35373E15DB612A9EFCA"
"2025 January"	"81"	"Amateur 2"	"27"	"7189"	"CHERIE_ROSE"	"Tourist Trap"	"-13"	"-13"	"PLAYED"	""	"1"	"141"	"01481F208F36BBBBDA177244D5366E0F715AD0A5894AF35373E15DB612A9EFCA"
"2025 January"	"81"	"Amateur 2"	"27"	"4002"	"Empzurg"	"Tourist Trap Hard"	"-15"	"-15"	"PLAYED"	""	"0"	"200"	"01481F208F36BBBBDA177244D5366E0F715AD0A5894AF35373E15DB612A9EFCA"
"2025 January"	"81"	"Amateur 2"	"27"	"3745"	"olle"	"Tourist Trap Hard"	"-14"	"-14"	"PLAYED"	""	"0"	"190"	"01481F208F36BBBBDA177244D5366E0F715AD0A5894AF35373E15DB612A9EFCA"
"2025 January"	"81"	"Amateur 2"	"27"	"7167"	"Sandtrap"	"Tourist Trap Hard"	"-9"	"-9"	"PLAYED"	""	"1"	"181"	"01481F208F36BBBBDA177244D5366E0F715AD0A5894AF35373E15DB612A9EFCA"
"2025 January"	"81"	"Amateur 2"	"27"	"7788"	"ROSE.M1231"	"Tourist Trap Hard"	"-9"	"-9"	"PLAYED"	""	"0"	"170"	"01481F208F36BBBBDA177244D5366E0F715AD0A5894AF35373E15DB612A9EFCA"
"2025 January"	"81"	"Amateur 2"	"27"	"7448"	"ANDRIA77"	"Tourist Trap Hard"	"-6"	"-6"	"PLAYED"	""	"0"	"160"	"01481F208F36BBBBDA177244D5366E0F715AD0A5894AF35373E15DB612A9EFCA"
"2025 January"	"81"	"Amateur 2"	"27"	"7552"	"IMJOMAMA"	"Tourist Trap Hard"	"-6"	"-6"	"PLAYED"	""	"0"	"160"	"01481F208F36BBBBDA177244D5366E0F715AD0A5894AF35373E15DB612A9EFCA"
"2025 January"	"81"	"Amateur 2"	"27"	"7189"	"CHERIE_ROSE"	"Tourist Trap Hard"	"-4"	"-4"	"PLAYED"	""	"0"	"140"	"01481F208F36BBBBDA177244D5366E0F715AD0A5894AF35373E15DB612A9EFCA"
"2025 January"	"81"	"Amateur 2"	"27"	"7173"	"KillERBee"	"Tourist Trap Hard"	"1"	"1"	"PLAYED"	""	"0"	"130"	"01481F208F36BBBBDA177244D5366E0F715AD0A5894AF35373E15DB612A9EFCA"
"2025 January"	"81"	"Amateur 2"	"27"	"4002"	"Empzurg"	"Upside Town"	"-16"	"-16"	"PLAYED"	""	"1"	"201"	"01481F208F36BBBBDA177244D5366E0F715AD0A5894AF35373E15DB612A9EFCA"
"2025 January"	"81"	"Amateur 2"	"27"	"7788"	"ROSE.M1231"	"Upside Town"	"-13"	"-13"	"PLAYED"	""	"2"	"192"	"01481F208F36BBBBDA177244D5366E0F715AD0A5894AF35373E15DB612A9EFCA"
"2025 January"	"81"	"Amateur 2"	"27"	"7448"	"ANDRIA77"	"Upside Town"	"-12"	"-12"	"PLAYED"	""	"1"	"181"	"01481F208F36BBBBDA177244D5366E0F715AD0A5894AF35373E15DB612A9EFCA"
"2025 January"	"81"	"Amateur 2"	"27"	"3745"	"olle"	"Upside Town"	"-12"	"-12"	"PLAYED"	""	"0"	"170"	"01481F208F36BBBBDA177244D5366E0F715AD0A5894AF35373E15DB612A9EFCA"
"2025 January"	"81"	"Amateur 2"	"27"	"7167"	"Sandtrap"	"Upside Town"	"-12"	"-12"	"PLAYED"	""	"0"	"170"	"01481F208F36BBBBDA177244D5366E0F715AD0A5894AF35373E15DB612A9EFCA"
"2025 January"	"81"	"Amateur 2"	"27"	"7173"	"KillERBee"	"Upside Town"	"-10"	"-10"	"PLAYED"	""	"0"	"150"	"01481F208F36BBBBDA177244D5366E0F715AD0A5894AF35373E15DB612A9EFCA"
"2025 January"	"81"	"Amateur 2"	"27"	"7189"	"CHERIE_ROSE"	"Upside Town"	"-7"	"-7"	"PLAYED"	""	"0"	"140"	"01481F208F36BBBBDA177244D5366E0F715AD0A5894AF35373E15DB612A9EFCA"
"2025 January"	"81"	"Amateur 2"	"27"	"7552"	"IMJOMAMA"	"Upside Town"	"-6"	"-6"	"PLAYED"	""	"0"	"130"	"01481F208F36BBBBDA177244D5366E0F715AD0A5894AF35373E15DB612A9EFCA"
"2025 January"	"81"	"Amateur 2"	"27"	"4002"	"Empzurg"	"Upside Town - Hard"	"-18"	"-18"	"PLAYED"	""	"1"	"201"	"01481F208F36BBBBDA177244D5366E0F715AD0A5894AF35373E15DB612A9EFCA"
"2025 January"	"81"	"Amateur 2"	"27"	"3745"	"olle"	"Upside Town - Hard"	"-13"	"-13"	"PLAYED"	""	"1"	"191"	"01481F208F36BBBBDA177244D5366E0F715AD0A5894AF35373E15DB612A9EFCA"
"2025 January"	"81"	"Amateur 2"	"27"	"7448"	"ANDRIA77"	"Upside Town - Hard"	"-6"	"-6"	"PLAYED"	""	"0"	"180"	"01481F208F36BBBBDA177244D5366E0F715AD0A5894AF35373E15DB612A9EFCA"
"2025 January"	"81"	"Amateur 2"	"27"	"7167"	"Sandtrap"	"Upside Town - Hard"	"-5"	"-5"	"PLAYED"	""	"1"	"171"	"01481F208F36BBBBDA177244D5366E0F715AD0A5894AF35373E15DB612A9EFCA"
"2025 January"	"81"	"Amateur 2"	"27"	"7189"	"CHERIE_ROSE"	"Upside Town - Hard"	"0"	"0"	"PLAYED"	""	"1"	"161"	"01481F208F36BBBBDA177244D5366E0F715AD0A5894AF35373E15DB612A9EFCA"
"2025 January"	"81"	"Amateur 2"	"27"	"7788"	"ROSE.M1231"	"Upside Town - Hard"	"0"	"0"	"PLAYED"	""	"0"	"150"	"01481F208F36BBBBDA177244D5366E0F715AD0A5894AF35373E15DB612A9EFCA"
"2025 January"	"81"	"Amateur 2"	"27"	"7173"	"KillERBee"	"Upside Town - Hard"	"3"	"3"	"PLAYED"	""	"0"	"140"	"01481F208F36BBBBDA177244D5366E0F715AD0A5894AF35373E15DB612A9EFCA"
"2025 January"	"81"	"Amateur 2"	"27"	"7552"	"IMJOMAMA"	"Upside Town - Hard"	"7"	"7"	"PLAYED"	""	"1"	"131"	"01481F208F36BBBBDA177244D5366E0F715AD0A5894AF35373E15DB612A9EFCA"
"2025 January"	"81"	"Amateur 2"	"27"	"4002"	"Empzurg"	"Journey to the Center of the Earth"	"-16"	"-16"	"PLAYED"	""	"2"	"202"	"01481F208F36BBBBDA177244D5366E0F715AD0A5894AF35373E15DB612A9EFCA"
"2025 January"	"81"	"Amateur 2"	"27"	"7548"	"beezy1"	"Journey to the Center of the Earth"	"-15"	"-15"	"PLAYED"	""	"2"	"192"	"01481F208F36BBBBDA177244D5366E0F715AD0A5894AF35373E15DB612A9EFCA"
"2025 January"	"81"	"Amateur 2"	"27"	"7189"	"CHERIE_ROSE"	"Journey to the Center of the Earth"	"-14"	"-14"	"PLAYED"	""	"1"	"181"	"01481F208F36BBBBDA177244D5366E0F715AD0A5894AF35373E15DB612A9EFCA"
"2025 January"	"81"	"Amateur 2"	"27"	"7167"	"Sandtrap"	"Journey to the Center of the Earth"	"-13"	"-13"	"PLAYED"	""	"3"	"173"	"01481F208F36BBBBDA177244D5366E0F715AD0A5894AF35373E15DB612A9EFCA"
"2025 January"	"81"	"Amateur 2"	"27"	"7448"	"ANDRIA77"	"Journey to the Center of the Earth"	"-13"	"-13"	"PLAYED"	""	"2"	"162"	"01481F208F36BBBBDA177244D5366E0F715AD0A5894AF35373E15DB612A9EFCA"
"2025 January"	"81"	"Amateur 2"	"27"	"7788"	"ROSE.M1231"	"Journey to the Center of the Earth"	"-13"	"-13"	"PLAYED"	""	"1"	"151"	"01481F208F36BBBBDA177244D5366E0F715AD0A5894AF35373E15DB612A9EFCA"
"2025 January"	"81"	"Amateur 2"	"27"	"7552"	"IMJOMAMA"	"Journey to the Center of the Earth"	"-6"	"-6"	"PLAYED"	""	"0"	"140"	"01481F208F36BBBBDA177244D5366E0F715AD0A5894AF35373E15DB612A9EFCA"
"2025 January"	"81"	"Amateur 2"	"27"	"7173"	"KillERBee"	"Journey to the Center of the Earth"	"-5"	"-5"	"PLAYED"	""	"1"	"131"	"01481F208F36BBBBDA177244D5366E0F715AD0A5894AF35373E15DB612A9EFCA"
"2025 January"	"81"	"Amateur 2"	"27"	"4002"	"Empzurg"	"Center of the Earth - Hard"	"-16"	"-16"	"PLAYED"	""	"0"	"200"	"01481F208F36BBBBDA177244D5366E0F715AD0A5894AF35373E15DB612A9EFCA"
"2025 January"	"81"	"Amateur 2"	"27"	"7788"	"ROSE.M1231"	"Center of the Earth - Hard"	"-10"	"-10"	"PLAYED"	""	"0"	"190"	"01481F208F36BBBBDA177244D5366E0F715AD0A5894AF35373E15DB612A9EFCA"
"2025 January"	"81"	"Amateur 2"	"27"	"7167"	"Sandtrap"	"Center of the Earth - Hard"	"-8"	"-8"	"PLAYED"	""	"0"	"180"	"01481F208F36BBBBDA177244D5366E0F715AD0A5894AF35373E15DB612A9EFCA"
"2025 January"	"81"	"Amateur 2"	"27"	"7173"	"KillERBee"	"Center of the Earth - Hard"	"-2"	"-2"	"PLAYED"	""	"0"	"170"	"01481F208F36BBBBDA177244D5366E0F715AD0A5894AF35373E15DB612A9EFCA"
"2025 January"	"81"	"Amateur 2"	"27"	"7552"	"IMJOMAMA"	"Center of the Earth - Hard"	"-1"	"-1"	"PLAYED"	""	"0"	"160"	"01481F208F36BBBBDA177244D5366E0F715AD0A5894AF35373E15DB612A9EFCA"
"2025 January"	"81"	"Amateur 2"	"27"	"7448"	"ANDRIA77"	"Center of the Earth - Hard"	"0"	"0"	"PLAYED"	""	"0"	"150"	"01481F208F36BBBBDA177244D5366E0F715AD0A5894AF35373E15DB612A9EFCA"
"2025 January"	"81"	"Amateur 2"	"27"	"7788"	"ROSE.M1231"	"Alfheim"	"-20"	"-20"	"PLAYED"	""	"3"	"203"	"01481F208F36BBBBDA177244D5366E0F715AD0A5894AF35373E15DB612A9EFCA"
"2025 January"	"81"	"Amateur 2"	"27"	"4002"	"Empzurg"	"Alfheim"	"-18"	"-18"	"PLAYED"	""	"1"	"191"	"01481F208F36BBBBDA177244D5366E0F715AD0A5894AF35373E15DB612A9EFCA"
"2025 January"	"81"	"Amateur 2"	"27"	"3745"	"olle"	"Alfheim"	"-17"	"-17"	"PLAYED"	""	"2"	"182"	"01481F208F36BBBBDA177244D5366E0F715AD0A5894AF35373E15DB612A9EFCA"
"2025 January"	"81"	"Amateur 2"	"27"	"7167"	"Sandtrap"	"Alfheim"	"-13"	"-13"	"PLAYED"	""	"1"	"171"	"01481F208F36BBBBDA177244D5366E0F715AD0A5894AF35373E15DB612A9EFCA"
"2025 January"	"81"	"Amateur 2"	"27"	"7448"	"ANDRIA77"	"Alfheim"	"-12"	"-12"	"PLAYED"	""	"2"	"162"	"01481F208F36BBBBDA177244D5366E0F715AD0A5894AF35373E15DB612A9EFCA"
"2025 January"	"81"	"Amateur 2"	"27"	"7173"	"KillERBee"	"Alfheim"	"-11"	"-11"	"PLAYED"	""	"1"	"151"	"01481F208F36BBBBDA177244D5366E0F715AD0A5894AF35373E15DB612A9EFCA"
"2025 January"	"81"	"Amateur 2"	"27"	"7189"	"CHERIE_ROSE"	"Alfheim"	"-4"	"-4"	"PLAYED"	""	"0"	"140"	"01481F208F36BBBBDA177244D5366E0F715AD0A5894AF35373E15DB612A9EFCA"
"2025 January"	"81"	"Amateur 2"	"27"	"7552"	"IMJOMAMA"	"Alfheim"	"1"	"1"	"PLAYED"	""	"0"	"130"	"01481F208F36BBBBDA177244D5366E0F715AD0A5894AF35373E15DB612A9EFCA"
"2025 January"	"81"	"Amateur 2"	"27"	"7548"	"beezy1"	"Alfheim"	"11"	"11"	"PLAYED"	""	"0"	"120"	"01481F208F36BBBBDA177244D5366E0F715AD0A5894AF35373E15DB612A9EFCA"
"2025 January"	"81"	"Amateur 2"	"27"	"3745"	"olle"	"Alfheim Hard"	"-17"	"-17"	"PLAYED"	""	"2"	"202"	"01481F208F36BBBBDA177244D5366E0F715AD0A5894AF35373E15DB612A9EFCA"
"2025 January"	"81"	"Amateur 2"	"27"	"7167"	"Sandtrap"	"Alfheim Hard"	"-16"	"-16"	"PLAYED"	""	"5"	"195"	"01481F208F36BBBBDA177244D5366E0F715AD0A5894AF35373E15DB612A9EFCA"
"2025 January"	"81"	"Amateur 2"	"27"	"4002"	"Empzurg"	"Alfheim Hard"	"-16"	"-16"	"PLAYED"	""	"2"	"182"	"01481F208F36BBBBDA177244D5366E0F715AD0A5894AF35373E15DB612A9EFCA"
"2025 January"	"81"	"Amateur 2"	"27"	"7448"	"ANDRIA77"	"Alfheim Hard"	"-14"	"-14"	"PLAYED"	""	"4"	"174"	"01481F208F36BBBBDA177244D5366E0F715AD0A5894AF35373E15DB612A9EFCA"
"2025 January"	"81"	"Amateur 2"	"27"	"7788"	"ROSE.M1231"	"Alfheim Hard"	"-7"	"-7"	"PLAYED"	""	"0"	"160"	"01481F208F36BBBBDA177244D5366E0F715AD0A5894AF35373E15DB612A9EFCA"
"2025 January"	"81"	"Amateur 2"	"27"	"7173"	"KillERBee"	"Alfheim Hard"	"-7"	"-7"	"PLAYED"	""	"0"	"160"	"01481F208F36BBBBDA177244D5366E0F715AD0A5894AF35373E15DB612A9EFCA"
"2025 January"	"81"	"Amateur 2"	"27"	"7552"	"IMJOMAMA"	"Alfheim Hard"	"-3"	"-3"	"PLAYED"	""	"0"	"140"	"01481F208F36BBBBDA177244D5366E0F715AD0A5894AF35373E15DB612A9EFCA"
"2025 January"	"81"	"Amateur 2"	"27"	"7189"	"CHERIE_ROSE"	"Alfheim Hard"	"3"	"3"	"PLAYED"	""	"0"	"130"	"01481F208F36BBBBDA177244D5366E0F715AD0A5894AF35373E15DB612A9EFCA"
"2025 January"	"81"	"Amateur 2"	"27"	"7548"	"beezy1"	"Alfheim Hard"	"36"	"36"	"PLAYED"	""	"0"	"120"	"01481F208F36BBBBDA177244D5366E0F715AD0A5894AF35373E15DB612A9EFCA"
"2025 January"	"81"	"Amateur 3"	"28"	"7229"	"Ultrafox_Lynne"	"Tourist Trap"	"-19"	"-19"	"PLAYED"	""	"1"	"201"	"0C2770CE238E58EC45A7017ED5DA2B29F374F93D4B700A67FFF779B4FFAF23D2"
"2025 January"	"81"	"Amateur 3"	"28"	"7868"	"Jaynice"	"Tourist Trap"	"-18"	"-18"	"PLAYED"	""	"1"	"191"	"0C2770CE238E58EC45A7017ED5DA2B29F374F93D4B700A67FFF779B4FFAF23D2"
"2025 January"	"81"	"Amateur 3"	"28"	"7182"	"RUBBERDUCK"	"Tourist Trap"	"-18"	"-18"	"PLAYED"	""	"1"	"191"	"0C2770CE238E58EC45A7017ED5DA2B29F374F93D4B700A67FFF779B4FFAF23D2"
"2025 January"	"81"	"Amateur 3"	"28"	"7988"	"Merged into 7231"	"Tourist Trap"	"-15"	"-15"	"PLAYED"	""	"1"	"171"	"0C2770CE238E58EC45A7017ED5DA2B29F374F93D4B700A67FFF779B4FFAF23D2"
"2025 January"	"81"	"Amateur 3"	"28"	"8008"	"Fry_Lock"	"Tourist Trap"	"-14"	"-14"	"PLAYED"	""	"0"	"160"	"0C2770CE238E58EC45A7017ED5DA2B29F374F93D4B700A67FFF779B4FFAF23D2"
"2025 January"	"81"	"Amateur 3"	"28"	"7589"	"SMILEROBIN"	"Tourist Trap"	"-12"	"-12"	"PLAYED"	""	"0"	"150"	"0C2770CE238E58EC45A7017ED5DA2B29F374F93D4B700A67FFF779B4FFAF23D2"
"2025 January"	"81"	"Amateur 3"	"28"	"8009"	"BEVE3630"	"Tourist Trap"	"1"	"1"	"PLAYED"	""	"0"	"140"	"0C2770CE238E58EC45A7017ED5DA2B29F374F93D4B700A67FFF779B4FFAF23D2"
"2025 January"	"81"	"Amateur 3"	"28"	"7182"	"RUBBERDUCK"	"Tourist Trap Hard"	"-9"	"-9"	"PLAYED"	""	"0"	"200"	"0C2770CE238E58EC45A7017ED5DA2B29F374F93D4B700A67FFF779B4FFAF23D2"
"2025 January"	"81"	"Amateur 3"	"28"	"8008"	"Fry_Lock"	"Tourist Trap Hard"	"-8"	"-8"	"PLAYED"	""	"0"	"190"	"0C2770CE238E58EC45A7017ED5DA2B29F374F93D4B700A67FFF779B4FFAF23D2"
"2025 January"	"81"	"Amateur 3"	"28"	"7868"	"Jaynice"	"Tourist Trap Hard"	"-6"	"-6"	"PLAYED"	""	"1"	"181"	"0C2770CE238E58EC45A7017ED5DA2B29F374F93D4B700A67FFF779B4FFAF23D2"
"2025 January"	"81"	"Amateur 3"	"28"	"7988"	"Merged into 7231"	"Tourist Trap Hard"	"-3"	"-3"	"PLAYED"	""	"0"	"170"	"0C2770CE238E58EC45A7017ED5DA2B29F374F93D4B700A67FFF779B4FFAF23D2"
"2025 January"	"81"	"Amateur 3"	"28"	"7589"	"SMILEROBIN"	"Tourist Trap Hard"	"4"	"4"	"PLAYED"	""	"0"	"160"	"0C2770CE238E58EC45A7017ED5DA2B29F374F93D4B700A67FFF779B4FFAF23D2"
"2025 January"	"81"	"Amateur 3"	"28"	"7229"	"Ultrafox_Lynne"	"Tourist Trap Hard"	"5"	"5"	"PLAYED"	""	"0"	"150"	"0C2770CE238E58EC45A7017ED5DA2B29F374F93D4B700A67FFF779B4FFAF23D2"
"2025 January"	"81"	"Amateur 3"	"28"	"7868"	"Jaynice"	"Upside Town"	"-12"	"-12"	"PLAYED"	""	"0"	"200"	"0C2770CE238E58EC45A7017ED5DA2B29F374F93D4B700A67FFF779B4FFAF23D2"
"2025 January"	"81"	"Amateur 3"	"28"	"8008"	"Fry_Lock"	"Upside Town"	"-10"	"-10"	"PLAYED"	""	"0"	"190"	"0C2770CE238E58EC45A7017ED5DA2B29F374F93D4B700A67FFF779B4FFAF23D2"
"2025 January"	"81"	"Amateur 3"	"28"	"7988"	"Merged into 7231"	"Upside Town"	"-9"	"-9"	"PLAYED"	""	"0"	"180"	"0C2770CE238E58EC45A7017ED5DA2B29F374F93D4B700A67FFF779B4FFAF23D2"
"2025 January"	"81"	"Amateur 3"	"28"	"7589"	"SMILEROBIN"	"Upside Town"	"-2"	"-2"	"PLAYED"	""	"0"	"170"	"0C2770CE238E58EC45A7017ED5DA2B29F374F93D4B700A67FFF779B4FFAF23D2"
"2025 January"	"81"	"Amateur 3"	"28"	"7949"	"Ladyrider60"	"Upside Town"	"0"	"0"	"PLAYED"	""	"0"	"160"	"0C2770CE238E58EC45A7017ED5DA2B29F374F93D4B700A67FFF779B4FFAF23D2"
"2025 January"	"81"	"Amateur 3"	"28"	"7229"	"Ultrafox_Lynne"	"Upside Town"	"7"	"7"	"PLAYED"	""	"0"	"150"	"0C2770CE238E58EC45A7017ED5DA2B29F374F93D4B700A67FFF779B4FFAF23D2"
"2025 January"	"81"	"Amateur 3"	"28"	"7988"	"Merged into 7231"	"Upside Town - Hard"	"-3"	"-3"	"PLAYED"	""	"1"	"201"	"0C2770CE238E58EC45A7017ED5DA2B29F374F93D4B700A67FFF779B4FFAF23D2"
"2025 January"	"81"	"Amateur 3"	"28"	"7868"	"Jaynice"	"Upside Town - Hard"	"0"	"0"	"PLAYED"	""	"0"	"190"	"0C2770CE238E58EC45A7017ED5DA2B29F374F93D4B700A67FFF779B4FFAF23D2"
"2025 January"	"81"	"Amateur 3"	"28"	"8008"	"Fry_Lock"	"Upside Town - Hard"	"2"	"2"	"PLAYED"	""	"0"	"180"	"0C2770CE238E58EC45A7017ED5DA2B29F374F93D4B700A67FFF779B4FFAF23D2"
"2025 January"	"81"	"Amateur 3"	"28"	"7229"	"Ultrafox_Lynne"	"Upside Town - Hard"	"3"	"3"	"PLAYED"	""	"0"	"170"	"0C2770CE238E58EC45A7017ED5DA2B29F374F93D4B700A67FFF779B4FFAF23D2"
"2025 January"	"81"	"Amateur 3"	"28"	"7554"	"SKEETER78"	"Upside Town - Hard"	"3"	"3"	"PLAYED"	""	"0"	"170"	"0C2770CE238E58EC45A7017ED5DA2B29F374F93D4B700A67FFF779B4FFAF23D2"
"2025 January"	"81"	"Amateur 3"	"28"	"7589"	"SMILEROBIN"	"Upside Town - Hard"	"7"	"7"	"PLAYED"	""	"0"	"150"	"0C2770CE238E58EC45A7017ED5DA2B29F374F93D4B700A67FFF779B4FFAF23D2"
"2025 January"	"81"	"Amateur 3"	"28"	"7551"	"GALICE1975"	"Upside Town - Hard"	"10"	"10"	"PLAYED"	""	"1"	"141"	"0C2770CE238E58EC45A7017ED5DA2B29F374F93D4B700A67FFF779B4FFAF23D2"
"2025 January"	"81"	"Amateur 3"	"28"	"7868"	"Jaynice"	"Journey to the Center of the Earth"	"-15"	"-15"	"PLAYED"	""	"1"	"201"	"0C2770CE238E58EC45A7017ED5DA2B29F374F93D4B700A67FFF779B4FFAF23D2"
"2025 January"	"81"	"Amateur 3"	"28"	"8008"	"Fry_Lock"	"Journey to the Center of the Earth"	"-13"	"-13"	"PLAYED"	""	"2"	"192"	"0C2770CE238E58EC45A7017ED5DA2B29F374F93D4B700A67FFF779B4FFAF23D2"
"2025 January"	"81"	"Amateur 3"	"28"	"7949"	"Ladyrider60"	"Journey to the Center of the Earth"	"-11"	"-11"	"PLAYED"	""	"1"	"181"	"0C2770CE238E58EC45A7017ED5DA2B29F374F93D4B700A67FFF779B4FFAF23D2"
"2025 January"	"81"	"Amateur 3"	"28"	"7182"	"RUBBERDUCK"	"Journey to the Center of the Earth"	"-10"	"-10"	"PLAYED"	""	"2"	"172"	"0C2770CE238E58EC45A7017ED5DA2B29F374F93D4B700A67FFF779B4FFAF23D2"
"2025 January"	"81"	"Amateur 3"	"28"	"7988"	"Merged into 7231"	"Journey to the Center of the Earth"	"-9"	"-9"	"PLAYED"	""	"3"	"163"	"0C2770CE238E58EC45A7017ED5DA2B29F374F93D4B700A67FFF779B4FFAF23D2"
"2025 January"	"81"	"Amateur 3"	"28"	"7554"	"SKEETER78"	"Journey to the Center of the Earth"	"-8"	"-8"	"PLAYED"	""	"1"	"151"	"0C2770CE238E58EC45A7017ED5DA2B29F374F93D4B700A67FFF779B4FFAF23D2"
"2025 January"	"81"	"Amateur 3"	"28"	"7229"	"Ultrafox_Lynne"	"Journey to the Center of the Earth"	"-6"	"-6"	"PLAYED"	""	"1"	"141"	"0C2770CE238E58EC45A7017ED5DA2B29F374F93D4B700A67FFF779B4FFAF23D2"
"2025 January"	"81"	"Amateur 3"	"28"	"7589"	"SMILEROBIN"	"Journey to the Center of the Earth"	"-4"	"-4"	"PLAYED"	""	"1"	"131"	"0C2770CE238E58EC45A7017ED5DA2B29F374F93D4B700A67FFF779B4FFAF23D2"
"2025 January"	"81"	"Amateur 3"	"28"	"8008"	"Fry_Lock"	"Center of the Earth - Hard"	"-6"	"-6"	"PLAYED"	""	"0"	"200"	"0C2770CE238E58EC45A7017ED5DA2B29F374F93D4B700A67FFF779B4FFAF23D2"
"2025 January"	"81"	"Amateur 3"	"28"	"7868"	"Jaynice"	"Center of the Earth - Hard"	"-6"	"-6"	"PLAYED"	""	"0"	"200"	"0C2770CE238E58EC45A7017ED5DA2B29F374F93D4B700A67FFF779B4FFAF23D2"
"2025 January"	"81"	"Amateur 3"	"28"	"7988"	"Merged into 7231"	"Center of the Earth - Hard"	"-5"	"-5"	"PLAYED"	""	"0"	"180"	"0C2770CE238E58EC45A7017ED5DA2B29F374F93D4B700A67FFF779B4FFAF23D2"
"2025 January"	"81"	"Amateur 3"	"28"	"7182"	"RUBBERDUCK"	"Center of the Earth - Hard"	"-3"	"-3"	"PLAYED"	""	"1"	"171"	"0C2770CE238E58EC45A7017ED5DA2B29F374F93D4B700A67FFF779B4FFAF23D2"
"2025 January"	"81"	"Amateur 3"	"28"	"7554"	"SKEETER78"	"Center of the Earth - Hard"	"-2"	"-2"	"PLAYED"	""	"0"	"160"	"0C2770CE238E58EC45A7017ED5DA2B29F374F93D4B700A67FFF779B4FFAF23D2"
"2025 January"	"81"	"Amateur 3"	"28"	"7589"	"SMILEROBIN"	"Center of the Earth - Hard"	"3"	"3"	"PLAYED"	""	"1"	"151"	"0C2770CE238E58EC45A7017ED5DA2B29F374F93D4B700A67FFF779B4FFAF23D2"
"2025 January"	"81"	"Amateur 3"	"28"	"7949"	"Ladyrider60"	"Center of the Earth - Hard"	"8"	"8"	"PLAYED"	""	"0"	"140"	"0C2770CE238E58EC45A7017ED5DA2B29F374F93D4B700A67FFF779B4FFAF23D2"
"2025 January"	"81"	"Amateur 3"	"28"	"7229"	"Ultrafox_Lynne"	"Center of the Earth - Hard"	"9"	"9"	"PLAYED"	""	"0"	"130"	"0C2770CE238E58EC45A7017ED5DA2B29F374F93D4B700A67FFF779B4FFAF23D2"
"2025 January"	"81"	"Amateur 3"	"28"	"8008"	"Fry_Lock"	"Alfheim"	"-14"	"-14"	"PLAYED"	""	"2"	"202"	"0C2770CE238E58EC45A7017ED5DA2B29F374F93D4B700A67FFF779B4FFAF23D2"
"2025 January"	"81"	"Amateur 3"	"28"	"7182"	"RUBBERDUCK"	"Alfheim"	"-14"	"-14"	"PLAYED"	""	"1"	"191"	"0C2770CE238E58EC45A7017ED5DA2B29F374F93D4B700A67FFF779B4FFAF23D2"
"2025 January"	"81"	"Amateur 3"	"28"	"7868"	"Jaynice"	"Alfheim"	"-12"	"-12"	"PLAYED"	""	"4"	"184"	"0C2770CE238E58EC45A7017ED5DA2B29F374F93D4B700A67FFF779B4FFAF23D2"
"2025 January"	"81"	"Amateur 3"	"28"	"7229"	"Ultrafox_Lynne"	"Alfheim"	"-11"	"-11"	"PLAYED"	""	"1"	"171"	"0C2770CE238E58EC45A7017ED5DA2B29F374F93D4B700A67FFF779B4FFAF23D2"
"2025 January"	"81"	"Amateur 3"	"28"	"7551"	"GALICE1975"	"Alfheim"	"-9"	"-9"	"PLAYED"	""	"0"	"160"	"0C2770CE238E58EC45A7017ED5DA2B29F374F93D4B700A67FFF779B4FFAF23D2"
"2025 January"	"81"	"Amateur 3"	"28"	"7589"	"SMILEROBIN"	"Alfheim"	"-8"	"-8"	"PLAYED"	""	"0"	"150"	"0C2770CE238E58EC45A7017ED5DA2B29F374F93D4B700A67FFF779B4FFAF23D2"
"2025 January"	"81"	"Amateur 3"	"28"	"7988"	"Merged into 7231"	"Alfheim"	"-8"	"-8"	"PLAYED"	""	"0"	"150"	"0C2770CE238E58EC45A7017ED5DA2B29F374F93D4B700A67FFF779B4FFAF23D2"
"2025 January"	"81"	"Amateur 3"	"28"	"8009"	"BEVE3630"	"Alfheim"	"-7"	"-7"	"PLAYED"	""	"0"	"130"	"0C2770CE238E58EC45A7017ED5DA2B29F374F93D4B700A67FFF779B4FFAF23D2"
"2025 January"	"81"	"Amateur 3"	"28"	"7554"	"SKEETER78"	"Alfheim"	"-7"	"-7"	"PLAYED"	""	"0"	"130"	"0C2770CE238E58EC45A7017ED5DA2B29F374F93D4B700A67FFF779B4FFAF23D2"
"2025 January"	"81"	"Amateur 3"	"28"	"7949"	"Ladyrider60"	"Alfheim"	"-6"	"-6"	"PLAYED"	""	"2"	"112"	"0C2770CE238E58EC45A7017ED5DA2B29F374F93D4B700A67FFF779B4FFAF23D2"
"2025 January"	"81"	"Amateur 3"	"28"	"7868"	"Jaynice"	"Alfheim Hard"	"-15"	"-15"	"PLAYED"	""	"1"	"201"	"0C2770CE238E58EC45A7017ED5DA2B29F374F93D4B700A67FFF779B4FFAF23D2"
"2025 January"	"81"	"Amateur 3"	"28"	"7229"	"Ultrafox_Lynne"	"Alfheim Hard"	"-14"	"-14"	"PLAYED"	""	"2"	"192"	"0C2770CE238E58EC45A7017ED5DA2B29F374F93D4B700A67FFF779B4FFAF23D2"
"2025 January"	"81"	"Amateur 3"	"28"	"7988"	"Merged into 7231"	"Alfheim Hard"	"-8"	"-8"	"PLAYED"	""	"1"	"181"	"0C2770CE238E58EC45A7017ED5DA2B29F374F93D4B700A67FFF779B4FFAF23D2"
"2025 January"	"81"	"Amateur 3"	"28"	"8008"	"Fry_Lock"	"Alfheim Hard"	"-8"	"-8"	"PLAYED"	""	"0"	"170"	"0C2770CE238E58EC45A7017ED5DA2B29F374F93D4B700A67FFF779B4FFAF23D2"
"2025 January"	"81"	"Amateur 3"	"28"	"7182"	"RUBBERDUCK"	"Alfheim Hard"	"-4"	"-4"	"PLAYED"	""	"0"	"160"	"0C2770CE238E58EC45A7017ED5DA2B29F374F93D4B700A67FFF779B4FFAF23D2"
"2025 January"	"81"	"Amateur 3"	"28"	"7949"	"Ladyrider60"	"Alfheim Hard"	"0"	"0"	"PLAYED"	""	"0"	"150"	"0C2770CE238E58EC45A7017ED5DA2B29F374F93D4B700A67FFF779B4FFAF23D2"
"2025 January"	"81"	"Amateur 3"	"28"	"7589"	"SMILEROBIN"	"Alfheim Hard"	"8"	"8"	"PLAYED"	""	"0"	"140"	"0C2770CE238E58EC45A7017ED5DA2B29F374F93D4B700A67FFF779B4FFAF23D2"
"2025 February"	"101"	"Amateur 2"	"27"	"4002"	"Empzurg"	"Gardens of Babylon"	"-25"	"-25"	"PLAYED"	""	"4"	"204"	"36137EB17A51AD4912FC5010DCC1E9674FF7E8EB52E73084026794B38C4FF461"
"2025 February"	"101"	"Amateur 2"	"27"	"7167"	"Sandtrap"	"Gardens of Babylon"	"-17"	"-17"	"PLAYED"	""	"2"	"192"	"36137EB17A51AD4912FC5010DCC1E9674FF7E8EB52E73084026794B38C4FF461"
"2025 February"	"101"	"Amateur 2"	"27"	"7448"	"ANDRIA77"	"Gardens of Babylon"	"-17"	"-17"	"PLAYED"	""	"2"	"192"	"36137EB17A51AD4912FC5010DCC1E9674FF7E8EB52E73084026794B38C4FF461"
"2025 February"	"101"	"Amateur 2"	"27"	"8028"	"KDK"	"Gardens of Babylon"	"-15"	"-15"	"PLAYED"	""	"2"	"172"	"36137EB17A51AD4912FC5010DCC1E9674FF7E8EB52E73084026794B38C4FF461"
"2025 February"	"101"	"Amateur 2"	"27"	"4002"	"Empzurg"	"Gardens of Babylon Hard"	"-15"	"-15"	"PLAYED"	""	"1"	"201"	"36137EB17A51AD4912FC5010DCC1E9674FF7E8EB52E73084026794B38C4FF461"
"2025 February"	"101"	"Amateur 2"	"27"	"8028"	"KDK"	"Gardens of Babylon Hard"	"-11"	"-11"	"PLAYED"	""	"1"	"191"	"36137EB17A51AD4912FC5010DCC1E9674FF7E8EB52E73084026794B38C4FF461"
"2025 February"	"101"	"Amateur 2"	"27"	"7448"	"ANDRIA77"	"Gardens of Babylon Hard"	"-10"	"-10"	"PLAYED"	""	"2"	"182"	"36137EB17A51AD4912FC5010DCC1E9674FF7E8EB52E73084026794B38C4FF461"
"2025 February"	"101"	"Amateur 2"	"27"	"7167"	"Sandtrap"	"Gardens of Babylon Hard"	"6"	"6"	"PLAYED"	""	"0"	"170"	"36137EB17A51AD4912FC5010DCC1E9674FF7E8EB52E73084026794B38C4FF461"
"2025 February"	"101"	"Amateur 2"	"27"	"4002"	"Empzurg"	"El Dorado"	"-17"	"-17"	"PLAYED"	""	"1"	"201"	"36137EB17A51AD4912FC5010DCC1E9674FF7E8EB52E73084026794B38C4FF461"
"2025 February"	"101"	"Amateur 2"	"27"	"7167"	"Sandtrap"	"El Dorado"	"-17"	"-17"	"PLAYED"	""	"0"	"190"	"36137EB17A51AD4912FC5010DCC1E9674FF7E8EB52E73084026794B38C4FF461"
"2025 February"	"101"	"Amateur 2"	"27"	"7448"	"ANDRIA77"	"El Dorado"	"-15"	"-15"	"PLAYED"	""	"1"	"181"	"36137EB17A51AD4912FC5010DCC1E9674FF7E8EB52E73084026794B38C4FF461"
"2025 February"	"101"	"Amateur 2"	"27"	"8028"	"KDK"	"El Dorado"	"-14"	"-14"	"PLAYED"	""	"3"	"173"	"36137EB17A51AD4912FC5010DCC1E9674FF7E8EB52E73084026794B38C4FF461"
"2025 February"	"101"	"Amateur 2"	"27"	"4002"	"Empzurg"	"El Dorado Hard"	"-15"	"-15"	"PLAYED"	""	"1"	"201"	"36137EB17A51AD4912FC5010DCC1E9674FF7E8EB52E73084026794B38C4FF461"
"2025 February"	"101"	"Amateur 2"	"27"	"7448"	"ANDRIA77"	"El Dorado Hard"	"-12"	"-12"	"PLAYED"	""	".1"	"190.1"	"36137EB17A51AD4912FC5010DCC1E9674FF7E8EB52E73084026794B38C4FF461"
"2025 February"	"101"	"Amateur 2"	"27"	"8028"	"KDK"	"El Dorado Hard"	"-9"	"-9"	"PLAYED"	""	"1"	"181"	"36137EB17A51AD4912FC5010DCC1E9674FF7E8EB52E73084026794B38C4FF461"
"2025 February"	"101"	"Amateur 2"	"27"	"7167"	"Sandtrap"	"El Dorado Hard"	"-2"	"-2"	"PLAYED"	""	"0"	"170"	"36137EB17A51AD4912FC5010DCC1E9674FF7E8EB52E73084026794B38C4FF461"
"2025 February"	"101"	"Amateur 2"	"27"	"7167"	"Sandtrap"	"Wallace & Gromit"	"-17"	"-17"	"PLAYED"	""	"4"	"204"	"36137EB17A51AD4912FC5010DCC1E9674FF7E8EB52E73084026794B38C4FF461"
"2025 February"	"101"	"Amateur 2"	"27"	"7448"	"ANDRIA77"	"Wallace & Gromit"	"-17"	"-17"	"PLAYED"	""	"4"	"204"	"36137EB17A51AD4912FC5010DCC1E9674FF7E8EB52E73084026794B38C4FF461"
"2025 February"	"101"	"Amateur 2"	"27"	"4002"	"Empzurg"	"Wallace & Gromit"	"-17"	"-17"	"PLAYED"	""	"3"	"183"	"36137EB17A51AD4912FC5010DCC1E9674FF7E8EB52E73084026794B38C4FF461"
"2025 February"	"101"	"Amateur 2"	"27"	"8028"	"KDK"	"Wallace & Gromit"	"-12"	"-12"	"PLAYED"	""	"3"	"173"	"36137EB17A51AD4912FC5010DCC1E9674FF7E8EB52E73084026794B38C4FF461"
"2025 February"	"101"	"Amateur 2"	"27"	"4002"	"Empzurg"	"Wallace & Gromit - Hard"	"-11"	"-11"	"PLAYED"	""	"1"	"201"	"36137EB17A51AD4912FC5010DCC1E9674FF7E8EB52E73084026794B38C4FF461"
"2025 February"	"101"	"Amateur 2"	"27"	"7448"	"ANDRIA77"	"Wallace & Gromit - Hard"	"-9"	"-9"	"PLAYED"	""	"2"	"192"	"36137EB17A51AD4912FC5010DCC1E9674FF7E8EB52E73084026794B38C4FF461"
"2025 February"	"101"	"Amateur 2"	"27"	"8028"	"KDK"	"Wallace & Gromit - Hard"	"-4"	"-4"	"PLAYED"	""	"1"	"181"	"36137EB17A51AD4912FC5010DCC1E9674FF7E8EB52E73084026794B38C4FF461"
"2025 February"	"101"	"Amateur 2"	"27"	"7167"	"Sandtrap"	"Wallace & Gromit - Hard"	"8"	"8"	"PLAYED"	""	"0"	"170"	"36137EB17A51AD4912FC5010DCC1E9674FF7E8EB52E73084026794B38C4FF461"
"2025 February"	"101"	"Amateur 2"	"27"	"8028"	"KDK"	"Viva Las Elvis"	"-16"	"-16"	"PLAYED"	""	"1"	"201"	"36137EB17A51AD4912FC5010DCC1E9674FF7E8EB52E73084026794B38C4FF461"
"2025 February"	"101"	"Amateur 2"	"27"	"4002"	"Empzurg"	"Viva Las Elvis"	"-15"	"-15"	"PLAYED"	""	"2"	"192"	"36137EB17A51AD4912FC5010DCC1E9674FF7E8EB52E73084026794B38C4FF461"
"2025 February"	"101"	"Amateur 2"	"27"	"7448"	"ANDRIA77"	"Viva Las Elvis"	"-15"	"-15"	"PLAYED"	""	"2"	"192"	"36137EB17A51AD4912FC5010DCC1E9674FF7E8EB52E73084026794B38C4FF461"
"2025 February"	"101"	"Amateur 2"	"27"	"8028"	"KDK"	"Viva Las Elvis - Hard"	"-16"	"-16"	"PLAYED"	""	"4"	"204"	"36137EB17A51AD4912FC5010DCC1E9674FF7E8EB52E73084026794B38C4FF461"
"2025 February"	"101"	"Amateur 2"	"27"	"4002"	"Empzurg"	"Viva Las Elvis - Hard"	"-16"	"-16"	"PLAYED"	""	"2"	"192"	"36137EB17A51AD4912FC5010DCC1E9674FF7E8EB52E73084026794B38C4FF461"
"2025 February"	"101"	"Amateur 2"	"27"	"7448"	"ANDRIA77"	"Viva Las Elvis - Hard"	"-9"	"-9"	"PLAYED"	""	"2"	"182"	"36137EB17A51AD4912FC5010DCC1E9674FF7E8EB52E73084026794B38C4FF461"
"2025 March"	"121"	"Amateur 2"	"27"	"7189"	"CHERIE_ROSE"	"Tethys Station"	"-13"	"-13"	"PLAYED"	""	"1"	"201"	"220A04A263BDFAAC13E09F880B06CAED4294F5E13172B23F36DBE3C7C146F730"
"2025 March"	"121"	"Amateur 2"	"27"	"7167"	"Sandtrap"	"Tethys Station"	"-13"	"-13"	"PLAYED"	""	"0"	"190"	"220A04A263BDFAAC13E09F880B06CAED4294F5E13172B23F36DBE3C7C146F730"
"2025 March"	"121"	"Amateur 2"	"27"	"8029"	"MAMAGOATZ"	"Tethys Station"	"-11"	"-11"	"PLAYED"	""	"0"	"180"	"220A04A263BDFAAC13E09F880B06CAED4294F5E13172B23F36DBE3C7C146F730"
"2025 March"	"121"	"Amateur 2"	"27"	"7173"	"KillERBee"	"Tethys Station"	"-4"	"-4"	"PLAYED"	""	"0"	"170"	"220A04A263BDFAAC13E09F880B06CAED4294F5E13172B23F36DBE3C7C146F730"
"2025 March"	"121"	"Amateur 2"	"27"	"7167"	"Sandtrap"	"Tethys Station - Hard"	"-11"	"-11"	"PLAYED"	""	"1"	"201"	"220A04A263BDFAAC13E09F880B06CAED4294F5E13172B23F36DBE3C7C146F730"
"2025 March"	"121"	"Amateur 2"	"27"	"7189"	"CHERIE_ROSE"	"Tethys Station - Hard"	"-4"	"-4"	"PLAYED"	""	"1"	"191"	"220A04A263BDFAAC13E09F880B06CAED4294F5E13172B23F36DBE3C7C146F730"
"2025 March"	"121"	"Amateur 2"	"27"	"7173"	"KillERBee"	"Tethys Station - Hard"	"7"	"7"	"PLAYED"	""	"0"	"180"	"220A04A263BDFAAC13E09F880B06CAED4294F5E13172B23F36DBE3C7C146F730"
"2025 March"	"121"	"Amateur 2"	"27"	"8029"	"MAMAGOATZ"	"Tethys Station - Hard"	"10"	"10"	"PLAYED"	""	"0"	"170"	"220A04A263BDFAAC13E09F880B06CAED4294F5E13172B23F36DBE3C7C146F730"
"2025 March"	"121"	"Amateur 2"	"27"	"7167"	"Sandtrap"	"Temple at Zerzura"	"-11"	"-11"	"PLAYED"	""	"1"	"201"	"220A04A263BDFAAC13E09F880B06CAED4294F5E13172B23F36DBE3C7C146F730"
"2025 March"	"121"	"Amateur 2"	"27"	"8029"	"MAMAGOATZ"	"Temple at Zerzura"	"-9"	"-9"	"PLAYED"	""	"2"	"192"	"220A04A263BDFAAC13E09F880B06CAED4294F5E13172B23F36DBE3C7C146F730"
"2025 March"	"121"	"Amateur 2"	"27"	"7173"	"KillERBee"	"Temple at Zerzura"	"-9"	"-9"	"PLAYED"	""	"0"	"180"	"220A04A263BDFAAC13E09F880B06CAED4294F5E13172B23F36DBE3C7C146F730"
"2025 March"	"121"	"Amateur 2"	"27"	"7189"	"CHERIE_ROSE"	"Temple at Zerzura"	"-7"	"-7"	"PLAYED"	""	"1"	"171"	"220A04A263BDFAAC13E09F880B06CAED4294F5E13172B23F36DBE3C7C146F730"
"2025 March"	"121"	"Amateur 2"	"27"	"7167"	"Sandtrap"	"Temple at Zerzura - Hard"	"-10"	"-10"	"PLAYED"	""	"0"	"200"	"220A04A263BDFAAC13E09F880B06CAED4294F5E13172B23F36DBE3C7C146F730"
"2025 March"	"121"	"Amateur 2"	"27"	"7173"	"KillERBee"	"Temple at Zerzura - Hard"	"-2"	"-2"	"PLAYED"	""	"1"	"191"	"220A04A263BDFAAC13E09F880B06CAED4294F5E13172B23F36DBE3C7C146F730"
"2025 March"	"121"	"Amateur 2"	"27"	"8029"	"MAMAGOATZ"	"Temple at Zerzura - Hard"	"1"	"1"	"PLAYED"	""	"1"	"181"	"220A04A263BDFAAC13E09F880B06CAED4294F5E13172B23F36DBE3C7C146F730"
"2025 March"	"121"	"Amateur 2"	"27"	"7189"	"CHERIE_ROSE"	"Temple at Zerzura - Hard"	"4"	"4"	"PLAYED"	""	"0"	"170"	"220A04A263BDFAAC13E09F880B06CAED4294F5E13172B23F36DBE3C7C146F730"
"2025 March"	"121"	"Amateur 2"	"27"	"7167"	"Sandtrap"	"20,000 Leagues Under The Sea"	"-21"	"-21"	"PLAYED"	""	"3"	"203"	"220A04A263BDFAAC13E09F880B06CAED4294F5E13172B23F36DBE3C7C146F730"
"2025 March"	"121"	"Amateur 2"	"27"	"7173"	"KillERBee"	"20,000 Leagues Under The Sea"	"-12"	"-12"	"PLAYED"	""	"0"	"190"	"220A04A263BDFAAC13E09F880B06CAED4294F5E13172B23F36DBE3C7C146F730"
"2025 March"	"121"	"Amateur 2"	"27"	"8029"	"MAMAGOATZ"	"20,000 Leagues Under The Sea"	"-10"	"-10"	"PLAYED"	""	"0"	"180"	"220A04A263BDFAAC13E09F880B06CAED4294F5E13172B23F36DBE3C7C146F730"
"2025 March"	"121"	"Amateur 2"	"27"	"7189"	"CHERIE_ROSE"	"20,000 Leagues Under The Sea"	"-9"	"-9"	"PLAYED"	""	"1"	"171"	"220A04A263BDFAAC13E09F880B06CAED4294F5E13172B23F36DBE3C7C146F730"
"2025 March"	"121"	"Amateur 2"	"27"	"7167"	"Sandtrap"	"20,000 Leagues Hard"	"-8"	"-8"	"PLAYED"	""	"0"	"200"	"220A04A263BDFAAC13E09F880B06CAED4294F5E13172B23F36DBE3C7C146F730"
"2025 March"	"121"	"Amateur 2"	"27"	"7173"	"KillERBee"	"20,000 Leagues Hard"	"-2"	"-2"	"PLAYED"	""	"0"	"190"	"220A04A263BDFAAC13E09F880B06CAED4294F5E13172B23F36DBE3C7C146F730"
"2025 March"	"121"	"Amateur 2"	"27"	"8029"	"MAMAGOATZ"	"20,000 Leagues Hard"	"0"	"0"	"PLAYED"	""	"2"	"182"	"220A04A263BDFAAC13E09F880B06CAED4294F5E13172B23F36DBE3C7C146F730"
"2025 March"	"121"	"Amateur 2"	"27"	"7189"	"CHERIE_ROSE"	"20,000 Leagues Hard"	"4"	"4"	"PLAYED"	""	"0"	"170"	"220A04A263BDFAAC13E09F880B06CAED4294F5E13172B23F36DBE3C7C146F730"
"2025 March"	"121"	"Amateur 2"	"27"	"7189"	"CHERIE_ROSE"	"Around The World in 80 Days"	"-13"	"-13"	"PLAYED"	""	"3"	"203"	"220A04A263BDFAAC13E09F880B06CAED4294F5E13172B23F36DBE3C7C146F730"
"2025 March"	"121"	"Amateur 2"	"27"	"7167"	"Sandtrap"	"Around The World in 80 Days"	"-10"	"-10"	"PLAYED"	""	"2"	"192"	"220A04A263BDFAAC13E09F880B06CAED4294F5E13172B23F36DBE3C7C146F730"
"2025 March"	"121"	"Amateur 2"	"27"	"7173"	"KillERBee"	"Around The World in 80 Days"	"-10"	"-10"	"PLAYED"	""	"0"	"180"	"220A04A263BDFAAC13E09F880B06CAED4294F5E13172B23F36DBE3C7C146F730"
"2025 March"	"121"	"Amateur 2"	"27"	"8029"	"MAMAGOATZ"	"Around The World in 80 Days"	"-9"	"-9"	"PLAYED"	""	"1"	"171"	"220A04A263BDFAAC13E09F880B06CAED4294F5E13172B23F36DBE3C7C146F730"
"2025 March"	"121"	"Amateur 2"	"27"	"7167"	"Sandtrap"	"Around The World - Hard"	"-8"	"-8"	"PLAYED"	""	"1"	"201"	"220A04A263BDFAAC13E09F880B06CAED4294F5E13172B23F36DBE3C7C146F730"
"2025 March"	"121"	"Amateur 2"	"27"	"7173"	"KillERBee"	"Around The World - Hard"	"0"	"0"	"PLAYED"	""	"0"	"190"	"220A04A263BDFAAC13E09F880B06CAED4294F5E13172B23F36DBE3C7C146F730"
"2025 March"	"121"	"Amateur 2"	"27"	"7189"	"CHERIE_ROSE"	"Around The World - Hard"	"4"	"4"	"PLAYED"	""	"0"	"180"	"220A04A263BDFAAC13E09F880B06CAED4294F5E13172B23F36DBE3C7C146F730"
"2025 March"	"121"	"Amateur 2"	"27"	"8029"	"MAMAGOATZ"	"Around The World - Hard"	"5"	"5"	"PLAYED"	""	"0"	"170"	"220A04A263BDFAAC13E09F880B06CAED4294F5E13172B23F36DBE3C7C146F730"
"2025 March"	"121"	"Amateur 3"	"28"	"7186"	"Chelle💯"	"Tethys Station"	"-13"	"-13"	"PLAYED"	""	"1"	"201"	"043276B15F9DD00D4C38718E409A3447550B22EC435F2596C5889613B5AA7ABF"
"2025 March"	"121"	"Amateur 3"	"28"	"8148"	"musical_atv 🎻"	"Tethys Station"	"-11"	"-11"	"PLAYED"	""	"1"	"191"	"043276B15F9DD00D4C38718E409A3447550B22EC435F2596C5889613B5AA7ABF"
"2025 March"	"121"	"Amateur 3"	"28"	"7229"	"Ultrafox_Lynne"	"Tethys Station"	"-11"	"-11"	"PLAYED"	""	"1"	"191"	"043276B15F9DD00D4C38718E409A3447550B22EC435F2596C5889613B5AA7ABF"
"2025 March"	"121"	"Amateur 3"	"28"	"7552"	"IMJOMAMA"	"Tethys Station"	"-10"	"-10"	"PLAYED"	""	"0"	"170"	"043276B15F9DD00D4C38718E409A3447550B22EC435F2596C5889613B5AA7ABF"
"2025 March"	"121"	"Amateur 3"	"28"	"7589"	"SMILEROBIN"	"Tethys Station - Hard"	"-13"	"-13"	"PLAYED"	""	"2"	"202"	"043276B15F9DD00D4C38718E409A3447550B22EC435F2596C5889613B5AA7ABF"
"2025 March"	"121"	"Amateur 3"	"28"	"7186"	"Chelle💯"	"Tethys Station - Hard"	"-4"	"-4"	"PLAYED"	""	"0"	"190"	"043276B15F9DD00D4C38718E409A3447550B22EC435F2596C5889613B5AA7ABF"
"2025 March"	"121"	"Amateur 3"	"28"	"7229"	"Ultrafox_Lynne"	"Tethys Station - Hard"	"-2"	"-2"	"PLAYED"	""	"0"	"180"	"043276B15F9DD00D4C38718E409A3447550B22EC435F2596C5889613B5AA7ABF"
"2025 March"	"121"	"Amateur 3"	"28"	"8148"	"musical_atv 🎻"	"Tethys Station - Hard"	"2"	"2"	"PLAYED"	""	"0"	"170"	"043276B15F9DD00D4C38718E409A3447550B22EC435F2596C5889613B5AA7ABF"
"2025 March"	"121"	"Amateur 3"	"28"	"7589"	"SMILEROBIN"	"Temple at Zerzura"	"-17"	"-17"	"PLAYED"	""	"1"	"201"	"043276B15F9DD00D4C38718E409A3447550B22EC435F2596C5889613B5AA7ABF"
"2025 March"	"121"	"Amateur 3"	"28"	"7552"	"IMJOMAMA"	"Temple at Zerzura"	"-15"	"-15"	"PLAYED"	""	"1"	"191"	"043276B15F9DD00D4C38718E409A3447550B22EC435F2596C5889613B5AA7ABF"
"2025 March"	"121"	"Amateur 3"	"28"	"7229"	"Ultrafox_Lynne"	"Temple at Zerzura"	"-12"	"-12"	"PLAYED"	""	"1"	"181"	"043276B15F9DD00D4C38718E409A3447550B22EC435F2596C5889613B5AA7ABF"
"2025 March"	"121"	"Amateur 3"	"28"	"8148"	"musical_atv 🎻"	"Temple at Zerzura"	"-10"	"-10"	"PLAYED"	""	"0"	"170"	"043276B15F9DD00D4C38718E409A3447550B22EC435F2596C5889613B5AA7ABF"
"2025 March"	"121"	"Amateur 3"	"28"	"7552"	"IMJOMAMA"	"Temple at Zerzura - Hard"	"-3"	"-3"	"PLAYED"	""	"2"	"202"	"043276B15F9DD00D4C38718E409A3447550B22EC435F2596C5889613B5AA7ABF"
"2025 March"	"121"	"Amateur 3"	"28"	"7229"	"Ultrafox_Lynne"	"Temple at Zerzura - Hard"	"-1"	"-1"	"PLAYED"	""	"0"	"190"	"043276B15F9DD00D4C38718E409A3447550B22EC435F2596C5889613B5AA7ABF"
"2025 March"	"121"	"Amateur 3"	"28"	"8148"	"musical_atv 🎻"	"Temple at Zerzura - Hard"	"8"	"8"	"PLAYED"	""	"1"	"181"	"043276B15F9DD00D4C38718E409A3447550B22EC435F2596C5889613B5AA7ABF"
"2025 March"	"121"	"Amateur 3"	"28"	"7229"	"Ultrafox_Lynne"	"20,000 Leagues Under The Sea"	"-15"	"-15"	"PLAYED"	""	"3"	"203"	"043276B15F9DD00D4C38718E409A3447550B22EC435F2596C5889613B5AA7ABF"
"2025 March"	"121"	"Amateur 3"	"28"	"7552"	"IMJOMAMA"	"20,000 Leagues Under The Sea"	"-12"	"-12"	"PLAYED"	""	"0"	"190"	"043276B15F9DD00D4C38718E409A3447550B22EC435F2596C5889613B5AA7ABF"
"2025 March"	"121"	"Amateur 3"	"28"	"8148"	"musical_atv 🎻"	"20,000 Leagues Under The Sea"	"-11"	"-11"	"PLAYED"	""	"0"	"180"	"043276B15F9DD00D4C38718E409A3447550B22EC435F2596C5889613B5AA7ABF"
"2025 March"	"121"	"Amateur 3"	"28"	"7229"	"Ultrafox_Lynne"	"20,000 Leagues Hard"	"-8"	"-8"	"PLAYED"	""	"1"	"201"	"043276B15F9DD00D4C38718E409A3447550B22EC435F2596C5889613B5AA7ABF"
"2025 March"	"121"	"Amateur 3"	"28"	"7552"	"IMJOMAMA"	"20,000 Leagues Hard"	"4"	"4"	"PLAYED"	""	"0"	"190"	"043276B15F9DD00D4C38718E409A3447550B22EC435F2596C5889613B5AA7ABF"
"2025 March"	"121"	"Amateur 3"	"28"	"7589"	"SMILEROBIN"	"20,000 Leagues Hard"	"4"	"4"	"PLAYED"	""	"0"	"190"	"043276B15F9DD00D4C38718E409A3447550B22EC435F2596C5889613B5AA7ABF"
"2025 March"	"121"	"Amateur 3"	"28"	"8148"	"musical_atv 🎻"	"20,000 Leagues Hard"	"8"	"8"	"PLAYED"	""	"0"	"170"	"043276B15F9DD00D4C38718E409A3447550B22EC435F2596C5889613B5AA7ABF"
"2025 March"	"121"	"Amateur 3"	"28"	"7174"	"RYANL503"	"Around The World in 80 Days"	"-17"	"-17"	"PLAYED"	""	"2"	"202"	"043276B15F9DD00D4C38718E409A3447550B22EC435F2596C5889613B5AA7ABF"
"2025 March"	"121"	"Amateur 3"	"28"	"7229"	"Ultrafox_Lynne"	"Around The World in 80 Days"	"-14"	"-14"	"PLAYED"	""	"1"	"191"	"043276B15F9DD00D4C38718E409A3447550B22EC435F2596C5889613B5AA7ABF"
"2025 March"	"121"	"Amateur 3"	"28"	"7589"	"SMILEROBIN"	"Around The World in 80 Days"	"-8"	"-8"	"PLAYED"	""	"1"	"181"	"043276B15F9DD00D4C38718E409A3447550B22EC435F2596C5889613B5AA7ABF"
"2025 March"	"121"	"Amateur 3"	"28"	"8148"	"musical_atv 🎻"	"Around The World in 80 Days"	"-4"	"-4"	"PLAYED"	""	"0"	"170"	"043276B15F9DD00D4C38718E409A3447550B22EC435F2596C5889613B5AA7ABF"
"2025 March"	"121"	"Amateur 3"	"28"	"7174"	"RYANL503"	"Around The World - Hard"	"-13"	"-13"	"PLAYED"	""	"3"	"203"	"043276B15F9DD00D4C38718E409A3447550B22EC435F2596C5889613B5AA7ABF"
"2025 March"	"121"	"Amateur 3"	"28"	"7229"	"Ultrafox_Lynne"	"Around The World - Hard"	"-3"	"-3"	"PLAYED"	""	"1"	"191"	"043276B15F9DD00D4C38718E409A3447550B22EC435F2596C5889613B5AA7ABF"
"2025 March"	"121"	"Amateur 3"	"28"	"8148"	"musical_atv 🎻"	"Around The World - Hard"	"-2"	"-2"	"PLAYED"	""	"1"	"181"	"043276B15F9DD00D4C38718E409A3447550B22EC435F2596C5889613B5AA7ABF"
"2025 March"	"121"	"Amateur 3"	"28"	"7589"	"SMILEROBIN"	"Around The World - Hard"	"11"	"11"	"PLAYED"	""	"0"	"170"	"043276B15F9DD00D4C38718E409A3447550B22EC435F2596C5889613B5AA7ABF"
"2025 April"	"141"	"Amateur 1"	"26"	"6970"	"Savy"	"Sweetopia"	"-18"	"-18"	"PLAYED"	""	"2"	"202"	"181F175459F199E17051999E7F14548124E448E4BBFAA1AAFE9FF8EB4B7E4398"
"2025 April"	"141"	"Amateur 1"	"26"	"72"	"D3bb13"	"Sweetopia"	"-18"	"-18"	"PLAYED"	""	"1"	"191"	"181F175459F199E17051999E7F14548124E448E4BBFAA1AAFE9FF8EB4B7E4398"
"2025 April"	"141"	"Amateur 1"	"26"	"104"	"Jennem"	"Sweetopia"	"-17"	"-17"	"PLAYED"	""	"2"	"182"	"181F175459F199E17051999E7F14548124E448E4BBFAA1AAFE9FF8EB4B7E4398"
"2025 April"	"141"	"Amateur 1"	"26"	"7553"	"SHA_HOOF_NA"	"Sweetopia"	"-14"	"-14"	"PLAYED"	""	"1"	"171"	"181F175459F199E17051999E7F14548124E448E4BBFAA1AAFE9FF8EB4B7E4398"
"2025 April"	"141"	"Amateur 1"	"26"	"125"	"Awkward3Sauce"	"Sweetopia"	"-13"	"-13"	"PLAYED"	""	"2"	"162"	"181F175459F199E17051999E7F14548124E448E4BBFAA1AAFE9FF8EB4B7E4398"
"2025 April"	"141"	"Amateur 1"	"26"	"2505"	"freitag68"	"Sweetopia"	"-13"	"-13"	"PLAYED"	""	"0"	"150"	"181F175459F199E17051999E7F14548124E448E4BBFAA1AAFE9FF8EB4B7E4398"
"2025 April"	"141"	"Amateur 1"	"26"	"8028"	"KDK"	"Sweetopia"	"-10"	"-10"	"PLAYED"	""	"1"	"141"	"181F175459F199E17051999E7F14548124E448E4BBFAA1AAFE9FF8EB4B7E4398"
"2025 April"	"141"	"Amateur 1"	"26"	"72"	"D3bb13"	"Sweetopia - Hard"	"-14"	"-14"	"PLAYED"	""	"1"	"201"	"181F175459F199E17051999E7F14548124E448E4BBFAA1AAFE9FF8EB4B7E4398"
"2025 April"	"141"	"Amateur 1"	"26"	"7553"	"SHA_HOOF_NA"	"Sweetopia - Hard"	"-11"	"-11"	"PLAYED"	""	"0"	"190"	"181F175459F199E17051999E7F14548124E448E4BBFAA1AAFE9FF8EB4B7E4398"
"2025 April"	"141"	"Amateur 1"	"26"	"104"	"Jennem"	"Sweetopia - Hard"	"-10"	"-10"	"PLAYED"	""	"0"	"180"	"181F175459F199E17051999E7F14548124E448E4BBFAA1AAFE9FF8EB4B7E4398"
"2025 April"	"141"	"Amateur 1"	"26"	"2505"	"freitag68"	"Sweetopia - Hard"	"-10"	"-10"	"PLAYED"	""	"0"	"180"	"181F175459F199E17051999E7F14548124E448E4BBFAA1AAFE9FF8EB4B7E4398"
"2025 April"	"141"	"Amateur 1"	"26"	"8028"	"KDK"	"Sweetopia - Hard"	"-9"	"-9"	"PLAYED"	""	"1"	"161"	"181F175459F199E17051999E7F14548124E448E4BBFAA1AAFE9FF8EB4B7E4398"
"2025 April"	"141"	"Amateur 1"	"26"	"6970"	"Savy"	"Sweetopia - Hard"	"-3"	"-3"	"PLAYED"	""	"1"	"151"	"181F175459F199E17051999E7F14548124E448E4BBFAA1AAFE9FF8EB4B7E4398"
"2025 April"	"141"	"Amateur 1"	"26"	"125"	"Awkward3Sauce"	"Sweetopia - Hard"	"-2"	"-2"	"PLAYED"	""	"1"	"141"	"181F175459F199E17051999E7F14548124E448E4BBFAA1AAFE9FF8EB4B7E4398"
"2025 April"	"141"	"Amateur 1"	"26"	"2505"	"freitag68"	"Laser Lair"	"-20"	"-20"	"PLAYED"	""	"2"	"202"	"181F175459F199E17051999E7F14548124E448E4BBFAA1AAFE9FF8EB4B7E4398"
"2025 April"	"141"	"Amateur 1"	"26"	"1108"	"plucky✌"	"Laser Lair"	"-18"	"-18"	"PLAYED"	""	"3"	"193"	"181F175459F199E17051999E7F14548124E448E4BBFAA1AAFE9FF8EB4B7E4398"
"2025 April"	"141"	"Amateur 1"	"26"	"72"	"D3bb13"	"Laser Lair"	"-18"	"-18"	"PLAYED"	""	"2"	"182"	"181F175459F199E17051999E7F14548124E448E4BBFAA1AAFE9FF8EB4B7E4398"
"2025 April"	"141"	"Amateur 1"	"26"	"104"	"Jennem"	"Laser Lair"	"-18"	"-18"	"PLAYED"	""	"1"	"171"	"181F175459F199E17051999E7F14548124E448E4BBFAA1AAFE9FF8EB4B7E4398"
"2025 April"	"141"	"Amateur 1"	"26"	"6970"	"Savy"	"Laser Lair"	"-17"	"-17"	"PLAYED"	""	"2"	"162"	"181F175459F199E17051999E7F14548124E448E4BBFAA1AAFE9FF8EB4B7E4398"
"2025 April"	"141"	"Amateur 1"	"26"	"7553"	"SHA_HOOF_NA"	"Laser Lair"	"-17"	"-17"	"PLAYED"	""	"2"	"162"	"181F175459F199E17051999E7F14548124E448E4BBFAA1AAFE9FF8EB4B7E4398"
"2025 April"	"141"	"Amateur 1"	"26"	"8028"	"KDK"	"Laser Lair"	"-17"	"-17"	"PLAYED"	""	"1"	"141"	"181F175459F199E17051999E7F14548124E448E4BBFAA1AAFE9FF8EB4B7E4398"
"2025 April"	"141"	"Amateur 1"	"26"	"2505"	"freitag68"	"Laser Lair - Hard"	"-20"	"-20"	"PLAYED"	""	"3"	"203"	"181F175459F199E17051999E7F14548124E448E4BBFAA1AAFE9FF8EB4B7E4398"
"2025 April"	"141"	"Amateur 1"	"26"	"7553"	"SHA_HOOF_NA"	"Laser Lair - Hard"	"-15"	"-15"	"PLAYED"	""	"3"	"193"	"181F175459F199E17051999E7F14548124E448E4BBFAA1AAFE9FF8EB4B7E4398"
"2025 April"	"141"	"Amateur 1"	"26"	"104"	"Jennem"	"Laser Lair - Hard"	"-14"	"-14"	"PLAYED"	""	"2"	"182"	"181F175459F199E17051999E7F14548124E448E4BBFAA1AAFE9FF8EB4B7E4398"
"2025 April"	"141"	"Amateur 1"	"26"	"6970"	"Savy"	"Laser Lair - Hard"	"-14"	"-14"	"PLAYED"	""	"2"	"182"	"181F175459F199E17051999E7F14548124E448E4BBFAA1AAFE9FF8EB4B7E4398"
"2025 April"	"141"	"Amateur 1"	"26"	"72"	"D3bb13"	"Laser Lair - Hard"	"-11"	"-11"	"PLAYED"	""	"0"	"160"	"181F175459F199E17051999E7F14548124E448E4BBFAA1AAFE9FF8EB4B7E4398"
"2025 April"	"141"	"Amateur 1"	"26"	"8028"	"KDK"	"Laser Lair - Hard"	"-10"	"-10"	"PLAYED"	""	"2"	"152"	"181F175459F199E17051999E7F14548124E448E4BBFAA1AAFE9FF8EB4B7E4398"
"2025 April"	"141"	"Amateur 1"	"26"	"1108"	"plucky✌"	"Laser Lair - Hard"	"-3"	"-3"	"PLAYED"	""	"3"	"143"	"181F175459F199E17051999E7F14548124E448E4BBFAA1AAFE9FF8EB4B7E4398"
"2025 April"	"141"	"Amateur 1"	"26"	"1108"	"plucky✌"	"Widow’s Walkabout"	"-22"	"-22"	"PLAYED"	""	"2"	"202"	"181F175459F199E17051999E7F14548124E448E4BBFAA1AAFE9FF8EB4B7E4398"
"2025 April"	"141"	"Amateur 1"	"26"	"8028"	"KDK"	"Widow’s Walkabout"	"-15"	"-15"	"PLAYED"	""	"2"	"192"	"181F175459F199E17051999E7F14548124E448E4BBFAA1AAFE9FF8EB4B7E4398"
"2025 April"	"141"	"Amateur 1"	"26"	"104"	"Jennem"	"Widow’s Walkabout"	"-13"	"-13"	"PLAYED"	""	"0"	"180"	"181F175459F199E17051999E7F14548124E448E4BBFAA1AAFE9FF8EB4B7E4398"
"2025 April"	"141"	"Amateur 1"	"26"	"7553"	"SHA_HOOF_NA"	"Widow’s Walkabout"	"-12"	"-12"	"PLAYED"	""	"3"	"173"	"181F175459F199E17051999E7F14548124E448E4BBFAA1AAFE9FF8EB4B7E4398"
"2025 April"	"141"	"Amateur 1"	"26"	"72"	"D3bb13"	"Widow’s Walkabout"	"-12"	"-12"	"PLAYED"	""	"1"	"161"	"181F175459F199E17051999E7F14548124E448E4BBFAA1AAFE9FF8EB4B7E4398"
"2025 April"	"141"	"Amateur 1"	"26"	"7167"	"Sandtrap"	"Widow’s Walkabout"	"-11"	"-11"	"PLAYED"	""	"1"	"151"	"181F175459F199E17051999E7F14548124E448E4BBFAA1AAFE9FF8EB4B7E4398"
"2025 April"	"141"	"Amateur 1"	"26"	"7553"	"SHA_HOOF_NA"	"Widow’s Walkabout - Hard"	"-9"	"-9"	"PLAYED"	""	"1"	"201"	"181F175459F199E17051999E7F14548124E448E4BBFAA1AAFE9FF8EB4B7E4398"
"2025 April"	"141"	"Amateur 1"	"26"	"72"	"D3bb13"	"Widow’s Walkabout - Hard"	"-9"	"-9"	"PLAYED"	""	"0"	"190"	"181F175459F199E17051999E7F14548124E448E4BBFAA1AAFE9FF8EB4B7E4398"
"2025 April"	"141"	"Amateur 1"	"26"	"104"	"Jennem"	"Widow’s Walkabout - Hard"	"-7"	"-7"	"PLAYED"	""	"0"	"180"	"181F175459F199E17051999E7F14548124E448E4BBFAA1AAFE9FF8EB4B7E4398"
"2025 April"	"141"	"Amateur 1"	"26"	"8028"	"KDK"	"Widow’s Walkabout - Hard"	"-6"	"-6"	"PLAYED"	""	"1"	"171"	"181F175459F199E17051999E7F14548124E448E4BBFAA1AAFE9FF8EB4B7E4398"
"2025 April"	"141"	"Amateur 1"	"26"	"1108"	"plucky✌"	"Mount Olympus"	"-25"	"-25"	"PLAYED"	""	"2"	"202"	"181F175459F199E17051999E7F14548124E448E4BBFAA1AAFE9FF8EB4B7E4398"
"2025 April"	"141"	"Amateur 1"	"26"	"7553"	"SHA_HOOF_NA"	"Mount Olympus"	"-19"	"-19"	"PLAYED"	""	"0"	"190"	"181F175459F199E17051999E7F14548124E448E4BBFAA1AAFE9FF8EB4B7E4398"
"2025 April"	"141"	"Amateur 1"	"26"	"2505"	"freitag68"	"Mount Olympus"	"-17"	"-17"	"PLAYED"	""	"1"	"181"	"181F175459F199E17051999E7F14548124E448E4BBFAA1AAFE9FF8EB4B7E4398"
"2025 April"	"141"	"Amateur 1"	"26"	"72"	"D3bb13"	"Mount Olympus"	"-15"	"-15"	"PLAYED"	""	"2"	"172"	"181F175459F199E17051999E7F14548124E448E4BBFAA1AAFE9FF8EB4B7E4398"
"2025 April"	"141"	"Amateur 1"	"26"	"8028"	"KDK"	"Mount Olympus"	"-15"	"-15"	"PLAYED"	""	"1"	"161"	"181F175459F199E17051999E7F14548124E448E4BBFAA1AAFE9FF8EB4B7E4398"
"2025 April"	"141"	"Amateur 1"	"26"	"7167"	"Sandtrap"	"Mount Olympus"	"-13"	"-13"	"PLAYED"	""	"1"	"151"	"181F175459F199E17051999E7F14548124E448E4BBFAA1AAFE9FF8EB4B7E4398"
"2025 April"	"141"	"Amateur 1"	"26"	"104"	"Jennem"	"Mount Olympus"	"-13"	"-13"	"PLAYED"	""	"1"	"151"	"181F175459F199E17051999E7F14548124E448E4BBFAA1AAFE9FF8EB4B7E4398"
"2025 April"	"141"	"Amateur 1"	"26"	"6970"	"Savy"	"Mount Olympus"	"-10"	"-10"	"PLAYED"	""	"0"	"130"	"181F175459F199E17051999E7F14548124E448E4BBFAA1AAFE9FF8EB4B7E4398"
"2025 April"	"141"	"Amateur 1"	"26"	"7553"	"SHA_HOOF_NA"	"Mount Olympus - Hard"	"-13"	"-13"	"PLAYED"	""	"0"	"200"	"181F175459F199E17051999E7F14548124E448E4BBFAA1AAFE9FF8EB4B7E4398"
"2025 April"	"141"	"Amateur 1"	"26"	"1108"	"plucky✌"	"Mount Olympus - Hard"	"-12"	"-12"	"PLAYED"	""	"0"	"190"	"181F175459F199E17051999E7F14548124E448E4BBFAA1AAFE9FF8EB4B7E4398"
"2025 April"	"141"	"Amateur 1"	"26"	"7167"	"Sandtrap"	"Mount Olympus - Hard"	"-11"	"-11"	"PLAYED"	""	"0"	"180"	"181F175459F199E17051999E7F14548124E448E4BBFAA1AAFE9FF8EB4B7E4398"
"2025 April"	"141"	"Amateur 1"	"26"	"2505"	"freitag68"	"Mount Olympus - Hard"	"-11"	"-11"	"PLAYED"	""	"0"	"180"	"181F175459F199E17051999E7F14548124E448E4BBFAA1AAFE9FF8EB4B7E4398"
"2025 April"	"141"	"Amateur 1"	"26"	"72"	"D3bb13"	"Mount Olympus - Hard"	"-11"	"-11"	"PLAYED"	""	"0"	"180"	"181F175459F199E17051999E7F14548124E448E4BBFAA1AAFE9FF8EB4B7E4398"
"2025 April"	"141"	"Amateur 1"	"26"	"8028"	"KDK"	"Mount Olympus - Hard"	"-10"	"-10"	"PLAYED"	""	"0"	"150"	"181F175459F199E17051999E7F14548124E448E4BBFAA1AAFE9FF8EB4B7E4398"
"2025 April"	"141"	"Amateur 1"	"26"	"6970"	"Savy"	"Mount Olympus - Hard"	"-8"	"-8"	"PLAYED"	""	"0"	"140"	"181F175459F199E17051999E7F14548124E448E4BBFAA1AAFE9FF8EB4B7E4398"
"2025 April"	"141"	"Amateur 1"	"26"	"104"	"Jennem"	"Mount Olympus - Hard"	"-6"	"-6"	"PLAYED"	""	"0"	"130"	"181F175459F199E17051999E7F14548124E448E4BBFAA1AAFE9FF8EB4B7E4398"
"2025 April"	"141"	"Amateur 2"	"27"	"129"	"Sj_76"	"Sweetopia"	"-17"	"-17"	"PLAYED"	""	"3"	"203"	"9F68E7C78CD6D285450A2BF0766624C2330B7201198F8B34C0B5640F09D36C24"
"2025 April"	"141"	"Amateur 2"	"27"	"7184"	"Alyssa38"	"Sweetopia"	"-14"	"-14"	"PLAYED"	""	"1"	"191"	"9F68E7C78CD6D285450A2BF0766624C2330B7201198F8B34C0B5640F09D36C24"
"2025 April"	"141"	"Amateur 2"	"27"	"7229"	"Ultrafox_Lynne"	"Sweetopia"	"-12"	"-12"	"PLAYED"	""	"0"	"180"	"9F68E7C78CD6D285450A2BF0766624C2330B7201198F8B34C0B5640F09D36C24"
"2025 April"	"141"	"Amateur 2"	"27"	"7188"	"LLABB23_LISA"	"Sweetopia"	"-10"	"-10"	"PLAYED"	""	"2"	"172"	"9F68E7C78CD6D285450A2BF0766624C2330B7201198F8B34C0B5640F09D36C24"
"2025 April"	"141"	"Amateur 2"	"27"	"7231"	"WendyW(Wyndemere2020)"	"Sweetopia"	"-10"	"-10"	"PLAYED"	""	"1"	"161"	"9F68E7C78CD6D285450A2BF0766624C2330B7201198F8B34C0B5640F09D36C24"
"2025 April"	"141"	"Amateur 2"	"27"	"7173"	"KillERBee"	"Sweetopia"	"-8"	"-8"	"PLAYED"	""	"1"	"151"	"9F68E7C78CD6D285450A2BF0766624C2330B7201198F8B34C0B5640F09D36C24"
"2025 April"	"141"	"Amateur 2"	"27"	"7169"	"Master_KP"	"Sweetopia"	"-6"	"-6"	"PLAYED"	""	"1"	"141"	"9F68E7C78CD6D285450A2BF0766624C2330B7201198F8B34C0B5640F09D36C24"
"2025 April"	"141"	"Amateur 2"	"27"	"93"	"NuttyGrandpa"	"Sweetopia"	"-5"	"-5"	"PLAYED"	""	"0"	"130"	"9F68E7C78CD6D285450A2BF0766624C2330B7201198F8B34C0B5640F09D36C24"
"2025 April"	"141"	"Amateur 2"	"27"	"8008"	"Fry_Lock"	"Sweetopia"	"-2"	"-2"	"PLAYED"	""	"1"	"121"	"9F68E7C78CD6D285450A2BF0766624C2330B7201198F8B34C0B5640F09D36C24"
"2025 April"	"141"	"Amateur 2"	"27"	"129"	"Sj_76"	"Sweetopia - Hard"	"-18"	"-18"	"PLAYED"	""	"2"	"202"	"9F68E7C78CD6D285450A2BF0766624C2330B7201198F8B34C0B5640F09D36C24"
"2025 April"	"141"	"Amateur 2"	"27"	"7184"	"Alyssa38"	"Sweetopia - Hard"	"-12"	"-12"	"PLAYED"	""	"2"	"192"	"9F68E7C78CD6D285450A2BF0766624C2330B7201198F8B34C0B5640F09D36C24"
"2025 April"	"141"	"Amateur 2"	"27"	"7169"	"Master_KP"	"Sweetopia - Hard"	"-11"	"-11"	"PLAYED"	""	"0"	"180"	"9F68E7C78CD6D285450A2BF0766624C2330B7201198F8B34C0B5640F09D36C24"
"2025 April"	"141"	"Amateur 2"	"27"	"7188"	"LLABB23_LISA"	"Sweetopia - Hard"	"-8"	"-8"	"PLAYED"	""	"0"	"170"	"9F68E7C78CD6D285450A2BF0766624C2330B7201198F8B34C0B5640F09D36C24"
"2025 April"	"141"	"Amateur 2"	"27"	"93"	"NuttyGrandpa"	"Sweetopia - Hard"	"-5"	"-5"	"PLAYED"	""	"0"	"160"	"9F68E7C78CD6D285450A2BF0766624C2330B7201198F8B34C0B5640F09D36C24"
"2025 April"	"141"	"Amateur 2"	"27"	"7231"	"WendyW(Wyndemere2020)"	"Sweetopia - Hard"	"-4"	"-4"	"PLAYED"	""	"0"	"150"	"9F68E7C78CD6D285450A2BF0766624C2330B7201198F8B34C0B5640F09D36C24"
"2025 April"	"141"	"Amateur 2"	"27"	"8008"	"Fry_Lock"	"Sweetopia - Hard"	"0"	"0"	"PLAYED"	""	"1"	"141"	"9F68E7C78CD6D285450A2BF0766624C2330B7201198F8B34C0B5640F09D36C24"
"2025 April"	"141"	"Amateur 2"	"27"	"7173"	"KillERBee"	"Sweetopia - Hard"	"2"	"2"	"PLAYED"	""	"1"	"131"	"9F68E7C78CD6D285450A2BF0766624C2330B7201198F8B34C0B5640F09D36C24"
"2025 April"	"141"	"Amateur 2"	"27"	"7229"	"Ultrafox_Lynne"	"Sweetopia - Hard"	"2"	"2"	"PLAYED"	""	"0"	"120"	"9F68E7C78CD6D285450A2BF0766624C2330B7201198F8B34C0B5640F09D36C24"
"2025 April"	"141"	"Amateur 2"	"27"	"129"	"Sj_76"	"Laser Lair"	"-18"	"-18"	"PLAYED"	""	"3"	"203"	"9F68E7C78CD6D285450A2BF0766624C2330B7201198F8B34C0B5640F09D36C24"
"2025 April"	"141"	"Amateur 2"	"27"	"7184"	"Alyssa38"	"Laser Lair"	"-16"	"-16"	"PLAYED"	""	"2"	"192"	"9F68E7C78CD6D285450A2BF0766624C2330B7201198F8B34C0B5640F09D36C24"
"2025 April"	"141"	"Amateur 2"	"27"	"7229"	"Ultrafox_Lynne"	"Laser Lair"	"-16"	"-16"	"PLAYED"	""	"2"	"192"	"9F68E7C78CD6D285450A2BF0766624C2330B7201198F8B34C0B5640F09D36C24"
"2025 April"	"141"	"Amateur 2"	"27"	"7169"	"Master_KP"	"Laser Lair"	"-16"	"-16"	"PLAYED"	""	"1"	"171"	"9F68E7C78CD6D285450A2BF0766624C2330B7201198F8B34C0B5640F09D36C24"
"2025 April"	"141"	"Amateur 2"	"27"	"7231"	"WendyW(Wyndemere2020)"	"Laser Lair"	"-15"	"-15"	"PLAYED"	""	"1"	"161"	"9F68E7C78CD6D285450A2BF0766624C2330B7201198F8B34C0B5640F09D36C24"
"2025 April"	"141"	"Amateur 2"	"27"	"93"	"NuttyGrandpa"	"Laser Lair"	"-14"	"-14"	"PLAYED"	""	"2"	"152"	"9F68E7C78CD6D285450A2BF0766624C2330B7201198F8B34C0B5640F09D36C24"
"2025 April"	"141"	"Amateur 2"	"27"	"8008"	"Fry_Lock"	"Laser Lair"	"-13"	"-13"	"PLAYED"	""	"1"	"141"	"9F68E7C78CD6D285450A2BF0766624C2330B7201198F8B34C0B5640F09D36C24"
"2025 April"	"141"	"Amateur 2"	"27"	"7173"	"KillERBee"	"Laser Lair"	"-12"	"-12"	"PLAYED"	""	"1"	"131"	"9F68E7C78CD6D285450A2BF0766624C2330B7201198F8B34C0B5640F09D36C24"
"2025 April"	"141"	"Amateur 2"	"27"	"7188"	"LLABB23_LISA"	"Laser Lair"	"-11"	"-11"	"PLAYED"	""	"1"	"121"	"9F68E7C78CD6D285450A2BF0766624C2330B7201198F8B34C0B5640F09D36C24"
"2025 April"	"141"	"Amateur 2"	"27"	"129"	"Sj_76"	"Laser Lair - Hard"	"-17"	"-17"	"PLAYED"	""	"3"	"203"	"9F68E7C78CD6D285450A2BF0766624C2330B7201198F8B34C0B5640F09D36C24"
"2025 April"	"141"	"Amateur 2"	"27"	"7184"	"Alyssa38"	"Laser Lair - Hard"	"-13"	"-13"	"PLAYED"	""	"3"	"193"	"9F68E7C78CD6D285450A2BF0766624C2330B7201198F8B34C0B5640F09D36C24"
"2025 April"	"141"	"Amateur 2"	"27"	"93"	"NuttyGrandpa"	"Laser Lair - Hard"	"-12"	"-12"	"PLAYED"	""	"1"	"181"	"9F68E7C78CD6D285450A2BF0766624C2330B7201198F8B34C0B5640F09D36C24"
"2025 April"	"141"	"Amateur 2"	"27"	"7229"	"Ultrafox_Lynne"	"Laser Lair - Hard"	"-8"	"-8"	"PLAYED"	""	"1"	"171"	"9F68E7C78CD6D285450A2BF0766624C2330B7201198F8B34C0B5640F09D36C24"
"2025 April"	"141"	"Amateur 2"	"27"	"7169"	"Master_KP"	"Laser Lair - Hard"	"-4"	"-4"	"PLAYED"	""	"1"	"161"	"9F68E7C78CD6D285450A2BF0766624C2330B7201198F8B34C0B5640F09D36C24"
"2025 April"	"141"	"Amateur 2"	"27"	"8008"	"Fry_Lock"	"Laser Lair - Hard"	"-3"	"-3"	"PLAYED"	""	"1"	"151"	"9F68E7C78CD6D285450A2BF0766624C2330B7201198F8B34C0B5640F09D36C24"
"2025 April"	"141"	"Amateur 2"	"27"	"7188"	"LLABB23_LISA"	"Laser Lair - Hard"	"-3"	"-3"	"PLAYED"	""	"0"	"140"	"9F68E7C78CD6D285450A2BF0766624C2330B7201198F8B34C0B5640F09D36C24"
"2025 April"	"141"	"Amateur 2"	"27"	"7173"	"KillERBee"	"Laser Lair - Hard"	"3"	"3"	"PLAYED"	""	"1"	"131"	"9F68E7C78CD6D285450A2BF0766624C2330B7201198F8B34C0B5640F09D36C24"
"2025 April"	"141"	"Amateur 2"	"27"	"7231"	"WendyW(Wyndemere2020)"	"Laser Lair - Hard"	"5"	"5"	"PLAYED"	""	"1"	"121"	"9F68E7C78CD6D285450A2BF0766624C2330B7201198F8B34C0B5640F09D36C24"
"2025 April"	"141"	"Amateur 2"	"27"	"7169"	"Master_KP"	"Widow’s Walkabout"	"-23"	"-23"	"PLAYED"	""	"3"	"203"	"9F68E7C78CD6D285450A2BF0766624C2330B7201198F8B34C0B5640F09D36C24"
"2025 April"	"141"	"Amateur 2"	"27"	"7184"	"Alyssa38"	"Widow’s Walkabout"	"-20"	"-20"	"PLAYED"	""	"3"	"193"	"9F68E7C78CD6D285450A2BF0766624C2330B7201198F8B34C0B5640F09D36C24"
"2025 April"	"141"	"Amateur 2"	"27"	"129"	"Sj_76"	"Widow’s Walkabout"	"-20"	"-20"	"PLAYED"	""	"2"	"182"	"9F68E7C78CD6D285450A2BF0766624C2330B7201198F8B34C0B5640F09D36C24"
"2025 April"	"141"	"Amateur 2"	"27"	"8008"	"Fry_Lock"	"Widow’s Walkabout"	"-18"	"-18"	"PLAYED"	""	"0"	"170"	"9F68E7C78CD6D285450A2BF0766624C2330B7201198F8B34C0B5640F09D36C24"
"2025 April"	"141"	"Amateur 2"	"27"	"7231"	"WendyW(Wyndemere2020)"	"Widow’s Walkabout"	"-15"	"-15"	"PLAYED"	""	"0"	"160"	"9F68E7C78CD6D285450A2BF0766624C2330B7201198F8B34C0B5640F09D36C24"
"2025 April"	"141"	"Amateur 2"	"27"	"7229"	"Ultrafox_Lynne"	"Widow’s Walkabout"	"-14"	"-14"	"PLAYED"	""	"3"	"153"	"9F68E7C78CD6D285450A2BF0766624C2330B7201198F8B34C0B5640F09D36C24"
"2025 April"	"141"	"Amateur 2"	"27"	"93"	"NuttyGrandpa"	"Widow’s Walkabout"	"-12"	"-12"	"PLAYED"	""	"0"	"140"	"9F68E7C78CD6D285450A2BF0766624C2330B7201198F8B34C0B5640F09D36C24"
"2025 April"	"141"	"Amateur 2"	"27"	"7173"	"KillERBee"	"Widow’s Walkabout"	"-12"	"-12"	"PLAYED"	""	"0"	"140"	"9F68E7C78CD6D285450A2BF0766624C2330B7201198F8B34C0B5640F09D36C24"
"2025 April"	"141"	"Amateur 2"	"27"	"7188"	"LLABB23_LISA"	"Widow’s Walkabout"	"-9"	"-9"	"PLAYED"	""	"1"	"121"	"9F68E7C78CD6D285450A2BF0766624C2330B7201198F8B34C0B5640F09D36C24"
"2025 April"	"141"	"Amateur 2"	"27"	"7169"	"Master_KP"	"Widow’s Walkabout - Hard"	"-14"	"-14"	"PLAYED"	""	"2"	"202"	"9F68E7C78CD6D285450A2BF0766624C2330B7201198F8B34C0B5640F09D36C24"
"2025 April"	"141"	"Amateur 2"	"27"	"129"	"Sj_76"	"Widow’s Walkabout - Hard"	"-12"	"-12"	"PLAYED"	""	"1"	"191"	"9F68E7C78CD6D285450A2BF0766624C2330B7201198F8B34C0B5640F09D36C24"
"2025 April"	"141"	"Amateur 2"	"27"	"7188"	"LLABB23_LISA"	"Widow’s Walkabout - Hard"	"-12"	"-12"	"PLAYED"	""	"0"	"180"	"9F68E7C78CD6D285450A2BF0766624C2330B7201198F8B34C0B5640F09D36C24"
"2025 April"	"141"	"Amateur 2"	"27"	"7184"	"Alyssa38"	"Widow’s Walkabout - Hard"	"-7"	"-7"	"PLAYED"	""	"0"	"170"	"9F68E7C78CD6D285450A2BF0766624C2330B7201198F8B34C0B5640F09D36C24"
"2025 April"	"141"	"Amateur 2"	"27"	"93"	"NuttyGrandpa"	"Widow’s Walkabout - Hard"	"-5"	"-5"	"PLAYED"	""	"3"	"163"	"9F68E7C78CD6D285450A2BF0766624C2330B7201198F8B34C0B5640F09D36C24"
"2025 April"	"141"	"Amateur 2"	"27"	"8008"	"Fry_Lock"	"Widow’s Walkabout - Hard"	"2"	"2"	"PLAYED"	""	"1"	"151"	"9F68E7C78CD6D285450A2BF0766624C2330B7201198F8B34C0B5640F09D36C24"
"2025 April"	"141"	"Amateur 2"	"27"	"7231"	"WendyW(Wyndemere2020)"	"Widow’s Walkabout - Hard"	"3"	"3"	"PLAYED"	""	"0"	"140"	"9F68E7C78CD6D285450A2BF0766624C2330B7201198F8B34C0B5640F09D36C24"
"2025 April"	"141"	"Amateur 2"	"27"	"7229"	"Ultrafox_Lynne"	"Widow’s Walkabout - Hard"	"6"	"6"	"PLAYED"	""	"1"	"131"	"9F68E7C78CD6D285450A2BF0766624C2330B7201198F8B34C0B5640F09D36C24"
"2025 April"	"141"	"Amateur 2"	"27"	"7173"	"KillERBee"	"Widow’s Walkabout - Hard"	"11"	"11"	"PLAYED"	""	"0"	"120"	"9F68E7C78CD6D285450A2BF0766624C2330B7201198F8B34C0B5640F09D36C24"
"2025 April"	"141"	"Amateur 2"	"27"	"7184"	"Alyssa38"	"Mount Olympus"	"-20"	"-20"	"PLAYED"	""	"1"	"201"	"9F68E7C78CD6D285450A2BF0766624C2330B7201198F8B34C0B5640F09D36C24"
"2025 April"	"141"	"Amateur 2"	"27"	"93"	"NuttyGrandpa"	"Mount Olympus"	"-19"	"-19"	"PLAYED"	""	"1"	"191"	"9F68E7C78CD6D285450A2BF0766624C2330B7201198F8B34C0B5640F09D36C24"
"2025 April"	"141"	"Amateur 2"	"27"	"129"	"Sj_76"	"Mount Olympus"	"-17"	"-17"	"PLAYED"	""	"0"	"180"	"9F68E7C78CD6D285450A2BF0766624C2330B7201198F8B34C0B5640F09D36C24"
"2025 April"	"141"	"Amateur 2"	"27"	"7231"	"WendyW(Wyndemere2020)"	"Mount Olympus"	"-15"	"-15"	"PLAYED"	""	"1"	"171"	"9F68E7C78CD6D285450A2BF0766624C2330B7201198F8B34C0B5640F09D36C24"
"2025 April"	"141"	"Amateur 2"	"27"	"7169"	"Master_KP"	"Mount Olympus"	"-15"	"-15"	"PLAYED"	""	"1"	"171"	"9F68E7C78CD6D285450A2BF0766624C2330B7201198F8B34C0B5640F09D36C24"
"2025 April"	"141"	"Amateur 2"	"27"	"7188"	"LLABB23_LISA"	"Mount Olympus"	"-14"	"-14"	"PLAYED"	""	"0"	"150"	"9F68E7C78CD6D285450A2BF0766624C2330B7201198F8B34C0B5640F09D36C24"
"2025 April"	"141"	"Amateur 2"	"27"	"8008"	"Fry_Lock"	"Mount Olympus"	"-9"	"-9"	"PLAYED"	""	"1"	"141"	"9F68E7C78CD6D285450A2BF0766624C2330B7201198F8B34C0B5640F09D36C24"
"2025 April"	"141"	"Amateur 2"	"27"	"7173"	"KillERBee"	"Mount Olympus"	"-5"	"-5"	"PLAYED"	""	"0"	"130"	"9F68E7C78CD6D285450A2BF0766624C2330B7201198F8B34C0B5640F09D36C24"
"2025 April"	"141"	"Amateur 2"	"27"	"7229"	"Ultrafox_Lynne"	"Mount Olympus"	"0"	"0"	"PLAYED"	""	"0"	"120"	"9F68E7C78CD6D285450A2BF0766624C2330B7201198F8B34C0B5640F09D36C24"
"2025 April"	"141"	"Amateur 2"	"27"	"129"	"Sj_76"	"Mount Olympus - Hard"	"-15"	"-15"	"PLAYED"	""	"0"	"200"	"9F68E7C78CD6D285450A2BF0766624C2330B7201198F8B34C0B5640F09D36C24"
"2025 April"	"141"	"Amateur 2"	"27"	"7184"	"Alyssa38"	"Mount Olympus - Hard"	"-10"	"-10"	"PLAYED"	""	"0"	"190"	"9F68E7C78CD6D285450A2BF0766624C2330B7201198F8B34C0B5640F09D36C24"
"2025 April"	"141"	"Amateur 2"	"27"	"93"	"NuttyGrandpa"	"Mount Olympus - Hard"	"-8"	"-8"	"PLAYED"	""	"0"	"180"	"9F68E7C78CD6D285450A2BF0766624C2330B7201198F8B34C0B5640F09D36C24"
"2025 April"	"141"	"Amateur 2"	"27"	"7229"	"Ultrafox_Lynne"	"Mount Olympus - Hard"	"-7"	"-7"	"PLAYED"	""	"0"	"170"	"9F68E7C78CD6D285450A2BF0766624C2330B7201198F8B34C0B5640F09D36C24"
"2025 April"	"141"	"Amateur 2"	"27"	"7169"	"Master_KP"	"Mount Olympus - Hard"	"-7"	"-7"	"PLAYED"	""	"0"	"170"	"9F68E7C78CD6D285450A2BF0766624C2330B7201198F8B34C0B5640F09D36C24"
"2025 April"	"141"	"Amateur 2"	"27"	"8008"	"Fry_Lock"	"Mount Olympus - Hard"	"-3"	"-3"	"PLAYED"	""	"0"	"150"	"9F68E7C78CD6D285450A2BF0766624C2330B7201198F8B34C0B5640F09D36C24"
"2025 April"	"141"	"Amateur 2"	"27"	"7173"	"KillERBee"	"Mount Olympus - Hard"	"1"	"1"	"PLAYED"	""	"0"	"140"	"9F68E7C78CD6D285450A2BF0766624C2330B7201198F8B34C0B5640F09D36C24"
"2025 April"	"141"	"Amateur 2"	"27"	"7188"	"LLABB23_LISA"	"Mount Olympus - Hard"	"2"	"2"	"PLAYED"	""	"0"	"130"	"9F68E7C78CD6D285450A2BF0766624C2330B7201198F8B34C0B5640F09D36C24"
"2025 April"	"141"	"Amateur 2"	"27"	"7231"	"WendyW(Wyndemere2020)"	"Mount Olympus - Hard"	"5"	"5"	"PLAYED"	""	"0"	"120"	"9F68E7C78CD6D285450A2BF0766624C2330B7201198F8B34C0B5640F09D36C24"
"2025 May"	"161"	"Amateur 1"	"26"	"129"	"Sj_76"	"Original Gothic"	"-19"	"-19"	"PLAYED"	""	"3"	"203"	"9E255F46BE66426290008238AAB3CF7E0C0DCB66CD99BF7C9DAEBAEE3B0EC105"
"2025 May"	"161"	"Amateur 1"	"26"	"7167"	"Sandtrap"	"Original Gothic"	"-18"	"-18"	"PLAYED"	""	"3"	"193"	"9E255F46BE66426290008238AAB3CF7E0C0DCB66CD99BF7C9DAEBAEE3B0EC105"
"2025 May"	"161"	"Amateur 1"	"26"	"7188"	"LLABB23_LISA"	"Original Gothic"	"-16"	"-16"	"PLAYED"	""	"2"	"182"	"9E255F46BE66426290008238AAB3CF7E0C0DCB66CD99BF7C9DAEBAEE3B0EC105"
"2025 May"	"161"	"Amateur 1"	"26"	"8008"	"Fry_Lock"	"Original Gothic"	"-15"	"-15"	"PLAYED"	""	"1"	"171"	"9E255F46BE66426290008238AAB3CF7E0C0DCB66CD99BF7C9DAEBAEE3B0EC105"
"2025 May"	"161"	"Amateur 1"	"26"	"7229"	"Ultrafox_Lynne"	"Original Gothic"	"-14"	"-14"	"PLAYED"	""	"2"	"162"	"9E255F46BE66426290008238AAB3CF7E0C0DCB66CD99BF7C9DAEBAEE3B0EC105"
"2025 May"	"161"	"Amateur 1"	"26"	"7231"	"WendyW(Wyndemere2020)"	"Original Gothic"	"-6"	"-6"	"PLAYED"	""	"2"	"152"	"9E255F46BE66426290008238AAB3CF7E0C0DCB66CD99BF7C9DAEBAEE3B0EC105"
"2025 May"	"161"	"Amateur 1"	"26"	"8008"	"Fry_Lock"	"Original Gothic Hard"	"-12"	"-12"	"PLAYED"	""	"1"	"201"	"9E255F46BE66426290008238AAB3CF7E0C0DCB66CD99BF7C9DAEBAEE3B0EC105"
"2025 May"	"161"	"Amateur 1"	"26"	"129"	"Sj_76"	"Original Gothic Hard"	"-12"	"-12"	"PLAYED"	""	"0"	"190"	"9E255F46BE66426290008238AAB3CF7E0C0DCB66CD99BF7C9DAEBAEE3B0EC105"
"2025 May"	"161"	"Amateur 1"	"26"	"7167"	"Sandtrap"	"Original Gothic Hard"	"-11"	"-11"	"PLAYED"	""	"0"	"180"	"9E255F46BE66426290008238AAB3CF7E0C0DCB66CD99BF7C9DAEBAEE3B0EC105"
"2025 May"	"161"	"Amateur 1"	"26"	"7188"	"LLABB23_LISA"	"Original Gothic Hard"	"-8"	"-8"	"PLAYED"	""	"0"	"170"	"9E255F46BE66426290008238AAB3CF7E0C0DCB66CD99BF7C9DAEBAEE3B0EC105"
"2025 May"	"161"	"Amateur 1"	"26"	"7229"	"Ultrafox_Lynne"	"Original Gothic Hard"	"-4"	"-4"	"PLAYED"	""	"0"	"160"	"9E255F46BE66426290008238AAB3CF7E0C0DCB66CD99BF7C9DAEBAEE3B0EC105"
"2025 May"	"161"	"Amateur 1"	"26"	"7231"	"WendyW(Wyndemere2020)"	"Original Gothic Hard"	"1"	"1"	"PLAYED"	""	"0"	"150"	"9E255F46BE66426290008238AAB3CF7E0C0DCB66CD99BF7C9DAEBAEE3B0EC105"
"2025 May"	"161"	"Amateur 1"	"26"	"129"	"Sj_76"	"Labyrinth"	"-18"	"-18"	"PLAYED"	""	"2"	"202"	"9E255F46BE66426290008238AAB3CF7E0C0DCB66CD99BF7C9DAEBAEE3B0EC105"
"2025 May"	"161"	"Amateur 1"	"26"	"7231"	"WendyW(Wyndemere2020)"	"Labyrinth"	"-14"	"-14"	"PLAYED"	""	"1"	"191"	"9E255F46BE66426290008238AAB3CF7E0C0DCB66CD99BF7C9DAEBAEE3B0EC105"
"2025 May"	"161"	"Amateur 1"	"26"	"7167"	"Sandtrap"	"Labyrinth"	"-13"	"-13"	"PLAYED"	""	"0"	"180"	"9E255F46BE66426290008238AAB3CF7E0C0DCB66CD99BF7C9DAEBAEE3B0EC105"
"2025 May"	"161"	"Amateur 1"	"26"	"7188"	"LLABB23_LISA"	"Labyrinth"	"-12"	"-12"	"PLAYED"	""	"0"	"170"	"9E255F46BE66426290008238AAB3CF7E0C0DCB66CD99BF7C9DAEBAEE3B0EC105"
"2025 May"	"161"	"Amateur 1"	"26"	"7229"	"Ultrafox_Lynne"	"Labyrinth"	"-11"	"-11"	"PLAYED"	""	"2"	"162"	"9E255F46BE66426290008238AAB3CF7E0C0DCB66CD99BF7C9DAEBAEE3B0EC105"
"2025 May"	"161"	"Amateur 1"	"26"	"129"	"Sj_76"	"Labyrinth - Hard"	"-16"	"-16"	"PLAYED"	""	"2"	"202"	"9E255F46BE66426290008238AAB3CF7E0C0DCB66CD99BF7C9DAEBAEE3B0EC105"
"2025 May"	"161"	"Amateur 1"	"26"	"7167"	"Sandtrap"	"Labyrinth - Hard"	"-14"	"-14"	"PLAYED"	""	"0"	"190"	"9E255F46BE66426290008238AAB3CF7E0C0DCB66CD99BF7C9DAEBAEE3B0EC105"
"2025 May"	"161"	"Amateur 1"	"26"	"7188"	"LLABB23_LISA"	"Labyrinth - Hard"	"-12"	"-12"	"PLAYED"	""	"3"	"183"	"9E255F46BE66426290008238AAB3CF7E0C0DCB66CD99BF7C9DAEBAEE3B0EC105"
"2025 May"	"161"	"Amateur 1"	"26"	"7229"	"Ultrafox_Lynne"	"Labyrinth - Hard"	"-1"	"-1"	"PLAYED"	""	"0"	"170"	"9E255F46BE66426290008238AAB3CF7E0C0DCB66CD99BF7C9DAEBAEE3B0EC105"
"2025 May"	"161"	"Amateur 1"	"26"	"7231"	"WendyW(Wyndemere2020)"	"Labyrinth - Hard"	"1"	"1"	"PLAYED"	""	"1"	"161"	"9E255F46BE66426290008238AAB3CF7E0C0DCB66CD99BF7C9DAEBAEE3B0EC105"
"2025 May"	"161"	"Amateur 1"	"26"	"7167"	"Sandtrap"	"Meow Wolf"	"-20"	"-20"	"PLAYED"	""	"3"	"203"	"9E255F46BE66426290008238AAB3CF7E0C0DCB66CD99BF7C9DAEBAEE3B0EC105"
"2025 May"	"161"	"Amateur 1"	"26"	"129"	"Sj_76"	"Meow Wolf"	"-18"	"-18"	"PLAYED"	""	"2"	"192"	"9E255F46BE66426290008238AAB3CF7E0C0DCB66CD99BF7C9DAEBAEE3B0EC105"
"2025 May"	"161"	"Amateur 1"	"26"	"7188"	"LLABB23_LISA"	"Meow Wolf"	"-14"	"-14"	"PLAYED"	""	"3"	"183"	"9E255F46BE66426290008238AAB3CF7E0C0DCB66CD99BF7C9DAEBAEE3B0EC105"
"2025 May"	"161"	"Amateur 1"	"26"	"8008"	"Fry_Lock"	"Meow Wolf"	"-10"	"-10"	"PLAYED"	""	"1"	"171"	"9E255F46BE66426290008238AAB3CF7E0C0DCB66CD99BF7C9DAEBAEE3B0EC105"
"2025 May"	"161"	"Amateur 1"	"26"	"7231"	"WendyW(Wyndemere2020)"	"Meow Wolf"	"-10"	"-10"	"PLAYED"	""	"0"	"160"	"9E255F46BE66426290008238AAB3CF7E0C0DCB66CD99BF7C9DAEBAEE3B0EC105"
"2025 May"	"161"	"Amateur 1"	"26"	"7229"	"Ultrafox_Lynne"	"Meow Wolf"	"-6"	"-6"	"PLAYED"	""	"2"	"152"	"9E255F46BE66426290008238AAB3CF7E0C0DCB66CD99BF7C9DAEBAEE3B0EC105"
"2025 May"	"161"	"Amateur 1"	"26"	"7167"	"Sandtrap"	"Meow Wolf - Hard"	"-13"	"-13"	"PLAYED"	""	"2"	"202"	"9E255F46BE66426290008238AAB3CF7E0C0DCB66CD99BF7C9DAEBAEE3B0EC105"
"2025 May"	"161"	"Amateur 1"	"26"	"8008"	"Fry_Lock"	"Meow Wolf - Hard"	"-11"	"-11"	"PLAYED"	""	"2"	"192"	"9E255F46BE66426290008238AAB3CF7E0C0DCB66CD99BF7C9DAEBAEE3B0EC105"
"2025 May"	"161"	"Amateur 1"	"26"	"129"	"Sj_76"	"Meow Wolf - Hard"	"-10"	"-10"	"PLAYED"	""	"2"	"182"	"9E255F46BE66426290008238AAB3CF7E0C0DCB66CD99BF7C9DAEBAEE3B0EC105"
"2025 May"	"161"	"Amateur 1"	"26"	"7188"	"LLABB23_LISA"	"Meow Wolf - Hard"	"-6"	"-6"	"PLAYED"	""	"3"	"173"	"9E255F46BE66426290008238AAB3CF7E0C0DCB66CD99BF7C9DAEBAEE3B0EC105"
"2025 May"	"161"	"Amateur 1"	"26"	"7231"	"WendyW(Wyndemere2020)"	"Meow Wolf - Hard"	"-5"	"-5"	"PLAYED"	""	"3"	"163"	"9E255F46BE66426290008238AAB3CF7E0C0DCB66CD99BF7C9DAEBAEE3B0EC105"
"2025 May"	"161"	"Amateur 1"	"26"	"7229"	"Ultrafox_Lynne"	"Meow Wolf - Hard"	"-3"	"-3"	"PLAYED"	""	"1"	"151"	"9E255F46BE66426290008238AAB3CF7E0C0DCB66CD99BF7C9DAEBAEE3B0EC105"
"2025 May"	"161"	"Amateur 1"	"26"	"129"	"Sj_76"	"Raptor Cliff's"	"-17"	"-17"	"PLAYED"	""	"2"	"202"	"9E255F46BE66426290008238AAB3CF7E0C0DCB66CD99BF7C9DAEBAEE3B0EC105"
"2025 May"	"161"	"Amateur 1"	"26"	"7167"	"Sandtrap"	"Raptor Cliff's"	"-15"	"-15"	"PLAYED"	""	"1"	"191"	"9E255F46BE66426290008238AAB3CF7E0C0DCB66CD99BF7C9DAEBAEE3B0EC105"
"2025 May"	"161"	"Amateur 1"	"26"	"7188"	"LLABB23_LISA"	"Raptor Cliff's"	"-13"	"-13"	"PLAYED"	""	"2"	"182"	"9E255F46BE66426290008238AAB3CF7E0C0DCB66CD99BF7C9DAEBAEE3B0EC105"
"2025 May"	"161"	"Amateur 1"	"26"	"7229"	"Ultrafox_Lynne"	"Raptor Cliff's"	"-11"	"-11"	"PLAYED"	""	"1"	"171"	"9E255F46BE66426290008238AAB3CF7E0C0DCB66CD99BF7C9DAEBAEE3B0EC105"
"2025 May"	"161"	"Amateur 1"	"26"	"7231"	"WendyW(Wyndemere2020)"	"Raptor Cliff's"	"-10"	"-10"	"PLAYED"	""	"0"	"160"	"9E255F46BE66426290008238AAB3CF7E0C0DCB66CD99BF7C9DAEBAEE3B0EC105"
"2025 May"	"161"	"Amateur 1"	"26"	"129"	"Sj_76"	"Raptor Cliff's - Hard"	"-9"	"-9"	"PLAYED"	""	"1"	"201"	"9E255F46BE66426290008238AAB3CF7E0C0DCB66CD99BF7C9DAEBAEE3B0EC105"
"2025 May"	"161"	"Amateur 1"	"26"	"7167"	"Sandtrap"	"Raptor Cliff's - Hard"	"-8"	"-8"	"PLAYED"	""	"2"	"192"	"9E255F46BE66426290008238AAB3CF7E0C0DCB66CD99BF7C9DAEBAEE3B0EC105"
"2025 May"	"161"	"Amateur 1"	"26"	"7188"	"LLABB23_LISA"	"Raptor Cliff's - Hard"	"-3"	"-3"	"PLAYED"	""	"0"	"180"	"9E255F46BE66426290008238AAB3CF7E0C0DCB66CD99BF7C9DAEBAEE3B0EC105"
"2025 May"	"161"	"Amateur 1"	"26"	"7229"	"Ultrafox_Lynne"	"Raptor Cliff's - Hard"	"-1"	"-1"	"PLAYED"	""	"1"	"171"	"9E255F46BE66426290008238AAB3CF7E0C0DCB66CD99BF7C9DAEBAEE3B0EC105"
"2025 May"	"161"	"Amateur 1"	"26"	"7231"	"WendyW(Wyndemere2020)"	"Raptor Cliff's - Hard"	"3"	"3"	"PLAYED"	""	"2"	"162"	"9E255F46BE66426290008238AAB3CF7E0C0DCB66CD99BF7C9DAEBAEE3B0EC105"
"2025 May"	"161"	"Amateur 2"	"27"	"8148"	"musical_atv 🎻"	"Original Gothic"	"-16"	"-16"	"PLAYED"	""	"3"	"203"	"4BA5BB6B73B7E1E7973015D4D164440E0CE022063E6F9E67B5AA9DA9DBE3D162"
"2025 May"	"161"	"Amateur 2"	"27"	"7552"	"IMJOMAMA"	"Original Gothic"	"-15"	"-15"	"PLAYED"	""	"3"	"193"	"4BA5BB6B73B7E1E7973015D4D164440E0CE022063E6F9E67B5AA9DA9DBE3D162"
"2025 May"	"161"	"Amateur 2"	"27"	"8029"	"MAMAGOATZ"	"Original Gothic"	"-15"	"-15"	"PLAYED"	""	"2"	"182"	"4BA5BB6B73B7E1E7973015D4D164440E0CE022063E6F9E67B5AA9DA9DBE3D162"
"2025 May"	"161"	"Amateur 2"	"27"	"8068"	"SavageMom71"	"Original Gothic"	"-8"	"-8"	"PLAYED"	""	"0"	"170"	"4BA5BB6B73B7E1E7973015D4D164440E0CE022063E6F9E67B5AA9DA9DBE3D162"
"2025 May"	"161"	"Amateur 2"	"27"	"7589"	"SMILEROBIN"	"Original Gothic"	"-4"	"-4"	"PLAYED"	""	"1"	"161"	"4BA5BB6B73B7E1E7973015D4D164440E0CE022063E6F9E67B5AA9DA9DBE3D162"
"2025 May"	"161"	"Amateur 2"	"27"	"7552"	"IMJOMAMA"	"Original Gothic Hard"	"-7"	"-7"	"PLAYED"	""	"0"	"200"	"4BA5BB6B73B7E1E7973015D4D164440E0CE022063E6F9E67B5AA9DA9DBE3D162"
"2025 May"	"161"	"Amateur 2"	"27"	"8148"	"musical_atv 🎻"	"Original Gothic Hard"	"-3"	"-3"	"PLAYED"	""	"0"	"190"	"4BA5BB6B73B7E1E7973015D4D164440E0CE022063E6F9E67B5AA9DA9DBE3D162"
"2025 May"	"161"	"Amateur 2"	"27"	"8029"	"MAMAGOATZ"	"Original Gothic Hard"	"-3"	"-3"	"PLAYED"	""	"0"	"190"	"4BA5BB6B73B7E1E7973015D4D164440E0CE022063E6F9E67B5AA9DA9DBE3D162"
"2025 May"	"161"	"Amateur 2"	"27"	"8068"	"SavageMom71"	"Original Gothic Hard"	"-1"	"-1"	"PLAYED"	""	"0"	"170"	"4BA5BB6B73B7E1E7973015D4D164440E0CE022063E6F9E67B5AA9DA9DBE3D162"
"2025 May"	"161"	"Amateur 2"	"27"	"7589"	"SMILEROBIN"	"Original Gothic Hard"	"3"	"3"	"PLAYED"	""	"0"	"160"	"4BA5BB6B73B7E1E7973015D4D164440E0CE022063E6F9E67B5AA9DA9DBE3D162"
"2025 May"	"161"	"Amateur 2"	"27"	"8029"	"MAMAGOATZ"	"Labyrinth"	"-11"	"-11"	"PLAYED"	""	"1"	"201"	"4BA5BB6B73B7E1E7973015D4D164440E0CE022063E6F9E67B5AA9DA9DBE3D162"
"2025 May"	"161"	"Amateur 2"	"27"	"8068"	"SavageMom71"	"Labyrinth"	"-10"	"-10"	"PLAYED"	""	"0"	"190"	"4BA5BB6B73B7E1E7973015D4D164440E0CE022063E6F9E67B5AA9DA9DBE3D162"
"2025 May"	"161"	"Amateur 2"	"27"	"7589"	"SMILEROBIN"	"Labyrinth"	"-8"	"-8"	"PLAYED"	""	"1"	"181"	"4BA5BB6B73B7E1E7973015D4D164440E0CE022063E6F9E67B5AA9DA9DBE3D162"
"2025 May"	"161"	"Amateur 2"	"27"	"8148"	"musical_atv 🎻"	"Labyrinth"	"-8"	"-8"	"PLAYED"	""	"1"	"181"	"4BA5BB6B73B7E1E7973015D4D164440E0CE022063E6F9E67B5AA9DA9DBE3D162"
"2025 May"	"161"	"Amateur 2"	"27"	"7552"	"IMJOMAMA"	"Labyrinth"	"-8"	"-8"	"PLAYED"	""	"0"	"160"	"4BA5BB6B73B7E1E7973015D4D164440E0CE022063E6F9E67B5AA9DA9DBE3D162"
"2025 May"	"161"	"Amateur 2"	"27"	"8029"	"MAMAGOATZ"	"Labyrinth - Hard"	"-7"	"-7"	"PLAYED"	""	"1"	"201"	"4BA5BB6B73B7E1E7973015D4D164440E0CE022063E6F9E67B5AA9DA9DBE3D162"
"2025 May"	"161"	"Amateur 2"	"27"	"8148"	"musical_atv 🎻"	"Labyrinth - Hard"	"-4"	"-4"	"PLAYED"	""	"0"	"190"	"4BA5BB6B73B7E1E7973015D4D164440E0CE022063E6F9E67B5AA9DA9DBE3D162"
"2025 May"	"161"	"Amateur 2"	"27"	"8068"	"SavageMom71"	"Labyrinth - Hard"	"-1"	"-1"	"PLAYED"	""	"0"	"180"	"4BA5BB6B73B7E1E7973015D4D164440E0CE022063E6F9E67B5AA9DA9DBE3D162"
"2025 May"	"161"	"Amateur 2"	"27"	"7589"	"SMILEROBIN"	"Labyrinth - Hard"	"3"	"3"	"PLAYED"	""	"0"	"170"	"4BA5BB6B73B7E1E7973015D4D164440E0CE022063E6F9E67B5AA9DA9DBE3D162"
"2025 May"	"161"	"Amateur 2"	"27"	"7552"	"IMJOMAMA"	"Labyrinth - Hard"	"6"	"6"	"PLAYED"	""	"0"	"160"	"4BA5BB6B73B7E1E7973015D4D164440E0CE022063E6F9E67B5AA9DA9DBE3D162"
"2025 May"	"161"	"Amateur 2"	"27"	"8029"	"MAMAGOATZ"	"Meow Wolf"	"-19"	"-19"	"PLAYED"	""	"1"	"201"	"4BA5BB6B73B7E1E7973015D4D164440E0CE022063E6F9E67B5AA9DA9DBE3D162"
"2025 May"	"161"	"Amateur 2"	"27"	"8148"	"musical_atv 🎻"	"Meow Wolf"	"-14"	"-14"	"PLAYED"	""	"1"	"191"	"4BA5BB6B73B7E1E7973015D4D164440E0CE022063E6F9E67B5AA9DA9DBE3D162"
"2025 May"	"161"	"Amateur 2"	"27"	"8068"	"SavageMom71"	"Meow Wolf"	"-12"	"-12"	"PLAYED"	""	"3"	"183"	"4BA5BB6B73B7E1E7973015D4D164440E0CE022063E6F9E67B5AA9DA9DBE3D162"
"2025 May"	"161"	"Amateur 2"	"27"	"7589"	"SMILEROBIN"	"Meow Wolf"	"-11"	"-11"	"PLAYED"	""	"3"	"173"	"4BA5BB6B73B7E1E7973015D4D164440E0CE022063E6F9E67B5AA9DA9DBE3D162"
"2025 May"	"161"	"Amateur 2"	"27"	"7552"	"IMJOMAMA"	"Meow Wolf"	"-8"	"-8"	"PLAYED"	""	"2"	"162"	"4BA5BB6B73B7E1E7973015D4D164440E0CE022063E6F9E67B5AA9DA9DBE3D162"
"2025 May"	"161"	"Amateur 2"	"27"	"8068"	"SavageMom71"	"Meow Wolf - Hard"	"-13"	"-13"	"PLAYED"	""	"2"	"202"	"4BA5BB6B73B7E1E7973015D4D164440E0CE022063E6F9E67B5AA9DA9DBE3D162"
"2025 May"	"161"	"Amateur 2"	"27"	"8148"	"musical_atv 🎻"	"Meow Wolf - Hard"	"-9"	"-9"	"PLAYED"	""	"2"	"192"	"4BA5BB6B73B7E1E7973015D4D164440E0CE022063E6F9E67B5AA9DA9DBE3D162"
"2025 May"	"161"	"Amateur 2"	"27"	"8029"	"MAMAGOATZ"	"Meow Wolf - Hard"	"-7"	"-7"	"PLAYED"	""	"3"	"183"	"4BA5BB6B73B7E1E7973015D4D164440E0CE022063E6F9E67B5AA9DA9DBE3D162"
"2025 May"	"161"	"Amateur 2"	"27"	"7552"	"IMJOMAMA"	"Meow Wolf - Hard"	"-7"	"-7"	"PLAYED"	""	"1"	"171"	"4BA5BB6B73B7E1E7973015D4D164440E0CE022063E6F9E67B5AA9DA9DBE3D162"
"2025 May"	"161"	"Amateur 2"	"27"	"7589"	"SMILEROBIN"	"Meow Wolf - Hard"	"3"	"3"	"PLAYED"	""	"0"	"160"	"4BA5BB6B73B7E1E7973015D4D164440E0CE022063E6F9E67B5AA9DA9DBE3D162"
"2025 May"	"161"	"Amateur 2"	"27"	"8148"	"musical_atv 🎻"	"Raptor Cliff's"	"-14"	"-14"	"PLAYED"	""	"3"	"203"	"4BA5BB6B73B7E1E7973015D4D164440E0CE022063E6F9E67B5AA9DA9DBE3D162"
"2025 May"	"161"	"Amateur 2"	"27"	"8029"	"MAMAGOATZ"	"Raptor Cliff's"	"-10"	"-10"	"PLAYED"	""	"2"	"192"	"4BA5BB6B73B7E1E7973015D4D164440E0CE022063E6F9E67B5AA9DA9DBE3D162"
"2025 May"	"161"	"Amateur 2"	"27"	"7552"	"IMJOMAMA"	"Raptor Cliff's"	"-3"	"-3"	"PLAYED"	""	"1"	"181"	"4BA5BB6B73B7E1E7973015D4D164440E0CE022063E6F9E67B5AA9DA9DBE3D162"
"2025 May"	"161"	"Amateur 2"	"27"	"8068"	"SavageMom71"	"Raptor Cliff's"	"-2"	"-2"	"PLAYED"	""	"1"	"171"	"4BA5BB6B73B7E1E7973015D4D164440E0CE022063E6F9E67B5AA9DA9DBE3D162"
"2025 May"	"161"	"Amateur 2"	"27"	"7589"	"SMILEROBIN"	"Raptor Cliff's"	"-1"	"-1"	"PLAYED"	""	"1"	"161"	"4BA5BB6B73B7E1E7973015D4D164440E0CE022063E6F9E67B5AA9DA9DBE3D162"
"2025 May"	"161"	"Amateur 2"	"27"	"8029"	"MAMAGOATZ"	"Raptor Cliff's - Hard"	"-3"	"-3"	"PLAYED"	""	"1"	"201"	"4BA5BB6B73B7E1E7973015D4D164440E0CE022063E6F9E67B5AA9DA9DBE3D162"
"2025 May"	"161"	"Amateur 2"	"27"	"8068"	"SavageMom71"	"Raptor Cliff's - Hard"	"1"	"1"	"PLAYED"	""	"0"	"190"	"4BA5BB6B73B7E1E7973015D4D164440E0CE022063E6F9E67B5AA9DA9DBE3D162"
"2025 May"	"161"	"Amateur 2"	"27"	"8148"	"musical_atv 🎻"	"Raptor Cliff's - Hard"	"2"	"2"	"PLAYED"	""	"1"	"181"	"4BA5BB6B73B7E1E7973015D4D164440E0CE022063E6F9E67B5AA9DA9DBE3D162"
"2025 May"	"161"	"Amateur 2"	"27"	"7552"	"IMJOMAMA"	"Raptor Cliff's - Hard"	"4"	"4"	"PLAYED"	""	"0"	"170"	"4BA5BB6B73B7E1E7973015D4D164440E0CE022063E6F9E67B5AA9DA9DBE3D162"
"2025 May"	"161"	"Amateur 2"	"27"	"7589"	"SMILEROBIN"	"Raptor Cliff's - Hard"	"8"	"8"	"PLAYED"	""	"1"	"161"	"4BA5BB6B73B7E1E7973015D4D164440E0CE022063E6F9E67B5AA9DA9DBE3D162"
"2025 May"	"161"	"Amateur 3"	"28"	"7173"	"KillERBee"	"Original Gothic"	"-14"	"-14"	"PLAYED"	""	"2"	"202"	"ADB729A7F5C4B7657BC582C857DCD5C7F0E18352AC7D6E87523FC0E08498BC29"
"2025 May"	"161"	"Amateur 3"	"28"	"7189"	"CHERIE_ROSE"	"Original Gothic"	"-10"	"-10"	"PLAYED"	""	"3"	"193"	"ADB729A7F5C4B7657BC582C857DCD5C7F0E18352AC7D6E87523FC0E08498BC29"
"2025 May"	"161"	"Amateur 3"	"28"	"7173"	"KillERBee"	"Original Gothic Hard"	"-3"	"-3"	"PLAYED"	""	"0"	"200"	"ADB729A7F5C4B7657BC582C857DCD5C7F0E18352AC7D6E87523FC0E08498BC29"
"2025 May"	"161"	"Amateur 3"	"28"	"7554"	"SKEETER78"	"Original Gothic Hard"	"-2"	"-2"	"PLAYED"	""	"0"	"190"	"ADB729A7F5C4B7657BC582C857DCD5C7F0E18352AC7D6E87523FC0E08498BC29"
"2025 May"	"161"	"Amateur 3"	"28"	"7173"	"KillERBee"	"Labyrinth"	"-10"	"-10"	"PLAYED"	""	"1"	"201"	"ADB729A7F5C4B7657BC582C857DCD5C7F0E18352AC7D6E87523FC0E08498BC29"
"2025 May"	"161"	"Amateur 3"	"28"	"7189"	"CHERIE_ROSE"	"Labyrinth"	"-7"	"-7"	"PLAYED"	""	"0"	"190"	"ADB729A7F5C4B7657BC582C857DCD5C7F0E18352AC7D6E87523FC0E08498BC29"
"2025 May"	"161"	"Amateur 3"	"28"	"7189"	"CHERIE_ROSE"	"Labyrinth - Hard"	"0"	"0"	"PLAYED"	""	"0"	"200"	"ADB729A7F5C4B7657BC582C857DCD5C7F0E18352AC7D6E87523FC0E08498BC29"
"2025 May"	"161"	"Amateur 3"	"28"	"7173"	"KillERBee"	"Labyrinth - Hard"	"2"	"2"	"PLAYED"	""	"1"	"191"	"ADB729A7F5C4B7657BC582C857DCD5C7F0E18352AC7D6E87523FC0E08498BC29"
"2025 May"	"161"	"Amateur 3"	"28"	"7554"	"SKEETER78"	"Labyrinth - Hard"	"6"	"6"	"PLAYED"	""	"0"	"180"	"ADB729A7F5C4B7657BC582C857DCD5C7F0E18352AC7D6E87523FC0E08498BC29"
"2025 May"	"161"	"Amateur 3"	"28"	"7173"	"KillERBee"	"Meow Wolf"	"-17"	"-17"	"PLAYED"	""	"4"	"204"	"ADB729A7F5C4B7657BC582C857DCD5C7F0E18352AC7D6E87523FC0E08498BC29"
"2025 May"	"161"	"Amateur 3"	"28"	"8129"	"Bethann"	"Meow Wolf"	"-14"	"-14"	"PLAYED"	""	"4"	"194"	"ADB729A7F5C4B7657BC582C857DCD5C7F0E18352AC7D6E87523FC0E08498BC29"
"2025 May"	"161"	"Amateur 3"	"28"	"7554"	"SKEETER78"	"Meow Wolf"	"-13"	"-13"	"PLAYED"	""	"1"	"181"	"ADB729A7F5C4B7657BC582C857DCD5C7F0E18352AC7D6E87523FC0E08498BC29"
"2025 May"	"161"	"Amateur 3"	"28"	"7189"	"CHERIE_ROSE"	"Meow Wolf"	"-2"	"-2"	"PLAYED"	""	"1"	"171"	"ADB729A7F5C4B7657BC582C857DCD5C7F0E18352AC7D6E87523FC0E08498BC29"
"2025 May"	"161"	"Amateur 3"	"28"	"7189"	"CHERIE_ROSE"	"Meow Wolf - Hard"	"-1"	"-1"	"PLAYED"	""	"2"	"202"	"ADB729A7F5C4B7657BC582C857DCD5C7F0E18352AC7D6E87523FC0E08498BC29"
"2025 May"	"161"	"Amateur 3"	"28"	"7554"	"SKEETER78"	"Meow Wolf - Hard"	"2"	"2"	"PLAYED"	""	"3"	"193"	"ADB729A7F5C4B7657BC582C857DCD5C7F0E18352AC7D6E87523FC0E08498BC29"
"2025 May"	"161"	"Amateur 3"	"28"	"7173"	"KillERBee"	"Meow Wolf - Hard"	"3"	"3"	"PLAYED"	""	"2"	"182"	"ADB729A7F5C4B7657BC582C857DCD5C7F0E18352AC7D6E87523FC0E08498BC29"
"2025 May"	"161"	"Amateur 3"	"28"	"7189"	"CHERIE_ROSE"	"Raptor Cliff's"	"-12"	"-12"	"PLAYED"	""	"1"	"201"	"ADB729A7F5C4B7657BC582C857DCD5C7F0E18352AC7D6E87523FC0E08498BC29"
"2025 May"	"161"	"Amateur 3"	"28"	"7182"	"RUBBERDUCK"	"Raptor Cliff's"	"-11"	"-11"	"PLAYED"	""	"2"	"192"	"ADB729A7F5C4B7657BC582C857DCD5C7F0E18352AC7D6E87523FC0E08498BC29"
"2025 May"	"161"	"Amateur 3"	"28"	"7554"	"SKEETER78"	"Raptor Cliff's"	"-9"	"-9"	"PLAYED"	""	"1"	"181"	"ADB729A7F5C4B7657BC582C857DCD5C7F0E18352AC7D6E87523FC0E08498BC29"
"2025 May"	"161"	"Amateur 3"	"28"	"7173"	"KillERBee"	"Raptor Cliff's"	"-3"	"-3"	"PLAYED"	""	"2"	"172"	"ADB729A7F5C4B7657BC582C857DCD5C7F0E18352AC7D6E87523FC0E08498BC29"
"2025 May"	"161"	"Amateur 3"	"28"	"7182"	"RUBBERDUCK"	"Raptor Cliff's - Hard"	"2"	"2"	"PLAYED"	""	"0"	"200"	"ADB729A7F5C4B7657BC582C857DCD5C7F0E18352AC7D6E87523FC0E08498BC29"
"2025 May"	"161"	"Amateur 3"	"28"	"7173"	"KillERBee"	"Raptor Cliff's - Hard"	"6"	"6"	"PLAYED"	""	"1"	"191"	"ADB729A7F5C4B7657BC582C857DCD5C7F0E18352AC7D6E87523FC0E08498BC29"
"2025 June"	"181"	"Amateur 1"	"26"	"8029"	"MAMAGOATZ"	"Arizona Modern"	"-19"	"-19"	"PLAYED"	""	"2"	"202"	"BB148440B9BB58DDAE29D2873339FC90CEBF8F1C689EB112EEE0AE61E6907C9F"
"2025 June"	"181"	"Amateur 1"	"26"	"8148"	"musical_atv 🎻"	"Arizona Modern"	"-19"	"-19"	"PLAYED"	""	"1"	"191"	"BB148440B9BB58DDAE29D2873339FC90CEBF8F1C689EB112EEE0AE61E6907C9F"
"2025 June"	"181"	"Amateur 1"	"26"	"7229"	"Ultrafox_Lynne"	"Arizona Modern"	"-17"	"-17"	"PLAYED"	""	"2"	"182"	"BB148440B9BB58DDAE29D2873339FC90CEBF8F1C689EB112EEE0AE61E6907C9F"
"2025 June"	"181"	"Amateur 1"	"26"	"8068"	"SavageMom71"	"Arizona Modern"	"-17"	"-17"	"PLAYED"	""	"2"	"182"	"BB148440B9BB58DDAE29D2873339FC90CEBF8F1C689EB112EEE0AE61E6907C9F"
"2025 June"	"181"	"Amateur 1"	"26"	"7231"	"WendyW(Wyndemere2020)"	"Arizona Modern"	"-14"	"-14"	"PLAYED"	""	"1"	"161"	"BB148440B9BB58DDAE29D2873339FC90CEBF8F1C689EB112EEE0AE61E6907C9F"
"2025 June"	"181"	"Amateur 1"	"26"	"8148"	"musical_atv 🎻"	"Arizona Modern Hard"	"-11"	"-11"	"PLAYED"	""	"1"	"201"	"BB148440B9BB58DDAE29D2873339FC90CEBF8F1C689EB112EEE0AE61E6907C9F"
"2025 June"	"181"	"Amateur 1"	"26"	"7229"	"Ultrafox_Lynne"	"Arizona Modern Hard"	"-6"	"-6"	"PLAYED"	""	"0"	"190"	"BB148440B9BB58DDAE29D2873339FC90CEBF8F1C689EB112EEE0AE61E6907C9F"
"2025 June"	"181"	"Amateur 1"	"26"	"8029"	"MAMAGOATZ"	"Arizona Modern Hard"	"-5"	"-5"	"PLAYED"	""	"1"	"181"	"BB148440B9BB58DDAE29D2873339FC90CEBF8F1C689EB112EEE0AE61E6907C9F"
"2025 June"	"181"	"Amateur 1"	"26"	"8068"	"SavageMom71"	"Arizona Modern Hard"	"-4"	"-4"	"PLAYED"	""	"2"	"172"	"BB148440B9BB58DDAE29D2873339FC90CEBF8F1C689EB112EEE0AE61E6907C9F"
"2025 June"	"181"	"Amateur 1"	"26"	"7231"	"WendyW(Wyndemere2020)"	"Arizona Modern Hard"	"2"	"2"	"PLAYED"	""	"0"	"160"	"BB148440B9BB58DDAE29D2873339FC90CEBF8F1C689EB112EEE0AE61E6907C9F"
"2025 June"	"181"	"Amateur 1"	"26"	"7231"	"WendyW(Wyndemere2020)"	"Quixote Valley"	"-15"	"-15"	"PLAYED"	""	"1"	"201"	"BB148440B9BB58DDAE29D2873339FC90CEBF8F1C689EB112EEE0AE61E6907C9F"
"2025 June"	"181"	"Amateur 1"	"26"	"8029"	"MAMAGOATZ"	"Quixote Valley"	"-15"	"-15"	"PLAYED"	""	"0"	"190"	"BB148440B9BB58DDAE29D2873339FC90CEBF8F1C689EB112EEE0AE61E6907C9F"
"2025 June"	"181"	"Amateur 1"	"26"	"8148"	"musical_atv 🎻"	"Quixote Valley"	"-13"	"-13"	"PLAYED"	""	"0"	"180"	"BB148440B9BB58DDAE29D2873339FC90CEBF8F1C689EB112EEE0AE61E6907C9F"
"2025 June"	"181"	"Amateur 1"	"26"	"7229"	"Ultrafox_Lynne"	"Quixote Valley"	"-11"	"-11"	"PLAYED"	""	"1"	"171"	"BB148440B9BB58DDAE29D2873339FC90CEBF8F1C689EB112EEE0AE61E6907C9F"
"2025 June"	"181"	"Amateur 1"	"26"	"8008"	"Fry_Lock"	"Quixote Valley"	"-11"	"-11"	"PLAYED"	""	"0"	"160"	"BB148440B9BB58DDAE29D2873339FC90CEBF8F1C689EB112EEE0AE61E6907C9F"
"2025 June"	"181"	"Amateur 1"	"26"	"8068"	"SavageMom71"	"Quixote Valley"	"-5"	"-5"	"PLAYED"	""	"0"	"150"	"BB148440B9BB58DDAE29D2873339FC90CEBF8F1C689EB112EEE0AE61E6907C9F"
"2025 June"	"181"	"Amateur 1"	"26"	"8008"	"Fry_Lock"	"Quixote Valley Hard"	"-12"	"-12"	"PLAYED"	""	"0"	"200"	"BB148440B9BB58DDAE29D2873339FC90CEBF8F1C689EB112EEE0AE61E6907C9F"
"2025 June"	"181"	"Amateur 1"	"26"	"7231"	"WendyW(Wyndemere2020)"	"Quixote Valley Hard"	"-10"	"-10"	"PLAYED"	""	"2"	"192"	"BB148440B9BB58DDAE29D2873339FC90CEBF8F1C689EB112EEE0AE61E6907C9F"
"2025 June"	"181"	"Amateur 1"	"26"	"7229"	"Ultrafox_Lynne"	"Quixote Valley Hard"	"-4"	"-4"	"PLAYED"	""	"0"	"180"	"BB148440B9BB58DDAE29D2873339FC90CEBF8F1C689EB112EEE0AE61E6907C9F"
"2025 June"	"181"	"Amateur 1"	"26"	"8029"	"MAMAGOATZ"	"Quixote Valley Hard"	"0"	"0"	"PLAYED"	""	"0"	"170"	"BB148440B9BB58DDAE29D2873339FC90CEBF8F1C689EB112EEE0AE61E6907C9F"
"2025 June"	"181"	"Amateur 1"	"26"	"8148"	"musical_atv 🎻"	"Quixote Valley Hard"	"3"	"3"	"PLAYED"	""	"0"	"160"	"BB148440B9BB58DDAE29D2873339FC90CEBF8F1C689EB112EEE0AE61E6907C9F"
"2025 June"	"181"	"Amateur 1"	"26"	"8068"	"SavageMom71"	"Quixote Valley Hard"	"7"	"7"	"PLAYED"	""	"1"	"151"	"BB148440B9BB58DDAE29D2873339FC90CEBF8F1C689EB112EEE0AE61E6907C9F"
"2025 June"	"181"	"Amateur 1"	"26"	"8029"	"MAMAGOATZ"	"Venice"	"-14"	"-14"	"PLAYED"	""	"0"	"200"	"BB148440B9BB58DDAE29D2873339FC90CEBF8F1C689EB112EEE0AE61E6907C9F"
"2025 June"	"181"	"Amateur 1"	"26"	"7231"	"WendyW(Wyndemere2020)"	"Venice"	"-11"	"-11"	"PLAYED"	""	"0"	"190"	"BB148440B9BB58DDAE29D2873339FC90CEBF8F1C689EB112EEE0AE61E6907C9F"
"2025 June"	"181"	"Amateur 1"	"26"	"8068"	"SavageMom71"	"Venice"	"-10"	"-10"	"PLAYED"	""	"0"	"180"	"BB148440B9BB58DDAE29D2873339FC90CEBF8F1C689EB112EEE0AE61E6907C9F"
"2025 June"	"181"	"Amateur 1"	"26"	"7229"	"Ultrafox_Lynne"	"Venice"	"-5"	"-5"	"PLAYED"	""	"0"	"170"	"BB148440B9BB58DDAE29D2873339FC90CEBF8F1C689EB112EEE0AE61E6907C9F"
"2025 June"	"181"	"Amateur 1"	"26"	"8148"	"musical_atv 🎻"	"Venice"	"-3"	"-3"	"PLAYED"	""	"0"	"160"	"BB148440B9BB58DDAE29D2873339FC90CEBF8F1C689EB112EEE0AE61E6907C9F"
"2025 June"	"181"	"Amateur 1"	"26"	"8029"	"MAMAGOATZ"	"Venice - Hard"	"-15"	"-15"	"PLAYED"	""	"1"	"201"	"BB148440B9BB58DDAE29D2873339FC90CEBF8F1C689EB112EEE0AE61E6907C9F"
"2025 June"	"181"	"Amateur 1"	"26"	"7229"	"Ultrafox_Lynne"	"Venice - Hard"	"-1"	"-1"	"PLAYED"	""	"0"	"190"	"BB148440B9BB58DDAE29D2873339FC90CEBF8F1C689EB112EEE0AE61E6907C9F"
"2025 June"	"181"	"Amateur 1"	"26"	"7231"	"WendyW(Wyndemere2020)"	"Venice - Hard"	"-1"	"-1"	"PLAYED"	""	"0"	"190"	"BB148440B9BB58DDAE29D2873339FC90CEBF8F1C689EB112EEE0AE61E6907C9F"
"2025 June"	"181"	"Amateur 1"	"26"	"8148"	"musical_atv 🎻"	"Venice - Hard"	"0"	"0"	"PLAYED"	""	"0"	"170"	"BB148440B9BB58DDAE29D2873339FC90CEBF8F1C689EB112EEE0AE61E6907C9F"
"2025 June"	"181"	"Amateur 1"	"26"	"8068"	"SavageMom71"	"Venice - Hard"	"4"	"4"	"PLAYED"	""	"1"	"161"	"BB148440B9BB58DDAE29D2873339FC90CEBF8F1C689EB112EEE0AE61E6907C9F"
"2025 June"	"181"	"Amateur 1"	"26"	"7231"	"WendyW(Wyndemere2020)"	"Mars Gardens"	"-13"	"-13"	"PLAYED"	""	"0"	"200"	"BB148440B9BB58DDAE29D2873339FC90CEBF8F1C689EB112EEE0AE61E6907C9F"
"2025 June"	"181"	"Amateur 1"	"26"	"8029"	"MAMAGOATZ"	"Mars Gardens"	"-12"	"-12"	"PLAYED"	""	"2"	"192"	"BB148440B9BB58DDAE29D2873339FC90CEBF8F1C689EB112EEE0AE61E6907C9F"
"2025 June"	"181"	"Amateur 1"	"26"	"8148"	"musical_atv 🎻"	"Mars Gardens"	"-12"	"-12"	"PLAYED"	""	"1"	"181"	"BB148440B9BB58DDAE29D2873339FC90CEBF8F1C689EB112EEE0AE61E6907C9F"
"2025 June"	"181"	"Amateur 1"	"26"	"8068"	"SavageMom71"	"Mars Gardens"	"-9"	"-9"	"PLAYED"	""	"1"	"171"	"BB148440B9BB58DDAE29D2873339FC90CEBF8F1C689EB112EEE0AE61E6907C9F"
"2025 June"	"181"	"Amateur 1"	"26"	"8008"	"Fry_Lock"	"Mars Gardens"	"-9"	"-9"	"PLAYED"	""	"0"	"160"	"BB148440B9BB58DDAE29D2873339FC90CEBF8F1C689EB112EEE0AE61E6907C9F"
"2025 June"	"181"	"Amateur 1"	"26"	"7229"	"Ultrafox_Lynne"	"Mars Gardens"	"-9"	"-9"	"PLAYED"	""	"0"	"160"	"BB148440B9BB58DDAE29D2873339FC90CEBF8F1C689EB112EEE0AE61E6907C9F"
"2025 June"	"181"	"Amateur 1"	"26"	"8148"	"musical_atv 🎻"	"Mars Gardens - Hard"	"-8"	"-8"	"PLAYED"	""	"0"	"200"	"BB148440B9BB58DDAE29D2873339FC90CEBF8F1C689EB112EEE0AE61E6907C9F"
"2025 June"	"181"	"Amateur 1"	"26"	"8029"	"MAMAGOATZ"	"Mars Gardens - Hard"	"-5"	"-5"	"PLAYED"	""	"0"	"190"	"BB148440B9BB58DDAE29D2873339FC90CEBF8F1C689EB112EEE0AE61E6907C9F"
"2025 June"	"181"	"Amateur 1"	"26"	"7231"	"WendyW(Wyndemere2020)"	"Mars Gardens - Hard"	"5"	"5"	"PLAYED"	""	"0"	"180"	"BB148440B9BB58DDAE29D2873339FC90CEBF8F1C689EB112EEE0AE61E6907C9F"
"2025 June"	"181"	"Amateur 1"	"26"	"8008"	"Fry_Lock"	"Mars Gardens - Hard"	"6"	"6"	"PLAYED"	""	"0"	"170"	"BB148440B9BB58DDAE29D2873339FC90CEBF8F1C689EB112EEE0AE61E6907C9F"
"2025 June"	"181"	"Amateur 1"	"26"	"7229"	"Ultrafox_Lynne"	"Mars Gardens - Hard"	"6"	"6"	"PLAYED"	""	"0"	"170"	"BB148440B9BB58DDAE29D2873339FC90CEBF8F1C689EB112EEE0AE61E6907C9F"
"2025 June"	"181"	"Amateur 2"	"27"	"7189"	"CHERIE_ROSE"	"Arizona Modern"	"-18"	"-18"	"PLAYED"	""	"2"	"202"	"F2BFF58738566A4BF8FF12DF89895D2BEEAC2F2311B3C73FB9B0DC656F4E8440"
"2025 June"	"181"	"Amateur 2"	"27"	"7589"	"SMILEROBIN"	"Arizona Modern"	"-17"	"-17"	"PLAYED"	""	"2"	"192"	"F2BFF58738566A4BF8FF12DF89895D2BEEAC2F2311B3C73FB9B0DC656F4E8440"
"2025 June"	"181"	"Amateur 2"	"27"	"7173"	"KillERBee"	"Arizona Modern"	"-12"	"-12"	"PLAYED"	""	"1"	"181"	"F2BFF58738566A4BF8FF12DF89895D2BEEAC2F2311B3C73FB9B0DC656F4E8440"
"2025 June"	"181"	"Amateur 2"	"27"	"7173"	"KillERBee"	"Arizona Modern Hard"	"-2"	"-2"	"PLAYED"	""	"2"	"202"	"F2BFF58738566A4BF8FF12DF89895D2BEEAC2F2311B3C73FB9B0DC656F4E8440"
"2025 June"	"181"	"Amateur 2"	"27"	"7589"	"SMILEROBIN"	"Arizona Modern Hard"	"5"	"5"	"PLAYED"	""	"0"	"190"	"F2BFF58738566A4BF8FF12DF89895D2BEEAC2F2311B3C73FB9B0DC656F4E8440"
"2025 June"	"181"	"Amateur 2"	"27"	"7554"	"SKEETER78"	"Arizona Modern Hard"	"6"	"6"	"PLAYED"	""	"0"	"180"	"F2BFF58738566A4BF8FF12DF89895D2BEEAC2F2311B3C73FB9B0DC656F4E8440"
"2025 June"	"181"	"Amateur 2"	"27"	"7173"	"KillERBee"	"Quixote Valley"	"-11"	"-11"	"PLAYED"	""	"1"	"201"	"F2BFF58738566A4BF8FF12DF89895D2BEEAC2F2311B3C73FB9B0DC656F4E8440"
"2025 June"	"181"	"Amateur 2"	"27"	"7554"	"SKEETER78"	"Quixote Valley"	"-9"	"-9"	"PLAYED"	""	"0"	"190"	"F2BFF58738566A4BF8FF12DF89895D2BEEAC2F2311B3C73FB9B0DC656F4E8440"
"2025 June"	"181"	"Amateur 2"	"27"	"7173"	"KillERBee"	"Quixote Valley Hard"	"-3"	"-3"	"PLAYED"	""	"1"	"201"	"F2BFF58738566A4BF8FF12DF89895D2BEEAC2F2311B3C73FB9B0DC656F4E8440"
"2025 June"	"181"	"Amateur 2"	"27"	"7173"	"KillERBee"	"Venice"	"-8"	"-8"	"PLAYED"	""	"0"	"200"	"F2BFF58738566A4BF8FF12DF89895D2BEEAC2F2311B3C73FB9B0DC656F4E8440"
"2025 June"	"181"	"Amateur 2"	"27"	"7173"	"KillERBee"	"Venice - Hard"	"-5"	"-5"	"PLAYED"	""	"0"	"200"	"F2BFF58738566A4BF8FF12DF89895D2BEEAC2F2311B3C73FB9B0DC656F4E8440"
"2025 June"	"181"	"Amateur 2"	"27"	"7554"	"SKEETER78"	"Mars Gardens"	"-15"	"-15"	"PLAYED"	""	"0"	"200"	"F2BFF58738566A4BF8FF12DF89895D2BEEAC2F2311B3C73FB9B0DC656F4E8440"
"2025 June"	"181"	"Amateur 2"	"27"	"7173"	"KillERBee"	"Mars Gardens"	"-10"	"-10"	"PLAYED"	""	"2"	"192"	"F2BFF58738566A4BF8FF12DF89895D2BEEAC2F2311B3C73FB9B0DC656F4E8440"
"2025 June"	"181"	"Amateur 2"	"27"	"7589"	"SMILEROBIN"	"Mars Gardens"	"-9"	"-9"	"PLAYED"	""	"0"	"180"	"F2BFF58738566A4BF8FF12DF89895D2BEEAC2F2311B3C73FB9B0DC656F4E8440"
"2025 June"	"181"	"Amateur 2"	"27"	"7552"	"IMJOMAMA"	"Mars Gardens"	"-8"	"-8"	"PLAYED"	""	"0"	"170"	"F2BFF58738566A4BF8FF12DF89895D2BEEAC2F2311B3C73FB9B0DC656F4E8440"
"2025 June"	"181"	"Amateur 2"	"27"	"7552"	"IMJOMAMA"	"Mars Gardens - Hard"	"2"	"2"	"PLAYED"	""	"0"	"200"	"F2BFF58738566A4BF8FF12DF89895D2BEEAC2F2311B3C73FB9B0DC656F4E8440"
"2025 June"	"181"	"Amateur 2"	"27"	"7173"	"KillERBee"	"Mars Gardens - Hard"	"3"	"3"	"PLAYED"	""	"0"	"190"	"F2BFF58738566A4BF8FF12DF89895D2BEEAC2F2311B3C73FB9B0DC656F4E8440"
"2025 June"	"181"	"Amateur 2"	"27"	"7589"	"SMILEROBIN"	"Mars Gardens - Hard"	"4"	"4"	"PLAYED"	""	"0"	"180"	"F2BFF58738566A4BF8FF12DF89895D2BEEAC2F2311B3C73FB9B0DC656F4E8440"
"2025 June"	"181"	"Amateur 3"	"28"	"8234"	"TILTBOMB"	"Arizona Modern"	"-26"	"-26"	"PLAYED"	""	"2"	"202"	"58E950FA2C445B3ECC4D3C2A17E0943951F4AD4F412D263157370C0BC488642E"
"2025 June"	"181"	"Amateur 3"	"28"	"8268"	"Raccoons Whisker"	"Arizona Modern"	"-24"	"-24"	"PLAYED"	""	"0"	"190"	"58E950FA2C445B3ECC4D3C2A17E0943951F4AD4F412D263157370C0BC488642E"
"2025 June"	"181"	"Amateur 3"	"28"	"7182"	"RUBBERDUCK"	"Arizona Modern"	"-20"	"-20"	"PLAYED"	""	"1"	"181"	"58E950FA2C445B3ECC4D3C2A17E0943951F4AD4F412D263157370C0BC488642E"
"2025 June"	"181"	"Amateur 3"	"28"	"8129"	"Bethann"	"Arizona Modern"	"-17"	"-17"	"PLAYED"	""	"1"	"171"	"58E950FA2C445B3ECC4D3C2A17E0943951F4AD4F412D263157370C0BC488642E"
"2025 June"	"181"	"Amateur 3"	"28"	"8310"	"sirtacoman13"	"Arizona Modern"	"0"	"0"	"PLAYED"	""	"0"	"160"	"58E950FA2C445B3ECC4D3C2A17E0943951F4AD4F412D263157370C0BC488642E"
"2025 June"	"181"	"Amateur 3"	"28"	"8268"	"Raccoons Whisker"	"Arizona Modern Hard"	"-16"	"-16"	"PLAYED"	""	"0"	"200"	"58E950FA2C445B3ECC4D3C2A17E0943951F4AD4F412D263157370C0BC488642E"
"2025 June"	"181"	"Amateur 3"	"28"	"8234"	"TILTBOMB"	"Arizona Modern Hard"	"-15"	"-15"	"PLAYED"	""	"1"	"191"	"58E950FA2C445B3ECC4D3C2A17E0943951F4AD4F412D263157370C0BC488642E"
"2025 June"	"181"	"Amateur 3"	"28"	"7182"	"RUBBERDUCK"	"Arizona Modern Hard"	"-13"	"-13"	"PLAYED"	""	"2"	"182"	"58E950FA2C445B3ECC4D3C2A17E0943951F4AD4F412D263157370C0BC488642E"
"2025 June"	"181"	"Amateur 3"	"28"	"8310"	"sirtacoman13"	"Arizona Modern Hard"	"-12"	"-12"	"PLAYED"	""	"0"	"170"	"58E950FA2C445B3ECC4D3C2A17E0943951F4AD4F412D263157370C0BC488642E"
"2025 June"	"181"	"Amateur 3"	"28"	"8129"	"Bethann"	"Arizona Modern Hard"	"0"	"0"	"PLAYED"	""	"0"	"160"	"58E950FA2C445B3ECC4D3C2A17E0943951F4AD4F412D263157370C0BC488642E"
"2025 June"	"181"	"Amateur 3"	"28"	"8234"	"TILTBOMB"	"Quixote Valley"	"-11"	"-11"	"PLAYED"	""	"0"	"200"	"58E950FA2C445B3ECC4D3C2A17E0943951F4AD4F412D263157370C0BC488642E"
"2025 June"	"181"	"Amateur 3"	"28"	"8268"	"Raccoons Whisker"	"Quixote Valley"	"-10"	"-10"	"PLAYED"	""	"0"	"190"	"58E950FA2C445B3ECC4D3C2A17E0943951F4AD4F412D263157370C0BC488642E"
"2025 June"	"181"	"Amateur 3"	"28"	"7182"	"RUBBERDUCK"	"Quixote Valley"	"-5"	"-5"	"PLAYED"	""	"0"	"180"	"58E950FA2C445B3ECC4D3C2A17E0943951F4AD4F412D263157370C0BC488642E"
"2025 June"	"181"	"Amateur 3"	"28"	"8234"	"TILTBOMB"	"Quixote Valley Hard"	"-9"	"-9"	"PLAYED"	""	"0"	"200"	"58E950FA2C445B3ECC4D3C2A17E0943951F4AD4F412D263157370C0BC488642E"
"2025 June"	"181"	"Amateur 3"	"28"	"7182"	"RUBBERDUCK"	"Quixote Valley Hard"	"-5"	"-5"	"PLAYED"	""	"2"	"192"	"58E950FA2C445B3ECC4D3C2A17E0943951F4AD4F412D263157370C0BC488642E"
"2025 June"	"181"	"Amateur 3"	"28"	"8268"	"Raccoons Whisker"	"Quixote Valley Hard"	"-3"	"-3"	"PLAYED"	""	"0"	"180"	"58E950FA2C445B3ECC4D3C2A17E0943951F4AD4F412D263157370C0BC488642E"
"2025 June"	"181"	"Amateur 3"	"28"	"8268"	"Raccoons Whisker"	"Venice"	"-14"	"-14"	"PLAYED"	""	"0"	"200"	"58E950FA2C445B3ECC4D3C2A17E0943951F4AD4F412D263157370C0BC488642E"
"2025 June"	"181"	"Amateur 3"	"28"	"8234"	"TILTBOMB"	"Venice"	"-13"	"-13"	"PLAYED"	""	"0"	"190"	"58E950FA2C445B3ECC4D3C2A17E0943951F4AD4F412D263157370C0BC488642E"
"2025 June"	"181"	"Amateur 3"	"28"	"8310"	"sirtacoman13"	"Venice"	"-4"	"-4"	"PLAYED"	""	"1"	"181"	"58E950FA2C445B3ECC4D3C2A17E0943951F4AD4F412D263157370C0BC488642E"
"2025 June"	"181"	"Amateur 3"	"28"	"8268"	"Raccoons Whisker"	"Venice - Hard"	"-14"	"-14"	"PLAYED"	""	"2"	"202"	"58E950FA2C445B3ECC4D3C2A17E0943951F4AD4F412D263157370C0BC488642E"
"2025 June"	"181"	"Amateur 3"	"28"	"8234"	"TILTBOMB"	"Venice - Hard"	"2"	"2"	"PLAYED"	""	"0"	"190"	"58E950FA2C445B3ECC4D3C2A17E0943951F4AD4F412D263157370C0BC488642E"
"2025 June"	"181"	"Amateur 3"	"28"	"8310"	"sirtacoman13"	"Venice - Hard"	"9"	"9"	"PLAYED"	""	"0"	"180"	"58E950FA2C445B3ECC4D3C2A17E0943951F4AD4F412D263157370C0BC488642E"
"2025 June"	"181"	"Amateur 3"	"28"	"8310"	"sirtacoman13"	"Mars Gardens"	"-17"	"-17"	"PLAYED"	""	"2"	"202"	"58E950FA2C445B3ECC4D3C2A17E0943951F4AD4F412D263157370C0BC488642E"
"2025 June"	"181"	"Amateur 3"	"28"	"7182"	"RUBBERDUCK"	"Mars Gardens"	"-16"	"-16"	"PLAYED"	""	"0"	"190"	"58E950FA2C445B3ECC4D3C2A17E0943951F4AD4F412D263157370C0BC488642E"
"2025 June"	"181"	"Amateur 3"	"28"	"8268"	"Raccoons Whisker"	"Mars Gardens"	"-15"	"-15"	"PLAYED"	""	"0"	"180"	"58E950FA2C445B3ECC4D3C2A17E0943951F4AD4F412D263157370C0BC488642E"
"2025 June"	"181"	"Amateur 3"	"28"	"8129"	"Bethann"	"Mars Gardens"	"-12"	"-12"	"PLAYED"	""	"1"	"171"	"58E950FA2C445B3ECC4D3C2A17E0943951F4AD4F412D263157370C0BC488642E"
"2025 June"	"181"	"Amateur 3"	"28"	"8234"	"TILTBOMB"	"Mars Gardens"	"-11"	"-11"	"PLAYED"	""	"2"	"162"	"58E950FA2C445B3ECC4D3C2A17E0943951F4AD4F412D263157370C0BC488642E"
"2025 June"	"181"	"Amateur 3"	"28"	"8268"	"Raccoons Whisker"	"Mars Gardens - Hard"	"-14"	"-14"	"PLAYED"	""	"0"	"200"	"58E950FA2C445B3ECC4D3C2A17E0943951F4AD4F412D263157370C0BC488642E"
"2025 June"	"181"	"Amateur 3"	"28"	"8234"	"TILTBOMB"	"Mars Gardens - Hard"	"-9"	"-9"	"PLAYED"	""	"1"	"191"	"58E950FA2C445B3ECC4D3C2A17E0943951F4AD4F412D263157370C0BC488642E"
"2025 June"	"181"	"Amateur 3"	"28"	"8310"	"sirtacoman13"	"Mars Gardens - Hard"	"-5"	"-5"	"PLAYED"	""	"0"	"180"	"58E950FA2C445B3ECC4D3C2A17E0943951F4AD4F412D263157370C0BC488642E"
"2025 June"	"181"	"Amateur 3"	"28"	"7182"	"RUBBERDUCK"	"Mars Gardens - Hard"	"-2"	"-2"	"PLAYED"	""	"0"	"170"	"58E950FA2C445B3ECC4D3C2A17E0943951F4AD4F412D263157370C0BC488642E"
"2025 June"	"181"	"Amateur 3"	"28"	"8129"	"Bethann"	"Mars Gardens - Hard"	"-2"	"-2"	"PLAYED"	""	"0"	"170"	"58E950FA2C445B3ECC4D3C2A17E0943951F4AD4F412D263157370C0BC488642E"
"2025 July"	"201"	"Amateur 1"	"26"	"7173"	"KillERBee"	"Bogey's Bonanza"	"-18"	"-18"	"PLAYED"	""	"1"	"201"	"764C44BA241AB97C10C2D6A891AC50EFA5655A58B23306389B8020C0DA54C54B"
"2025 July"	"201"	"Amateur 1"	"26"	"7229"	"Ultrafox_Lynne"	"Bogey's Bonanza"	"-16"	"-16"	"PLAYED"	""	"0"	"190"	"764C44BA241AB97C10C2D6A891AC50EFA5655A58B23306389B8020C0DA54C54B"
"2025 July"	"201"	"Amateur 1"	"26"	"8068"	"SavageMom71"	"Bogey's Bonanza"	"-8"	"-8"	"PLAYED"	""	"1"	"181"	"764C44BA241AB97C10C2D6A891AC50EFA5655A58B23306389B8020C0DA54C54B"
"2025 July"	"201"	"Amateur 1"	"26"	"7589"	"SMILEROBIN"	"Bogey's Bonanza"	"-5"	"-5"	"PLAYED"	""	"1"	"171"	"764C44BA241AB97C10C2D6A891AC50EFA5655A58B23306389B8020C0DA54C54B"
"2025 July"	"201"	"Amateur 1"	"26"	"7173"	"KillERBee"	"Bogey's Bonanza Hard"	"-14"	"-14"	"PLAYED"	""	"0"	"200"	"764C44BA241AB97C10C2D6A891AC50EFA5655A58B23306389B8020C0DA54C54B"
"2025 July"	"201"	"Amateur 1"	"26"	"8068"	"SavageMom71"	"Bogey's Bonanza Hard"	"-11"	"-11"	"PLAYED"	""	"2"	"192"	"764C44BA241AB97C10C2D6A891AC50EFA5655A58B23306389B8020C0DA54C54B"
"2025 July"	"201"	"Amateur 1"	"26"	"7229"	"Ultrafox_Lynne"	"Bogey's Bonanza Hard"	"-5"	"-5"	"PLAYED"	""	"2"	"182"	"764C44BA241AB97C10C2D6A891AC50EFA5655A58B23306389B8020C0DA54C54B"
"2025 July"	"201"	"Amateur 1"	"26"	"7589"	"SMILEROBIN"	"Bogey's Bonanza Hard"	"-3"	"-3"	"PLAYED"	""	"1"	"171"	"764C44BA241AB97C10C2D6A891AC50EFA5655A58B23306389B8020C0DA54C54B"
"2025 July"	"201"	"Amateur 1"	"26"	"8008"	"Fry_Lock"	"Upside Town"	"-10"	"-10"	"PLAYED"	""	"0"	"200"	"764C44BA241AB97C10C2D6A891AC50EFA5655A58B23306389B8020C0DA54C54B"
"2025 July"	"201"	"Amateur 1"	"26"	"7589"	"SMILEROBIN"	"Upside Town"	"-9"	"-9"	"PLAYED"	""	"0"	"190"	"764C44BA241AB97C10C2D6A891AC50EFA5655A58B23306389B8020C0DA54C54B"
"2025 July"	"201"	"Amateur 1"	"26"	"8068"	"SavageMom71"	"Upside Town"	"-7"	"-7"	"PLAYED"	""	"0"	"180"	"764C44BA241AB97C10C2D6A891AC50EFA5655A58B23306389B8020C0DA54C54B"
"2025 July"	"201"	"Amateur 1"	"26"	"7229"	"Ultrafox_Lynne"	"Upside Town"	"-5"	"-5"	"PLAYED"	""	"0"	"170"	"764C44BA241AB97C10C2D6A891AC50EFA5655A58B23306389B8020C0DA54C54B"
"2025 July"	"201"	"Amateur 1"	"26"	"7173"	"KillERBee"	"Upside Town"	"-4"	"-4"	"PLAYED"	""	"0"	"160"	"764C44BA241AB97C10C2D6A891AC50EFA5655A58B23306389B8020C0DA54C54B"
"2025 July"	"201"	"Amateur 1"	"26"	"8068"	"SavageMom71"	"Upside Town - Hard"	"-10"	"-10"	"PLAYED"	""	"1"	"201"	"764C44BA241AB97C10C2D6A891AC50EFA5655A58B23306389B8020C0DA54C54B"
"2025 July"	"201"	"Amateur 1"	"26"	"7173"	"KillERBee"	"Upside Town - Hard"	"-8"	"-8"	"PLAYED"	""	"1"	"191"	"764C44BA241AB97C10C2D6A891AC50EFA5655A58B23306389B8020C0DA54C54B"
"2025 July"	"201"	"Amateur 1"	"26"	"8008"	"Fry_Lock"	"Upside Town - Hard"	"-7"	"-7"	"PLAYED"	""	"0"	"180"	"764C44BA241AB97C10C2D6A891AC50EFA5655A58B23306389B8020C0DA54C54B"
"2025 July"	"201"	"Amateur 1"	"26"	"7589"	"SMILEROBIN"	"Upside Town - Hard"	"-3"	"-3"	"PLAYED"	""	"1"	"171"	"764C44BA241AB97C10C2D6A891AC50EFA5655A58B23306389B8020C0DA54C54B"
"2025 July"	"201"	"Amateur 1"	"26"	"7229"	"Ultrafox_Lynne"	"Upside Town - Hard"	"0"	"0"	"PLAYED"	""	"1"	"161"	"764C44BA241AB97C10C2D6A891AC50EFA5655A58B23306389B8020C0DA54C54B"
"2025 July"	"201"	"Amateur 1"	"26"	"7589"	"SMILEROBIN"	"Journey to the Center of the Earth"	"-11"	"-11"	"PLAYED"	""	"3"	"203"	"764C44BA241AB97C10C2D6A891AC50EFA5655A58B23306389B8020C0DA54C54B"
"2025 July"	"201"	"Amateur 1"	"26"	"8068"	"SavageMom71"	"Journey to the Center of the Earth"	"-11"	"-11"	"PLAYED"	""	"2"	"192"	"764C44BA241AB97C10C2D6A891AC50EFA5655A58B23306389B8020C0DA54C54B"
"2025 July"	"201"	"Amateur 1"	"26"	"7173"	"KillERBee"	"Journey to the Center of the Earth"	"-11"	"-11"	"PLAYED"	""	"1"	"181"	"764C44BA241AB97C10C2D6A891AC50EFA5655A58B23306389B8020C0DA54C54B"
"2025 July"	"201"	"Amateur 1"	"26"	"7229"	"Ultrafox_Lynne"	"Journey to the Center of the Earth"	"-9"	"-9"	"PLAYED"	""	"1"	"171"	"764C44BA241AB97C10C2D6A891AC50EFA5655A58B23306389B8020C0DA54C54B"
"2025 July"	"201"	"Amateur 1"	"26"	"7589"	"SMILEROBIN"	"Center of the Earth - Hard"	"-5"	"-5"	"PLAYED"	""	"0"	"200"	"764C44BA241AB97C10C2D6A891AC50EFA5655A58B23306389B8020C0DA54C54B"
"2025 July"	"201"	"Amateur 1"	"26"	"8068"	"SavageMom71"	"Center of the Earth - Hard"	"-4"	"-4"	"PLAYED"	""	"1"	"191"	"764C44BA241AB97C10C2D6A891AC50EFA5655A58B23306389B8020C0DA54C54B"
"2025 July"	"201"	"Amateur 1"	"26"	"7173"	"KillERBee"	"Center of the Earth - Hard"	"0"	"0"	"PLAYED"	""	"1"	"181"	"764C44BA241AB97C10C2D6A891AC50EFA5655A58B23306389B8020C0DA54C54B"
"2025 July"	"201"	"Amateur 1"	"26"	"7229"	"Ultrafox_Lynne"	"Center of the Earth - Hard"	"2"	"2"	"PLAYED"	""	"0"	"170"	"764C44BA241AB97C10C2D6A891AC50EFA5655A58B23306389B8020C0DA54C54B"
"2025 July"	"201"	"Amateur 1"	"26"	"7173"	"KillERBee"	"Crystal Lair"	"-8"	"-8"	"PLAYED"	""	"2"	"202"	"764C44BA241AB97C10C2D6A891AC50EFA5655A58B23306389B8020C0DA54C54B"
"2025 July"	"201"	"Amateur 1"	"26"	"8068"	"SavageMom71"	"Crystal Lair"	"-8"	"-8"	"PLAYED"	""	"0"	"190"	"764C44BA241AB97C10C2D6A891AC50EFA5655A58B23306389B8020C0DA54C54B"
"2025 July"	"201"	"Amateur 1"	"26"	"7229"	"Ultrafox_Lynne"	"Crystal Lair"	"-5"	"-5"	"PLAYED"	""	"1"	"181"	"764C44BA241AB97C10C2D6A891AC50EFA5655A58B23306389B8020C0DA54C54B"
"2025 July"	"201"	"Amateur 1"	"26"	"7589"	"SMILEROBIN"	"Crystal Lair"	"-4"	"-4"	"PLAYED"	""	"1"	"171"	"764C44BA241AB97C10C2D6A891AC50EFA5655A58B23306389B8020C0DA54C54B"
"2025 July"	"201"	"Amateur 1"	"26"	"7173"	"KillERBee"	"Crystal Lair - Hard"	"-2"	"-2"	"PLAYED"	""	"1"	"201"	"764C44BA241AB97C10C2D6A891AC50EFA5655A58B23306389B8020C0DA54C54B"
"2025 July"	"201"	"Amateur 1"	"26"	"7589"	"SMILEROBIN"	"Crystal Lair - Hard"	"1"	"1"	"PLAYED"	""	"1"	"191"	"764C44BA241AB97C10C2D6A891AC50EFA5655A58B23306389B8020C0DA54C54B"
"2025 July"	"201"	"Amateur 1"	"26"	"8068"	"SavageMom71"	"Crystal Lair - Hard"	"6"	"6"	"PLAYED"	""	"0"	"180"	"764C44BA241AB97C10C2D6A891AC50EFA5655A58B23306389B8020C0DA54C54B"
"2025 July"	"201"	"Amateur 1"	"26"	"7229"	"Ultrafox_Lynne"	"Crystal Lair - Hard"	"6"	"6"	"PLAYED"	""	"0"	"180"	"764C44BA241AB97C10C2D6A891AC50EFA5655A58B23306389B8020C0DA54C54B"
"2025 July"	"201"	"Amateur 2"	"27"	"8268"	"Raccoons Whisker"	"Bogey's Bonanza"	"-19"	"-19"	"PLAYED"	""	"1"	"201"	"36C2277EFF3D033914BEB0FAA0C5EB2C07AE0EF51F496289789B9DD59E5F8F07"
"2025 July"	"201"	"Amateur 2"	"27"	"8234"	"TILTBOMB"	"Bogey's Bonanza"	"-17"	"-17"	"PLAYED"	""	"3"	"193"	"36C2277EFF3D033914BEB0FAA0C5EB2C07AE0EF51F496289789B9DD59E5F8F07"
"2025 July"	"201"	"Amateur 2"	"27"	"7552"	"IMJOMAMA"	"Bogey's Bonanza"	"-12"	"-12"	"PLAYED"	""	"2"	"182"	"36C2277EFF3D033914BEB0FAA0C5EB2C07AE0EF51F496289789B9DD59E5F8F07"
"2025 July"	"201"	"Amateur 2"	"27"	"8388"	"Heisenberg"	"Bogey's Bonanza"	"-12"	"-12"	"PLAYED"	""	"0"	"170"	"36C2277EFF3D033914BEB0FAA0C5EB2C07AE0EF51F496289789B9DD59E5F8F07"
"2025 July"	"201"	"Amateur 2"	"27"	"8129"	"Bethann"	"Bogey's Bonanza"	"-4"	"-4"	"PLAYED"	""	"1"	"161"	"36C2277EFF3D033914BEB0FAA0C5EB2C07AE0EF51F496289789B9DD59E5F8F07"
"2025 July"	"201"	"Amateur 2"	"27"	"7552"	"IMJOMAMA"	"Bogey's Bonanza Hard"	"-5"	"-5"	"PLAYED"	""	"2"	"202"	"36C2277EFF3D033914BEB0FAA0C5EB2C07AE0EF51F496289789B9DD59E5F8F07"
"2025 July"	"201"	"Amateur 2"	"27"	"8268"	"Raccoons Whisker"	"Bogey's Bonanza Hard"	"-3"	"-3"	"PLAYED"	""	"2"	"192"	"36C2277EFF3D033914BEB0FAA0C5EB2C07AE0EF51F496289789B9DD59E5F8F07"
"2025 July"	"201"	"Amateur 2"	"27"	"8129"	"Bethann"	"Bogey's Bonanza Hard"	"1"	"1"	"PLAYED"	""	"0"	"180"	"36C2277EFF3D033914BEB0FAA0C5EB2C07AE0EF51F496289789B9DD59E5F8F07"
"2025 July"	"201"	"Amateur 2"	"27"	"8388"	"Heisenberg"	"Bogey's Bonanza Hard"	"5"	"5"	"PLAYED"	""	"0"	"170"	"36C2277EFF3D033914BEB0FAA0C5EB2C07AE0EF51F496289789B9DD59E5F8F07"
"2025 July"	"201"	"Amateur 2"	"27"	"8234"	"TILTBOMB"	"Upside Town"	"-13"	"-13"	"PLAYED"	""	"1"	"201"	"36C2277EFF3D033914BEB0FAA0C5EB2C07AE0EF51F496289789B9DD59E5F8F07"
"2025 July"	"201"	"Amateur 2"	"27"	"8268"	"Raccoons Whisker"	"Upside Town"	"-11"	"-11"	"PLAYED"	""	"0"	"190"	"36C2277EFF3D033914BEB0FAA0C5EB2C07AE0EF51F496289789B9DD59E5F8F07"
"2025 July"	"201"	"Amateur 2"	"27"	"8129"	"Bethann"	"Upside Town"	"-9"	"-9"	"PLAYED"	""	"1"	"181"	"36C2277EFF3D033914BEB0FAA0C5EB2C07AE0EF51F496289789B9DD59E5F8F07"
"2025 July"	"201"	"Amateur 2"	"27"	"7552"	"IMJOMAMA"	"Upside Town"	"-9"	"-9"	"PLAYED"	""	"0"	"170"	"36C2277EFF3D033914BEB0FAA0C5EB2C07AE0EF51F496289789B9DD59E5F8F07"
"2025 July"	"201"	"Amateur 2"	"27"	"8388"	"Heisenberg"	"Upside Town"	"-1"	"-1"	"PLAYED"	""	"1"	"161"	"36C2277EFF3D033914BEB0FAA0C5EB2C07AE0EF51F496289789B9DD59E5F8F07"
"2025 July"	"201"	"Amateur 2"	"27"	"8268"	"Raccoons Whisker"	"Upside Town - Hard"	"2"	"2"	"PLAYED"	""	"0"	"200"	"36C2277EFF3D033914BEB0FAA0C5EB2C07AE0EF51F496289789B9DD59E5F8F07"
"2025 July"	"201"	"Amateur 2"	"27"	"8388"	"Heisenberg"	"Upside Town - Hard"	"6"	"6"	"PLAYED"	""	"0"	"190"	"36C2277EFF3D033914BEB0FAA0C5EB2C07AE0EF51F496289789B9DD59E5F8F07"
"2025 July"	"201"	"Amateur 2"	"27"	"8129"	"Bethann"	"Upside Town - Hard"	"9"	"9"	"PLAYED"	""	"0"	"180"	"36C2277EFF3D033914BEB0FAA0C5EB2C07AE0EF51F496289789B9DD59E5F8F07"
"2025 July"	"201"	"Amateur 2"	"27"	"7552"	"IMJOMAMA"	"Upside Town - Hard"	"9"	"9"	"PLAYED"	""	"0"	"180"	"36C2277EFF3D033914BEB0FAA0C5EB2C07AE0EF51F496289789B9DD59E5F8F07"
"2025 July"	"201"	"Amateur 2"	"27"	"8268"	"Raccoons Whisker"	"Journey to the Center of the Earth"	"-18"	"-18"	"PLAYED"	""	"2"	"202"	"36C2277EFF3D033914BEB0FAA0C5EB2C07AE0EF51F496289789B9DD59E5F8F07"
"2025 July"	"201"	"Amateur 2"	"27"	"7552"	"IMJOMAMA"	"Journey to the Center of the Earth"	"-12"	"-12"	"PLAYED"	""	"1"	"191"	"36C2277EFF3D033914BEB0FAA0C5EB2C07AE0EF51F496289789B9DD59E5F8F07"
"2025 July"	"201"	"Amateur 2"	"27"	"8129"	"Bethann"	"Journey to the Center of the Earth"	"-7"	"-7"	"PLAYED"	""	"0"	"180"	"36C2277EFF3D033914BEB0FAA0C5EB2C07AE0EF51F496289789B9DD59E5F8F07"
"2025 July"	"201"	"Amateur 2"	"27"	"8388"	"Heisenberg"	"Journey to the Center of the Earth"	"-4"	"-4"	"PLAYED"	""	"0"	"170"	"36C2277EFF3D033914BEB0FAA0C5EB2C07AE0EF51F496289789B9DD59E5F8F07"
"2025 July"	"201"	"Amateur 2"	"27"	"8268"	"Raccoons Whisker"	"Center of the Earth - Hard"	"-11"	"-11"	"PLAYED"	""	"0"	"200"	"36C2277EFF3D033914BEB0FAA0C5EB2C07AE0EF51F496289789B9DD59E5F8F07"
"2025 July"	"201"	"Amateur 2"	"27"	"7552"	"IMJOMAMA"	"Center of the Earth - Hard"	"-8"	"-8"	"PLAYED"	""	"0"	"190"	"36C2277EFF3D033914BEB0FAA0C5EB2C07AE0EF51F496289789B9DD59E5F8F07"
"2025 July"	"201"	"Amateur 2"	"27"	"8388"	"Heisenberg"	"Center of the Earth - Hard"	"-2"	"-2"	"PLAYED"	""	"0"	"180"	"36C2277EFF3D033914BEB0FAA0C5EB2C07AE0EF51F496289789B9DD59E5F8F07"
"2025 July"	"201"	"Amateur 2"	"27"	"8129"	"Bethann"	"Center of the Earth - Hard"	"3"	"3"	"PLAYED"	""	"0"	"170"	"36C2277EFF3D033914BEB0FAA0C5EB2C07AE0EF51F496289789B9DD59E5F8F07"
"2025 July"	"201"	"Amateur 2"	"27"	"8268"	"Raccoons Whisker"	"Crystal Lair"	"-13"	"-13"	"PLAYED"	""	"2"	"202"	"36C2277EFF3D033914BEB0FAA0C5EB2C07AE0EF51F496289789B9DD59E5F8F07"
"2025 July"	"201"	"Amateur 2"	"27"	"7552"	"IMJOMAMA"	"Crystal Lair"	"-13"	"-13"	"PLAYED"	""	"2"	"202"	"36C2277EFF3D033914BEB0FAA0C5EB2C07AE0EF51F496289789B9DD59E5F8F07"
"2025 July"	"201"	"Amateur 2"	"27"	"8234"	"TILTBOMB"	"Crystal Lair"	"-7"	"-7"	"PLAYED"	""	"2"	"182"	"36C2277EFF3D033914BEB0FAA0C5EB2C07AE0EF51F496289789B9DD59E5F8F07"
"2025 July"	"201"	"Amateur 2"	"27"	"8129"	"Bethann"	"Crystal Lair"	"-7"	"-7"	"PLAYED"	""	"0"	"170"	"36C2277EFF3D033914BEB0FAA0C5EB2C07AE0EF51F496289789B9DD59E5F8F07"
"2025 July"	"201"	"Amateur 2"	"27"	"8388"	"Heisenberg"	"Crystal Lair"	"-3"	"-3"	"PLAYED"	""	"1"	"161"	"36C2277EFF3D033914BEB0FAA0C5EB2C07AE0EF51F496289789B9DD59E5F8F07"
"2025 July"	"201"	"Amateur 2"	"27"	"8268"	"Raccoons Whisker"	"Crystal Lair - Hard"	"-12"	"-12"	"PLAYED"	""	"1"	"201"	"36C2277EFF3D033914BEB0FAA0C5EB2C07AE0EF51F496289789B9DD59E5F8F07"
"2025 July"	"201"	"Amateur 2"	"27"	"8129"	"Bethann"	"Crystal Lair - Hard"	"2"	"2"	"PLAYED"	""	"0"	"190"	"36C2277EFF3D033914BEB0FAA0C5EB2C07AE0EF51F496289789B9DD59E5F8F07"
"2025 July"	"201"	"Amateur 2"	"27"	"8388"	"Heisenberg"	"Crystal Lair - Hard"	"3"	"3"	"PLAYED"	""	"0"	"180"	"36C2277EFF3D033914BEB0FAA0C5EB2C07AE0EF51F496289789B9DD59E5F8F07"
"2025 July"	"201"	"Amateur 2"	"27"	"7552"	"IMJOMAMA"	"Crystal Lair - Hard"	"4"	"4"	"PLAYED"	""	"0"	"170"	"36C2277EFF3D033914BEB0FAA0C5EB2C07AE0EF51F496289789B9DD59E5F8F07"
"2025 August"	"221"	"Amateur 1"	"26"	"8568"	"SubZero"	"El Dorado"	"-20"	"-20"	"PLAYED"	""	"1"	"201"	"F24244429C9DF0F2FB407667BF652A622871A64438C96B136457CE0898721B58"
"2025 August"	"221"	"Amateur 1"	"26"	"8448"	"ZoeDarlin"	"El Dorado"	"-18"	"-18"	"PLAYED"	""	"2"	"192"	"F24244429C9DF0F2FB407667BF652A622871A64438C96B136457CE0898721B58"
"2025 August"	"221"	"Amateur 1"	"26"	"7182"	"RUBBERDUCK"	"El Dorado"	"-11"	"-11"	"PLAYED"	""	"0"	"180"	"F24244429C9DF0F2FB407667BF652A622871A64438C96B136457CE0898721B58"
"2025 August"	"221"	"Amateur 1"	"26"	"8508"	"Merged into 8708"	"El Dorado"	"-10"	"-10"	"PLAYED"	""	"0"	"170"	"F24244429C9DF0F2FB407667BF652A622871A64438C96B136457CE0898721B58"
"2025 August"	"221"	"Amateur 1"	"26"	"8489"	"Sarahlynn727"	"El Dorado"	"-7"	"-7"	"PLAYED"	""	"1"	"161"	"F24244429C9DF0F2FB407667BF652A622871A64438C96B136457CE0898721B58"
"2025 August"	"221"	"Amateur 1"	"26"	"8428"	"Bearded_Driver"	"El Dorado"	"-6"	"-6"	"PLAYED"	""	"1"	"151"	"F24244429C9DF0F2FB407667BF652A622871A64438C96B136457CE0898721B58"
"2025 August"	"221"	"Amateur 1"	"26"	"8488"	"TommyGunnzFund"	"El Dorado"	"-4"	"-4"	"PLAYED"	""	"1"	"141"	"F24244429C9DF0F2FB407667BF652A622871A64438C96B136457CE0898721B58"
"2025 August"	"221"	"Amateur 1"	"26"	"7182"	"RUBBERDUCK"	"El Dorado Hard"	"-12"	"-12"	"PLAYED"	""	"1"	"201"	"F24244429C9DF0F2FB407667BF652A622871A64438C96B136457CE0898721B58"
"2025 August"	"221"	"Amateur 1"	"26"	"8508"	"Merged into 8708"	"El Dorado Hard"	"-8"	"-8"	"PLAYED"	""	"0"	"190"	"F24244429C9DF0F2FB407667BF652A622871A64438C96B136457CE0898721B58"
"2025 August"	"221"	"Amateur 1"	"26"	"8448"	"ZoeDarlin"	"El Dorado Hard"	"-7"	"-7"	"PLAYED"	""	"1"	"181"	"F24244429C9DF0F2FB407667BF652A622871A64438C96B136457CE0898721B58"
"2025 August"	"221"	"Amateur 1"	"26"	"8568"	"SubZero"	"El Dorado Hard"	"-5"	"-5"	"PLAYED"	""	"0"	"170"	"F24244429C9DF0F2FB407667BF652A622871A64438C96B136457CE0898721B58"
"2025 August"	"221"	"Amateur 1"	"26"	"8489"	"Sarahlynn727"	"El Dorado Hard"	"7"	"7"	"PLAYED"	""	"1"	"161"	"F24244429C9DF0F2FB407667BF652A622871A64438C96B136457CE0898721B58"
"2025 August"	"221"	"Amateur 1"	"26"	"8428"	"Bearded_Driver"	"El Dorado Hard"	"18"	"18"	"PLAYED"	""	"1"	"151"	"F24244429C9DF0F2FB407667BF652A622871A64438C96B136457CE0898721B58"
"2025 August"	"221"	"Amateur 1"	"26"	"8488"	"TommyGunnzFund"	"El Dorado Hard"	"22"	"22"	"PLAYED"	""	"0"	"140"	"F24244429C9DF0F2FB407667BF652A622871A64438C96B136457CE0898721B58"
"2025 August"	"221"	"Amateur 1"	"26"	"8568"	"SubZero"	"Atlantis"	"-23"	"-23"	"PLAYED"	""	"2"	"202"	"F24244429C9DF0F2FB407667BF652A622871A64438C96B136457CE0898721B58"
"2025 August"	"221"	"Amateur 1"	"26"	"8448"	"ZoeDarlin"	"Atlantis"	"-21"	"-21"	"PLAYED"	""	"2"	"192"	"F24244429C9DF0F2FB407667BF652A622871A64438C96B136457CE0898721B58"
"2025 August"	"221"	"Amateur 1"	"26"	"7182"	"RUBBERDUCK"	"Atlantis"	"-19"	"-19"	"PLAYED"	""	"0"	"180"	"F24244429C9DF0F2FB407667BF652A622871A64438C96B136457CE0898721B58"
"2025 August"	"221"	"Amateur 1"	"26"	"8508"	"Merged into 8708"	"Atlantis"	"-15"	"-15"	"PLAYED"	""	"1"	"171"	"F24244429C9DF0F2FB407667BF652A622871A64438C96B136457CE0898721B58"
"2025 August"	"221"	"Amateur 1"	"26"	"8428"	"Bearded_Driver"	"Atlantis"	"-14"	"-14"	"PLAYED"	""	"2"	"162"	"F24244429C9DF0F2FB407667BF652A622871A64438C96B136457CE0898721B58"
"2025 August"	"221"	"Amateur 1"	"26"	"8489"	"Sarahlynn727"	"Atlantis"	"-14"	"-14"	"PLAYED"	""	"1"	"151"	"F24244429C9DF0F2FB407667BF652A622871A64438C96B136457CE0898721B58"
"2025 August"	"221"	"Amateur 1"	"26"	"8488"	"TommyGunnzFund"	"Atlantis"	"-12"	"-12"	"PLAYED"	""	"2"	"142"	"F24244429C9DF0F2FB407667BF652A622871A64438C96B136457CE0898721B58"
"2025 August"	"221"	"Amateur 1"	"26"	"8348"	"BIGDLONGSTROKE"	"Atlantis"	"-12"	"-12"	"PLAYED"	""	"2"	"142"	"F24244429C9DF0F2FB407667BF652A622871A64438C96B136457CE0898721B58"
"2025 August"	"221"	"Amateur 1"	"26"	"8448"	"ZoeDarlin"	"Atlantis Hard"	"-10"	"-10"	"PLAYED"	""	"1"	"201"	"F24244429C9DF0F2FB407667BF652A622871A64438C96B136457CE0898721B58"
"2025 August"	"221"	"Amateur 1"	"26"	"8488"	"TommyGunnzFund"	"Atlantis Hard"	"-8"	"-8"	"PLAYED"	""	"1"	"191"	"F24244429C9DF0F2FB407667BF652A622871A64438C96B136457CE0898721B58"
"2025 August"	"221"	"Amateur 1"	"26"	"8568"	"SubZero"	"Atlantis Hard"	"-7"	"-7"	"PLAYED"	""	"1"	"181"	"F24244429C9DF0F2FB407667BF652A622871A64438C96B136457CE0898721B58"
"2025 August"	"221"	"Amateur 1"	"26"	"8508"	"Merged into 8708"	"Atlantis Hard"	"-5"	"-5"	"PLAYED"	""	"1"	"171"	"F24244429C9DF0F2FB407667BF652A622871A64438C96B136457CE0898721B58"
"2025 August"	"221"	"Amateur 1"	"26"	"7182"	"RUBBERDUCK"	"Atlantis Hard"	"-4"	"-4"	"PLAYED"	""	"1"	"161"	"F24244429C9DF0F2FB407667BF652A622871A64438C96B136457CE0898721B58"
"2025 August"	"221"	"Amateur 1"	"26"	"8428"	"Bearded_Driver"	"Atlantis Hard"	"-1"	"-1"	"PLAYED"	""	"1"	"151"	"F24244429C9DF0F2FB407667BF652A622871A64438C96B136457CE0898721B58"
"2025 August"	"221"	"Amateur 1"	"26"	"8489"	"Sarahlynn727"	"Atlantis Hard"	"0"	"0"	"PLAYED"	""	"1"	"141"	"F24244429C9DF0F2FB407667BF652A622871A64438C96B136457CE0898721B58"
"2025 August"	"221"	"Amateur 1"	"26"	"8168"	"ladybugg660"	"Atlantis Hard"	"5"	"5"	"PLAYED"	""	"0"	"130"	"F24244429C9DF0F2FB407667BF652A622871A64438C96B136457CE0898721B58"
"2025 August"	"221"	"Amateur 1"	"26"	"8348"	"BIGDLONGSTROKE"	"Atlantis Hard"	"11"	"11"	"PLAYED"	""	"1"	"121"	"F24244429C9DF0F2FB407667BF652A622871A64438C96B136457CE0898721B58"
"2025 August"	"221"	"Amateur 1"	"26"	"8568"	"SubZero"	"Alfheim"	"-23"	"-23"	"PLAYED"	""	"5"	"205"	"F24244429C9DF0F2FB407667BF652A622871A64438C96B136457CE0898721B58"
"2025 August"	"221"	"Amateur 1"	"26"	"8448"	"ZoeDarlin"	"Alfheim"	"-16"	"-16"	"PLAYED"	""	"1"	"191"	"F24244429C9DF0F2FB407667BF652A622871A64438C96B136457CE0898721B58"
"2025 August"	"221"	"Amateur 1"	"26"	"8488"	"TommyGunnzFund"	"Alfheim"	"-13"	"-13"	"PLAYED"	""	"2"	"182"	"F24244429C9DF0F2FB407667BF652A622871A64438C96B136457CE0898721B58"
"2025 August"	"221"	"Amateur 1"	"26"	"8508"	"Merged into 8708"	"Alfheim"	"-13"	"-13"	"PLAYED"	""	"2"	"182"	"F24244429C9DF0F2FB407667BF652A622871A64438C96B136457CE0898721B58"
"2025 August"	"221"	"Amateur 1"	"26"	"7182"	"RUBBERDUCK"	"Alfheim"	"-12"	"-12"	"PLAYED"	""	"1"	"161"	"F24244429C9DF0F2FB407667BF652A622871A64438C96B136457CE0898721B58"
"2025 August"	"221"	"Amateur 1"	"26"	"8489"	"Sarahlynn727"	"Alfheim"	"-10"	"-10"	"PLAYED"	""	"1"	"151"	"F24244429C9DF0F2FB407667BF652A622871A64438C96B136457CE0898721B58"
"2025 August"	"221"	"Amateur 1"	"26"	"8428"	"Bearded_Driver"	"Alfheim"	"-1"	"-1"	"PLAYED"	""	"1"	"141"	"F24244429C9DF0F2FB407667BF652A622871A64438C96B136457CE0898721B58"
"2025 August"	"221"	"Amateur 1"	"26"	"8448"	"ZoeDarlin"	"Alfheim Hard"	"-14"	"-14"	"PLAYED"	""	"2"	"202"	"F24244429C9DF0F2FB407667BF652A622871A64438C96B136457CE0898721B58"
"2025 August"	"221"	"Amateur 1"	"26"	"7182"	"RUBBERDUCK"	"Alfheim Hard"	"-14"	"-14"	"PLAYED"	""	"2"	"202"	"F24244429C9DF0F2FB407667BF652A622871A64438C96B136457CE0898721B58"
"2025 August"	"221"	"Amateur 1"	"26"	"8568"	"SubZero"	"Alfheim Hard"	"-8"	"-8"	"PLAYED"	""	"1"	"181"	"F24244429C9DF0F2FB407667BF652A622871A64438C96B136457CE0898721B58"
"2025 August"	"221"	"Amateur 1"	"26"	"8489"	"Sarahlynn727"	"Alfheim Hard"	"-5"	"-5"	"PLAYED"	""	"0"	"170"	"F24244429C9DF0F2FB407667BF652A622871A64438C96B136457CE0898721B58"
"2025 August"	"221"	"Amateur 1"	"26"	"8508"	"Merged into 8708"	"Alfheim Hard"	"-2"	"-2"	"PLAYED"	""	"2"	"162"	"F24244429C9DF0F2FB407667BF652A622871A64438C96B136457CE0898721B58"
"2025 August"	"221"	"Amateur 1"	"26"	"8428"	"Bearded_Driver"	"Alfheim Hard"	"3"	"3"	"PLAYED"	""	"1"	"151"	"F24244429C9DF0F2FB407667BF652A622871A64438C96B136457CE0898721B58"
"2025 August"	"221"	"Amateur 1"	"26"	"8488"	"TommyGunnzFund"	"Alfheim Hard"	"3"	"3"	"PLAYED"	""	"0"	"140"	"F24244429C9DF0F2FB407667BF652A622871A64438C96B136457CE0898721B58"
"2025 August"	"221"	"Amateur 1"	"26"	"8568"	"SubZero"	"Ice Lair"	"-20"	"-20"	"PLAYED"	""	"1"	"201"	"F24244429C9DF0F2FB407667BF652A622871A64438C96B136457CE0898721B58"
"2025 August"	"221"	"Amateur 1"	"26"	"8448"	"ZoeDarlin"	"Ice Lair"	"-15"	"-15"	"PLAYED"	""	"0"	"190"	"F24244429C9DF0F2FB407667BF652A622871A64438C96B136457CE0898721B58"
"2025 August"	"221"	"Amateur 1"	"26"	"8508"	"Merged into 8708"	"Ice Lair"	"-15"	"-15"	"PLAYED"	""	"0"	"190"	"F24244429C9DF0F2FB407667BF652A622871A64438C96B136457CE0898721B58"
"2025 August"	"221"	"Amateur 1"	"26"	"8488"	"TommyGunnzFund"	"Ice Lair"	"-13"	"-13"	"PLAYED"	""	"0"	"170"	"F24244429C9DF0F2FB407667BF652A622871A64438C96B136457CE0898721B58"
"2025 August"	"221"	"Amateur 1"	"26"	"7182"	"RUBBERDUCK"	"Ice Lair"	"-12"	"-12"	"PLAYED"	""	"0"	"160"	"F24244429C9DF0F2FB407667BF652A622871A64438C96B136457CE0898721B58"
"2025 August"	"221"	"Amateur 1"	"26"	"8428"	"Bearded_Driver"	"Ice Lair"	"-3"	"-3"	"PLAYED"	""	"2"	"152"	"F24244429C9DF0F2FB407667BF652A622871A64438C96B136457CE0898721B58"
"2025 August"	"221"	"Amateur 1"	"26"	"8489"	"Sarahlynn727"	"Ice Lair"	"-1"	"-1"	"PLAYED"	""	"0"	"140"	"F24244429C9DF0F2FB407667BF652A622871A64438C96B136457CE0898721B58"
"2025 August"	"221"	"Amateur 1"	"26"	"8168"	"ladybugg660"	"Ice Lair"	"0"	"0"	"PLAYED"	""	"0"	"130"	"F24244429C9DF0F2FB407667BF652A622871A64438C96B136457CE0898721B58"
"2025 August"	"221"	"Amateur 1"	"26"	"8568"	"SubZero"	"Ice Lair - Hard"	"-7"	"-7"	"PLAYED"	""	"0"	"200"	"F24244429C9DF0F2FB407667BF652A622871A64438C96B136457CE0898721B58"
"2025 August"	"221"	"Amateur 1"	"26"	"8448"	"ZoeDarlin"	"Ice Lair - Hard"	"-4"	"-4"	"PLAYED"	""	"1"	"191"	"F24244429C9DF0F2FB407667BF652A622871A64438C96B136457CE0898721B58"
"2025 August"	"221"	"Amateur 1"	"26"	"8508"	"Merged into 8708"	"Ice Lair - Hard"	"-4"	"-4"	"PLAYED"	""	"0"	"180"	"F24244429C9DF0F2FB407667BF652A622871A64438C96B136457CE0898721B58"
"2025 August"	"221"	"Amateur 1"	"26"	"7182"	"RUBBERDUCK"	"Ice Lair - Hard"	"-3"	"-3"	"PLAYED"	""	"1"	"171"	"F24244429C9DF0F2FB407667BF652A622871A64438C96B136457CE0898721B58"
"2025 August"	"221"	"Amateur 1"	"26"	"8489"	"Sarahlynn727"	"Ice Lair - Hard"	"-2"	"-2"	"PLAYED"	""	"1"	"161"	"F24244429C9DF0F2FB407667BF652A622871A64438C96B136457CE0898721B58"
"2025 August"	"221"	"Amateur 1"	"26"	"8488"	"TommyGunnzFund"	"Ice Lair - Hard"	"-2"	"-2"	"PLAYED"	""	"0"	"150"	"F24244429C9DF0F2FB407667BF652A622871A64438C96B136457CE0898721B58"
"2025 August"	"221"	"Amateur 1"	"26"	"8428"	"Bearded_Driver"	"Ice Lair - Hard"	"8"	"8"	"PLAYED"	""	"1"	"141"	"F24244429C9DF0F2FB407667BF652A622871A64438C96B136457CE0898721B58"
"2025 August"	"221"	"Amateur 1"	"26"	"8168"	"ladybugg660"	"Ice Lair - Hard"	"14"	"14"	"PLAYED"	""	"0"	"130"	"F24244429C9DF0F2FB407667BF652A622871A64438C96B136457CE0898721B58"
"2025 August"	"221"	"Amateur 2"	"27"	"8608"	"Audrey"	"El Dorado"	"-3"	"-3"	"PLAYED"	""	"0"	"200"	"1B6A17004C94B7958F8FA30387D43C34C0F0EDAE146BEC1653902C6852A1CCFC"
"2025 August"	"221"	"Amateur 2"	"27"	"8608"	"Audrey"	"El Dorado Hard"	"4"	"4"	"PLAYED"	""	"2"	"202"	"1B6A17004C94B7958F8FA30387D43C34C0F0EDAE146BEC1653902C6852A1CCFC"
"2025 August"	"221"	"Amateur 2"	"27"	"8628"	"Camdawg15"	"El Dorado Hard"	"6"	"6"	"PLAYED"	""	"0"	"190"	"1B6A17004C94B7958F8FA30387D43C34C0F0EDAE146BEC1653902C6852A1CCFC"
"2025 August"	"221"	"Amateur 2"	"27"	"8608"	"Audrey"	"Atlantis"	"-16"	"-16"	"PLAYED"	""	"1"	"201"	"1B6A17004C94B7958F8FA30387D43C34C0F0EDAE146BEC1653902C6852A1CCFC"
"2025 August"	"221"	"Amateur 2"	"27"	"8628"	"Camdawg15"	"Atlantis"	"-8"	"-8"	"PLAYED"	""	"2"	"192"	"1B6A17004C94B7958F8FA30387D43C34C0F0EDAE146BEC1653902C6852A1CCFC"
"2025 August"	"221"	"Amateur 2"	"27"	"8608"	"Audrey"	"Atlantis Hard"	"-6"	"-6"	"PLAYED"	""	"1"	"201"	"1B6A17004C94B7958F8FA30387D43C34C0F0EDAE146BEC1653902C6852A1CCFC"
"2025 August"	"221"	"Amateur 2"	"27"	"8608"	"Audrey"	"Alfheim"	"-11"	"-11"	"PLAYED"	""	"1"	"201"	"1B6A17004C94B7958F8FA30387D43C34C0F0EDAE146BEC1653902C6852A1CCFC"
"2025 August"	"221"	"Amateur 2"	"27"	"8628"	"Camdawg15"	"Alfheim Hard"	"-12"	"-12"	"PLAYED"	""	"1"	"201"	"1B6A17004C94B7958F8FA30387D43C34C0F0EDAE146BEC1653902C6852A1CCFC"
"2025 August"	"221"	"Amateur 2"	"27"	"8608"	"Audrey"	"Alfheim Hard"	"-5"	"-5"	"PLAYED"	""	"0"	"190"	"1B6A17004C94B7958F8FA30387D43C34C0F0EDAE146BEC1653902C6852A1CCFC"
"2025 August"	"221"	"Amateur 2"	"27"	"8628"	"Camdawg15"	"Ice Lair"	"-4"	"-4"	"PLAYED"	""	"0"	"200"	"1B6A17004C94B7958F8FA30387D43C34C0F0EDAE146BEC1653902C6852A1CCFC"
"2025 August"	"221"	"Amateur 2"	"27"	"8608"	"Audrey"	"Ice Lair"	"-3"	"-3"	"PLAYED"	""	"0"	"190"	"1B6A17004C94B7958F8FA30387D43C34C0F0EDAE146BEC1653902C6852A1CCFC"
"2025 August"	"221"	"Amateur 2"	"27"	"8628"	"Camdawg15"	"Ice Lair - Hard"	"-1"	"-1"	"PLAYED"	""	"0"	"200"	"1B6A17004C94B7958F8FA30387D43C34C0F0EDAE146BEC1653902C6852A1CCFC"
"2025 August"	"221"	"Amateur 2"	"27"	"8608"	"Audrey"	"Ice Lair - Hard"	"0"	"0"	"PLAYED"	""	"0"	"190"	"1B6A17004C94B7958F8FA30387D43C34C0F0EDAE146BEC1653902C6852A1CCFC"
"2025 September"	"241"	"Amateur 2"	"27"	"8608"	"Audrey"	"Tourist Trap"	"-16"	"-16"	"PLAYED"	""	"2"	"202"	"1AB0881C9FBB79A1511AAAE77722C6EAB31EB781FE513F797B3952F88154FD8E"
"2025 September"	"241"	"Amateur 2"	"27"	"8390"	"Woofmaster521 (Kathy)"	"Tourist Trap"	"-15"	"-15"	"PLAYED"	""	"1"	"191"	"1AB0881C9FBB79A1511AAAE77722C6EAB31EB781FE513F797B3952F88154FD8E"
"2025 September"	"241"	"Amateur 2"	"27"	"8428"	"Bearded_Driver"	"Tourist Trap"	"-8"	"-8"	"PLAYED"	""	"1"	"181"	"1AB0881C9FBB79A1511AAAE77722C6EAB31EB781FE513F797B3952F88154FD8E"
"2025 September"	"241"	"Amateur 2"	"27"	"8608"	"Audrey"	"Tourist Trap Hard"	"-7"	"-7"	"PLAYED"	""	"0"	"200"	"1AB0881C9FBB79A1511AAAE77722C6EAB31EB781FE513F797B3952F88154FD8E"
"2025 September"	"241"	"Amateur 2"	"27"	"8390"	"Woofmaster521 (Kathy)"	"Tourist Trap Hard"	"-1"	"-1"	"PLAYED"	""	"0"	"190"	"1AB0881C9FBB79A1511AAAE77722C6EAB31EB781FE513F797B3952F88154FD8E"
"2025 September"	"241"	"Amateur 2"	"27"	"8428"	"Bearded_Driver"	"Tourist Trap Hard"	"-1"	"-1"	"PLAYED"	""	"0"	"190"	"1AB0881C9FBB79A1511AAAE77722C6EAB31EB781FE513F797B3952F88154FD8E"
"2025 September"	"241"	"Amateur 2"	"27"	"230"	"Earthling"	"Gardens of Babylon"	"-16"	"-16"	"PLAYED"	""	"2"	"202"	"1AB0881C9FBB79A1511AAAE77722C6EAB31EB781FE513F797B3952F88154FD8E"
"2025 September"	"241"	"Amateur 2"	"27"	"8608"	"Audrey"	"Gardens of Babylon"	"-12"	"-12"	"PLAYED"	""	"1"	"191"	"1AB0881C9FBB79A1511AAAE77722C6EAB31EB781FE513F797B3952F88154FD8E"
"2025 September"	"241"	"Amateur 2"	"27"	"8428"	"Bearded_Driver"	"Gardens of Babylon"	"-10"	"-10"	"PLAYED"	""	"2"	"182"	"1AB0881C9FBB79A1511AAAE77722C6EAB31EB781FE513F797B3952F88154FD8E"
"2025 September"	"241"	"Amateur 2"	"27"	"8348"	"BIGDLONGSTROKE"	"Gardens of Babylon"	"-10"	"-10"	"PLAYED"	""	"1"	"171"	"1AB0881C9FBB79A1511AAAE77722C6EAB31EB781FE513F797B3952F88154FD8E"
"2025 September"	"241"	"Amateur 2"	"27"	"8390"	"Woofmaster521 (Kathy)"	"Gardens of Babylon"	"-8"	"-8"	"PLAYED"	""	"1"	"161"	"1AB0881C9FBB79A1511AAAE77722C6EAB31EB781FE513F797B3952F88154FD8E"
"2025 September"	"241"	"Amateur 2"	"27"	"230"	"Earthling"	"Gardens of Babylon Hard"	"-15"	"-15"	"PLAYED"	""	"1"	"201"	"1AB0881C9FBB79A1511AAAE77722C6EAB31EB781FE513F797B3952F88154FD8E"
"2025 September"	"241"	"Amateur 2"	"27"	"8608"	"Audrey"	"Gardens of Babylon Hard"	"-8"	"-8"	"PLAYED"	""	"0"	"190"	"1AB0881C9FBB79A1511AAAE77722C6EAB31EB781FE513F797B3952F88154FD8E"
"2025 September"	"241"	"Amateur 2"	"27"	"8390"	"Woofmaster521 (Kathy)"	"Gardens of Babylon Hard"	"6"	"6"	"PLAYED"	""	"0"	"180"	"1AB0881C9FBB79A1511AAAE77722C6EAB31EB781FE513F797B3952F88154FD8E"
"2025 September"	"241"	"Amateur 2"	"27"	"8428"	"Bearded_Driver"	"Gardens of Babylon Hard"	"8"	"8"	"PLAYED"	""	"0"	"170"	"1AB0881C9FBB79A1511AAAE77722C6EAB31EB781FE513F797B3952F88154FD8E"
"2025 September"	"241"	"Amateur 2"	"27"	"8348"	"BIGDLONGSTROKE"	"Gardens of Babylon Hard"	"20"	"20"	"PLAYED"	""	"0"	"160"	"1AB0881C9FBB79A1511AAAE77722C6EAB31EB781FE513F797B3952F88154FD8E"
"2025 September"	"241"	"Amateur 2"	"27"	"230"	"Earthling"	"Holiday Hideaway"	"-14"	"-14"	"PLAYED"	""	"2"	"202"	"1AB0881C9FBB79A1511AAAE77722C6EAB31EB781FE513F797B3952F88154FD8E"
"2025 September"	"241"	"Amateur 2"	"27"	"8608"	"Audrey"	"Holiday Hideaway"	"-13"	"-13"	"PLAYED"	""	"2"	"192"	"1AB0881C9FBB79A1511AAAE77722C6EAB31EB781FE513F797B3952F88154FD8E"
"2025 September"	"241"	"Amateur 2"	"27"	"8390"	"Woofmaster521 (Kathy)"	"Holiday Hideaway"	"-4"	"-4"	"PLAYED"	""	"2"	"182"	"1AB0881C9FBB79A1511AAAE77722C6EAB31EB781FE513F797B3952F88154FD8E"
"2025 September"	"241"	"Amateur 2"	"27"	"8428"	"Bearded_Driver"	"Holiday Hideaway"	"4"	"4"	"PLAYED"	""	"2"	"172"	"1AB0881C9FBB79A1511AAAE77722C6EAB31EB781FE513F797B3952F88154FD8E"
"2025 September"	"241"	"Amateur 2"	"27"	"8608"	"Audrey"	"Holiday Hideaway - Hard"	"0"	"0"	"PLAYED"	""	"1"	"201"	"1AB0881C9FBB79A1511AAAE77722C6EAB31EB781FE513F797B3952F88154FD8E"
"2025 September"	"241"	"Amateur 2"	"27"	"8390"	"Woofmaster521 (Kathy)"	"Holiday Hideaway - Hard"	"3"	"3"	"PLAYED"	""	"2"	"192"	"1AB0881C9FBB79A1511AAAE77722C6EAB31EB781FE513F797B3952F88154FD8E"
"2025 September"	"241"	"Amateur 2"	"27"	"230"	"Earthling"	"Holiday Hideaway - Hard"	"5"	"5"	"PLAYED"	""	"1"	"181"	"1AB0881C9FBB79A1511AAAE77722C6EAB31EB781FE513F797B3952F88154FD8E"
"2025 September"	"241"	"Amateur 2"	"27"	"8428"	"Bearded_Driver"	"Holiday Hideaway - Hard"	"10"	"10"	"PLAYED"	""	"2"	"172"	"1AB0881C9FBB79A1511AAAE77722C6EAB31EB781FE513F797B3952F88154FD8E"
"2025 September"	"241"	"Amateur 2"	"27"	"230"	"Earthling"	"Tokyo"	"-15"	"-15"	"PLAYED"	""	"4"	"204"	"1AB0881C9FBB79A1511AAAE77722C6EAB31EB781FE513F797B3952F88154FD8E"
"2025 September"	"241"	"Amateur 2"	"27"	"8608"	"Audrey"	"Tokyo"	"-13"	"-13"	"PLAYED"	""	"2"	"192"	"1AB0881C9FBB79A1511AAAE77722C6EAB31EB781FE513F797B3952F88154FD8E"
"2025 September"	"241"	"Amateur 2"	"27"	"8428"	"Bearded_Driver"	"Tokyo"	"-12"	"-12"	"PLAYED"	""	"2"	"182"	"1AB0881C9FBB79A1511AAAE77722C6EAB31EB781FE513F797B3952F88154FD8E"
"2025 September"	"241"	"Amateur 2"	"27"	"8608"	"Audrey"	"Tokyo - Hard"	"-8"	"-8"	"PLAYED"	""	"0"	"200"	"1AB0881C9FBB79A1511AAAE77722C6EAB31EB781FE513F797B3952F88154FD8E"
"2025 September"	"241"	"Amateur 2"	"27"	"8428"	"Bearded_Driver"	"Tokyo - Hard"	"-5"	"-5"	"PLAYED"	""	"1"	"191"	"1AB0881C9FBB79A1511AAAE77722C6EAB31EB781FE513F797B3952F88154FD8E"
"2025 September"	"241"	"Amateur 2"	"27"	"230"	"Earthling"	"Tokyo - Hard"	"10"	"10"	"PLAYED"	""	"0"	"180"	"1AB0881C9FBB79A1511AAAE77722C6EAB31EB781FE513F797B3952F88154FD8E"
"2025 October"	"261"	"Amateur 1"	"26"	"230"	"Earthling"	"Seagull Stacks"	"-21"	"-21"	"PLAYED"	""	"3"	"203"	"2544AA62057FBD37FBF6B77B3C94A4983C4C8859F8AD6EEC700FF991D0A20591"
"2025 October"	"261"	"Amateur 1"	"26"	"8608"	"Audrey"	"Seagull Stacks"	"-16"	"-16"	"PLAYED"	""	"3"	"193"	"2544AA62057FBD37FBF6B77B3C94A4983C4C8859F8AD6EEC700FF991D0A20591"
"2025 October"	"261"	"Amateur 1"	"26"	"7589"	"SMILEROBIN"	"Seagull Stacks"	"-16"	"-16"	"PLAYED"	""	"1"	"181"	"2544AA62057FBD37FBF6B77B3C94A4983C4C8859F8AD6EEC700FF991D0A20591"
"2025 October"	"261"	"Amateur 1"	"26"	"8428"	"Bearded_Driver"	"Seagull Stacks"	"-12"	"-12"	"PLAYED"	""	"1"	"171"	"2544AA62057FBD37FBF6B77B3C94A4983C4C8859F8AD6EEC700FF991D0A20591"
"2025 October"	"261"	"Amateur 1"	"26"	"230"	"Earthling"	"Seagull Stacks - Hard"	"-11"	"-11"	"PLAYED"	""	"0"	"200"	"2544AA62057FBD37FBF6B77B3C94A4983C4C8859F8AD6EEC700FF991D0A20591"
"2025 October"	"261"	"Amateur 1"	"26"	"8608"	"Audrey"	"Seagull Stacks - Hard"	"-3"	"-3"	"PLAYED"	""	"0"	"190"	"2544AA62057FBD37FBF6B77B3C94A4983C4C8859F8AD6EEC700FF991D0A20591"
"2025 October"	"261"	"Amateur 1"	"26"	"7589"	"SMILEROBIN"	"Seagull Stacks - Hard"	"6"	"6"	"PLAYED"	""	"0"	"180"	"2544AA62057FBD37FBF6B77B3C94A4983C4C8859F8AD6EEC700FF991D0A20591"
"2025 October"	"261"	"Amateur 1"	"26"	"8428"	"Bearded_Driver"	"Seagull Stacks - Hard"	"13"	"13"	"PLAYED"	""	"0"	"170"	"2544AA62057FBD37FBF6B77B3C94A4983C4C8859F8AD6EEC700FF991D0A20591"
"2025 October"	"261"	"Amateur 1"	"26"	"7589"	"SMILEROBIN"	"Wallace & Gromit"	"-14"	"-14"	"PLAYED"	""	"4"	"204"	"2544AA62057FBD37FBF6B77B3C94A4983C4C8859F8AD6EEC700FF991D0A20591"
"2025 October"	"261"	"Amateur 1"	"26"	"8608"	"Audrey"	"Wallace & Gromit"	"-14"	"-14"	"PLAYED"	""	"3"	"193"	"2544AA62057FBD37FBF6B77B3C94A4983C4C8859F8AD6EEC700FF991D0A20591"
"2025 October"	"261"	"Amateur 1"	"26"	"230"	"Earthling"	"Wallace & Gromit"	"-12"	"-12"	"PLAYED"	""	"5"	"185"	"2544AA62057FBD37FBF6B77B3C94A4983C4C8859F8AD6EEC700FF991D0A20591"
"2025 October"	"261"	"Amateur 1"	"26"	"8428"	"Bearded_Driver"	"Wallace & Gromit"	"-7"	"-7"	"PLAYED"	""	"4"	"174"	"2544AA62057FBD37FBF6B77B3C94A4983C4C8859F8AD6EEC700FF991D0A20591"
"2025 October"	"261"	"Amateur 1"	"26"	"8608"	"Audrey"	"Wallace & Gromit - Hard"	"-7"	"-7"	"PLAYED"	""	"2"	"202"	"2544AA62057FBD37FBF6B77B3C94A4983C4C8859F8AD6EEC700FF991D0A20591"
"2025 October"	"261"	"Amateur 1"	"26"	"7589"	"SMILEROBIN"	"Wallace & Gromit - Hard"	"5"	"5"	"PLAYED"	""	"1"	"191"	"2544AA62057FBD37FBF6B77B3C94A4983C4C8859F8AD6EEC700FF991D0A20591"
"2025 October"	"261"	"Amateur 1"	"26"	"8428"	"Bearded_Driver"	"Wallace & Gromit - Hard"	"8"	"8"	"PLAYED"	""	"0"	"180"	"2544AA62057FBD37FBF6B77B3C94A4983C4C8859F8AD6EEC700FF991D0A20591"
"2025 October"	"261"	"Amateur 1"	"26"	"230"	"Earthling"	"Wallace & Gromit - Hard"	"12"	"12"	"PLAYED"	""	"1"	"171"	"2544AA62057FBD37FBF6B77B3C94A4983C4C8859F8AD6EEC700FF991D0A20591"
"2025 October"	"261"	"Amateur 1"	"26"	"8608"	"Audrey"	"8-Bit Lair"	"-4"	"-4"	"PLAYED"	""	"2"	"202"	"2544AA62057FBD37FBF6B77B3C94A4983C4C8859F8AD6EEC700FF991D0A20591"
"2025 October"	"261"	"Amateur 1"	"26"	"7589"	"SMILEROBIN"	"8-Bit Lair"	"1"	"1"	"PLAYED"	""	"1"	"191"	"2544AA62057FBD37FBF6B77B3C94A4983C4C8859F8AD6EEC700FF991D0A20591"
"2025 October"	"261"	"Amateur 1"	"26"	"8428"	"Bearded_Driver"	"8-Bit Lair"	"4"	"4"	"PLAYED"	""	"1"	"181"	"2544AA62057FBD37FBF6B77B3C94A4983C4C8859F8AD6EEC700FF991D0A20591"
"2025 October"	"261"	"Amateur 1"	"26"	"8608"	"Audrey"	"8-Bit Lair - Hard"	"-8"	"-8"	"PLAYED"	""	"2"	"202"	"2544AA62057FBD37FBF6B77B3C94A4983C4C8859F8AD6EEC700FF991D0A20591"
"2025 October"	"261"	"Amateur 1"	"26"	"230"	"Earthling"	"8-Bit Lair - Hard"	"-4"	"-4"	"PLAYED"	""	"1"	"191"	"2544AA62057FBD37FBF6B77B3C94A4983C4C8859F8AD6EEC700FF991D0A20591"
"2025 October"	"261"	"Amateur 1"	"26"	"8428"	"Bearded_Driver"	"8-Bit Lair - Hard"	"6"	"6"	"PLAYED"	""	"0"	"180"	"2544AA62057FBD37FBF6B77B3C94A4983C4C8859F8AD6EEC700FF991D0A20591"
"2025 October"	"261"	"Amateur 1"	"26"	"7589"	"SMILEROBIN"	"8-Bit Lair - Hard"	"11"	"11"	"PLAYED"	""	"0"	"170"	"2544AA62057FBD37FBF6B77B3C94A4983C4C8859F8AD6EEC700FF991D0A20591"
"2025 October"	"261"	"Amateur 1"	"26"	"8608"	"Audrey"	"Raptor Cliff's"	"-11"	"-11"	"PLAYED"	""	"1"	"201"	"2544AA62057FBD37FBF6B77B3C94A4983C4C8859F8AD6EEC700FF991D0A20591"
"2025 October"	"261"	"Amateur 1"	"26"	"8428"	"Bearded_Driver"	"Raptor Cliff's"	"-8"	"-8"	"PLAYED"	""	"1"	"191"	"2544AA62057FBD37FBF6B77B3C94A4983C4C8859F8AD6EEC700FF991D0A20591"
"2025 October"	"261"	"Amateur 1"	"26"	"7589"	"SMILEROBIN"	"Raptor Cliff's"	"-8"	"-8"	"PLAYED"	""	"1"	"191"	"2544AA62057FBD37FBF6B77B3C94A4983C4C8859F8AD6EEC700FF991D0A20591"
"2025 October"	"261"	"Amateur 1"	"26"	"8608"	"Audrey"	"Raptor Cliff's - Hard"	"-6"	"-6"	"PLAYED"	""	"1"	"201"	"2544AA62057FBD37FBF6B77B3C94A4983C4C8859F8AD6EEC700FF991D0A20591"
"2025 October"	"261"	"Amateur 1"	"26"	"8428"	"Bearded_Driver"	"Raptor Cliff's - Hard"	"7"	"7"	"PLAYED"	""	"0"	"190"	"2544AA62057FBD37FBF6B77B3C94A4983C4C8859F8AD6EEC700FF991D0A20591"
"2025 October"	"261"	"Amateur 1"	"26"	"7589"	"SMILEROBIN"	"Raptor Cliff's - Hard"	"15"	"15"	"PLAYED"	""	"0"	"180"	"2544AA62057FBD37FBF6B77B3C94A4983C4C8859F8AD6EEC700FF991D0A20591"
"2025 October"	"261"	"Amateur 2"	"27"	"8788"	"SlugJug33"	"Seagull Stacks"	"-20"	"-20"	"PLAYED"	""	"2"	"202"	"62C3BCEA26AC0AC33ED1B24447411E5DD010AC64734C3D93992A14350A9D717A"
"2025 October"	"261"	"Amateur 2"	"27"	"8489"	"Sarahlynn727"	"Seagull Stacks"	"-17"	"-17"	"PLAYED"	""	"0"	"190"	"62C3BCEA26AC0AC33ED1B24447411E5DD010AC64734C3D93992A14350A9D717A"
"2025 October"	"261"	"Amateur 2"	"27"	"8748"	"RICK"	"Seagull Stacks"	"-16"	"-16"	"PLAYED"	""	"1"	"181"	"62C3BCEA26AC0AC33ED1B24447411E5DD010AC64734C3D93992A14350A9D717A"
"2025 October"	"261"	"Amateur 2"	"27"	"8708"	"The Real JB"	"Seagull Stacks"	"-13"	"-13"	"PLAYED"	""	"0"	"170"	"62C3BCEA26AC0AC33ED1B24447411E5DD010AC64734C3D93992A14350A9D717A"
"2025 October"	"261"	"Amateur 2"	"27"	"8068"	"SavageMom71"	"Seagull Stacks"	"-10"	"-10"	"PLAYED"	""	"1"	"161"	"62C3BCEA26AC0AC33ED1B24447411E5DD010AC64734C3D93992A14350A9D717A"
"2025 October"	"261"	"Amateur 2"	"27"	"8768"	"Jesshsp"	"Seagull Stacks"	"-8"	"-8"	"PLAYED"	""	"0"	"150"	"62C3BCEA26AC0AC33ED1B24447411E5DD010AC64734C3D93992A14350A9D717A"
"2025 October"	"261"	"Amateur 2"	"27"	"8788"	"SlugJug33"	"Seagull Stacks - Hard"	"-6"	"-6"	"PLAYED"	""	"1"	"201"	"62C3BCEA26AC0AC33ED1B24447411E5DD010AC64734C3D93992A14350A9D717A"
"2025 October"	"261"	"Amateur 2"	"27"	"8708"	"The Real JB"	"Seagull Stacks - Hard"	"-3"	"-3"	"PLAYED"	""	"1"	"191"	"62C3BCEA26AC0AC33ED1B24447411E5DD010AC64734C3D93992A14350A9D717A"
"2025 October"	"261"	"Amateur 2"	"27"	"8748"	"RICK"	"Seagull Stacks - Hard"	"-2"	"-2"	"PLAYED"	""	"1"	"181"	"62C3BCEA26AC0AC33ED1B24447411E5DD010AC64734C3D93992A14350A9D717A"
"2025 October"	"261"	"Amateur 2"	"27"	"8788"	"SlugJug33"	"Wallace & Gromit"	"-19"	"-19"	"PLAYED"	""	"5"	"205"	"62C3BCEA26AC0AC33ED1B24447411E5DD010AC64734C3D93992A14350A9D717A"
"2025 October"	"261"	"Amateur 2"	"27"	"8708"	"The Real JB"	"Wallace & Gromit"	"-16"	"-16"	"PLAYED"	""	"2"	"192"	"62C3BCEA26AC0AC33ED1B24447411E5DD010AC64734C3D93992A14350A9D717A"
"2025 October"	"261"	"Amateur 2"	"27"	"8748"	"RICK"	"Wallace & Gromit"	"-9"	"-9"	"PLAYED"	""	"3"	"183"	"62C3BCEA26AC0AC33ED1B24447411E5DD010AC64734C3D93992A14350A9D717A"
"2025 October"	"261"	"Amateur 2"	"27"	"8788"	"SlugJug33"	"Wallace & Gromit - Hard"	"-7"	"-7"	"PLAYED"	""	"1"	"201"	"62C3BCEA26AC0AC33ED1B24447411E5DD010AC64734C3D93992A14350A9D717A"
"2025 October"	"261"	"Amateur 2"	"27"	"8708"	"The Real JB"	"Wallace & Gromit - Hard"	"-2"	"-2"	"PLAYED"	""	"0"	"190"	"62C3BCEA26AC0AC33ED1B24447411E5DD010AC64734C3D93992A14350A9D717A"
"2025 October"	"261"	"Amateur 2"	"27"	"8748"	"RICK"	"Wallace & Gromit - Hard"	"16"	"16"	"PLAYED"	""	"0"	"180"	"62C3BCEA26AC0AC33ED1B24447411E5DD010AC64734C3D93992A14350A9D717A"
"2025 October"	"261"	"Amateur 2"	"27"	"8708"	"The Real JB"	"8-Bit Lair"	"-18"	"-18"	"PLAYED"	""	"5"	"205"	"62C3BCEA26AC0AC33ED1B24447411E5DD010AC64734C3D93992A14350A9D717A"
"2025 October"	"261"	"Amateur 2"	"27"	"8788"	"SlugJug33"	"8-Bit Lair"	"-15"	"-15"	"PLAYED"	""	"3"	"193"	"62C3BCEA26AC0AC33ED1B24447411E5DD010AC64734C3D93992A14350A9D717A"
"2025 October"	"261"	"Amateur 2"	"27"	"8748"	"RICK"	"8-Bit Lair"	"-4"	"-4"	"PLAYED"	""	"3"	"183"	"62C3BCEA26AC0AC33ED1B24447411E5DD010AC64734C3D93992A14350A9D717A"
"2025 October"	"261"	"Amateur 2"	"27"	"8768"	"Jesshsp"	"8-Bit Lair"	"8"	"8"	"PLAYED"	""	"0"	"170"	"62C3BCEA26AC0AC33ED1B24447411E5DD010AC64734C3D93992A14350A9D717A"
"2025 October"	"261"	"Amateur 2"	"27"	"8788"	"SlugJug33"	"8-Bit Lair - Hard"	"-7"	"-7"	"PLAYED"	""	"1"	"201"	"62C3BCEA26AC0AC33ED1B24447411E5DD010AC64734C3D93992A14350A9D717A"
"2025 October"	"261"	"Amateur 2"	"27"	"8708"	"The Real JB"	"8-Bit Lair - Hard"	"-2"	"-2"	"PLAYED"	""	"0"	"190"	"62C3BCEA26AC0AC33ED1B24447411E5DD010AC64734C3D93992A14350A9D717A"
"2025 October"	"261"	"Amateur 2"	"27"	"8748"	"RICK"	"8-Bit Lair - Hard"	"-1"	"-1"	"PLAYED"	""	"1"	"181"	"62C3BCEA26AC0AC33ED1B24447411E5DD010AC64734C3D93992A14350A9D717A"
"2025 October"	"261"	"Amateur 2"	"27"	"8788"	"SlugJug33"	"Raptor Cliff's"	"-16"	"-16"	"PLAYED"	""	"2"	"202"	"62C3BCEA26AC0AC33ED1B24447411E5DD010AC64734C3D93992A14350A9D717A"
"2025 October"	"261"	"Amateur 2"	"27"	"8708"	"The Real JB"	"Raptor Cliff's"	"-13"	"-13"	"PLAYED"	""	"2"	"192"	"62C3BCEA26AC0AC33ED1B24447411E5DD010AC64734C3D93992A14350A9D717A"
"2025 October"	"261"	"Amateur 2"	"27"	"8390"	"Woofmaster521 (Kathy)"	"Raptor Cliff's"	"-9"	"-9"	"PLAYED"	""	"0"	"180"	"62C3BCEA26AC0AC33ED1B24447411E5DD010AC64734C3D93992A14350A9D717A"
"2025 October"	"261"	"Amateur 2"	"27"	"8748"	"RICK"	"Raptor Cliff's"	"-9"	"-9"	"PLAYED"	""	"0"	"180"	"62C3BCEA26AC0AC33ED1B24447411E5DD010AC64734C3D93992A14350A9D717A"
"2025 October"	"261"	"Amateur 2"	"27"	"8768"	"Jesshsp"	"Raptor Cliff's"	"8"	"8"	"PLAYED"	""	"1"	"161"	"62C3BCEA26AC0AC33ED1B24447411E5DD010AC64734C3D93992A14350A9D717A"
"2025 October"	"261"	"Amateur 2"	"27"	"8788"	"SlugJug33"	"Raptor Cliff's - Hard"	"-7"	"-7"	"PLAYED"	""	"2"	"202"	"62C3BCEA26AC0AC33ED1B24447411E5DD010AC64734C3D93992A14350A9D717A"
"2025 October"	"261"	"Amateur 2"	"27"	"8390"	"Woofmaster521 (Kathy)"	"Raptor Cliff's - Hard"	"-1"	"-1"	"PLAYED"	""	"1"	"191"	"62C3BCEA26AC0AC33ED1B24447411E5DD010AC64734C3D93992A14350A9D717A"
"2025 October"	"261"	"Amateur 2"	"27"	"8708"	"The Real JB"	"Raptor Cliff's - Hard"	"0"	"0"	"PLAYED"	""	"1"	"181"	"62C3BCEA26AC0AC33ED1B24447411E5DD010AC64734C3D93992A14350A9D717A"
"2025 October"	"261"	"Amateur 2"	"27"	"8748"	"RICK"	"Raptor Cliff's - Hard"	"6"	"6"	"PLAYED"	""	"1"	"171"	"62C3BCEA26AC0AC33ED1B24447411E5DD010AC64734C3D93992A14350A9D717A"
"2025 November"	"281"	"Amateur 1"	"26"	"8788"	"SlugJug33"	"Cherry Blossom"	"-24"	"-24"	"PLAYED"	""	"2"	"202"	"77DCDF1B8B1375DB8F425319018CE2627A2077CF8FAFB4DBF1E0CD59E7F32F7A"
"2025 November"	"281"	"Amateur 1"	"26"	"230"	"Earthling"	"Cherry Blossom"	"-21"	"-21"	"PLAYED"	""	"3"	"193"	"77DCDF1B8B1375DB8F425319018CE2627A2077CF8FAFB4DBF1E0CD59E7F32F7A"
"2025 November"	"281"	"Amateur 1"	"26"	"8708"	"The Real JB"	"Cherry Blossom"	"-19"	"-19"	"PLAYED"	""	"0"	"180"	"77DCDF1B8B1375DB8F425319018CE2627A2077CF8FAFB4DBF1E0CD59E7F32F7A"
"2025 November"	"281"	"Amateur 1"	"26"	"8748"	"RICK"	"Cherry Blossom"	"-18"	"-18"	"PLAYED"	""	"1"	"171"	"77DCDF1B8B1375DB8F425319018CE2627A2077CF8FAFB4DBF1E0CD59E7F32F7A"
"2025 November"	"281"	"Amateur 1"	"26"	"7552"	"IMJOMAMA"	"Cherry Blossom"	"-17"	"-17"	"PLAYED"	""	"2"	"162"	"77DCDF1B8B1375DB8F425319018CE2627A2077CF8FAFB4DBF1E0CD59E7F32F7A"
"2025 November"	"281"	"Amateur 1"	"26"	"8608"	"Audrey"	"Cherry Blossom"	"-17"	"-17"	"PLAYED"	""	"1"	"151"	"77DCDF1B8B1375DB8F425319018CE2627A2077CF8FAFB4DBF1E0CD59E7F32F7A"
"2025 November"	"281"	"Amateur 1"	"26"	"7589"	"SMILEROBIN"	"Cherry Blossom"	"-17"	"-17"	"PLAYED"	""	"0"	"140"	"77DCDF1B8B1375DB8F425319018CE2627A2077CF8FAFB4DBF1E0CD59E7F32F7A"
"2025 November"	"281"	"Amateur 1"	"26"	"8848"	"mamabear2002"	"Cherry Blossom"	"-11"	"-11"	"PLAYED"	""	"0"	"130"	"77DCDF1B8B1375DB8F425319018CE2627A2077CF8FAFB4DBF1E0CD59E7F32F7A"
"2025 November"	"281"	"Amateur 1"	"26"	"8428"	"Bearded_Driver"	"Cherry Blossom"	"-10"	"-10"	"PLAYED"	""	"0"	"120"	"77DCDF1B8B1375DB8F425319018CE2627A2077CF8FAFB4DBF1E0CD59E7F32F7A"
"2025 November"	"281"	"Amateur 1"	"26"	"8788"	"SlugJug33"	"Cherry Blossom Hard"	"-14"	"-14"	"PLAYED"	""	"0"	"200"	"77DCDF1B8B1375DB8F425319018CE2627A2077CF8FAFB4DBF1E0CD59E7F32F7A"
"2025 November"	"281"	"Amateur 1"	"26"	"8708"	"The Real JB"	"Cherry Blossom Hard"	"-10"	"-10"	"PLAYED"	""	"1"	"191"	"77DCDF1B8B1375DB8F425319018CE2627A2077CF8FAFB4DBF1E0CD59E7F32F7A"
"2025 November"	"281"	"Amateur 1"	"26"	"7552"	"IMJOMAMA"	"Cherry Blossom Hard"	"-7"	"-7"	"PLAYED"	""	"0"	"180"	"77DCDF1B8B1375DB8F425319018CE2627A2077CF8FAFB4DBF1E0CD59E7F32F7A"
"2025 November"	"281"	"Amateur 1"	"26"	"8428"	"Bearded_Driver"	"Cherry Blossom Hard"	"-4"	"-4"	"PLAYED"	""	"1"	"171"	"77DCDF1B8B1375DB8F425319018CE2627A2077CF8FAFB4DBF1E0CD59E7F32F7A"
"2025 November"	"281"	"Amateur 1"	"26"	"8608"	"Audrey"	"Cherry Blossom Hard"	"-1"	"-1"	"PLAYED"	""	"0"	"160"	"77DCDF1B8B1375DB8F425319018CE2627A2077CF8FAFB4DBF1E0CD59E7F32F7A"
"2025 November"	"281"	"Amateur 1"	"26"	"230"	"Earthling"	"Cherry Blossom Hard"	"2"	"2"	"PLAYED"	""	"1"	"151"	"77DCDF1B8B1375DB8F425319018CE2627A2077CF8FAFB4DBF1E0CD59E7F32F7A"
"2025 November"	"281"	"Amateur 1"	"26"	"7589"	"SMILEROBIN"	"Cherry Blossom Hard"	"6"	"6"	"PLAYED"	""	"0"	"140"	"77DCDF1B8B1375DB8F425319018CE2627A2077CF8FAFB4DBF1E0CD59E7F32F7A"
"2025 November"	"281"	"Amateur 1"	"26"	"8748"	"RICK"	"Cherry Blossom Hard"	"7"	"7"	"PLAYED"	""	"0"	"130"	"77DCDF1B8B1375DB8F425319018CE2627A2077CF8FAFB4DBF1E0CD59E7F32F7A"
"2025 November"	"281"	"Amateur 1"	"26"	"8848"	"mamabear2002"	"Cherry Blossom Hard"	"19"	"19"	"PLAYED"	""	"0"	"120"	"77DCDF1B8B1375DB8F425319018CE2627A2077CF8FAFB4DBF1E0CD59E7F32F7A"
"2025 November"	"281"	"Amateur 1"	"26"	"8708"	"The Real JB"	"Temple at Zerzura"	"-21"	"-21"	"PLAYED"	""	"2"	"202"	"77DCDF1B8B1375DB8F425319018CE2627A2077CF8FAFB4DBF1E0CD59E7F32F7A"
"2025 November"	"281"	"Amateur 1"	"26"	"8788"	"SlugJug33"	"Temple at Zerzura"	"-19"	"-19"	"PLAYED"	""	"2"	"192"	"77DCDF1B8B1375DB8F425319018CE2627A2077CF8FAFB4DBF1E0CD59E7F32F7A"
"2025 November"	"281"	"Amateur 1"	"26"	"230"	"Earthling"	"Temple at Zerzura"	"-14"	"-14"	"PLAYED"	""	"1"	"181"	"77DCDF1B8B1375DB8F425319018CE2627A2077CF8FAFB4DBF1E0CD59E7F32F7A"
"2025 November"	"281"	"Amateur 1"	"26"	"8608"	"Audrey"	"Temple at Zerzura"	"-11"	"-11"	"PLAYED"	""	"1"	"171"	"77DCDF1B8B1375DB8F425319018CE2627A2077CF8FAFB4DBF1E0CD59E7F32F7A"
"2025 November"	"281"	"Amateur 1"	"26"	"7589"	"SMILEROBIN"	"Temple at Zerzura"	"-10"	"-10"	"PLAYED"	""	"1"	"161"	"77DCDF1B8B1375DB8F425319018CE2627A2077CF8FAFB4DBF1E0CD59E7F32F7A"
"2025 November"	"281"	"Amateur 1"	"26"	"7552"	"IMJOMAMA"	"Temple at Zerzura"	"-6"	"-6"	"PLAYED"	""	"0"	"150"	"77DCDF1B8B1375DB8F425319018CE2627A2077CF8FAFB4DBF1E0CD59E7F32F7A"
"2025 November"	"281"	"Amateur 1"	"26"	"8848"	"mamabear2002"	"Temple at Zerzura"	"-4"	"-4"	"PLAYED"	""	"1"	"141"	"77DCDF1B8B1375DB8F425319018CE2627A2077CF8FAFB4DBF1E0CD59E7F32F7A"
"2025 November"	"281"	"Amateur 1"	"26"	"8748"	"RICK"	"Temple at Zerzura"	"0"	"0"	"PLAYED"	""	"0"	"130"	"77DCDF1B8B1375DB8F425319018CE2627A2077CF8FAFB4DBF1E0CD59E7F32F7A"
"2025 November"	"281"	"Amateur 1"	"26"	"8428"	"Bearded_Driver"	"Temple at Zerzura"	"4"	"4"	"PLAYED"	""	"1"	"121"	"77DCDF1B8B1375DB8F425319018CE2627A2077CF8FAFB4DBF1E0CD59E7F32F7A"
"2025 November"	"281"	"Amateur 1"	"26"	"8788"	"SlugJug33"	"Temple at Zerzura - Hard"	"-20"	"-20"	"PLAYED"	""	"3"	"203"	"77DCDF1B8B1375DB8F425319018CE2627A2077CF8FAFB4DBF1E0CD59E7F32F7A"
"2025 November"	"281"	"Amateur 1"	"26"	"8608"	"Audrey"	"Temple at Zerzura - Hard"	"-8"	"-8"	"PLAYED"	""	"1"	"191"	"77DCDF1B8B1375DB8F425319018CE2627A2077CF8FAFB4DBF1E0CD59E7F32F7A"
"2025 November"	"281"	"Amateur 1"	"26"	"8708"	"The Real JB"	"Temple at Zerzura - Hard"	"-6"	"-6"	"PLAYED"	""	"0"	"180"	"77DCDF1B8B1375DB8F425319018CE2627A2077CF8FAFB4DBF1E0CD59E7F32F7A"
"2025 November"	"281"	"Amateur 1"	"26"	"8748"	"RICK"	"Temple at Zerzura - Hard"	"1"	"1"	"PLAYED"	""	"0"	"170"	"77DCDF1B8B1375DB8F425319018CE2627A2077CF8FAFB4DBF1E0CD59E7F32F7A"
"2025 November"	"281"	"Amateur 1"	"26"	"7552"	"IMJOMAMA"	"Temple at Zerzura - Hard"	"2"	"2"	"PLAYED"	""	"1"	"161"	"77DCDF1B8B1375DB8F425319018CE2627A2077CF8FAFB4DBF1E0CD59E7F32F7A"
"2025 November"	"281"	"Amateur 1"	"26"	"8848"	"mamabear2002"	"Temple at Zerzura - Hard"	"3"	"3"	"PLAYED"	""	"1"	"151"	"77DCDF1B8B1375DB8F425319018CE2627A2077CF8FAFB4DBF1E0CD59E7F32F7A"
"2025 November"	"281"	"Amateur 1"	"26"	"230"	"Earthling"	"Temple at Zerzura - Hard"	"5"	"5"	"PLAYED"	""	"2"	"142"	"77DCDF1B8B1375DB8F425319018CE2627A2077CF8FAFB4DBF1E0CD59E7F32F7A"
"2025 November"	"281"	"Amateur 1"	"26"	"7589"	"SMILEROBIN"	"Temple at Zerzura - Hard"	"6"	"6"	"PLAYED"	""	"0"	"130"	"77DCDF1B8B1375DB8F425319018CE2627A2077CF8FAFB4DBF1E0CD59E7F32F7A"
"2025 November"	"281"	"Amateur 1"	"26"	"8428"	"Bearded_Driver"	"Temple at Zerzura - Hard"	"11"	"11"	"PLAYED"	""	"1"	"121"	"77DCDF1B8B1375DB8F425319018CE2627A2077CF8FAFB4DBF1E0CD59E7F32F7A"
"2025 November"	"281"	"Amateur 1"	"26"	"8708"	"The Real JB"	"20,000 Leagues Under The Sea"	"-20"	"-20"	"PLAYED"	""	"3"	"203"	"77DCDF1B8B1375DB8F425319018CE2627A2077CF8FAFB4DBF1E0CD59E7F32F7A"
"2025 November"	"281"	"Amateur 1"	"26"	"230"	"Earthling"	"20,000 Leagues Under The Sea"	"-19"	"-19"	"PLAYED"	""	"1"	"191"	"77DCDF1B8B1375DB8F425319018CE2627A2077CF8FAFB4DBF1E0CD59E7F32F7A"
"2025 November"	"281"	"Amateur 1"	"26"	"8788"	"SlugJug33"	"20,000 Leagues Under The Sea"	"-18"	"-18"	"PLAYED"	""	"1"	"181"	"77DCDF1B8B1375DB8F425319018CE2627A2077CF8FAFB4DBF1E0CD59E7F32F7A"
"2025 November"	"281"	"Amateur 1"	"26"	"8608"	"Audrey"	"20,000 Leagues Under The Sea"	"-18"	"-18"	"PLAYED"	""	"1"	"181"	"77DCDF1B8B1375DB8F425319018CE2627A2077CF8FAFB4DBF1E0CD59E7F32F7A"
"2025 November"	"281"	"Amateur 1"	"26"	"8428"	"Bearded_Driver"	"20,000 Leagues Under The Sea"	"-15"	"-15"	"PLAYED"	""	"3"	"163"	"77DCDF1B8B1375DB8F425319018CE2627A2077CF8FAFB4DBF1E0CD59E7F32F7A"
"2025 November"	"281"	"Amateur 1"	"26"	"7552"	"IMJOMAMA"	"20,000 Leagues Under The Sea"	"-15"	"-15"	"PLAYED"	""	"2"	"152"	"77DCDF1B8B1375DB8F425319018CE2627A2077CF8FAFB4DBF1E0CD59E7F32F7A"
"2025 November"	"281"	"Amateur 1"	"26"	"8748"	"RICK"	"20,000 Leagues Under The Sea"	"-12"	"-12"	"PLAYED"	""	"2"	"142"	"77DCDF1B8B1375DB8F425319018CE2627A2077CF8FAFB4DBF1E0CD59E7F32F7A"
"2025 November"	"281"	"Amateur 1"	"26"	"7589"	"SMILEROBIN"	"20,000 Leagues Under The Sea"	"-6"	"-6"	"PLAYED"	""	"1"	"131"	"77DCDF1B8B1375DB8F425319018CE2627A2077CF8FAFB4DBF1E0CD59E7F32F7A"
"2025 November"	"281"	"Amateur 1"	"26"	"8848"	"mamabear2002"	"20,000 Leagues Under The Sea"	"-5"	"-5"	"PLAYED"	""	"1"	"121"	"77DCDF1B8B1375DB8F425319018CE2627A2077CF8FAFB4DBF1E0CD59E7F32F7A"
"2025 November"	"281"	"Amateur 1"	"26"	"8788"	"SlugJug33"	"20,000 Leagues Hard"	"-16"	"-16"	"PLAYED"	""	"1"	"201"	"77DCDF1B8B1375DB8F425319018CE2627A2077CF8FAFB4DBF1E0CD59E7F32F7A"
"2025 November"	"281"	"Amateur 1"	"26"	"8708"	"The Real JB"	"20,000 Leagues Hard"	"-11"	"-11"	"PLAYED"	""	"0"	"190"	"77DCDF1B8B1375DB8F425319018CE2627A2077CF8FAFB4DBF1E0CD59E7F32F7A"
"2025 November"	"281"	"Amateur 1"	"26"	"8748"	"RICK"	"20,000 Leagues Hard"	"-11"	"-11"	"PLAYED"	""	"0"	"190"	"77DCDF1B8B1375DB8F425319018CE2627A2077CF8FAFB4DBF1E0CD59E7F32F7A"
"2025 November"	"281"	"Amateur 1"	"26"	"8608"	"Audrey"	"20,000 Leagues Hard"	"-8"	"-8"	"PLAYED"	""	"1"	"171"	"77DCDF1B8B1375DB8F425319018CE2627A2077CF8FAFB4DBF1E0CD59E7F32F7A"
"2025 November"	"281"	"Amateur 1"	"26"	"7589"	"SMILEROBIN"	"20,000 Leagues Hard"	"-8"	"-8"	"PLAYED"	""	"0"	"160"	"77DCDF1B8B1375DB8F425319018CE2627A2077CF8FAFB4DBF1E0CD59E7F32F7A"
"2025 November"	"281"	"Amateur 1"	"26"	"7552"	"IMJOMAMA"	"20,000 Leagues Hard"	"-7"	"-7"	"PLAYED"	""	"0"	"150"	"77DCDF1B8B1375DB8F425319018CE2627A2077CF8FAFB4DBF1E0CD59E7F32F7A"
"2025 November"	"281"	"Amateur 1"	"26"	"230"	"Earthling"	"20,000 Leagues Hard"	"-5"	"-5"	"PLAYED"	""	"1"	"141"	"77DCDF1B8B1375DB8F425319018CE2627A2077CF8FAFB4DBF1E0CD59E7F32F7A"
"2025 November"	"281"	"Amateur 1"	"26"	"8428"	"Bearded_Driver"	"20,000 Leagues Hard"	"0"	"0"	"PLAYED"	""	"0"	"130"	"77DCDF1B8B1375DB8F425319018CE2627A2077CF8FAFB4DBF1E0CD59E7F32F7A"
"2025 November"	"281"	"Amateur 1"	"26"	"8848"	"mamabear2002"	"20,000 Leagues Hard"	"3"	"3"	"PLAYED"	""	"0"	"120"	"77DCDF1B8B1375DB8F425319018CE2627A2077CF8FAFB4DBF1E0CD59E7F32F7A"
"2025 November"	"281"	"Amateur 1"	"26"	"8708"	"The Real JB"	"Forgotten Fairyland"	"-22"	"-22"	"PLAYED"	""	"4"	"204"	"77DCDF1B8B1375DB8F425319018CE2627A2077CF8FAFB4DBF1E0CD59E7F32F7A"
"2025 November"	"281"	"Amateur 1"	"26"	"8788"	"SlugJug33"	"Forgotten Fairyland"	"-22"	"-22"	"PLAYED"	""	"3"	"193"	"77DCDF1B8B1375DB8F425319018CE2627A2077CF8FAFB4DBF1E0CD59E7F32F7A"
"2025 November"	"281"	"Amateur 1"	"26"	"8608"	"Audrey"	"Forgotten Fairyland"	"-22"	"-22"	"PLAYED"	""	"3"	"193"	"77DCDF1B8B1375DB8F425319018CE2627A2077CF8FAFB4DBF1E0CD59E7F32F7A"
"2025 November"	"281"	"Amateur 1"	"26"	"8748"	"RICK"	"Forgotten Fairyland"	"-20"	"-20"	"PLAYED"	""	"2"	"172"	"77DCDF1B8B1375DB8F425319018CE2627A2077CF8FAFB4DBF1E0CD59E7F32F7A"
"2025 November"	"281"	"Amateur 1"	"26"	"8848"	"mamabear2002"	"Forgotten Fairyland"	"-16"	"-16"	"PLAYED"	""	"5"	"165"	"77DCDF1B8B1375DB8F425319018CE2627A2077CF8FAFB4DBF1E0CD59E7F32F7A"
"2025 November"	"281"	"Amateur 1"	"26"	"230"	"Earthling"	"Forgotten Fairyland"	"-14"	"-14"	"PLAYED"	""	"3"	"153"	"77DCDF1B8B1375DB8F425319018CE2627A2077CF8FAFB4DBF1E0CD59E7F32F7A"
"2025 November"	"281"	"Amateur 1"	"26"	"7552"	"IMJOMAMA"	"Forgotten Fairyland"	"-13"	"-13"	"PLAYED"	""	"2"	"142"	"77DCDF1B8B1375DB8F425319018CE2627A2077CF8FAFB4DBF1E0CD59E7F32F7A"
"2025 November"	"281"	"Amateur 1"	"26"	"7589"	"SMILEROBIN"	"Forgotten Fairyland"	"-12"	"-12"	"PLAYED"	""	"2"	"132"	"77DCDF1B8B1375DB8F425319018CE2627A2077CF8FAFB4DBF1E0CD59E7F32F7A"
"2025 November"	"281"	"Amateur 1"	"26"	"8428"	"Bearded_Driver"	"Forgotten Fairyland"	"-11"	"-11"	"PLAYED"	""	"1"	"121"	"77DCDF1B8B1375DB8F425319018CE2627A2077CF8FAFB4DBF1E0CD59E7F32F7A"
"2025 November"	"281"	"Amateur 1"	"26"	"8788"	"SlugJug33"	"Forgotten Fairyland - Hard"	"-12"	"-12"	"PLAYED"	""	"1"	"201"	"77DCDF1B8B1375DB8F425319018CE2627A2077CF8FAFB4DBF1E0CD59E7F32F7A"
"2025 November"	"281"	"Amateur 1"	"26"	"8708"	"The Real JB"	"Forgotten Fairyland - Hard"	"-10"	"-10"	"PLAYED"	""	"1"	"191"	"77DCDF1B8B1375DB8F425319018CE2627A2077CF8FAFB4DBF1E0CD59E7F32F7A"
"2025 November"	"281"	"Amateur 1"	"26"	"230"	"Earthling"	"Forgotten Fairyland - Hard"	"-9"	"-9"	"PLAYED"	""	"0"	"180"	"77DCDF1B8B1375DB8F425319018CE2627A2077CF8FAFB4DBF1E0CD59E7F32F7A"
"2025 November"	"281"	"Amateur 1"	"26"	"8748"	"RICK"	"Forgotten Fairyland - Hard"	"-8"	"-8"	"PLAYED"	""	"3"	"173"	"77DCDF1B8B1375DB8F425319018CE2627A2077CF8FAFB4DBF1E0CD59E7F32F7A"
"2025 November"	"281"	"Amateur 1"	"26"	"8608"	"Audrey"	"Forgotten Fairyland - Hard"	"-3"	"-3"	"PLAYED"	""	"2"	"162"	"77DCDF1B8B1375DB8F425319018CE2627A2077CF8FAFB4DBF1E0CD59E7F32F7A"
"2025 November"	"281"	"Amateur 1"	"26"	"8848"	"mamabear2002"	"Forgotten Fairyland - Hard"	"4"	"4"	"PLAYED"	""	"1"	"151"	"77DCDF1B8B1375DB8F425319018CE2627A2077CF8FAFB4DBF1E0CD59E7F32F7A"
"2025 November"	"281"	"Amateur 1"	"26"	"7552"	"IMJOMAMA"	"Forgotten Fairyland - Hard"	"5"	"5"	"PLAYED"	""	"2"	"142"	"77DCDF1B8B1375DB8F425319018CE2627A2077CF8FAFB4DBF1E0CD59E7F32F7A"
"2025 November"	"281"	"Amateur 1"	"26"	"8428"	"Bearded_Driver"	"Forgotten Fairyland - Hard"	"10"	"10"	"PLAYED"	""	"1"	"131"	"77DCDF1B8B1375DB8F425319018CE2627A2077CF8FAFB4DBF1E0CD59E7F32F7A"
"2025 November"	"281"	"Amateur 1"	"26"	"7589"	"SMILEROBIN"	"Forgotten Fairyland - Hard"	"11"	"11"	"PLAYED"	""	"0"	"120"	"77DCDF1B8B1375DB8F425319018CE2627A2077CF8FAFB4DBF1E0CD59E7F32F7A"
"2025 December"	"301"	"Amateur 1"	"26"	"230"	"Earthling"	"Myst"	"-22"	"-22"	"PLAYED"	""	"2"	"202"	"12DC99FFE8EA46388616EFFE9C5BDFFE4238430F7A6BCD65256CCB1DD9197FC6"
"2025 December"	"301"	"Amateur 1"	"26"	"7552"	"IMJOMAMA"	"Myst"	"-13"	"-13"	"PLAYED"	""	"1"	"191"	"12DC99FFE8EA46388616EFFE9C5BDFFE4238430F7A6BCD65256CCB1DD9197FC6"
"2025 December"	"301"	"Amateur 1"	"26"	"8748"	"RICK"	"Myst"	"-10"	"-10"	"PLAYED"	""	"2"	"182"	"12DC99FFE8EA46388616EFFE9C5BDFFE4238430F7A6BCD65256CCB1DD9197FC6"
"2025 December"	"301"	"Amateur 1"	"26"	"7552"	"IMJOMAMA"	"Myst Hard"	"-8"	"-8"	"PLAYED"	""	"1"	"201"	"12DC99FFE8EA46388616EFFE9C5BDFFE4238430F7A6BCD65256CCB1DD9197FC6"
"2025 December"	"301"	"Amateur 1"	"26"	"8748"	"RICK"	"Myst Hard"	"-7"	"-7"	"PLAYED"	""	"1"	"191"	"12DC99FFE8EA46388616EFFE9C5BDFFE4238430F7A6BCD65256CCB1DD9197FC6"
"2025 December"	"301"	"Amateur 1"	"26"	"230"	"Earthling"	"Myst Hard"	"4"	"4"	"PLAYED"	""	"0"	"180"	"12DC99FFE8EA46388616EFFE9C5BDFFE4238430F7A6BCD65256CCB1DD9197FC6"
"2025 December"	"301"	"Amateur 1"	"26"	"8489"	"Sarahlynn727"	"Shangri-La"	"-20"	"-20"	"PLAYED"	""	"4"	"204"	"12DC99FFE8EA46388616EFFE9C5BDFFE4238430F7A6BCD65256CCB1DD9197FC6"
"2025 December"	"301"	"Amateur 1"	"26"	"7552"	"IMJOMAMA"	"Shangri-La"	"-16"	"-16"	"PLAYED"	""	"3"	"193"	"12DC99FFE8EA46388616EFFE9C5BDFFE4238430F7A6BCD65256CCB1DD9197FC6"
"2025 December"	"301"	"Amateur 1"	"26"	"8748"	"RICK"	"Shangri-La"	"-16"	"-16"	"PLAYED"	""	"1"	"181"	"12DC99FFE8EA46388616EFFE9C5BDFFE4238430F7A6BCD65256CCB1DD9197FC6"
"2025 December"	"301"	"Amateur 1"	"26"	"7552"	"IMJOMAMA"	"Shangri-La - Hard"	"-5"	"-5"	"PLAYED"	""	"0"	"200"	"12DC99FFE8EA46388616EFFE9C5BDFFE4238430F7A6BCD65256CCB1DD9197FC6"
"2025 December"	"301"	"Amateur 1"	"26"	"8748"	"RICK"	"Shangri-La - Hard"	"6"	"6"	"PLAYED"	""	"0"	"190"	"12DC99FFE8EA46388616EFFE9C5BDFFE4238430F7A6BCD65256CCB1DD9197FC6"
"2025 December"	"301"	"Amateur 1"	"26"	"230"	"Earthling"	"Venice"	"-15"	"-15"	"PLAYED"	""	"0"	"200"	"12DC99FFE8EA46388616EFFE9C5BDFFE4238430F7A6BCD65256CCB1DD9197FC6"
"2025 December"	"301"	"Amateur 1"	"26"	"7552"	"IMJOMAMA"	"Venice"	"-4"	"-4"	"PLAYED"	""	"0"	"190"	"12DC99FFE8EA46388616EFFE9C5BDFFE4238430F7A6BCD65256CCB1DD9197FC6"
"2025 December"	"301"	"Amateur 1"	"26"	"8748"	"RICK"	"Venice"	"-4"	"-4"	"PLAYED"	""	"0"	"190"	"12DC99FFE8EA46388616EFFE9C5BDFFE4238430F7A6BCD65256CCB1DD9197FC6"
"2025 December"	"301"	"Amateur 1"	"26"	"230"	"Earthling"	"Venice - Hard"	"-4"	"-4"	"PLAYED"	""	"0"	"200"	"12DC99FFE8EA46388616EFFE9C5BDFFE4238430F7A6BCD65256CCB1DD9197FC6"
"2025 December"	"301"	"Amateur 1"	"26"	"7552"	"IMJOMAMA"	"Venice - Hard"	"-3"	"-3"	"PLAYED"	""	"0"	"190"	"12DC99FFE8EA46388616EFFE9C5BDFFE4238430F7A6BCD65256CCB1DD9197FC6"
"2025 December"	"301"	"Amateur 1"	"26"	"8748"	"RICK"	"Venice - Hard"	"12"	"12"	"PLAYED"	""	"1"	"181"	"12DC99FFE8EA46388616EFFE9C5BDFFE4238430F7A6BCD65256CCB1DD9197FC6"
"2025 December"	"301"	"Amateur 1"	"26"	"7552"	"IMJOMAMA"	"Viva Las Elvis"	"-15"	"-15"	"PLAYED"	""	"2"	"202"	"12DC99FFE8EA46388616EFFE9C5BDFFE4238430F7A6BCD65256CCB1DD9197FC6"
"2025 December"	"301"	"Amateur 1"	"26"	"7552"	"IMJOMAMA"	"Viva Las Elvis - Hard"	"-1"	"-1"	"PLAYED"	""	"0"	"200"	"12DC99FFE8EA46388616EFFE9C5BDFFE4238430F7A6BCD65256CCB1DD9197FC6"
"2025 December"	"301"	"Amateur 1"	"26"	"8748"	"RICK"	"Viva Las Elvis - Hard"	"17"	"17"	"PLAYED"	""	"2"	"192"	"12DC99FFE8EA46388616EFFE9C5BDFFE4238430F7A6BCD65256CCB1DD9197FC6"
"2025 December"	"301"	"Amateur 2"	"27"	"8908"	"Mark1703"	"Myst"	"-18"	"-18"	"PLAYED"	""	"3"	"203"	"EDD1F9CA9663ED8882A9DAA820B28E39C88E558344FA8DC530ADC357946CEC6E"
"2025 December"	"301"	"Amateur 2"	"27"	"7589"	"SMILEROBIN"	"Myst"	"-17"	"-17"	"PLAYED"	""	"2"	"192"	"EDD1F9CA9663ED8882A9DAA820B28E39C88E558344FA8DC530ADC357946CEC6E"
"2025 December"	"301"	"Amateur 2"	"27"	"8848"	"mamabear2002"	"Myst"	"-10"	"-10"	"PLAYED"	""	"2"	"182"	"EDD1F9CA9663ED8882A9DAA820B28E39C88E558344FA8DC530ADC357946CEC6E"
"2025 December"	"301"	"Amateur 2"	"27"	"8428"	"Bearded_Driver"	"Myst"	"-10"	"-10"	"PLAYED"	""	"2"	"182"	"EDD1F9CA9663ED8882A9DAA820B28E39C88E558344FA8DC530ADC357946CEC6E"
"2025 December"	"301"	"Amateur 2"	"27"	"7589"	"SMILEROBIN"	"Myst Hard"	"-4"	"-4"	"PLAYED"	""	"3"	"203"	"EDD1F9CA9663ED8882A9DAA820B28E39C88E558344FA8DC530ADC357946CEC6E"
"2025 December"	"301"	"Amateur 2"	"27"	"8428"	"Bearded_Driver"	"Myst Hard"	"-1"	"-1"	"PLAYED"	""	"1"	"191"	"EDD1F9CA9663ED8882A9DAA820B28E39C88E558344FA8DC530ADC357946CEC6E"
"2025 December"	"301"	"Amateur 2"	"27"	"8848"	"mamabear2002"	"Myst Hard"	"4"	"4"	"PLAYED"	""	"1"	"181"	"EDD1F9CA9663ED8882A9DAA820B28E39C88E558344FA8DC530ADC357946CEC6E"
"2025 December"	"301"	"Amateur 2"	"27"	"8888"	"SHANNON_OLIVEOWL"	"Myst Hard"	"12"	"12"	"PLAYED"	""	"0"	"170"	"EDD1F9CA9663ED8882A9DAA820B28E39C88E558344FA8DC530ADC357946CEC6E"
"2025 December"	"301"	"Amateur 2"	"27"	"7589"	"SMILEROBIN"	"Shangri-La"	"-16"	"-16"	"PLAYED"	""	"1"	"201"	"EDD1F9CA9663ED8882A9DAA820B28E39C88E558344FA8DC530ADC357946CEC6E"
"2025 December"	"301"	"Amateur 2"	"27"	"8908"	"Mark1703"	"Shangri-La"	"-15"	"-15"	"PLAYED"	""	"2"	"192"	"EDD1F9CA9663ED8882A9DAA820B28E39C88E558344FA8DC530ADC357946CEC6E"
"2025 December"	"301"	"Amateur 2"	"27"	"8888"	"SHANNON_OLIVEOWL"	"Shangri-La"	"-10"	"-10"	"PLAYED"	""	"1"	"181"	"EDD1F9CA9663ED8882A9DAA820B28E39C88E558344FA8DC530ADC357946CEC6E"
"2025 December"	"301"	"Amateur 2"	"27"	"8428"	"Bearded_Driver"	"Shangri-La"	"-6"	"-6"	"PLAYED"	""	"1"	"171"	"EDD1F9CA9663ED8882A9DAA820B28E39C88E558344FA8DC530ADC357946CEC6E"
"2025 December"	"301"	"Amateur 2"	"27"	"8908"	"Mark1703"	"Shangri-La - Hard"	"-8"	"-8"	"PLAYED"	""	"0"	"200"	"EDD1F9CA9663ED8882A9DAA820B28E39C88E558344FA8DC530ADC357946CEC6E"
"2025 December"	"301"	"Amateur 2"	"27"	"8888"	"SHANNON_OLIVEOWL"	"Shangri-La - Hard"	"-1"	"-1"	"PLAYED"	""	"0"	"190"	"EDD1F9CA9663ED8882A9DAA820B28E39C88E558344FA8DC530ADC357946CEC6E"
"2025 December"	"301"	"Amateur 2"	"27"	"7589"	"SMILEROBIN"	"Shangri-La - Hard"	"2"	"2"	"PLAYED"	""	"0"	"180"	"EDD1F9CA9663ED8882A9DAA820B28E39C88E558344FA8DC530ADC357946CEC6E"
"2025 December"	"301"	"Amateur 2"	"27"	"8428"	"Bearded_Driver"	"Shangri-La - Hard"	"9"	"9"	"PLAYED"	""	"0"	"170"	"EDD1F9CA9663ED8882A9DAA820B28E39C88E558344FA8DC530ADC357946CEC6E"
"2025 December"	"301"	"Amateur 2"	"27"	"7589"	"SMILEROBIN"	"Venice"	"-9"	"-9"	"PLAYED"	""	"0"	"200"	"EDD1F9CA9663ED8882A9DAA820B28E39C88E558344FA8DC530ADC357946CEC6E"
"2025 December"	"301"	"Amateur 2"	"27"	"8888"	"SHANNON_OLIVEOWL"	"Venice"	"-7"	"-7"	"PLAYED"	""	"0"	"190"	"EDD1F9CA9663ED8882A9DAA820B28E39C88E558344FA8DC530ADC357946CEC6E"
"2025 December"	"301"	"Amateur 2"	"27"	"8428"	"Bearded_Driver"	"Venice"	"5"	"5"	"PLAYED"	""	"1"	"181"	"EDD1F9CA9663ED8882A9DAA820B28E39C88E558344FA8DC530ADC357946CEC6E"
"2025 December"	"301"	"Amateur 2"	"27"	"7589"	"SMILEROBIN"	"Venice - Hard"	"0"	"0"	"PLAYED"	""	"0"	"200"	"EDD1F9CA9663ED8882A9DAA820B28E39C88E558344FA8DC530ADC357946CEC6E"
"2025 December"	"301"	"Amateur 2"	"27"	"8888"	"SHANNON_OLIVEOWL"	"Venice - Hard"	"9"	"9"	"PLAYED"	""	"0"	"190"	"EDD1F9CA9663ED8882A9DAA820B28E39C88E558344FA8DC530ADC357946CEC6E"
"2025 December"	"301"	"Amateur 2"	"27"	"8428"	"Bearded_Driver"	"Venice - Hard"	"15"	"15"	"PLAYED"	""	"0"	"180"	"EDD1F9CA9663ED8882A9DAA820B28E39C88E558344FA8DC530ADC357946CEC6E"
"2025 December"	"301"	"Amateur 2"	"27"	"8888"	"SHANNON_OLIVEOWL"	"Viva Las Elvis"	"-9"	"-9"	"PLAYED"	""	"2"	"202"	"EDD1F9CA9663ED8882A9DAA820B28E39C88E558344FA8DC530ADC357946CEC6E"
"2025 December"	"301"	"Amateur 2"	"27"	"7589"	"SMILEROBIN"	"Viva Las Elvis"	"-7"	"-7"	"PLAYED"	""	"1"	"191"	"EDD1F9CA9663ED8882A9DAA820B28E39C88E558344FA8DC530ADC357946CEC6E"
"2025 December"	"301"	"Amateur 2"	"27"	"8428"	"Bearded_Driver"	"Viva Las Elvis"	"-4"	"-4"	"PLAYED"	""	"1"	"181"	"EDD1F9CA9663ED8882A9DAA820B28E39C88E558344FA8DC530ADC357946CEC6E"
"2025 December"	"301"	"Amateur 2"	"27"	"8848"	"mamabear2002"	"Viva Las Elvis"	"-3"	"-3"	"PLAYED"	""	"1"	"171"	"EDD1F9CA9663ED8882A9DAA820B28E39C88E558344FA8DC530ADC357946CEC6E"
"2025 December"	"301"	"Amateur 2"	"27"	"7589"	"SMILEROBIN"	"Viva Las Elvis - Hard"	"1"	"1"	"PLAYED"	""	"1"	"201"	"EDD1F9CA9663ED8882A9DAA820B28E39C88E558344FA8DC530ADC357946CEC6E"
"2025 December"	"301"	"Amateur 2"	"27"	"8888"	"SHANNON_OLIVEOWL"	"Viva Las Elvis - Hard"	"3"	"3"	"PLAYED"	""	"3"	"193"	"EDD1F9CA9663ED8882A9DAA820B28E39C88E558344FA8DC530ADC357946CEC6E"
"2025 December"	"301"	"Amateur 2"	"27"	"8428"	"Bearded_Driver"	"Viva Las Elvis - Hard"	"8"	"8"	"PLAYED"	""	"2"	"182"	"EDD1F9CA9663ED8882A9DAA820B28E39C88E558344FA8DC530ADC357946CEC6E"
