"period"	"period_id"	"division"	"division_id"	"source_player_id"	"source_player_name"	"course"	"score_text"	"score_numeric"	"played_state"	"placement"	"hn1"	"points"	"raw_json_sha256"
"2024 August"	"54"	"Amateur 2"	"27"	"6745"	"𝙹𝚞𝚕𝚒𝚊𝚗"	"Overall Leaders - 2024 August"	""	""	"UNPLAYED"	"1"	""	"1,623"	"857496BE4F9BD2F97C7F5CD14C3F9528E2E66FC54F949ABA21A1A80181606865"
"2024 August"	"54"	"Amateur 2"	"27"	"54"	"Derby_Daz"	"Overall Leaders - 2024 August"	""	""	"UNPLAYED"	"2"	""	"1,566"	"857496BE4F9BD2F97C7F5CD14C3F9528E2E66FC54F949ABA21A1A80181606865"
"2024 August"	"54"	"Amateur 2"	"27"	"6950"	"leanin2it"	"Overall Leaders - 2024 August"	""	""	"UNPLAYED"	"3"	""	"1,544"	"857496BE4F9BD2F97C7F5CD14C3F9528E2E66FC54F949ABA21A1A80181606865"
"2024 August"	"54"	"Amateur 2"	"27"	"7181"	"CRAZYHORSE"	"Overall Leaders - 2024 August"	""	""	"UNPLAYED"	"4"	""	"1,526"	"857496BE4F9BD2F97C7F5CD14C3F9528E2E66FC54F949ABA21A1A80181606865"
"2024 August"	"54"	"Amateur 2"	"27"	"7186"	"Chelle💯"	"Overall Leaders - 2024 August"	""	""	"UNPLAYED"	"5"	""	"1,523"	"857496BE4F9BD2F97C7F5CD14C3F9528E2E66FC54F949ABA21A1A80181606865"
"2024 August"	"54"	"Amateur 2"	"27"	"7553"	"SHA_HOOF_NA"	"Overall Leaders - 2024 August"	""	""	"UNPLAYED"	"6"	""	"1,491"	"857496BE4F9BD2F97C7F5CD14C3F9528E2E66FC54F949ABA21A1A80181606865"
"2024 August"	"54"	"Amateur 2"	"27"	"6970"	"Savy"	"Overall Leaders - 2024 August"	""	""	"UNPLAYED"	"7"	""	"1,488"	"857496BE4F9BD2F97C7F5CD14C3F9528E2E66FC54F949ABA21A1A80181606865"
"2024 August"	"54"	"Amateur 2"	"27"	"4945"	"Princess_Bankshot"	"Overall Leaders - 2024 August"	""	""	"UNPLAYED"	"8"	""	"1,483"	"857496BE4F9BD2F97C7F5CD14C3F9528E2E66FC54F949ABA21A1A80181606865"
"2024 August"	"54"	"Amateur 2"	"27"	"59"	"TrickyDicky"	"Overall Leaders - 2024 August"	""	""	"UNPLAYED"	"9"	""	"1,478"	"857496BE4F9BD2F97C7F5CD14C3F9528E2E66FC54F949ABA21A1A80181606865"
"2024 August"	"54"	"Amateur 2"	"27"	"4927"	"yankeedude1123"	"Overall Leaders - 2024 August"	""	""	"UNPLAYED"	"10"	""	"1,464"	"857496BE4F9BD2F97C7F5CD14C3F9528E2E66FC54F949ABA21A1A80181606865"
"2024 August"	"54"	"Amateur 2"	"27"	"4305"	"bigja33"	"Overall Leaders - 2024 August"	""	""	"UNPLAYED"	"10"	""	"1,464"	"857496BE4F9BD2F97C7F5CD14C3F9528E2E66FC54F949ABA21A1A80181606865"
"2024 August"	"54"	"Amateur 2"	"27"	"7388"	"FROGMAN"	"Gardens of Babylon Hard"	""	""	"UNPLAYED"	""	""	""	"857496BE4F9BD2F97C7F5CD14C3F9528E2E66FC54F949ABA21A1A80181606865"
"2024 August"	"54"	"Amateur 2"	"27"	"7182"	"RUBBERDUCK"	"20,000 Leagues Under The Sea"	""	""	"UNPLAYED"	""	""	""	"857496BE4F9BD2F97C7F5CD14C3F9528E2E66FC54F949ABA21A1A80181606865"
"2024 August"	"54"	"Amateur 2"	"27"	"7182"	"RUBBERDUCK"	"20,000 Leagues Hard"	""	""	"UNPLAYED"	""	""	""	"857496BE4F9BD2F97C7F5CD14C3F9528E2E66FC54F949ABA21A1A80181606865"
"2024 August"	"54"	"Amateur 2"	"27"	"7327"	"MOENSHINER"	"20,000 Leagues Hard"	""	""	"UNPLAYED"	""	""	""	"857496BE4F9BD2F97C7F5CD14C3F9528E2E66FC54F949ABA21A1A80181606865"
"2024 August"	"54"	"Amateur 2"	"27"	"7182"	"RUBBERDUCK"	"Widow’s Walkabout"	""	""	"UNPLAYED"	""	""	""	"857496BE4F9BD2F97C7F5CD14C3F9528E2E66FC54F949ABA21A1A80181606865"
"2024 August"	"54"	"Amateur 2"	"27"	"7388"	"FROGMAN"	"Widow’s Walkabout"	""	""	"UNPLAYED"	""	""	""	"857496BE4F9BD2F97C7F5CD14C3F9528E2E66FC54F949ABA21A1A80181606865"
"2024 August"	"54"	"Amateur 2"	"27"	"7182"	"RUBBERDUCK"	"Widow’s Walkabout - Hard"	""	""	"UNPLAYED"	""	""	""	"857496BE4F9BD2F97C7F5CD14C3F9528E2E66FC54F949ABA21A1A80181606865"
"2024 August"	"54"	"Amateur 2"	"27"	"7182"	"RUBBERDUCK"	"Wallace & Gromit"	""	""	"UNPLAYED"	""	""	""	"857496BE4F9BD2F97C7F5CD14C3F9528E2E66FC54F949ABA21A1A80181606865"
"2024 August"	"54"	"Amateur 2"	"27"	"7182"	"RUBBERDUCK"	"Wallace & Gromit - Hard"	""	""	"UNPLAYED"	""	""	""	"857496BE4F9BD2F97C7F5CD14C3F9528E2E66FC54F949ABA21A1A80181606865"
"2024 August"	"54"	"Amateur 3"	"28"	"6745"	"𝙹𝚞𝚕𝚒𝚊𝚗"	"Overall Leaders - 2024 August"	""	""	"UNPLAYED"	"1"	""	"1,623"	"BE0235F3DA8BE649A8D14BFC2DA67FC3D9477D564E7EBD1CC06BBE73CF1ED67A"
"2024 August"	"54"	"Amateur 3"	"28"	"54"	"Derby_Daz"	"Overall Leaders - 2024 August"	""	""	"UNPLAYED"	"2"	""	"1,566"	"BE0235F3DA8BE649A8D14BFC2DA67FC3D9477D564E7EBD1CC06BBE73CF1ED67A"
"2024 August"	"54"	"Amateur 3"	"28"	"6950"	"leanin2it"	"Overall Leaders - 2024 August"	""	""	"UNPLAYED"	"3"	""	"1,544"	"BE0235F3DA8BE649A8D14BFC2DA67FC3D9477D564E7EBD1CC06BBE73CF1ED67A"
"2024 August"	"54"	"Amateur 3"	"28"	"7181"	"CRAZYHORSE"	"Overall Leaders - 2024 August"	""	""	"UNPLAYED"	"4"	""	"1,526"	"BE0235F3DA8BE649A8D14BFC2DA67FC3D9477D564E7EBD1CC06BBE73CF1ED67A"
"2024 August"	"54"	"Amateur 3"	"28"	"7186"	"Chelle💯"	"Overall Leaders - 2024 August"	""	""	"UNPLAYED"	"5"	""	"1,523"	"BE0235F3DA8BE649A8D14BFC2DA67FC3D9477D564E7EBD1CC06BBE73CF1ED67A"
"2024 August"	"54"	"Amateur 3"	"28"	"7553"	"SHA_HOOF_NA"	"Overall Leaders - 2024 August"	""	""	"UNPLAYED"	"6"	""	"1,491"	"BE0235F3DA8BE649A8D14BFC2DA67FC3D9477D564E7EBD1CC06BBE73CF1ED67A"
"2024 August"	"54"	"Amateur 3"	"28"	"6970"	"Savy"	"Overall Leaders - 2024 August"	""	""	"UNPLAYED"	"7"	""	"1,488"	"BE0235F3DA8BE649A8D14BFC2DA67FC3D9477D564E7EBD1CC06BBE73CF1ED67A"
"2024 August"	"54"	"Amateur 3"	"28"	"4945"	"Princess_Bankshot"	"Overall Leaders - 2024 August"	""	""	"UNPLAYED"	"8"	""	"1,483"	"BE0235F3DA8BE649A8D14BFC2DA67FC3D9477D564E7EBD1CC06BBE73CF1ED67A"
"2024 August"	"54"	"Amateur 3"	"28"	"59"	"TrickyDicky"	"Overall Leaders - 2024 August"	""	""	"UNPLAYED"	"9"	""	"1,478"	"BE0235F3DA8BE649A8D14BFC2DA67FC3D9477D564E7EBD1CC06BBE73CF1ED67A"
"2024 August"	"54"	"Amateur 3"	"28"	"4927"	"yankeedude1123"	"Overall Leaders - 2024 August"	""	""	"UNPLAYED"	"10"	""	"1,464"	"BE0235F3DA8BE649A8D14BFC2DA67FC3D9477D564E7EBD1CC06BBE73CF1ED67A"
"2024 August"	"54"	"Amateur 3"	"28"	"4305"	"bigja33"	"Overall Leaders - 2024 August"	""	""	"UNPLAYED"	"10"	""	"1,464"	"BE0235F3DA8BE649A8D14BFC2DA67FC3D9477D564E7EBD1CC06BBE73CF1ED67A"
"2024 August"	"54"	"Amateur 3"	"28"	"7488"	"ThePrankser15"	"Gardens of Babylon"	""	""	"UNPLAYED"	""	""	""	"BE0235F3DA8BE649A8D14BFC2DA67FC3D9477D564E7EBD1CC06BBE73CF1ED67A"
"2024 August"	"54"	"Amateur 3"	"28"	"7488"	"ThePrankser15"	"Gardens of Babylon Hard"	""	""	"UNPLAYED"	""	""	""	"BE0235F3DA8BE649A8D14BFC2DA67FC3D9477D564E7EBD1CC06BBE73CF1ED67A"
"2024 September"	"55"	"Amateur 1"	"26"	"6745"	"𝙹𝚞𝚕𝚒𝚊𝚗"	"Overall Leaders - 2024 September"	""	""	"UNPLAYED"	"1"	""	"1,608"	"30BE46395BEDDEB4A0848EEDC1C88C0A9AC57A8F4EF4E8CDA956E447CB1FDEED"
"2024 September"	"55"	"Amateur 1"	"26"	"24"	"El Jorge"	"Overall Leaders - 2024 September"	""	""	"UNPLAYED"	"2"	""	"1,553"	"30BE46395BEDDEB4A0848EEDC1C88C0A9AC57A8F4EF4E8CDA956E447CB1FDEED"
"2024 September"	"55"	"Amateur 1"	"26"	"7327"	"MOENSHINER"	"Overall Leaders - 2024 September"	""	""	"UNPLAYED"	"3"	""	"1,533"	"30BE46395BEDDEB4A0848EEDC1C88C0A9AC57A8F4EF4E8CDA956E447CB1FDEED"
"2024 September"	"55"	"Amateur 1"	"26"	"322"	"Missi"	"Overall Leaders - 2024 September"	""	""	"UNPLAYED"	"4"	""	"1,530"	"30BE46395BEDDEB4A0848EEDC1C88C0A9AC57A8F4EF4E8CDA956E447CB1FDEED"
"2024 September"	"55"	"Amateur 1"	"26"	"4305"	"bigja33"	"Overall Leaders - 2024 September"	""	""	"UNPLAYED"	"5"	""	"1,522"	"30BE46395BEDDEB4A0848EEDC1C88C0A9AC57A8F4EF4E8CDA956E447CB1FDEED"
"2024 September"	"55"	"Amateur 1"	"26"	"5645"	"mammothrept"	"Overall Leaders - 2024 September"	""	""	"UNPLAYED"	"6"	""	"1,507"	"30BE46395BEDDEB4A0848EEDC1C88C0A9AC57A8F4EF4E8CDA956E447CB1FDEED"
"2024 September"	"55"	"Amateur 1"	"26"	"46"	"SQUEEZY_JIBBZ"	"Overall Leaders - 2024 September"	""	""	"UNPLAYED"	"7"	""	"1,467"	"30BE46395BEDDEB4A0848EEDC1C88C0A9AC57A8F4EF4E8CDA956E447CB1FDEED"
"2024 September"	"55"	"Amateur 1"	"26"	"4005"	"kenmorefield"	"Overall Leaders - 2024 September"	""	""	"UNPLAYED"	"8"	""	"1,455"	"30BE46395BEDDEB4A0848EEDC1C88C0A9AC57A8F4EF4E8CDA956E447CB1FDEED"
"2024 September"	"55"	"Amateur 1"	"26"	"7508"	"JUICE_WRLD"	"Overall Leaders - 2024 September"	""	""	"UNPLAYED"	"9"	""	"1,439"	"30BE46395BEDDEB4A0848EEDC1C88C0A9AC57A8F4EF4E8CDA956E447CB1FDEED"
"2024 September"	"55"	"Amateur 1"	"26"	"6950"	"leanin2it"	"Overall Leaders - 2024 September"	""	""	"UNPLAYED"	"10"	""	"1,438"	"30BE46395BEDDEB4A0848EEDC1C88C0A9AC57A8F4EF4E8CDA956E447CB1FDEED"
"2024 September"	"55"	"Amateur 1"	"26"	"7553"	"SHA_HOOF_NA"	"Tethys Station"	""	""	"UNPLAYED"	""	""	""	"30BE46395BEDDEB4A0848EEDC1C88C0A9AC57A8F4EF4E8CDA956E447CB1FDEED"
"2024 September"	"55"	"Amateur 1"	"26"	"7548"	"beezy1"	"Tethys Station"	""	""	"UNPLAYED"	""	""	""	"30BE46395BEDDEB4A0848EEDC1C88C0A9AC57A8F4EF4E8CDA956E447CB1FDEED"
"2024 September"	"55"	"Amateur 1"	"26"	"7169"	"Master_KP"	"Tethys Station"	""	""	"UNPLAYED"	""	""	""	"30BE46395BEDDEB4A0848EEDC1C88C0A9AC57A8F4EF4E8CDA956E447CB1FDEED"
"2024 September"	"55"	"Amateur 1"	"26"	"7108"	"parody4life"	"Tethys Station"	""	""	"UNPLAYED"	""	""	""	"30BE46395BEDDEB4A0848EEDC1C88C0A9AC57A8F4EF4E8CDA956E447CB1FDEED"
"2024 September"	"55"	"Amateur 1"	"26"	"7548"	"beezy1"	"Tethys Station - Hard"	""	""	"UNPLAYED"	""	""	""	"30BE46395BEDDEB4A0848EEDC1C88C0A9AC57A8F4EF4E8CDA956E447CB1FDEED"
"2024 September"	"55"	"Amateur 1"	"26"	"7169"	"Master_KP"	"Tethys Station - Hard"	""	""	"UNPLAYED"	""	""	""	"30BE46395BEDDEB4A0848EEDC1C88C0A9AC57A8F4EF4E8CDA956E447CB1FDEED"
"2024 September"	"55"	"Amateur 1"	"26"	"7553"	"SHA_HOOF_NA"	"Tethys Station - Hard"	""	""	"UNPLAYED"	""	""	""	"30BE46395BEDDEB4A0848EEDC1C88C0A9AC57A8F4EF4E8CDA956E447CB1FDEED"
"2024 September"	"55"	"Amateur 1"	"26"	"7108"	"parody4life"	"Tethys Station - Hard"	""	""	"UNPLAYED"	""	""	""	"30BE46395BEDDEB4A0848EEDC1C88C0A9AC57A8F4EF4E8CDA956E447CB1FDEED"
"2024 September"	"55"	"Amateur 1"	"26"	"7186"	"Chelle💯"	"Sweetopia"	""	""	"UNPLAYED"	""	""	""	"30BE46395BEDDEB4A0848EEDC1C88C0A9AC57A8F4EF4E8CDA956E447CB1FDEED"
"2024 September"	"55"	"Amateur 1"	"26"	"7108"	"parody4life"	"Sweetopia"	""	""	"UNPLAYED"	""	""	""	"30BE46395BEDDEB4A0848EEDC1C88C0A9AC57A8F4EF4E8CDA956E447CB1FDEED"
"2024 September"	"55"	"Amateur 1"	"26"	"7186"	"Chelle💯"	"Sweetopia - Hard"	""	""	"UNPLAYED"	""	""	""	"30BE46395BEDDEB4A0848EEDC1C88C0A9AC57A8F4EF4E8CDA956E447CB1FDEED"
"2024 September"	"55"	"Amateur 1"	"26"	"7548"	"beezy1"	"Sweetopia - Hard"	""	""	"UNPLAYED"	""	""	""	"30BE46395BEDDEB4A0848EEDC1C88C0A9AC57A8F4EF4E8CDA956E447CB1FDEED"
"2024 September"	"55"	"Amateur 1"	"26"	"7553"	"SHA_HOOF_NA"	"Sweetopia - Hard"	""	""	"UNPLAYED"	""	""	""	"30BE46395BEDDEB4A0848EEDC1C88C0A9AC57A8F4EF4E8CDA956E447CB1FDEED"
"2024 September"	"55"	"Amateur 1"	"26"	"7108"	"parody4life"	"Sweetopia - Hard"	""	""	"UNPLAYED"	""	""	""	"30BE46395BEDDEB4A0848EEDC1C88C0A9AC57A8F4EF4E8CDA956E447CB1FDEED"
"2024 September"	"55"	"Amateur 1"	"26"	"7553"	"SHA_HOOF_NA"	"Shangri-La"	""	""	"UNPLAYED"	""	""	""	"30BE46395BEDDEB4A0848EEDC1C88C0A9AC57A8F4EF4E8CDA956E447CB1FDEED"
"2024 September"	"55"	"Amateur 1"	"26"	"7108"	"parody4life"	"Shangri-La"	""	""	"UNPLAYED"	""	""	""	"30BE46395BEDDEB4A0848EEDC1C88C0A9AC57A8F4EF4E8CDA956E447CB1FDEED"
"2024 September"	"55"	"Amateur 1"	"26"	"7108"	"parody4life"	"Shangri-La - Hard"	""	""	"UNPLAYED"	""	""	""	"30BE46395BEDDEB4A0848EEDC1C88C0A9AC57A8F4EF4E8CDA956E447CB1FDEED"
"2024 September"	"55"	"Amateur 1"	"26"	"7169"	"Master_KP"	"Temple at Zerzura"	""	""	"UNPLAYED"	""	""	""	"30BE46395BEDDEB4A0848EEDC1C88C0A9AC57A8F4EF4E8CDA956E447CB1FDEED"
"2024 September"	"55"	"Amateur 1"	"26"	"7108"	"parody4life"	"Temple at Zerzura"	""	""	"UNPLAYED"	""	""	""	"30BE46395BEDDEB4A0848EEDC1C88C0A9AC57A8F4EF4E8CDA956E447CB1FDEED"
"2024 September"	"55"	"Amateur 1"	"26"	"7169"	"Master_KP"	"Temple at Zerzura - Hard"	""	""	"UNPLAYED"	""	""	""	"30BE46395BEDDEB4A0848EEDC1C88C0A9AC57A8F4EF4E8CDA956E447CB1FDEED"
"2024 September"	"55"	"Amateur 1"	"26"	"7108"	"parody4life"	"Temple at Zerzura - Hard"	""	""	"UNPLAYED"	""	""	""	"30BE46395BEDDEB4A0848EEDC1C88C0A9AC57A8F4EF4E8CDA956E447CB1FDEED"
"2024 September"	"55"	"Amateur 2"	"27"	"6745"	"𝙹𝚞𝚕𝚒𝚊𝚗"	"Overall Leaders - 2024 September"	""	""	"UNPLAYED"	"1"	""	"1,608"	"3C962125253FA203CAA665DA988DD48A8984D69A6944FF1BFC87ACD6CADFC4DB"
"2024 September"	"55"	"Amateur 2"	"27"	"24"	"El Jorge"	"Overall Leaders - 2024 September"	""	""	"UNPLAYED"	"2"	""	"1,553"	"3C962125253FA203CAA665DA988DD48A8984D69A6944FF1BFC87ACD6CADFC4DB"
"2024 September"	"55"	"Amateur 2"	"27"	"7327"	"MOENSHINER"	"Overall Leaders - 2024 September"	""	""	"UNPLAYED"	"3"	""	"1,533"	"3C962125253FA203CAA665DA988DD48A8984D69A6944FF1BFC87ACD6CADFC4DB"
"2024 September"	"55"	"Amateur 2"	"27"	"322"	"Missi"	"Overall Leaders - 2024 September"	""	""	"UNPLAYED"	"4"	""	"1,530"	"3C962125253FA203CAA665DA988DD48A8984D69A6944FF1BFC87ACD6CADFC4DB"
"2024 September"	"55"	"Amateur 2"	"27"	"4305"	"bigja33"	"Overall Leaders - 2024 September"	""	""	"UNPLAYED"	"5"	""	"1,522"	"3C962125253FA203CAA665DA988DD48A8984D69A6944FF1BFC87ACD6CADFC4DB"
"2024 September"	"55"	"Amateur 2"	"27"	"5645"	"mammothrept"	"Overall Leaders - 2024 September"	""	""	"UNPLAYED"	"6"	""	"1,507"	"3C962125253FA203CAA665DA988DD48A8984D69A6944FF1BFC87ACD6CADFC4DB"
"2024 September"	"55"	"Amateur 2"	"27"	"46"	"SQUEEZY_JIBBZ"	"Overall Leaders - 2024 September"	""	""	"UNPLAYED"	"7"	""	"1,467"	"3C962125253FA203CAA665DA988DD48A8984D69A6944FF1BFC87ACD6CADFC4DB"
"2024 September"	"55"	"Amateur 2"	"27"	"4005"	"kenmorefield"	"Overall Leaders - 2024 September"	""	""	"UNPLAYED"	"8"	""	"1,455"	"3C962125253FA203CAA665DA988DD48A8984D69A6944FF1BFC87ACD6CADFC4DB"
"2024 September"	"55"	"Amateur 2"	"27"	"7508"	"JUICE_WRLD"	"Overall Leaders - 2024 September"	""	""	"UNPLAYED"	"9"	""	"1,439"	"3C962125253FA203CAA665DA988DD48A8984D69A6944FF1BFC87ACD6CADFC4DB"
"2024 September"	"55"	"Amateur 2"	"27"	"6950"	"leanin2it"	"Overall Leaders - 2024 September"	""	""	"UNPLAYED"	"10"	""	"1,438"	"3C962125253FA203CAA665DA988DD48A8984D69A6944FF1BFC87ACD6CADFC4DB"
"2024 September"	"55"	"Amateur 2"	"27"	"7388"	"FROGMAN"	"Tethys Station"	""	""	"UNPLAYED"	""	""	""	"3C962125253FA203CAA665DA988DD48A8984D69A6944FF1BFC87ACD6CADFC4DB"
"2024 September"	"55"	"Amateur 2"	"27"	"7570"	"KATIEMAC21"	"Tethys Station"	""	""	"UNPLAYED"	""	""	""	"3C962125253FA203CAA665DA988DD48A8984D69A6944FF1BFC87ACD6CADFC4DB"
"2024 September"	"55"	"Amateur 2"	"27"	"106"	"Grezza"	"Tethys Station"	""	""	"UNPLAYED"	""	""	""	"3C962125253FA203CAA665DA988DD48A8984D69A6944FF1BFC87ACD6CADFC4DB"
"2024 September"	"55"	"Amateur 2"	"27"	"106"	"Grezza"	"Tethys Station - Hard"	""	""	"UNPLAYED"	""	""	""	"3C962125253FA203CAA665DA988DD48A8984D69A6944FF1BFC87ACD6CADFC4DB"
"2024 September"	"55"	"Amateur 2"	"27"	"7569"	"Alisha0068"	"Tethys Station - Hard"	""	""	"UNPLAYED"	""	""	""	"3C962125253FA203CAA665DA988DD48A8984D69A6944FF1BFC87ACD6CADFC4DB"
"2024 September"	"55"	"Amateur 2"	"27"	"7570"	"KATIEMAC21"	"Tethys Station - Hard"	""	""	"UNPLAYED"	""	""	""	"3C962125253FA203CAA665DA988DD48A8984D69A6944FF1BFC87ACD6CADFC4DB"
"2024 September"	"55"	"Amateur 2"	"27"	"7388"	"FROGMAN"	"Tethys Station - Hard"	""	""	"UNPLAYED"	""	""	""	"3C962125253FA203CAA665DA988DD48A8984D69A6944FF1BFC87ACD6CADFC4DB"
"2024 September"	"55"	"Amateur 2"	"27"	"106"	"Grezza"	"Sweetopia"	""	""	"UNPLAYED"	""	""	""	"3C962125253FA203CAA665DA988DD48A8984D69A6944FF1BFC87ACD6CADFC4DB"
"2024 September"	"55"	"Amateur 2"	"27"	"7570"	"KATIEMAC21"	"Sweetopia"	""	""	"UNPLAYED"	""	""	""	"3C962125253FA203CAA665DA988DD48A8984D69A6944FF1BFC87ACD6CADFC4DB"
"2024 September"	"55"	"Amateur 2"	"27"	"7549"	"CATHY G"	"Sweetopia"	""	""	"UNPLAYED"	""	""	""	"3C962125253FA203CAA665DA988DD48A8984D69A6944FF1BFC87ACD6CADFC4DB"
"2024 September"	"55"	"Amateur 2"	"27"	"7569"	"Alisha0068"	"Sweetopia"	""	""	"UNPLAYED"	""	""	""	"3C962125253FA203CAA665DA988DD48A8984D69A6944FF1BFC87ACD6CADFC4DB"
"2024 September"	"55"	"Amateur 2"	"27"	"7549"	"CATHY G"	"Sweetopia - Hard"	""	""	"UNPLAYED"	""	""	""	"3C962125253FA203CAA665DA988DD48A8984D69A6944FF1BFC87ACD6CADFC4DB"
"2024 September"	"55"	"Amateur 2"	"27"	"7570"	"KATIEMAC21"	"Sweetopia - Hard"	""	""	"UNPLAYED"	""	""	""	"3C962125253FA203CAA665DA988DD48A8984D69A6944FF1BFC87ACD6CADFC4DB"
"2024 September"	"55"	"Amateur 2"	"27"	"7569"	"Alisha0068"	"Sweetopia - Hard"	""	""	"UNPLAYED"	""	""	""	"3C962125253FA203CAA665DA988DD48A8984D69A6944FF1BFC87ACD6CADFC4DB"
"2024 September"	"55"	"Amateur 2"	"27"	"7388"	"FROGMAN"	"Sweetopia - Hard"	""	""	"UNPLAYED"	""	""	""	"3C962125253FA203CAA665DA988DD48A8984D69A6944FF1BFC87ACD6CADFC4DB"
"2024 September"	"55"	"Amateur 2"	"27"	"106"	"Grezza"	"Sweetopia - Hard"	""	""	"UNPLAYED"	""	""	""	"3C962125253FA203CAA665DA988DD48A8984D69A6944FF1BFC87ACD6CADFC4DB"
"2024 September"	"55"	"Amateur 2"	"27"	"7570"	"KATIEMAC21"	"Shangri-La"	""	""	"UNPLAYED"	""	""	""	"3C962125253FA203CAA665DA988DD48A8984D69A6944FF1BFC87ACD6CADFC4DB"
"2024 September"	"55"	"Amateur 2"	"27"	"106"	"Grezza"	"Shangri-La"	""	""	"UNPLAYED"	""	""	""	"3C962125253FA203CAA665DA988DD48A8984D69A6944FF1BFC87ACD6CADFC4DB"
"2024 September"	"55"	"Amateur 2"	"27"	"7569"	"Alisha0068"	"Shangri-La"	""	""	"UNPLAYED"	""	""	""	"3C962125253FA203CAA665DA988DD48A8984D69A6944FF1BFC87ACD6CADFC4DB"
"2024 September"	"55"	"Amateur 2"	"27"	"106"	"Grezza"	"Shangri-La - Hard"	""	""	"UNPLAYED"	""	""	""	"3C962125253FA203CAA665DA988DD48A8984D69A6944FF1BFC87ACD6CADFC4DB"
"2024 September"	"55"	"Amateur 2"	"27"	"7569"	"Alisha0068"	"Shangri-La - Hard"	""	""	"UNPLAYED"	""	""	""	"3C962125253FA203CAA665DA988DD48A8984D69A6944FF1BFC87ACD6CADFC4DB"
"2024 September"	"55"	"Amateur 2"	"27"	"7570"	"KATIEMAC21"	"Shangri-La - Hard"	""	""	"UNPLAYED"	""	""	""	"3C962125253FA203CAA665DA988DD48A8984D69A6944FF1BFC87ACD6CADFC4DB"
"2024 September"	"55"	"Amateur 2"	"27"	"7570"	"KATIEMAC21"	"Temple at Zerzura"	""	""	"UNPLAYED"	""	""	""	"3C962125253FA203CAA665DA988DD48A8984D69A6944FF1BFC87ACD6CADFC4DB"
"2024 September"	"55"	"Amateur 2"	"27"	"7569"	"Alisha0068"	"Temple at Zerzura"	""	""	"UNPLAYED"	""	""	""	"3C962125253FA203CAA665DA988DD48A8984D69A6944FF1BFC87ACD6CADFC4DB"
"2024 September"	"55"	"Amateur 2"	"27"	"7570"	"KATIEMAC21"	"Temple at Zerzura - Hard"	""	""	"UNPLAYED"	""	""	""	"3C962125253FA203CAA665DA988DD48A8984D69A6944FF1BFC87ACD6CADFC4DB"
"2024 September"	"55"	"Amateur 3"	"28"	"6745"	"𝙹𝚞𝚕𝚒𝚊𝚗"	"Overall Leaders - 2024 September"	""	""	"UNPLAYED"	"1"	""	"1,608"	"3479B5B40F08F6A5331955C58AF7C5BD1342A8AE00C1E537AD707A0784CC4BC4"
"2024 September"	"55"	"Amateur 3"	"28"	"24"	"El Jorge"	"Overall Leaders - 2024 September"	""	""	"UNPLAYED"	"2"	""	"1,553"	"3479B5B40F08F6A5331955C58AF7C5BD1342A8AE00C1E537AD707A0784CC4BC4"
"2024 September"	"55"	"Amateur 3"	"28"	"7327"	"MOENSHINER"	"Overall Leaders - 2024 September"	""	""	"UNPLAYED"	"3"	""	"1,533"	"3479B5B40F08F6A5331955C58AF7C5BD1342A8AE00C1E537AD707A0784CC4BC4"
"2024 September"	"55"	"Amateur 3"	"28"	"322"	"Missi"	"Overall Leaders - 2024 September"	""	""	"UNPLAYED"	"4"	""	"1,530"	"3479B5B40F08F6A5331955C58AF7C5BD1342A8AE00C1E537AD707A0784CC4BC4"
"2024 September"	"55"	"Amateur 3"	"28"	"4305"	"bigja33"	"Overall Leaders - 2024 September"	""	""	"UNPLAYED"	"5"	""	"1,522"	"3479B5B40F08F6A5331955C58AF7C5BD1342A8AE00C1E537AD707A0784CC4BC4"
"2024 September"	"55"	"Amateur 3"	"28"	"5645"	"mammothrept"	"Overall Leaders - 2024 September"	""	""	"UNPLAYED"	"6"	""	"1,507"	"3479B5B40F08F6A5331955C58AF7C5BD1342A8AE00C1E537AD707A0784CC4BC4"
"2024 September"	"55"	"Amateur 3"	"28"	"46"	"SQUEEZY_JIBBZ"	"Overall Leaders - 2024 September"	""	""	"UNPLAYED"	"7"	""	"1,467"	"3479B5B40F08F6A5331955C58AF7C5BD1342A8AE00C1E537AD707A0784CC4BC4"
"2024 September"	"55"	"Amateur 3"	"28"	"4005"	"kenmorefield"	"Overall Leaders - 2024 September"	""	""	"UNPLAYED"	"8"	""	"1,455"	"3479B5B40F08F6A5331955C58AF7C5BD1342A8AE00C1E537AD707A0784CC4BC4"
"2024 September"	"55"	"Amateur 3"	"28"	"7508"	"JUICE_WRLD"	"Overall Leaders - 2024 September"	""	""	"UNPLAYED"	"9"	""	"1,439"	"3479B5B40F08F6A5331955C58AF7C5BD1342A8AE00C1E537AD707A0784CC4BC4"
"2024 September"	"55"	"Amateur 3"	"28"	"6950"	"leanin2it"	"Overall Leaders - 2024 September"	""	""	"UNPLAYED"	"10"	""	"1,438"	"3479B5B40F08F6A5331955C58AF7C5BD1342A8AE00C1E537AD707A0784CC4BC4"
"2024 September"	"55"	"Amateur 3"	"28"	"7488"	"ThePrankser15"	"Tethys Station"	""	""	"UNPLAYED"	""	""	""	"3479B5B40F08F6A5331955C58AF7C5BD1342A8AE00C1E537AD707A0784CC4BC4"
"2024 September"	"55"	"Amateur 3"	"28"	"7488"	"ThePrankser15"	"Tethys Station - Hard"	""	""	"UNPLAYED"	""	""	""	"3479B5B40F08F6A5331955C58AF7C5BD1342A8AE00C1E537AD707A0784CC4BC4"
"2024 September"	"55"	"Amateur 3"	"28"	"7182"	"RUBBERDUCK"	"Sweetopia"	""	""	"UNPLAYED"	""	""	""	"3479B5B40F08F6A5331955C58AF7C5BD1342A8AE00C1E537AD707A0784CC4BC4"
"2024 September"	"55"	"Amateur 3"	"28"	"7182"	"RUBBERDUCK"	"Sweetopia - Hard"	""	""	"UNPLAYED"	""	""	""	"3479B5B40F08F6A5331955C58AF7C5BD1342A8AE00C1E537AD707A0784CC4BC4"
"2024 September"	"55"	"Amateur 3"	"28"	"93"	"NuttyGrandpa"	"Shangri-La"	""	""	"UNPLAYED"	""	""	""	"3479B5B40F08F6A5331955C58AF7C5BD1342A8AE00C1E537AD707A0784CC4BC4"
"2024 September"	"55"	"Amateur 3"	"28"	"93"	"NuttyGrandpa"	"Shangri-La - Hard"	""	""	"UNPLAYED"	""	""	""	"3479B5B40F08F6A5331955C58AF7C5BD1342A8AE00C1E537AD707A0784CC4BC4"
"2024 September"	"55"	"Amateur 3"	"28"	"93"	"NuttyGrandpa"	"Temple at Zerzura"	""	""	"UNPLAYED"	""	""	""	"3479B5B40F08F6A5331955C58AF7C5BD1342A8AE00C1E537AD707A0784CC4BC4"
"2024 September"	"55"	"Amateur 3"	"28"	"93"	"NuttyGrandpa"	"Temple at Zerzura - Hard"	""	""	"UNPLAYED"	""	""	""	"3479B5B40F08F6A5331955C58AF7C5BD1342A8AE00C1E537AD707A0784CC4BC4"
"2024 October"	"56"	"Amateur 2"	"27"	"4927"	"yankeedude1123"	"Overall Leaders - 2024 October"	""	""	"UNPLAYED"	"1"	""	"1,592"	"C083244F9954D0DA1797ECA20ED5CDC0094D77B8B11E0F9F478D5CFE9CB5D6A7"
"2024 October"	"56"	"Amateur 2"	"27"	"7569"	"Alisha0068"	"Overall Leaders - 2024 October"	""	""	"UNPLAYED"	"2"	""	"1,578"	"C083244F9954D0DA1797ECA20ED5CDC0094D77B8B11E0F9F478D5CFE9CB5D6A7"
"2024 October"	"56"	"Amateur 2"	"27"	"24"	"El Jorge"	"Overall Leaders - 2024 October"	""	""	"UNPLAYED"	"3"	""	"1,555"	"C083244F9954D0DA1797ECA20ED5CDC0094D77B8B11E0F9F478D5CFE9CB5D6A7"
"2024 October"	"56"	"Amateur 2"	"27"	"5425"	"MrDachshund81"	"Overall Leaders - 2024 October"	""	""	"UNPLAYED"	"4"	""	"1,538"	"C083244F9954D0DA1797ECA20ED5CDC0094D77B8B11E0F9F478D5CFE9CB5D6A7"
"2024 October"	"56"	"Amateur 2"	"27"	"7610"	"ARTSY"	"Overall Leaders - 2024 October"	""	""	"UNPLAYED"	"5"	""	"1,536"	"C083244F9954D0DA1797ECA20ED5CDC0094D77B8B11E0F9F478D5CFE9CB5D6A7"
"2024 October"	"56"	"Amateur 2"	"27"	"7179"	"Danielaoculus"	"Overall Leaders - 2024 October"	""	""	"UNPLAYED"	"6"	""	"1,522"	"C083244F9954D0DA1797ECA20ED5CDC0094D77B8B11E0F9F478D5CFE9CB5D6A7"
"2024 October"	"56"	"Amateur 2"	"27"	"88"	"Mully"	"Overall Leaders - 2024 October"	""	""	"UNPLAYED"	"7"	""	"1,520"	"C083244F9954D0DA1797ECA20ED5CDC0094D77B8B11E0F9F478D5CFE9CB5D6A7"
"2024 October"	"56"	"Amateur 2"	"27"	"7181"	"CRAZYHORSE"	"Overall Leaders - 2024 October"	""	""	"UNPLAYED"	"8"	""	"1,510"	"C083244F9954D0DA1797ECA20ED5CDC0094D77B8B11E0F9F478D5CFE9CB5D6A7"
"2024 October"	"56"	"Amateur 2"	"27"	"6950"	"leanin2it"	"Overall Leaders - 2024 October"	""	""	"UNPLAYED"	"9"	""	"1,509"	"C083244F9954D0DA1797ECA20ED5CDC0094D77B8B11E0F9F478D5CFE9CB5D6A7"
"2024 October"	"56"	"Amateur 2"	"27"	"4945"	"Princess_Bankshot"	"Overall Leaders - 2024 October"	""	""	"UNPLAYED"	"10"	""	"1,486"	"C083244F9954D0DA1797ECA20ED5CDC0094D77B8B11E0F9F478D5CFE9CB5D6A7"
"2024 October"	"56"	"Amateur 2"	"27"	"7327"	"MOENSHINER"	"Seagull Stacks"	""	""	"UNPLAYED"	""	""	""	"C083244F9954D0DA1797ECA20ED5CDC0094D77B8B11E0F9F478D5CFE9CB5D6A7"
"2024 October"	"56"	"Amateur 2"	"27"	"7570"	"KATIEMAC21"	"Seagull Stacks"	""	""	"UNPLAYED"	""	""	""	"C083244F9954D0DA1797ECA20ED5CDC0094D77B8B11E0F9F478D5CFE9CB5D6A7"
"2024 October"	"56"	"Amateur 2"	"27"	"7554"	"SKEETER78"	"Seagull Stacks"	""	""	"UNPLAYED"	""	""	""	"C083244F9954D0DA1797ECA20ED5CDC0094D77B8B11E0F9F478D5CFE9CB5D6A7"
"2024 October"	"56"	"Amateur 2"	"27"	"7549"	"CATHY G"	"Seagull Stacks"	""	""	"UNPLAYED"	""	""	""	"C083244F9954D0DA1797ECA20ED5CDC0094D77B8B11E0F9F478D5CFE9CB5D6A7"
"2024 October"	"56"	"Amateur 2"	"27"	"7552"	"IMJOMAMA"	"Seagull Stacks"	""	""	"UNPLAYED"	""	""	""	"C083244F9954D0DA1797ECA20ED5CDC0094D77B8B11E0F9F478D5CFE9CB5D6A7"
"2024 October"	"56"	"Amateur 2"	"27"	"106"	"Grezza"	"Seagull Stacks"	""	""	"UNPLAYED"	""	""	""	"C083244F9954D0DA1797ECA20ED5CDC0094D77B8B11E0F9F478D5CFE9CB5D6A7"
"2024 October"	"56"	"Amateur 2"	"27"	"7327"	"MOENSHINER"	"Seagull Stacks - Hard"	""	""	"UNPLAYED"	""	""	""	"C083244F9954D0DA1797ECA20ED5CDC0094D77B8B11E0F9F478D5CFE9CB5D6A7"
"2024 October"	"56"	"Amateur 2"	"27"	"7554"	"SKEETER78"	"Seagull Stacks - Hard"	""	""	"UNPLAYED"	""	""	""	"C083244F9954D0DA1797ECA20ED5CDC0094D77B8B11E0F9F478D5CFE9CB5D6A7"
"2024 October"	"56"	"Amateur 2"	"27"	"7552"	"IMJOMAMA"	"Seagull Stacks - Hard"	""	""	"UNPLAYED"	""	""	""	"C083244F9954D0DA1797ECA20ED5CDC0094D77B8B11E0F9F478D5CFE9CB5D6A7"
"2024 October"	"56"	"Amateur 2"	"27"	"7549"	"CATHY G"	"Seagull Stacks - Hard"	""	""	"UNPLAYED"	""	""	""	"C083244F9954D0DA1797ECA20ED5CDC0094D77B8B11E0F9F478D5CFE9CB5D6A7"
"2024 October"	"56"	"Amateur 2"	"27"	"7570"	"KATIEMAC21"	"Seagull Stacks - Hard"	""	""	"UNPLAYED"	""	""	""	"C083244F9954D0DA1797ECA20ED5CDC0094D77B8B11E0F9F478D5CFE9CB5D6A7"
"2024 October"	"56"	"Amateur 2"	"27"	"106"	"Grezza"	"Seagull Stacks - Hard"	""	""	"UNPLAYED"	""	""	""	"C083244F9954D0DA1797ECA20ED5CDC0094D77B8B11E0F9F478D5CFE9CB5D6A7"
"2024 October"	"56"	"Amateur 2"	"27"	"7552"	"IMJOMAMA"	"Arizona Modern"	""	""	"UNPLAYED"	""	""	""	"C083244F9954D0DA1797ECA20ED5CDC0094D77B8B11E0F9F478D5CFE9CB5D6A7"
"2024 October"	"56"	"Amateur 2"	"27"	"7570"	"KATIEMAC21"	"Arizona Modern"	""	""	"UNPLAYED"	""	""	""	"C083244F9954D0DA1797ECA20ED5CDC0094D77B8B11E0F9F478D5CFE9CB5D6A7"
"2024 October"	"56"	"Amateur 2"	"27"	"7549"	"CATHY G"	"Arizona Modern"	""	""	"UNPLAYED"	""	""	""	"C083244F9954D0DA1797ECA20ED5CDC0094D77B8B11E0F9F478D5CFE9CB5D6A7"
"2024 October"	"56"	"Amateur 2"	"27"	"7554"	"SKEETER78"	"Arizona Modern"	""	""	"UNPLAYED"	""	""	""	"C083244F9954D0DA1797ECA20ED5CDC0094D77B8B11E0F9F478D5CFE9CB5D6A7"
"2024 October"	"56"	"Amateur 2"	"27"	"106"	"Grezza"	"Arizona Modern"	""	""	"UNPLAYED"	""	""	""	"C083244F9954D0DA1797ECA20ED5CDC0094D77B8B11E0F9F478D5CFE9CB5D6A7"
"2024 October"	"56"	"Amateur 2"	"27"	"7570"	"KATIEMAC21"	"Arizona Modern Hard"	""	""	"UNPLAYED"	""	""	""	"C083244F9954D0DA1797ECA20ED5CDC0094D77B8B11E0F9F478D5CFE9CB5D6A7"
"2024 October"	"56"	"Amateur 2"	"27"	"7552"	"IMJOMAMA"	"Arizona Modern Hard"	""	""	"UNPLAYED"	""	""	""	"C083244F9954D0DA1797ECA20ED5CDC0094D77B8B11E0F9F478D5CFE9CB5D6A7"
"2024 October"	"56"	"Amateur 2"	"27"	"7554"	"SKEETER78"	"Arizona Modern Hard"	""	""	"UNPLAYED"	""	""	""	"C083244F9954D0DA1797ECA20ED5CDC0094D77B8B11E0F9F478D5CFE9CB5D6A7"
"2024 October"	"56"	"Amateur 2"	"27"	"7549"	"CATHY G"	"Arizona Modern Hard"	""	""	"UNPLAYED"	""	""	""	"C083244F9954D0DA1797ECA20ED5CDC0094D77B8B11E0F9F478D5CFE9CB5D6A7"
"2024 October"	"56"	"Amateur 2"	"27"	"106"	"Grezza"	"Arizona Modern Hard"	""	""	"UNPLAYED"	""	""	""	"C083244F9954D0DA1797ECA20ED5CDC0094D77B8B11E0F9F478D5CFE9CB5D6A7"
"2024 October"	"56"	"Amateur 2"	"27"	"7554"	"SKEETER78"	"Labyrinth"	""	""	"UNPLAYED"	""	""	""	"C083244F9954D0DA1797ECA20ED5CDC0094D77B8B11E0F9F478D5CFE9CB5D6A7"
"2024 October"	"56"	"Amateur 2"	"27"	"7549"	"CATHY G"	"Labyrinth"	""	""	"UNPLAYED"	""	""	""	"C083244F9954D0DA1797ECA20ED5CDC0094D77B8B11E0F9F478D5CFE9CB5D6A7"
"2024 October"	"56"	"Amateur 2"	"27"	"7570"	"KATIEMAC21"	"Labyrinth"	""	""	"UNPLAYED"	""	""	""	"C083244F9954D0DA1797ECA20ED5CDC0094D77B8B11E0F9F478D5CFE9CB5D6A7"
"2024 October"	"56"	"Amateur 2"	"27"	"7327"	"MOENSHINER"	"Labyrinth"	""	""	"UNPLAYED"	""	""	""	"C083244F9954D0DA1797ECA20ED5CDC0094D77B8B11E0F9F478D5CFE9CB5D6A7"
"2024 October"	"56"	"Amateur 2"	"27"	"106"	"Grezza"	"Labyrinth"	""	""	"UNPLAYED"	""	""	""	"C083244F9954D0DA1797ECA20ED5CDC0094D77B8B11E0F9F478D5CFE9CB5D6A7"
"2024 October"	"56"	"Amateur 2"	"27"	"106"	"Grezza"	"Labyrinth - Hard"	""	""	"UNPLAYED"	""	""	""	"C083244F9954D0DA1797ECA20ED5CDC0094D77B8B11E0F9F478D5CFE9CB5D6A7"
"2024 October"	"56"	"Amateur 2"	"27"	"7570"	"KATIEMAC21"	"Labyrinth - Hard"	""	""	"UNPLAYED"	""	""	""	"C083244F9954D0DA1797ECA20ED5CDC0094D77B8B11E0F9F478D5CFE9CB5D6A7"
"2024 October"	"56"	"Amateur 2"	"27"	"7327"	"MOENSHINER"	"Labyrinth - Hard"	""	""	"UNPLAYED"	""	""	""	"C083244F9954D0DA1797ECA20ED5CDC0094D77B8B11E0F9F478D5CFE9CB5D6A7"
"2024 October"	"56"	"Amateur 2"	"27"	"7554"	"SKEETER78"	"Labyrinth - Hard"	""	""	"UNPLAYED"	""	""	""	"C083244F9954D0DA1797ECA20ED5CDC0094D77B8B11E0F9F478D5CFE9CB5D6A7"
"2024 October"	"56"	"Amateur 2"	"27"	"106"	"Grezza"	"Mars Gardens"	""	""	"UNPLAYED"	""	""	""	"C083244F9954D0DA1797ECA20ED5CDC0094D77B8B11E0F9F478D5CFE9CB5D6A7"
"2024 October"	"56"	"Amateur 2"	"27"	"7570"	"KATIEMAC21"	"Mars Gardens"	""	""	"UNPLAYED"	""	""	""	"C083244F9954D0DA1797ECA20ED5CDC0094D77B8B11E0F9F478D5CFE9CB5D6A7"
"2024 October"	"56"	"Amateur 2"	"27"	"7554"	"SKEETER78"	"Mars Gardens"	""	""	"UNPLAYED"	""	""	""	"C083244F9954D0DA1797ECA20ED5CDC0094D77B8B11E0F9F478D5CFE9CB5D6A7"
"2024 October"	"56"	"Amateur 2"	"27"	"106"	"Grezza"	"Mars Gardens - Hard"	""	""	"UNPLAYED"	""	""	""	"C083244F9954D0DA1797ECA20ED5CDC0094D77B8B11E0F9F478D5CFE9CB5D6A7"
"2024 October"	"56"	"Amateur 2"	"27"	"7570"	"KATIEMAC21"	"Mars Gardens - Hard"	""	""	"UNPLAYED"	""	""	""	"C083244F9954D0DA1797ECA20ED5CDC0094D77B8B11E0F9F478D5CFE9CB5D6A7"
"2024 October"	"56"	"Amateur 2"	"27"	"7327"	"MOENSHINER"	"Mars Gardens - Hard"	""	""	"UNPLAYED"	""	""	""	"C083244F9954D0DA1797ECA20ED5CDC0094D77B8B11E0F9F478D5CFE9CB5D6A7"
"2024 October"	"56"	"Amateur 2"	"27"	"7554"	"SKEETER78"	"Mars Gardens - Hard"	""	""	"UNPLAYED"	""	""	""	"C083244F9954D0DA1797ECA20ED5CDC0094D77B8B11E0F9F478D5CFE9CB5D6A7"
"2024 October"	"56"	"Amateur 3"	"28"	"4927"	"yankeedude1123"	"Overall Leaders - 2024 October"	""	""	"UNPLAYED"	"1"	""	"1,592"	"1F23EDCFBDA5B051F2E7CDCE176EBA9800D32CEB166CA3CD7A890654C710D7BD"
"2024 October"	"56"	"Amateur 3"	"28"	"7569"	"Alisha0068"	"Overall Leaders - 2024 October"	""	""	"UNPLAYED"	"2"	""	"1,578"	"1F23EDCFBDA5B051F2E7CDCE176EBA9800D32CEB166CA3CD7A890654C710D7BD"
"2024 October"	"56"	"Amateur 3"	"28"	"24"	"El Jorge"	"Overall Leaders - 2024 October"	""	""	"UNPLAYED"	"3"	""	"1,555"	"1F23EDCFBDA5B051F2E7CDCE176EBA9800D32CEB166CA3CD7A890654C710D7BD"
"2024 October"	"56"	"Amateur 3"	"28"	"5425"	"MrDachshund81"	"Overall Leaders - 2024 October"	""	""	"UNPLAYED"	"4"	""	"1,538"	"1F23EDCFBDA5B051F2E7CDCE176EBA9800D32CEB166CA3CD7A890654C710D7BD"
"2024 October"	"56"	"Amateur 3"	"28"	"7610"	"ARTSY"	"Overall Leaders - 2024 October"	""	""	"UNPLAYED"	"5"	""	"1,536"	"1F23EDCFBDA5B051F2E7CDCE176EBA9800D32CEB166CA3CD7A890654C710D7BD"
"2024 October"	"56"	"Amateur 3"	"28"	"7179"	"Danielaoculus"	"Overall Leaders - 2024 October"	""	""	"UNPLAYED"	"6"	""	"1,522"	"1F23EDCFBDA5B051F2E7CDCE176EBA9800D32CEB166CA3CD7A890654C710D7BD"
"2024 October"	"56"	"Amateur 3"	"28"	"88"	"Mully"	"Overall Leaders - 2024 October"	""	""	"UNPLAYED"	"7"	""	"1,520"	"1F23EDCFBDA5B051F2E7CDCE176EBA9800D32CEB166CA3CD7A890654C710D7BD"
"2024 October"	"56"	"Amateur 3"	"28"	"7181"	"CRAZYHORSE"	"Overall Leaders - 2024 October"	""	""	"UNPLAYED"	"8"	""	"1,510"	"1F23EDCFBDA5B051F2E7CDCE176EBA9800D32CEB166CA3CD7A890654C710D7BD"
"2024 October"	"56"	"Amateur 3"	"28"	"6950"	"leanin2it"	"Overall Leaders - 2024 October"	""	""	"UNPLAYED"	"9"	""	"1,509"	"1F23EDCFBDA5B051F2E7CDCE176EBA9800D32CEB166CA3CD7A890654C710D7BD"
"2024 October"	"56"	"Amateur 3"	"28"	"4945"	"Princess_Bankshot"	"Overall Leaders - 2024 October"	""	""	"UNPLAYED"	"10"	""	"1,486"	"1F23EDCFBDA5B051F2E7CDCE176EBA9800D32CEB166CA3CD7A890654C710D7BD"
"2024 October"	"56"	"Amateur 3"	"28"	"7488"	"ThePrankser15"	"Seagull Stacks"	""	""	"UNPLAYED"	""	""	""	"1F23EDCFBDA5B051F2E7CDCE176EBA9800D32CEB166CA3CD7A890654C710D7BD"
"2024 October"	"56"	"Amateur 3"	"28"	"7551"	"GALICE1975"	"Seagull Stacks"	""	""	"UNPLAYED"	""	""	""	"1F23EDCFBDA5B051F2E7CDCE176EBA9800D32CEB166CA3CD7A890654C710D7BD"
"2024 October"	"56"	"Amateur 3"	"28"	"7589"	"SMILEROBIN"	"Seagull Stacks"	""	""	"UNPLAYED"	""	""	""	"1F23EDCFBDA5B051F2E7CDCE176EBA9800D32CEB166CA3CD7A890654C710D7BD"
"2024 October"	"56"	"Amateur 3"	"28"	"7589"	"SMILEROBIN"	"Seagull Stacks - Hard"	""	""	"UNPLAYED"	""	""	""	"1F23EDCFBDA5B051F2E7CDCE176EBA9800D32CEB166CA3CD7A890654C710D7BD"
"2024 October"	"56"	"Amateur 3"	"28"	"7488"	"ThePrankser15"	"Seagull Stacks - Hard"	""	""	"UNPLAYED"	""	""	""	"1F23EDCFBDA5B051F2E7CDCE176EBA9800D32CEB166CA3CD7A890654C710D7BD"
"2024 October"	"56"	"Amateur 3"	"28"	"7551"	"GALICE1975"	"Seagull Stacks - Hard"	""	""	"UNPLAYED"	""	""	""	"1F23EDCFBDA5B051F2E7CDCE176EBA9800D32CEB166CA3CD7A890654C710D7BD"
"2024 October"	"56"	"Amateur 3"	"28"	"7551"	"GALICE1975"	"Arizona Modern"	""	""	"UNPLAYED"	""	""	""	"1F23EDCFBDA5B051F2E7CDCE176EBA9800D32CEB166CA3CD7A890654C710D7BD"
"2024 October"	"56"	"Amateur 3"	"28"	"7589"	"SMILEROBIN"	"Arizona Modern"	""	""	"UNPLAYED"	""	""	""	"1F23EDCFBDA5B051F2E7CDCE176EBA9800D32CEB166CA3CD7A890654C710D7BD"
"2024 October"	"56"	"Amateur 3"	"28"	"7488"	"ThePrankser15"	"Arizona Modern"	""	""	"UNPLAYED"	""	""	""	"1F23EDCFBDA5B051F2E7CDCE176EBA9800D32CEB166CA3CD7A890654C710D7BD"
"2024 October"	"56"	"Amateur 3"	"28"	"7589"	"SMILEROBIN"	"Arizona Modern Hard"	""	""	"UNPLAYED"	""	""	""	"1F23EDCFBDA5B051F2E7CDCE176EBA9800D32CEB166CA3CD7A890654C710D7BD"
"2024 October"	"56"	"Amateur 3"	"28"	"7488"	"ThePrankser15"	"Arizona Modern Hard"	""	""	"UNPLAYED"	""	""	""	"1F23EDCFBDA5B051F2E7CDCE176EBA9800D32CEB166CA3CD7A890654C710D7BD"
"2024 October"	"56"	"Amateur 3"	"28"	"7551"	"GALICE1975"	"Arizona Modern Hard"	""	""	"UNPLAYED"	""	""	""	"1F23EDCFBDA5B051F2E7CDCE176EBA9800D32CEB166CA3CD7A890654C710D7BD"
"2024 October"	"56"	"Amateur 3"	"28"	"93"	"NuttyGrandpa"	"Labyrinth"	""	""	"UNPLAYED"	""	""	""	"1F23EDCFBDA5B051F2E7CDCE176EBA9800D32CEB166CA3CD7A890654C710D7BD"
"2024 October"	"56"	"Amateur 3"	"28"	"7551"	"GALICE1975"	"Labyrinth"	""	""	"UNPLAYED"	""	""	""	"1F23EDCFBDA5B051F2E7CDCE176EBA9800D32CEB166CA3CD7A890654C710D7BD"
"2024 October"	"56"	"Amateur 3"	"28"	"7488"	"ThePrankser15"	"Labyrinth"	""	""	"UNPLAYED"	""	""	""	"1F23EDCFBDA5B051F2E7CDCE176EBA9800D32CEB166CA3CD7A890654C710D7BD"
"2024 October"	"56"	"Amateur 3"	"28"	"7708"	"TENBEERS"	"Labyrinth - Hard"	""	""	"UNPLAYED"	""	""	""	"1F23EDCFBDA5B051F2E7CDCE176EBA9800D32CEB166CA3CD7A890654C710D7BD"
"2024 October"	"56"	"Amateur 3"	"28"	"7551"	"GALICE1975"	"Labyrinth - Hard"	""	""	"UNPLAYED"	""	""	""	"1F23EDCFBDA5B051F2E7CDCE176EBA9800D32CEB166CA3CD7A890654C710D7BD"
"2024 October"	"56"	"Amateur 3"	"28"	"7488"	"ThePrankser15"	"Labyrinth - Hard"	""	""	"UNPLAYED"	""	""	""	"1F23EDCFBDA5B051F2E7CDCE176EBA9800D32CEB166CA3CD7A890654C710D7BD"
"2024 October"	"56"	"Amateur 3"	"28"	"7589"	"SMILEROBIN"	"Labyrinth - Hard"	""	""	"UNPLAYED"	""	""	""	"1F23EDCFBDA5B051F2E7CDCE176EBA9800D32CEB166CA3CD7A890654C710D7BD"
"2024 October"	"56"	"Amateur 3"	"28"	"93"	"NuttyGrandpa"	"Labyrinth - Hard"	""	""	"UNPLAYED"	""	""	""	"1F23EDCFBDA5B051F2E7CDCE176EBA9800D32CEB166CA3CD7A890654C710D7BD"
"2024 October"	"56"	"Amateur 3"	"28"	"7551"	"GALICE1975"	"Mars Gardens"	""	""	"UNPLAYED"	""	""	""	"1F23EDCFBDA5B051F2E7CDCE176EBA9800D32CEB166CA3CD7A890654C710D7BD"
"2024 October"	"56"	"Amateur 3"	"28"	"7589"	"SMILEROBIN"	"Mars Gardens"	""	""	"UNPLAYED"	""	""	""	"1F23EDCFBDA5B051F2E7CDCE176EBA9800D32CEB166CA3CD7A890654C710D7BD"
"2024 October"	"56"	"Amateur 3"	"28"	"7589"	"SMILEROBIN"	"Mars Gardens - Hard"	""	""	"UNPLAYED"	""	""	""	"1F23EDCFBDA5B051F2E7CDCE176EBA9800D32CEB166CA3CD7A890654C710D7BD"
"2024 October"	"56"	"Amateur 3"	"28"	"7728"	"KIM"	"Mars Gardens - Hard"	""	""	"UNPLAYED"	""	""	""	"1F23EDCFBDA5B051F2E7CDCE176EBA9800D32CEB166CA3CD7A890654C710D7BD"
"2024 October"	"56"	"Amateur 3"	"28"	"7551"	"GALICE1975"	"Mars Gardens - Hard"	""	""	"UNPLAYED"	""	""	""	"1F23EDCFBDA5B051F2E7CDCE176EBA9800D32CEB166CA3CD7A890654C710D7BD"
"2024 November"	"57"	"Amateur 2"	"27"	"5425"	"MrDachshund81"	"Overall Leaders - 2024 November"	""	""	"UNPLAYED"	"1"	""	"1,596"	"CE2283CC882A189D911639AF5BEE2F63EC83F7F7000ECFEB9F05584EA2FAA908"
"2024 November"	"57"	"Amateur 2"	"27"	"7589"	"SMILEROBIN"	"Overall Leaders - 2024 November"	""	""	"UNPLAYED"	"2"	""	"1,584"	"CE2283CC882A189D911639AF5BEE2F63EC83F7F7000ECFEB9F05584EA2FAA908"
"2024 November"	"57"	"Amateur 2"	"27"	"7848"	"DaisyShaw"	"Overall Leaders - 2024 November"	""	""	"UNPLAYED"	"3"	""	"1,577"	"CE2283CC882A189D911639AF5BEE2F63EC83F7F7000ECFEB9F05584EA2FAA908"
"2024 November"	"57"	"Amateur 2"	"27"	"4645"	"Gobson"	"Overall Leaders - 2024 November"	""	""	"UNPLAYED"	"4"	""	"1,569"	"CE2283CC882A189D911639AF5BEE2F63EC83F7F7000ECFEB9F05584EA2FAA908"
"2024 November"	"57"	"Amateur 2"	"27"	"7180"	"DESERT_RAT"	"Overall Leaders - 2024 November"	""	""	"UNPLAYED"	"5"	""	"1,566"	"CE2283CC882A189D911639AF5BEE2F63EC83F7F7000ECFEB9F05584EA2FAA908"
"2024 November"	"57"	"Amateur 2"	"27"	"88"	"Mully"	"Overall Leaders - 2024 November"	""	""	"UNPLAYED"	"6"	""	"1,554"	"CE2283CC882A189D911639AF5BEE2F63EC83F7F7000ECFEB9F05584EA2FAA908"
"2024 November"	"57"	"Amateur 2"	"27"	"4927"	"yankeedude1123"	"Overall Leaders - 2024 November"	""	""	"UNPLAYED"	"7"	""	"1,524"	"CE2283CC882A189D911639AF5BEE2F63EC83F7F7000ECFEB9F05584EA2FAA908"
"2024 November"	"57"	"Amateur 2"	"27"	"6950"	"leanin2it"	"Overall Leaders - 2024 November"	""	""	"UNPLAYED"	"8"	""	"1,486"	"CE2283CC882A189D911639AF5BEE2F63EC83F7F7000ECFEB9F05584EA2FAA908"
"2024 November"	"57"	"Amateur 2"	"27"	"31"	"YUK1N"	"Overall Leaders - 2024 November"	""	""	"UNPLAYED"	"9"	""	"1,476"	"CE2283CC882A189D911639AF5BEE2F63EC83F7F7000ECFEB9F05584EA2FAA908"
"2024 November"	"57"	"Amateur 2"	"27"	"7768"	"LuckyOrSucky"	"Overall Leaders - 2024 November"	""	""	"UNPLAYED"	"10"	""	"1,455"	"CE2283CC882A189D911639AF5BEE2F63EC83F7F7000ECFEB9F05584EA2FAA908"
"2024 November"	"57"	"Amateur 2"	"27"	"106"	"Grezza"	"Bogey's Bonanza"	""	""	"UNPLAYED"	""	""	""	"CE2283CC882A189D911639AF5BEE2F63EC83F7F7000ECFEB9F05584EA2FAA908"
"2024 November"	"57"	"Amateur 2"	"27"	"7167"	"Sandtrap"	"Bogey's Bonanza"	""	""	"UNPLAYED"	""	""	""	"CE2283CC882A189D911639AF5BEE2F63EC83F7F7000ECFEB9F05584EA2FAA908"
"2024 November"	"57"	"Amateur 2"	"27"	"7327"	"MOENSHINER"	"Bogey's Bonanza"	""	""	"UNPLAYED"	""	""	""	"CE2283CC882A189D911639AF5BEE2F63EC83F7F7000ECFEB9F05584EA2FAA908"
"2024 November"	"57"	"Amateur 2"	"27"	"7570"	"KATIEMAC21"	"Bogey's Bonanza"	""	""	"UNPLAYED"	""	""	""	"CE2283CC882A189D911639AF5BEE2F63EC83F7F7000ECFEB9F05584EA2FAA908"
"2024 November"	"57"	"Amateur 2"	"27"	"7549"	"CATHY G"	"Bogey's Bonanza"	""	""	"UNPLAYED"	""	""	""	"CE2283CC882A189D911639AF5BEE2F63EC83F7F7000ECFEB9F05584EA2FAA908"
"2024 November"	"57"	"Amateur 2"	"27"	"7182"	"RUBBERDUCK"	"Bogey's Bonanza"	""	""	"UNPLAYED"	""	""	""	"CE2283CC882A189D911639AF5BEE2F63EC83F7F7000ECFEB9F05584EA2FAA908"
"2024 November"	"57"	"Amateur 2"	"27"	"3184"	"Merged into 8648"	"Bogey's Bonanza Hard"	""	""	"UNPLAYED"	""	""	""	"CE2283CC882A189D911639AF5BEE2F63EC83F7F7000ECFEB9F05584EA2FAA908"
"2024 November"	"57"	"Amateur 2"	"27"	"106"	"Grezza"	"Bogey's Bonanza Hard"	""	""	"UNPLAYED"	""	""	""	"CE2283CC882A189D911639AF5BEE2F63EC83F7F7000ECFEB9F05584EA2FAA908"
"2024 November"	"57"	"Amateur 2"	"27"	"7327"	"MOENSHINER"	"Bogey's Bonanza Hard"	""	""	"UNPLAYED"	""	""	""	"CE2283CC882A189D911639AF5BEE2F63EC83F7F7000ECFEB9F05584EA2FAA908"
"2024 November"	"57"	"Amateur 2"	"27"	"7182"	"RUBBERDUCK"	"Bogey's Bonanza Hard"	""	""	"UNPLAYED"	""	""	""	"CE2283CC882A189D911639AF5BEE2F63EC83F7F7000ECFEB9F05584EA2FAA908"
"2024 November"	"57"	"Amateur 2"	"27"	"7570"	"KATIEMAC21"	"Bogey's Bonanza Hard"	""	""	"UNPLAYED"	""	""	""	"CE2283CC882A189D911639AF5BEE2F63EC83F7F7000ECFEB9F05584EA2FAA908"
"2024 November"	"57"	"Amateur 2"	"27"	"7182"	"RUBBERDUCK"	"Quixote Valley"	""	""	"UNPLAYED"	""	""	""	"CE2283CC882A189D911639AF5BEE2F63EC83F7F7000ECFEB9F05584EA2FAA908"
"2024 November"	"57"	"Amateur 2"	"27"	"106"	"Grezza"	"Quixote Valley"	""	""	"UNPLAYED"	""	""	""	"CE2283CC882A189D911639AF5BEE2F63EC83F7F7000ECFEB9F05584EA2FAA908"
"2024 November"	"57"	"Amateur 2"	"27"	"7327"	"MOENSHINER"	"Quixote Valley"	""	""	"UNPLAYED"	""	""	""	"CE2283CC882A189D911639AF5BEE2F63EC83F7F7000ECFEB9F05584EA2FAA908"
"2024 November"	"57"	"Amateur 2"	"27"	"7570"	"KATIEMAC21"	"Quixote Valley"	""	""	"UNPLAYED"	""	""	""	"CE2283CC882A189D911639AF5BEE2F63EC83F7F7000ECFEB9F05584EA2FAA908"
"2024 November"	"57"	"Amateur 2"	"27"	"7688"	"GHINI"	"Quixote Valley"	""	""	"UNPLAYED"	""	""	""	"CE2283CC882A189D911639AF5BEE2F63EC83F7F7000ECFEB9F05584EA2FAA908"
"2024 November"	"57"	"Amateur 2"	"27"	"3184"	"Merged into 8648"	"Quixote Valley"	""	""	"UNPLAYED"	""	""	""	"CE2283CC882A189D911639AF5BEE2F63EC83F7F7000ECFEB9F05584EA2FAA908"
"2024 November"	"57"	"Amateur 2"	"27"	"7570"	"KATIEMAC21"	"Quixote Valley Hard"	""	""	"UNPLAYED"	""	""	""	"CE2283CC882A189D911639AF5BEE2F63EC83F7F7000ECFEB9F05584EA2FAA908"
"2024 November"	"57"	"Amateur 2"	"27"	"3184"	"Merged into 8648"	"Quixote Valley Hard"	""	""	"UNPLAYED"	""	""	""	"CE2283CC882A189D911639AF5BEE2F63EC83F7F7000ECFEB9F05584EA2FAA908"
"2024 November"	"57"	"Amateur 2"	"27"	"106"	"Grezza"	"Quixote Valley Hard"	""	""	"UNPLAYED"	""	""	""	"CE2283CC882A189D911639AF5BEE2F63EC83F7F7000ECFEB9F05584EA2FAA908"
"2024 November"	"57"	"Amateur 2"	"27"	"7182"	"RUBBERDUCK"	"Quixote Valley Hard"	""	""	"UNPLAYED"	""	""	""	"CE2283CC882A189D911639AF5BEE2F63EC83F7F7000ECFEB9F05584EA2FAA908"
"2024 November"	"57"	"Amateur 2"	"27"	"7327"	"MOENSHINER"	"Quixote Valley Hard"	""	""	"UNPLAYED"	""	""	""	"CE2283CC882A189D911639AF5BEE2F63EC83F7F7000ECFEB9F05584EA2FAA908"
"2024 November"	"57"	"Amateur 2"	"27"	"7688"	"GHINI"	"Quixote Valley Hard"	""	""	"UNPLAYED"	""	""	""	"CE2283CC882A189D911639AF5BEE2F63EC83F7F7000ECFEB9F05584EA2FAA908"
"2024 November"	"57"	"Amateur 2"	"27"	"7688"	"GHINI"	"Atlantis"	""	""	"UNPLAYED"	""	""	""	"CE2283CC882A189D911639AF5BEE2F63EC83F7F7000ECFEB9F05584EA2FAA908"
"2024 November"	"57"	"Amateur 2"	"27"	"7570"	"KATIEMAC21"	"Atlantis"	""	""	"UNPLAYED"	""	""	""	"CE2283CC882A189D911639AF5BEE2F63EC83F7F7000ECFEB9F05584EA2FAA908"
"2024 November"	"57"	"Amateur 2"	"27"	"7549"	"CATHY G"	"Atlantis"	""	""	"UNPLAYED"	""	""	""	"CE2283CC882A189D911639AF5BEE2F63EC83F7F7000ECFEB9F05584EA2FAA908"
"2024 November"	"57"	"Amateur 2"	"27"	"7327"	"MOENSHINER"	"Atlantis"	""	""	"UNPLAYED"	""	""	""	"CE2283CC882A189D911639AF5BEE2F63EC83F7F7000ECFEB9F05584EA2FAA908"
"2024 November"	"57"	"Amateur 2"	"27"	"106"	"Grezza"	"Atlantis"	""	""	"UNPLAYED"	""	""	""	"CE2283CC882A189D911639AF5BEE2F63EC83F7F7000ECFEB9F05584EA2FAA908"
"2024 November"	"57"	"Amateur 2"	"27"	"7182"	"RUBBERDUCK"	"Atlantis"	""	""	"UNPLAYED"	""	""	""	"CE2283CC882A189D911639AF5BEE2F63EC83F7F7000ECFEB9F05584EA2FAA908"
"2024 November"	"57"	"Amateur 2"	"27"	"7549"	"CATHY G"	"Atlantis Hard"	""	""	"UNPLAYED"	""	""	""	"CE2283CC882A189D911639AF5BEE2F63EC83F7F7000ECFEB9F05584EA2FAA908"
"2024 November"	"57"	"Amateur 2"	"27"	"3184"	"Merged into 8648"	"Atlantis Hard"	""	""	"UNPLAYED"	""	""	""	"CE2283CC882A189D911639AF5BEE2F63EC83F7F7000ECFEB9F05584EA2FAA908"
"2024 November"	"57"	"Amateur 2"	"27"	"106"	"Grezza"	"Atlantis Hard"	""	""	"UNPLAYED"	""	""	""	"CE2283CC882A189D911639AF5BEE2F63EC83F7F7000ECFEB9F05584EA2FAA908"
"2024 November"	"57"	"Amateur 2"	"27"	"7570"	"KATIEMAC21"	"Atlantis Hard"	""	""	"UNPLAYED"	""	""	""	"CE2283CC882A189D911639AF5BEE2F63EC83F7F7000ECFEB9F05584EA2FAA908"
"2024 November"	"57"	"Amateur 2"	"27"	"7327"	"MOENSHINER"	"Atlantis Hard"	""	""	"UNPLAYED"	""	""	""	"CE2283CC882A189D911639AF5BEE2F63EC83F7F7000ECFEB9F05584EA2FAA908"
"2024 November"	"57"	"Amateur 2"	"27"	"7182"	"RUBBERDUCK"	"Atlantis Hard"	""	""	"UNPLAYED"	""	""	""	"CE2283CC882A189D911639AF5BEE2F63EC83F7F7000ECFEB9F05584EA2FAA908"
"2024 November"	"57"	"Amateur 2"	"27"	"7688"	"GHINI"	"Atlantis Hard"	""	""	"UNPLAYED"	""	""	""	"CE2283CC882A189D911639AF5BEE2F63EC83F7F7000ECFEB9F05584EA2FAA908"
"2024 November"	"57"	"Amateur 2"	"27"	"106"	"Grezza"	"Venice"	""	""	"UNPLAYED"	""	""	""	"CE2283CC882A189D911639AF5BEE2F63EC83F7F7000ECFEB9F05584EA2FAA908"
"2024 November"	"57"	"Amateur 2"	"27"	"7808"	"crispynut"	"Venice"	""	""	"UNPLAYED"	""	""	""	"CE2283CC882A189D911639AF5BEE2F63EC83F7F7000ECFEB9F05584EA2FAA908"
"2024 November"	"57"	"Amateur 2"	"27"	"7327"	"MOENSHINER"	"Venice"	""	""	"UNPLAYED"	""	""	""	"CE2283CC882A189D911639AF5BEE2F63EC83F7F7000ECFEB9F05584EA2FAA908"
"2024 November"	"57"	"Amateur 2"	"27"	"7570"	"KATIEMAC21"	"Venice"	""	""	"UNPLAYED"	""	""	""	"CE2283CC882A189D911639AF5BEE2F63EC83F7F7000ECFEB9F05584EA2FAA908"
"2024 November"	"57"	"Amateur 2"	"27"	"7549"	"CATHY G"	"Venice"	""	""	"UNPLAYED"	""	""	""	"CE2283CC882A189D911639AF5BEE2F63EC83F7F7000ECFEB9F05584EA2FAA908"
"2024 November"	"57"	"Amateur 2"	"27"	"7688"	"GHINI"	"Venice - Hard"	""	""	"UNPLAYED"	""	""	""	"CE2283CC882A189D911639AF5BEE2F63EC83F7F7000ECFEB9F05584EA2FAA908"
"2024 November"	"57"	"Amateur 2"	"27"	"106"	"Grezza"	"Venice - Hard"	""	""	"UNPLAYED"	""	""	""	"CE2283CC882A189D911639AF5BEE2F63EC83F7F7000ECFEB9F05584EA2FAA908"
"2024 November"	"57"	"Amateur 2"	"27"	"3184"	"Merged into 8648"	"Venice - Hard"	""	""	"UNPLAYED"	""	""	""	"CE2283CC882A189D911639AF5BEE2F63EC83F7F7000ECFEB9F05584EA2FAA908"
"2024 November"	"57"	"Amateur 2"	"27"	"7549"	"CATHY G"	"Venice - Hard"	""	""	"UNPLAYED"	""	""	""	"CE2283CC882A189D911639AF5BEE2F63EC83F7F7000ECFEB9F05584EA2FAA908"
"2024 November"	"57"	"Amateur 2"	"27"	"7808"	"crispynut"	"Venice - Hard"	""	""	"UNPLAYED"	""	""	""	"CE2283CC882A189D911639AF5BEE2F63EC83F7F7000ECFEB9F05584EA2FAA908"
"2024 November"	"57"	"Amateur 2"	"27"	"7570"	"KATIEMAC21"	"Venice - Hard"	""	""	"UNPLAYED"	""	""	""	"CE2283CC882A189D911639AF5BEE2F63EC83F7F7000ECFEB9F05584EA2FAA908"
"2024 November"	"57"	"Amateur 2"	"27"	"7327"	"MOENSHINER"	"Venice - Hard"	""	""	"UNPLAYED"	""	""	""	"CE2283CC882A189D911639AF5BEE2F63EC83F7F7000ECFEB9F05584EA2FAA908"
"2024 November"	"57"	"Amateur 3"	"28"	"5425"	"MrDachshund81"	"Overall Leaders - 2024 November"	""	""	"UNPLAYED"	"1"	""	"1,596"	"429DC3CED903301C26CCC1789D03064872DE936F78CC6DBEC4994511CAF088FF"
"2024 November"	"57"	"Amateur 3"	"28"	"7589"	"SMILEROBIN"	"Overall Leaders - 2024 November"	""	""	"UNPLAYED"	"2"	""	"1,584"	"429DC3CED903301C26CCC1789D03064872DE936F78CC6DBEC4994511CAF088FF"
"2024 November"	"57"	"Amateur 3"	"28"	"7848"	"DaisyShaw"	"Overall Leaders - 2024 November"	""	""	"UNPLAYED"	"3"	""	"1,577"	"429DC3CED903301C26CCC1789D03064872DE936F78CC6DBEC4994511CAF088FF"
"2024 November"	"57"	"Amateur 3"	"28"	"4645"	"Gobson"	"Overall Leaders - 2024 November"	""	""	"UNPLAYED"	"4"	""	"1,569"	"429DC3CED903301C26CCC1789D03064872DE936F78CC6DBEC4994511CAF088FF"
"2024 November"	"57"	"Amateur 3"	"28"	"7180"	"DESERT_RAT"	"Overall Leaders - 2024 November"	""	""	"UNPLAYED"	"5"	""	"1,566"	"429DC3CED903301C26CCC1789D03064872DE936F78CC6DBEC4994511CAF088FF"
"2024 November"	"57"	"Amateur 3"	"28"	"88"	"Mully"	"Overall Leaders - 2024 November"	""	""	"UNPLAYED"	"6"	""	"1,554"	"429DC3CED903301C26CCC1789D03064872DE936F78CC6DBEC4994511CAF088FF"
"2024 November"	"57"	"Amateur 3"	"28"	"4927"	"yankeedude1123"	"Overall Leaders - 2024 November"	""	""	"UNPLAYED"	"7"	""	"1,524"	"429DC3CED903301C26CCC1789D03064872DE936F78CC6DBEC4994511CAF088FF"
"2024 November"	"57"	"Amateur 3"	"28"	"6950"	"leanin2it"	"Overall Leaders - 2024 November"	""	""	"UNPLAYED"	"8"	""	"1,486"	"429DC3CED903301C26CCC1789D03064872DE936F78CC6DBEC4994511CAF088FF"
"2024 November"	"57"	"Amateur 3"	"28"	"31"	"YUK1N"	"Overall Leaders - 2024 November"	""	""	"UNPLAYED"	"9"	""	"1,476"	"429DC3CED903301C26CCC1789D03064872DE936F78CC6DBEC4994511CAF088FF"
"2024 November"	"57"	"Amateur 3"	"28"	"7768"	"LuckyOrSucky"	"Overall Leaders - 2024 November"	""	""	"UNPLAYED"	"10"	""	"1,455"	"429DC3CED903301C26CCC1789D03064872DE936F78CC6DBEC4994511CAF088FF"
"2024 November"	"57"	"Amateur 3"	"28"	"7488"	"ThePrankser15"	"Bogey's Bonanza"	""	""	"UNPLAYED"	""	""	""	"429DC3CED903301C26CCC1789D03064872DE936F78CC6DBEC4994511CAF088FF"
"2024 November"	"57"	"Amateur 3"	"28"	"7554"	"SKEETER78"	"Bogey's Bonanza"	""	""	"UNPLAYED"	""	""	""	"429DC3CED903301C26CCC1789D03064872DE936F78CC6DBEC4994511CAF088FF"
"2024 November"	"57"	"Amateur 3"	"28"	"7708"	"TENBEERS"	"Bogey's Bonanza"	""	""	"UNPLAYED"	""	""	""	"429DC3CED903301C26CCC1789D03064872DE936F78CC6DBEC4994511CAF088FF"
"2024 November"	"57"	"Amateur 3"	"28"	"7551"	"GALICE1975"	"Bogey's Bonanza"	""	""	"UNPLAYED"	""	""	""	"429DC3CED903301C26CCC1789D03064872DE936F78CC6DBEC4994511CAF088FF"
"2024 November"	"57"	"Amateur 3"	"28"	"9328"	"Golfshark"	"Bogey's Bonanza"	""	""	"UNPLAYED"	""	""	""	"429DC3CED903301C26CCC1789D03064872DE936F78CC6DBEC4994511CAF088FF"
"2024 November"	"57"	"Amateur 3"	"28"	"7554"	"SKEETER78"	"Bogey's Bonanza Hard"	""	""	"UNPLAYED"	""	""	""	"429DC3CED903301C26CCC1789D03064872DE936F78CC6DBEC4994511CAF088FF"
"2024 November"	"57"	"Amateur 3"	"28"	"7828"	"HARLEY"	"Bogey's Bonanza Hard"	""	""	"UNPLAYED"	""	""	""	"429DC3CED903301C26CCC1789D03064872DE936F78CC6DBEC4994511CAF088FF"
"2024 November"	"57"	"Amateur 3"	"28"	"7488"	"ThePrankser15"	"Bogey's Bonanza Hard"	""	""	"UNPLAYED"	""	""	""	"429DC3CED903301C26CCC1789D03064872DE936F78CC6DBEC4994511CAF088FF"
"2024 November"	"57"	"Amateur 3"	"28"	"7551"	"GALICE1975"	"Bogey's Bonanza Hard"	""	""	"UNPLAYED"	""	""	""	"429DC3CED903301C26CCC1789D03064872DE936F78CC6DBEC4994511CAF088FF"
"2024 November"	"57"	"Amateur 3"	"28"	"9328"	"Golfshark"	"Bogey's Bonanza Hard"	""	""	"UNPLAYED"	""	""	""	"429DC3CED903301C26CCC1789D03064872DE936F78CC6DBEC4994511CAF088FF"
"2024 November"	"57"	"Amateur 3"	"28"	"7708"	"TENBEERS"	"Bogey's Bonanza Hard"	""	""	"UNPLAYED"	""	""	""	"429DC3CED903301C26CCC1789D03064872DE936F78CC6DBEC4994511CAF088FF"
"2024 November"	"57"	"Amateur 3"	"28"	"7828"	"HARLEY"	"Quixote Valley"	""	""	"UNPLAYED"	""	""	""	"429DC3CED903301C26CCC1789D03064872DE936F78CC6DBEC4994511CAF088FF"
"2024 November"	"57"	"Amateur 3"	"28"	"7708"	"TENBEERS"	"Quixote Valley"	""	""	"UNPLAYED"	""	""	""	"429DC3CED903301C26CCC1789D03064872DE936F78CC6DBEC4994511CAF088FF"
"2024 November"	"57"	"Amateur 3"	"28"	"7868"	"Jaynice"	"Quixote Valley"	""	""	"UNPLAYED"	""	""	""	"429DC3CED903301C26CCC1789D03064872DE936F78CC6DBEC4994511CAF088FF"
"2024 November"	"57"	"Amateur 3"	"28"	"7551"	"GALICE1975"	"Quixote Valley"	""	""	"UNPLAYED"	""	""	""	"429DC3CED903301C26CCC1789D03064872DE936F78CC6DBEC4994511CAF088FF"
"2024 November"	"57"	"Amateur 3"	"28"	"7554"	"SKEETER78"	"Quixote Valley"	""	""	"UNPLAYED"	""	""	""	"429DC3CED903301C26CCC1789D03064872DE936F78CC6DBEC4994511CAF088FF"
"2024 November"	"57"	"Amateur 3"	"28"	"9328"	"Golfshark"	"Quixote Valley"	""	""	"UNPLAYED"	""	""	""	"429DC3CED903301C26CCC1789D03064872DE936F78CC6DBEC4994511CAF088FF"
"2024 November"	"57"	"Amateur 3"	"28"	"7488"	"ThePrankser15"	"Quixote Valley"	""	""	"UNPLAYED"	""	""	""	"429DC3CED903301C26CCC1789D03064872DE936F78CC6DBEC4994511CAF088FF"
"2024 November"	"57"	"Amateur 3"	"28"	"7828"	"HARLEY"	"Quixote Valley Hard"	""	""	"UNPLAYED"	""	""	""	"429DC3CED903301C26CCC1789D03064872DE936F78CC6DBEC4994511CAF088FF"
"2024 November"	"57"	"Amateur 3"	"28"	"7551"	"GALICE1975"	"Quixote Valley Hard"	""	""	"UNPLAYED"	""	""	""	"429DC3CED903301C26CCC1789D03064872DE936F78CC6DBEC4994511CAF088FF"
"2024 November"	"57"	"Amateur 3"	"28"	"7868"	"Jaynice"	"Quixote Valley Hard"	""	""	"UNPLAYED"	""	""	""	"429DC3CED903301C26CCC1789D03064872DE936F78CC6DBEC4994511CAF088FF"
"2024 November"	"57"	"Amateur 3"	"28"	"7708"	"TENBEERS"	"Quixote Valley Hard"	""	""	"UNPLAYED"	""	""	""	"429DC3CED903301C26CCC1789D03064872DE936F78CC6DBEC4994511CAF088FF"
"2024 November"	"57"	"Amateur 3"	"28"	"7488"	"ThePrankser15"	"Quixote Valley Hard"	""	""	"UNPLAYED"	""	""	""	"429DC3CED903301C26CCC1789D03064872DE936F78CC6DBEC4994511CAF088FF"
"2024 November"	"57"	"Amateur 3"	"28"	"9328"	"Golfshark"	"Quixote Valley Hard"	""	""	"UNPLAYED"	""	""	""	"429DC3CED903301C26CCC1789D03064872DE936F78CC6DBEC4994511CAF088FF"
"2024 November"	"57"	"Amateur 3"	"28"	"7554"	"SKEETER78"	"Quixote Valley Hard"	""	""	"UNPLAYED"	""	""	""	"429DC3CED903301C26CCC1789D03064872DE936F78CC6DBEC4994511CAF088FF"
"2024 November"	"57"	"Amateur 3"	"28"	"7868"	"Jaynice"	"Atlantis"	""	""	"UNPLAYED"	""	""	""	"429DC3CED903301C26CCC1789D03064872DE936F78CC6DBEC4994511CAF088FF"
"2024 November"	"57"	"Amateur 3"	"28"	"7551"	"GALICE1975"	"Atlantis"	""	""	"UNPLAYED"	""	""	""	"429DC3CED903301C26CCC1789D03064872DE936F78CC6DBEC4994511CAF088FF"
"2024 November"	"57"	"Amateur 3"	"28"	"7554"	"SKEETER78"	"Atlantis"	""	""	"UNPLAYED"	""	""	""	"429DC3CED903301C26CCC1789D03064872DE936F78CC6DBEC4994511CAF088FF"
"2024 November"	"57"	"Amateur 3"	"28"	"7708"	"TENBEERS"	"Atlantis"	""	""	"UNPLAYED"	""	""	""	"429DC3CED903301C26CCC1789D03064872DE936F78CC6DBEC4994511CAF088FF"
"2024 November"	"57"	"Amateur 3"	"28"	"9328"	"Golfshark"	"Atlantis"	""	""	"UNPLAYED"	""	""	""	"429DC3CED903301C26CCC1789D03064872DE936F78CC6DBEC4994511CAF088FF"
"2024 November"	"57"	"Amateur 3"	"28"	"7828"	"HARLEY"	"Atlantis"	""	""	"UNPLAYED"	""	""	""	"429DC3CED903301C26CCC1789D03064872DE936F78CC6DBEC4994511CAF088FF"
"2024 November"	"57"	"Amateur 3"	"28"	"7488"	"ThePrankser15"	"Atlantis Hard"	""	""	"UNPLAYED"	""	""	""	"429DC3CED903301C26CCC1789D03064872DE936F78CC6DBEC4994511CAF088FF"
"2024 November"	"57"	"Amateur 3"	"28"	"7708"	"TENBEERS"	"Atlantis Hard"	""	""	"UNPLAYED"	""	""	""	"429DC3CED903301C26CCC1789D03064872DE936F78CC6DBEC4994511CAF088FF"
"2024 November"	"57"	"Amateur 3"	"28"	"7551"	"GALICE1975"	"Atlantis Hard"	""	""	"UNPLAYED"	""	""	""	"429DC3CED903301C26CCC1789D03064872DE936F78CC6DBEC4994511CAF088FF"
"2024 November"	"57"	"Amateur 3"	"28"	"7828"	"HARLEY"	"Atlantis Hard"	""	""	"UNPLAYED"	""	""	""	"429DC3CED903301C26CCC1789D03064872DE936F78CC6DBEC4994511CAF088FF"
"2024 November"	"57"	"Amateur 3"	"28"	"7868"	"Jaynice"	"Atlantis Hard"	""	""	"UNPLAYED"	""	""	""	"429DC3CED903301C26CCC1789D03064872DE936F78CC6DBEC4994511CAF088FF"
"2024 November"	"57"	"Amateur 3"	"28"	"9328"	"Golfshark"	"Atlantis Hard"	""	""	"UNPLAYED"	""	""	""	"429DC3CED903301C26CCC1789D03064872DE936F78CC6DBEC4994511CAF088FF"
"2024 November"	"57"	"Amateur 3"	"28"	"7554"	"SKEETER78"	"Atlantis Hard"	""	""	"UNPLAYED"	""	""	""	"429DC3CED903301C26CCC1789D03064872DE936F78CC6DBEC4994511CAF088FF"
"2024 November"	"57"	"Amateur 3"	"28"	"7551"	"GALICE1975"	"Venice"	""	""	"UNPLAYED"	""	""	""	"429DC3CED903301C26CCC1789D03064872DE936F78CC6DBEC4994511CAF088FF"
"2024 November"	"57"	"Amateur 3"	"28"	"7488"	"ThePrankser15"	"Venice"	""	""	"UNPLAYED"	""	""	""	"429DC3CED903301C26CCC1789D03064872DE936F78CC6DBEC4994511CAF088FF"
"2024 November"	"57"	"Amateur 3"	"28"	"7828"	"HARLEY"	"Venice"	""	""	"UNPLAYED"	""	""	""	"429DC3CED903301C26CCC1789D03064872DE936F78CC6DBEC4994511CAF088FF"
"2024 November"	"57"	"Amateur 3"	"28"	"7868"	"Jaynice"	"Venice"	""	""	"UNPLAYED"	""	""	""	"429DC3CED903301C26CCC1789D03064872DE936F78CC6DBEC4994511CAF088FF"
"2024 November"	"57"	"Amateur 3"	"28"	"7708"	"TENBEERS"	"Venice"	""	""	"UNPLAYED"	""	""	""	"429DC3CED903301C26CCC1789D03064872DE936F78CC6DBEC4994511CAF088FF"
"2024 November"	"57"	"Amateur 3"	"28"	"9328"	"Golfshark"	"Venice"	""	""	"UNPLAYED"	""	""	""	"429DC3CED903301C26CCC1789D03064872DE936F78CC6DBEC4994511CAF088FF"
"2024 November"	"57"	"Amateur 3"	"28"	"7554"	"SKEETER78"	"Venice"	""	""	"UNPLAYED"	""	""	""	"429DC3CED903301C26CCC1789D03064872DE936F78CC6DBEC4994511CAF088FF"
"2024 November"	"57"	"Amateur 3"	"28"	"7868"	"Jaynice"	"Venice - Hard"	""	""	"UNPLAYED"	""	""	""	"429DC3CED903301C26CCC1789D03064872DE936F78CC6DBEC4994511CAF088FF"
"2024 November"	"57"	"Amateur 3"	"28"	"7551"	"GALICE1975"	"Venice - Hard"	""	""	"UNPLAYED"	""	""	""	"429DC3CED903301C26CCC1789D03064872DE936F78CC6DBEC4994511CAF088FF"
"2024 November"	"57"	"Amateur 3"	"28"	"7828"	"HARLEY"	"Venice - Hard"	""	""	"UNPLAYED"	""	""	""	"429DC3CED903301C26CCC1789D03064872DE936F78CC6DBEC4994511CAF088FF"
"2024 November"	"57"	"Amateur 3"	"28"	"7554"	"SKEETER78"	"Venice - Hard"	""	""	"UNPLAYED"	""	""	""	"429DC3CED903301C26CCC1789D03064872DE936F78CC6DBEC4994511CAF088FF"
"2024 November"	"57"	"Amateur 3"	"28"	"7708"	"TENBEERS"	"Venice - Hard"	""	""	"UNPLAYED"	""	""	""	"429DC3CED903301C26CCC1789D03064872DE936F78CC6DBEC4994511CAF088FF"
"2024 November"	"57"	"Amateur 3"	"28"	"9328"	"Golfshark"	"Venice - Hard"	""	""	"UNPLAYED"	""	""	""	"429DC3CED903301C26CCC1789D03064872DE936F78CC6DBEC4994511CAF088FF"
"2024 November"	"57"	"Amateur 3"	"28"	"7488"	"ThePrankser15"	"Venice - Hard"	""	""	"UNPLAYED"	""	""	""	"429DC3CED903301C26CCC1789D03064872DE936F78CC6DBEC4994511CAF088FF"
"2024 December"	"58"	"Amateur 2"	"27"	"7768"	"LuckyOrSucky"	"Overall Leaders - 2024 December"	""	""	"UNPLAYED"	"1"	""	"1,601"	"96A56B1959773D255612CE8BDA590B0C806EA369DAB51EAE24B1BBE7897F342C"
"2024 December"	"58"	"Amateur 2"	"27"	"3184"	"Merged into 8648"	"Overall Leaders - 2024 December"	""	""	"UNPLAYED"	"2"	""	"1,563"	"96A56B1959773D255612CE8BDA590B0C806EA369DAB51EAE24B1BBE7897F342C"
"2024 December"	"58"	"Amateur 2"	"27"	"54"	"Derby_Daz"	"Overall Leaders - 2024 December"	""	""	"UNPLAYED"	"3"	""	"1,537"	"96A56B1959773D255612CE8BDA590B0C806EA369DAB51EAE24B1BBE7897F342C"
"2024 December"	"58"	"Amateur 2"	"27"	"4645"	"Gobson"	"Overall Leaders - 2024 December"	""	""	"UNPLAYED"	"4"	""	"1,509"	"96A56B1959773D255612CE8BDA590B0C806EA369DAB51EAE24B1BBE7897F342C"
"2024 December"	"58"	"Amateur 2"	"27"	"7177"	"Maximus"	"Overall Leaders - 2024 December"	""	""	"UNPLAYED"	"5"	""	"1,492"	"96A56B1959773D255612CE8BDA590B0C806EA369DAB51EAE24B1BBE7897F342C"
"2024 December"	"58"	"Amateur 2"	"27"	"7848"	"DaisyShaw"	"Overall Leaders - 2024 December"	""	""	"UNPLAYED"	"6"	""	"1,484"	"96A56B1959773D255612CE8BDA590B0C806EA369DAB51EAE24B1BBE7897F342C"
"2024 December"	"58"	"Amateur 2"	"27"	"7552"	"IMJOMAMA"	"Overall Leaders - 2024 December"	""	""	"UNPLAYED"	"7"	""	"1,476"	"96A56B1959773D255612CE8BDA590B0C806EA369DAB51EAE24B1BBE7897F342C"
"2024 December"	"58"	"Amateur 2"	"27"	"4927"	"yankeedude1123"	"Overall Leaders - 2024 December"	""	""	"UNPLAYED"	"8"	""	"1,470"	"96A56B1959773D255612CE8BDA590B0C806EA369DAB51EAE24B1BBE7897F342C"
"2024 December"	"58"	"Amateur 2"	"27"	"5425"	"MrDachshund81"	"Overall Leaders - 2024 December"	""	""	"UNPLAYED"	"9"	""	"1,469"	"96A56B1959773D255612CE8BDA590B0C806EA369DAB51EAE24B1BBE7897F342C"
"2024 December"	"58"	"Amateur 2"	"27"	"7165"	"Spicy - DawnSophia"	"Overall Leaders - 2024 December"	""	""	"UNPLAYED"	"10"	""	"1,455"	"96A56B1959773D255612CE8BDA590B0C806EA369DAB51EAE24B1BBE7897F342C"
"2024 December"	"58"	"Amateur 2"	"27"	"4002"	"Empzurg"	"Cherry Blossom"	""	""	"UNPLAYED"	""	""	""	"96A56B1959773D255612CE8BDA590B0C806EA369DAB51EAE24B1BBE7897F342C"
"2024 December"	"58"	"Amateur 2"	"27"	"7808"	"crispynut"	"Myst"	""	""	"UNPLAYED"	""	""	""	"96A56B1959773D255612CE8BDA590B0C806EA369DAB51EAE24B1BBE7897F342C"
"2024 December"	"58"	"Amateur 2"	"27"	"4002"	"Empzurg"	"Myst"	""	""	"UNPLAYED"	""	""	""	"96A56B1959773D255612CE8BDA590B0C806EA369DAB51EAE24B1BBE7897F342C"
"2024 December"	"58"	"Amateur 2"	"27"	"7889"	"fake4real"	"Myst Hard"	""	""	"UNPLAYED"	""	""	""	"96A56B1959773D255612CE8BDA590B0C806EA369DAB51EAE24B1BBE7897F342C"
"2024 December"	"58"	"Amateur 2"	"27"	"7167"	"Sandtrap"	"Myst Hard"	""	""	"UNPLAYED"	""	""	""	"96A56B1959773D255612CE8BDA590B0C806EA369DAB51EAE24B1BBE7897F342C"
"2024 December"	"58"	"Amateur 2"	"27"	"7448"	"ANDRIA77"	"Myst Hard"	""	""	"UNPLAYED"	""	""	""	"96A56B1959773D255612CE8BDA590B0C806EA369DAB51EAE24B1BBE7897F342C"
"2024 December"	"58"	"Amateur 2"	"27"	"7808"	"crispynut"	"Myst Hard"	""	""	"UNPLAYED"	""	""	""	"96A56B1959773D255612CE8BDA590B0C806EA369DAB51EAE24B1BBE7897F342C"
"2024 December"	"58"	"Amateur 2"	"27"	"7548"	"beezy1"	"8-Bit Lair"	""	""	"UNPLAYED"	""	""	""	"96A56B1959773D255612CE8BDA590B0C806EA369DAB51EAE24B1BBE7897F342C"
"2024 December"	"58"	"Amateur 2"	"27"	"7167"	"Sandtrap"	"8-Bit Lair"	""	""	"UNPLAYED"	""	""	""	"96A56B1959773D255612CE8BDA590B0C806EA369DAB51EAE24B1BBE7897F342C"
"2024 December"	"58"	"Amateur 2"	"27"	"7448"	"ANDRIA77"	"8-Bit Lair"	""	""	"UNPLAYED"	""	""	""	"96A56B1959773D255612CE8BDA590B0C806EA369DAB51EAE24B1BBE7897F342C"
"2024 December"	"58"	"Amateur 2"	"27"	"7611"	"PUTT_FOR_DOH"	"8-Bit Lair"	""	""	"UNPLAYED"	""	""	""	"96A56B1959773D255612CE8BDA590B0C806EA369DAB51EAE24B1BBE7897F342C"
"2024 December"	"58"	"Amateur 2"	"27"	"4002"	"Empzurg"	"8-Bit Lair"	""	""	"UNPLAYED"	""	""	""	"96A56B1959773D255612CE8BDA590B0C806EA369DAB51EAE24B1BBE7897F342C"
"2024 December"	"58"	"Amateur 2"	"27"	"7548"	"beezy1"	"8-Bit Lair - Hard"	""	""	"UNPLAYED"	""	""	""	"96A56B1959773D255612CE8BDA590B0C806EA369DAB51EAE24B1BBE7897F342C"
"2024 December"	"58"	"Amateur 2"	"27"	"7448"	"ANDRIA77"	"8-Bit Lair - Hard"	""	""	"UNPLAYED"	""	""	""	"96A56B1959773D255612CE8BDA590B0C806EA369DAB51EAE24B1BBE7897F342C"
"2024 December"	"58"	"Amateur 2"	"27"	"7167"	"Sandtrap"	"8-Bit Lair - Hard"	""	""	"UNPLAYED"	""	""	""	"96A56B1959773D255612CE8BDA590B0C806EA369DAB51EAE24B1BBE7897F342C"
"2024 December"	"58"	"Amateur 2"	"27"	"7808"	"crispynut"	"8-Bit Lair - Hard"	""	""	"UNPLAYED"	""	""	""	"96A56B1959773D255612CE8BDA590B0C806EA369DAB51EAE24B1BBE7897F342C"
"2024 December"	"58"	"Amateur 2"	"27"	"4002"	"Empzurg"	"8-Bit Lair - Hard"	""	""	"UNPLAYED"	""	""	""	"96A56B1959773D255612CE8BDA590B0C806EA369DAB51EAE24B1BBE7897F342C"
"2024 December"	"58"	"Amateur 2"	"27"	"7611"	"PUTT_FOR_DOH"	"8-Bit Lair - Hard"	""	""	"UNPLAYED"	""	""	""	"96A56B1959773D255612CE8BDA590B0C806EA369DAB51EAE24B1BBE7897F342C"
"2024 December"	"58"	"Amateur 2"	"27"	"7548"	"beezy1"	"Holiday Hideaway"	""	""	"UNPLAYED"	""	""	""	"96A56B1959773D255612CE8BDA590B0C806EA369DAB51EAE24B1BBE7897F342C"
"2024 December"	"58"	"Amateur 2"	"27"	"7448"	"ANDRIA77"	"Holiday Hideaway"	""	""	"UNPLAYED"	""	""	""	"96A56B1959773D255612CE8BDA590B0C806EA369DAB51EAE24B1BBE7897F342C"
"2024 December"	"58"	"Amateur 2"	"27"	"7808"	"crispynut"	"Holiday Hideaway"	""	""	"UNPLAYED"	""	""	""	"96A56B1959773D255612CE8BDA590B0C806EA369DAB51EAE24B1BBE7897F342C"
"2024 December"	"58"	"Amateur 2"	"27"	"7611"	"PUTT_FOR_DOH"	"Holiday Hideaway"	""	""	"UNPLAYED"	""	""	""	"96A56B1959773D255612CE8BDA590B0C806EA369DAB51EAE24B1BBE7897F342C"
"2024 December"	"58"	"Amateur 2"	"27"	"7167"	"Sandtrap"	"Holiday Hideaway - Hard"	""	""	"UNPLAYED"	""	""	""	"96A56B1959773D255612CE8BDA590B0C806EA369DAB51EAE24B1BBE7897F342C"
"2024 December"	"58"	"Amateur 2"	"27"	"7808"	"crispynut"	"Holiday Hideaway - Hard"	""	""	"UNPLAYED"	""	""	""	"96A56B1959773D255612CE8BDA590B0C806EA369DAB51EAE24B1BBE7897F342C"
"2024 December"	"58"	"Amateur 2"	"27"	"7548"	"beezy1"	"Holiday Hideaway - Hard"	""	""	"UNPLAYED"	""	""	""	"96A56B1959773D255612CE8BDA590B0C806EA369DAB51EAE24B1BBE7897F342C"
"2024 December"	"58"	"Amateur 2"	"27"	"7611"	"PUTT_FOR_DOH"	"Holiday Hideaway - Hard"	""	""	"UNPLAYED"	""	""	""	"96A56B1959773D255612CE8BDA590B0C806EA369DAB51EAE24B1BBE7897F342C"
"2024 December"	"58"	"Amateur 2"	"27"	"4002"	"Empzurg"	"Holiday Hideaway - Hard"	""	""	"UNPLAYED"	""	""	""	"96A56B1959773D255612CE8BDA590B0C806EA369DAB51EAE24B1BBE7897F342C"
"2024 December"	"58"	"Amateur 2"	"27"	"7448"	"ANDRIA77"	"Holiday Hideaway - Hard"	""	""	"UNPLAYED"	""	""	""	"96A56B1959773D255612CE8BDA590B0C806EA369DAB51EAE24B1BBE7897F342C"
"2024 December"	"58"	"Amateur 3"	"28"	"7768"	"LuckyOrSucky"	"Overall Leaders - 2024 December"	""	""	"UNPLAYED"	"1"	""	"1,601"	"285C52878276F2E455A2F217A4E624177355B4522D96915A5DEE9C76A45493B7"
"2024 December"	"58"	"Amateur 3"	"28"	"3184"	"Merged into 8648"	"Overall Leaders - 2024 December"	""	""	"UNPLAYED"	"2"	""	"1,563"	"285C52878276F2E455A2F217A4E624177355B4522D96915A5DEE9C76A45493B7"
"2024 December"	"58"	"Amateur 3"	"28"	"54"	"Derby_Daz"	"Overall Leaders - 2024 December"	""	""	"UNPLAYED"	"3"	""	"1,537"	"285C52878276F2E455A2F217A4E624177355B4522D96915A5DEE9C76A45493B7"
"2024 December"	"58"	"Amateur 3"	"28"	"4645"	"Gobson"	"Overall Leaders - 2024 December"	""	""	"UNPLAYED"	"4"	""	"1,509"	"285C52878276F2E455A2F217A4E624177355B4522D96915A5DEE9C76A45493B7"
"2024 December"	"58"	"Amateur 3"	"28"	"7177"	"Maximus"	"Overall Leaders - 2024 December"	""	""	"UNPLAYED"	"5"	""	"1,492"	"285C52878276F2E455A2F217A4E624177355B4522D96915A5DEE9C76A45493B7"
"2024 December"	"58"	"Amateur 3"	"28"	"7848"	"DaisyShaw"	"Overall Leaders - 2024 December"	""	""	"UNPLAYED"	"6"	""	"1,484"	"285C52878276F2E455A2F217A4E624177355B4522D96915A5DEE9C76A45493B7"
"2024 December"	"58"	"Amateur 3"	"28"	"7552"	"IMJOMAMA"	"Overall Leaders - 2024 December"	""	""	"UNPLAYED"	"7"	""	"1,476"	"285C52878276F2E455A2F217A4E624177355B4522D96915A5DEE9C76A45493B7"
"2024 December"	"58"	"Amateur 3"	"28"	"4927"	"yankeedude1123"	"Overall Leaders - 2024 December"	""	""	"UNPLAYED"	"8"	""	"1,470"	"285C52878276F2E455A2F217A4E624177355B4522D96915A5DEE9C76A45493B7"
"2024 December"	"58"	"Amateur 3"	"28"	"5425"	"MrDachshund81"	"Overall Leaders - 2024 December"	""	""	"UNPLAYED"	"9"	""	"1,469"	"285C52878276F2E455A2F217A4E624177355B4522D96915A5DEE9C76A45493B7"
"2024 December"	"58"	"Amateur 3"	"28"	"7165"	"Spicy - DawnSophia"	"Overall Leaders - 2024 December"	""	""	"UNPLAYED"	"10"	""	"1,455"	"285C52878276F2E455A2F217A4E624177355B4522D96915A5DEE9C76A45493B7"
"2024 December"	"58"	"Amateur 3"	"28"	"7554"	"SKEETER78"	"Cherry Blossom"	""	""	"UNPLAYED"	""	""	""	"285C52878276F2E455A2F217A4E624177355B4522D96915A5DEE9C76A45493B7"
"2024 December"	"58"	"Amateur 3"	"28"	"7554"	"SKEETER78"	"Cherry Blossom Hard"	""	""	"UNPLAYED"	""	""	""	"285C52878276F2E455A2F217A4E624177355B4522D96915A5DEE9C76A45493B7"
"2024 December"	"58"	"Amateur 3"	"28"	"7182"	"RUBBERDUCK"	"Myst"	""	""	"UNPLAYED"	""	""	""	"285C52878276F2E455A2F217A4E624177355B4522D96915A5DEE9C76A45493B7"
"2024 December"	"58"	"Amateur 3"	"28"	"7549"	"CATHY G"	"Myst"	""	""	"UNPLAYED"	""	""	""	"285C52878276F2E455A2F217A4E624177355B4522D96915A5DEE9C76A45493B7"
"2024 December"	"58"	"Amateur 3"	"28"	"7554"	"SKEETER78"	"Myst"	""	""	"UNPLAYED"	""	""	""	"285C52878276F2E455A2F217A4E624177355B4522D96915A5DEE9C76A45493B7"
"2024 December"	"58"	"Amateur 3"	"28"	"7554"	"SKEETER78"	"Myst Hard"	""	""	"UNPLAYED"	""	""	""	"285C52878276F2E455A2F217A4E624177355B4522D96915A5DEE9C76A45493B7"
"2024 December"	"58"	"Amateur 3"	"28"	"7182"	"RUBBERDUCK"	"Myst Hard"	""	""	"UNPLAYED"	""	""	""	"285C52878276F2E455A2F217A4E624177355B4522D96915A5DEE9C76A45493B7"
"2024 December"	"58"	"Amateur 3"	"28"	"7549"	"CATHY G"	"Myst Hard"	""	""	"UNPLAYED"	""	""	""	"285C52878276F2E455A2F217A4E624177355B4522D96915A5DEE9C76A45493B7"
"2024 December"	"58"	"Amateur 3"	"28"	"7589"	"SMILEROBIN"	"8-Bit Lair"	""	""	"UNPLAYED"	""	""	""	"285C52878276F2E455A2F217A4E624177355B4522D96915A5DEE9C76A45493B7"
"2024 December"	"58"	"Amateur 3"	"28"	"7549"	"CATHY G"	"8-Bit Lair"	""	""	"UNPLAYED"	""	""	""	"285C52878276F2E455A2F217A4E624177355B4522D96915A5DEE9C76A45493B7"
"2024 December"	"58"	"Amateur 3"	"28"	"7549"	"CATHY G"	"8-Bit Lair - Hard"	""	""	"UNPLAYED"	""	""	""	"285C52878276F2E455A2F217A4E624177355B4522D96915A5DEE9C76A45493B7"
"2024 December"	"58"	"Amateur 3"	"28"	"7589"	"SMILEROBIN"	"8-Bit Lair - Hard"	""	""	"UNPLAYED"	""	""	""	"285C52878276F2E455A2F217A4E624177355B4522D96915A5DEE9C76A45493B7"
"2024 December"	"58"	"Amateur 3"	"28"	"7182"	"RUBBERDUCK"	"Holiday Hideaway"	""	""	"UNPLAYED"	""	""	""	"285C52878276F2E455A2F217A4E624177355B4522D96915A5DEE9C76A45493B7"
"2024 December"	"58"	"Amateur 3"	"28"	"7868"	"Jaynice"	"Holiday Hideaway"	""	""	"UNPLAYED"	""	""	""	"285C52878276F2E455A2F217A4E624177355B4522D96915A5DEE9C76A45493B7"
"2024 December"	"58"	"Amateur 3"	"28"	"7868"	"Jaynice"	"Holiday Hideaway - Hard"	""	""	"UNPLAYED"	""	""	""	"285C52878276F2E455A2F217A4E624177355B4522D96915A5DEE9C76A45493B7"
"2024 December"	"58"	"Amateur 3"	"28"	"7182"	"RUBBERDUCK"	"Holiday Hideaway - Hard"	""	""	"UNPLAYED"	""	""	""	"285C52878276F2E455A2F217A4E624177355B4522D96915A5DEE9C76A45493B7"
"2024 December"	"58"	"Amateur 3"	"28"	"7549"	"CATHY G"	"Holiday Hideaway - Hard"	""	""	"UNPLAYED"	""	""	""	"285C52878276F2E455A2F217A4E624177355B4522D96915A5DEE9C76A45493B7"
"2025 January"	"81"	"Amateur 1"	"26"	"7948"	"POLANECE"	"Overall Leaders - 2025 January"	""	""	"UNPLAYED"	"1"	""	"1,577"	"63F285DFF062DFD5B0FE7531A65A0A809545924E9E06773B6D2D532214EDD40D"
"2025 January"	"81"	"Amateur 1"	"26"	"4002"	"Empzurg"	"Overall Leaders - 2025 January"	""	""	"UNPLAYED"	"2"	""	"1,570"	"63F285DFF062DFD5B0FE7531A65A0A809545924E9E06773B6D2D532214EDD40D"
"2025 January"	"81"	"Amateur 1"	"26"	"7868"	"Jaynice"	"Overall Leaders - 2025 January"	""	""	"UNPLAYED"	"3"	""	"1,548"	"63F285DFF062DFD5B0FE7531A65A0A809545924E9E06773B6D2D532214EDD40D"
"2025 January"	"81"	"Amateur 1"	"26"	"7848"	"DaisyShaw"	"Overall Leaders - 2025 January"	""	""	"UNPLAYED"	"4"	""	"1,542"	"63F285DFF062DFD5B0FE7531A65A0A809545924E9E06773B6D2D532214EDD40D"
"2025 January"	"81"	"Amateur 1"	"26"	"4305"	"bigja33"	"Overall Leaders - 2025 January"	""	""	"UNPLAYED"	"5"	""	"1,494"	"63F285DFF062DFD5B0FE7531A65A0A809545924E9E06773B6D2D532214EDD40D"
"2025 January"	"81"	"Amateur 1"	"26"	"8008"	"Fry_Lock"	"Overall Leaders - 2025 January"	""	""	"UNPLAYED"	"6"	""	"1,484"	"63F285DFF062DFD5B0FE7531A65A0A809545924E9E06773B6D2D532214EDD40D"
"2025 January"	"81"	"Amateur 1"	"26"	"4645"	"Gobson"	"Overall Leaders - 2025 January"	""	""	"UNPLAYED"	"7"	""	"1,475"	"63F285DFF062DFD5B0FE7531A65A0A809545924E9E06773B6D2D532214EDD40D"
"2025 January"	"81"	"Amateur 1"	"26"	"24"	"El Jorge"	"Overall Leaders - 2025 January"	""	""	"UNPLAYED"	"8"	""	"1,452"	"63F285DFF062DFD5B0FE7531A65A0A809545924E9E06773B6D2D532214EDD40D"
"2025 January"	"81"	"Amateur 1"	"26"	"4927"	"yankeedude1123"	"Overall Leaders - 2025 January"	""	""	"UNPLAYED"	"9"	""	"1,443"	"63F285DFF062DFD5B0FE7531A65A0A809545924E9E06773B6D2D532214EDD40D"
"2025 January"	"81"	"Amateur 1"	"26"	"36"	"stewiestewie"	"Overall Leaders - 2025 January"	""	""	"UNPLAYED"	"10"	""	"1,435"	"63F285DFF062DFD5B0FE7531A65A0A809545924E9E06773B6D2D532214EDD40D"
"2025 January"	"81"	"Amateur 1"	"26"	"7809"	"SNOWBALL"	"Tourist Trap"	""	""	"UNPLAYED"	""	""	""	"63F285DFF062DFD5B0FE7531A65A0A809545924E9E06773B6D2D532214EDD40D"
"2025 January"	"81"	"Amateur 1"	"26"	"362"	"Dandnt65"	"Tourist Trap"	""	""	"UNPLAYED"	""	""	""	"63F285DFF062DFD5B0FE7531A65A0A809545924E9E06773B6D2D532214EDD40D"
"2025 January"	"81"	"Amateur 1"	"26"	"7388"	"FROGMAN"	"Tourist Trap"	""	""	"UNPLAYED"	""	""	""	"63F285DFF062DFD5B0FE7531A65A0A809545924E9E06773B6D2D532214EDD40D"
"2025 January"	"81"	"Amateur 1"	"26"	"7307"	"callmemike"	"Tourist Trap"	""	""	"UNPLAYED"	""	""	""	"63F285DFF062DFD5B0FE7531A65A0A809545924E9E06773B6D2D532214EDD40D"
"2025 January"	"81"	"Amateur 1"	"26"	"7809"	"SNOWBALL"	"Tourist Trap Hard"	""	""	"UNPLAYED"	""	""	""	"63F285DFF062DFD5B0FE7531A65A0A809545924E9E06773B6D2D532214EDD40D"
"2025 January"	"81"	"Amateur 1"	"26"	"7307"	"callmemike"	"Tourist Trap Hard"	""	""	"UNPLAYED"	""	""	""	"63F285DFF062DFD5B0FE7531A65A0A809545924E9E06773B6D2D532214EDD40D"
"2025 January"	"81"	"Amateur 1"	"26"	"7388"	"FROGMAN"	"Tourist Trap Hard"	""	""	"UNPLAYED"	""	""	""	"63F285DFF062DFD5B0FE7531A65A0A809545924E9E06773B6D2D532214EDD40D"
"2025 January"	"81"	"Amateur 1"	"26"	"362"	"Dandnt65"	"Tourist Trap Hard"	""	""	"UNPLAYED"	""	""	""	"63F285DFF062DFD5B0FE7531A65A0A809545924E9E06773B6D2D532214EDD40D"
"2025 January"	"81"	"Amateur 1"	"26"	"362"	"Dandnt65"	"Upside Town"	""	""	"UNPLAYED"	""	""	""	"63F285DFF062DFD5B0FE7531A65A0A809545924E9E06773B6D2D532214EDD40D"
"2025 January"	"81"	"Amateur 1"	"26"	"7388"	"FROGMAN"	"Upside Town"	""	""	"UNPLAYED"	""	""	""	"63F285DFF062DFD5B0FE7531A65A0A809545924E9E06773B6D2D532214EDD40D"
"2025 January"	"81"	"Amateur 1"	"26"	"7186"	"Chelle💯"	"Upside Town"	""	""	"UNPLAYED"	""	""	""	"63F285DFF062DFD5B0FE7531A65A0A809545924E9E06773B6D2D532214EDD40D"
"2025 January"	"81"	"Amateur 1"	"26"	"7307"	"callmemike"	"Upside Town"	""	""	"UNPLAYED"	""	""	""	"63F285DFF062DFD5B0FE7531A65A0A809545924E9E06773B6D2D532214EDD40D"
"2025 January"	"81"	"Amateur 1"	"26"	"7169"	"Master_KP"	"Upside Town"	""	""	"UNPLAYED"	""	""	""	"63F285DFF062DFD5B0FE7531A65A0A809545924E9E06773B6D2D532214EDD40D"
"2025 January"	"81"	"Amateur 1"	"26"	"7809"	"SNOWBALL"	"Upside Town"	""	""	"UNPLAYED"	""	""	""	"63F285DFF062DFD5B0FE7531A65A0A809545924E9E06773B6D2D532214EDD40D"
"2025 January"	"81"	"Amateur 1"	"26"	"2505"	"freitag68"	"Upside Town"	""	""	"UNPLAYED"	""	""	""	"63F285DFF062DFD5B0FE7531A65A0A809545924E9E06773B6D2D532214EDD40D"
"2025 January"	"81"	"Amateur 1"	"26"	"2505"	"freitag68"	"Upside Town - Hard"	""	""	"UNPLAYED"	""	""	""	"63F285DFF062DFD5B0FE7531A65A0A809545924E9E06773B6D2D532214EDD40D"
"2025 January"	"81"	"Amateur 1"	"26"	"7307"	"callmemike"	"Upside Town - Hard"	""	""	"UNPLAYED"	""	""	""	"63F285DFF062DFD5B0FE7531A65A0A809545924E9E06773B6D2D532214EDD40D"
"2025 January"	"81"	"Amateur 1"	"26"	"7186"	"Chelle💯"	"Upside Town - Hard"	""	""	"UNPLAYED"	""	""	""	"63F285DFF062DFD5B0FE7531A65A0A809545924E9E06773B6D2D532214EDD40D"
"2025 January"	"81"	"Amateur 1"	"26"	"7809"	"SNOWBALL"	"Upside Town - Hard"	""	""	"UNPLAYED"	""	""	""	"63F285DFF062DFD5B0FE7531A65A0A809545924E9E06773B6D2D532214EDD40D"
"2025 January"	"81"	"Amateur 1"	"26"	"7388"	"FROGMAN"	"Upside Town - Hard"	""	""	"UNPLAYED"	""	""	""	"63F285DFF062DFD5B0FE7531A65A0A809545924E9E06773B6D2D532214EDD40D"
"2025 January"	"81"	"Amateur 1"	"26"	"362"	"Dandnt65"	"Upside Town - Hard"	""	""	"UNPLAYED"	""	""	""	"63F285DFF062DFD5B0FE7531A65A0A809545924E9E06773B6D2D532214EDD40D"
"2025 January"	"81"	"Amateur 1"	"26"	"7186"	"Chelle💯"	"Journey to the Center of the Earth"	""	""	"UNPLAYED"	""	""	""	"63F285DFF062DFD5B0FE7531A65A0A809545924E9E06773B6D2D532214EDD40D"
"2025 January"	"81"	"Amateur 1"	"26"	"7307"	"callmemike"	"Journey to the Center of the Earth"	""	""	"UNPLAYED"	""	""	""	"63F285DFF062DFD5B0FE7531A65A0A809545924E9E06773B6D2D532214EDD40D"
"2025 January"	"81"	"Amateur 1"	"26"	"7388"	"FROGMAN"	"Journey to the Center of the Earth"	""	""	"UNPLAYED"	""	""	""	"63F285DFF062DFD5B0FE7531A65A0A809545924E9E06773B6D2D532214EDD40D"
"2025 January"	"81"	"Amateur 1"	"26"	"362"	"Dandnt65"	"Journey to the Center of the Earth"	""	""	"UNPLAYED"	""	""	""	"63F285DFF062DFD5B0FE7531A65A0A809545924E9E06773B6D2D532214EDD40D"
"2025 January"	"81"	"Amateur 1"	"26"	"362"	"Dandnt65"	"Center of the Earth - Hard"	""	""	"UNPLAYED"	""	""	""	"63F285DFF062DFD5B0FE7531A65A0A809545924E9E06773B6D2D532214EDD40D"
"2025 January"	"81"	"Amateur 1"	"26"	"7307"	"callmemike"	"Center of the Earth - Hard"	""	""	"UNPLAYED"	""	""	""	"63F285DFF062DFD5B0FE7531A65A0A809545924E9E06773B6D2D532214EDD40D"
"2025 January"	"81"	"Amateur 1"	"26"	"7388"	"FROGMAN"	"Center of the Earth - Hard"	""	""	"UNPLAYED"	""	""	""	"63F285DFF062DFD5B0FE7531A65A0A809545924E9E06773B6D2D532214EDD40D"
"2025 January"	"81"	"Amateur 1"	"26"	"7186"	"Chelle💯"	"Center of the Earth - Hard"	""	""	"UNPLAYED"	""	""	""	"63F285DFF062DFD5B0FE7531A65A0A809545924E9E06773B6D2D532214EDD40D"
"2025 January"	"81"	"Amateur 1"	"26"	"7809"	"SNOWBALL"	"Alfheim"	""	""	"UNPLAYED"	""	""	""	"63F285DFF062DFD5B0FE7531A65A0A809545924E9E06773B6D2D532214EDD40D"
"2025 January"	"81"	"Amateur 1"	"26"	"7388"	"FROGMAN"	"Alfheim"	""	""	"UNPLAYED"	""	""	""	"63F285DFF062DFD5B0FE7531A65A0A809545924E9E06773B6D2D532214EDD40D"
"2025 January"	"81"	"Amateur 1"	"26"	"7186"	"Chelle💯"	"Alfheim"	""	""	"UNPLAYED"	""	""	""	"63F285DFF062DFD5B0FE7531A65A0A809545924E9E06773B6D2D532214EDD40D"
"2025 January"	"81"	"Amateur 1"	"26"	"7388"	"FROGMAN"	"Alfheim Hard"	""	""	"UNPLAYED"	""	""	""	"63F285DFF062DFD5B0FE7531A65A0A809545924E9E06773B6D2D532214EDD40D"
"2025 January"	"81"	"Amateur 1"	"26"	"7809"	"SNOWBALL"	"Alfheim Hard"	""	""	"UNPLAYED"	""	""	""	"63F285DFF062DFD5B0FE7531A65A0A809545924E9E06773B6D2D532214EDD40D"
"2025 January"	"81"	"Amateur 1"	"26"	"7186"	"Chelle💯"	"Alfheim Hard"	""	""	"UNPLAYED"	""	""	""	"63F285DFF062DFD5B0FE7531A65A0A809545924E9E06773B6D2D532214EDD40D"
"2025 January"	"81"	"Amateur 2"	"27"	"7948"	"POLANECE"	"Overall Leaders - 2025 January"	""	""	"UNPLAYED"	"1"	""	"1,577"	"01481F208F36BBBBDA177244D5366E0F715AD0A5894AF35373E15DB612A9EFCA"
"2025 January"	"81"	"Amateur 2"	"27"	"4002"	"Empzurg"	"Overall Leaders - 2025 January"	""	""	"UNPLAYED"	"2"	""	"1,570"	"01481F208F36BBBBDA177244D5366E0F715AD0A5894AF35373E15DB612A9EFCA"
"2025 January"	"81"	"Amateur 2"	"27"	"7868"	"Jaynice"	"Overall Leaders - 2025 January"	""	""	"UNPLAYED"	"3"	""	"1,548"	"01481F208F36BBBBDA177244D5366E0F715AD0A5894AF35373E15DB612A9EFCA"
"2025 January"	"81"	"Amateur 2"	"27"	"7848"	"DaisyShaw"	"Overall Leaders - 2025 January"	""	""	"UNPLAYED"	"4"	""	"1,542"	"01481F208F36BBBBDA177244D5366E0F715AD0A5894AF35373E15DB612A9EFCA"
"2025 January"	"81"	"Amateur 2"	"27"	"4305"	"bigja33"	"Overall Leaders - 2025 January"	""	""	"UNPLAYED"	"5"	""	"1,494"	"01481F208F36BBBBDA177244D5366E0F715AD0A5894AF35373E15DB612A9EFCA"
"2025 January"	"81"	"Amateur 2"	"27"	"8008"	"Fry_Lock"	"Overall Leaders - 2025 January"	""	""	"UNPLAYED"	"6"	""	"1,484"	"01481F208F36BBBBDA177244D5366E0F715AD0A5894AF35373E15DB612A9EFCA"
"2025 January"	"81"	"Amateur 2"	"27"	"4645"	"Gobson"	"Overall Leaders - 2025 January"	""	""	"UNPLAYED"	"7"	""	"1,475"	"01481F208F36BBBBDA177244D5366E0F715AD0A5894AF35373E15DB612A9EFCA"
"2025 January"	"81"	"Amateur 2"	"27"	"24"	"El Jorge"	"Overall Leaders - 2025 January"	""	""	"UNPLAYED"	"8"	""	"1,452"	"01481F208F36BBBBDA177244D5366E0F715AD0A5894AF35373E15DB612A9EFCA"
"2025 January"	"81"	"Amateur 2"	"27"	"4927"	"yankeedude1123"	"Overall Leaders - 2025 January"	""	""	"UNPLAYED"	"9"	""	"1,443"	"01481F208F36BBBBDA177244D5366E0F715AD0A5894AF35373E15DB612A9EFCA"
"2025 January"	"81"	"Amateur 2"	"27"	"36"	"stewiestewie"	"Overall Leaders - 2025 January"	""	""	"UNPLAYED"	"10"	""	"1,435"	"01481F208F36BBBBDA177244D5366E0F715AD0A5894AF35373E15DB612A9EFCA"
"2025 January"	"81"	"Amateur 2"	"27"	"7548"	"beezy1"	"Tourist Trap"	""	""	"UNPLAYED"	""	""	""	"01481F208F36BBBBDA177244D5366E0F715AD0A5894AF35373E15DB612A9EFCA"
"2025 January"	"81"	"Amateur 2"	"27"	"7788"	"ROSE.M1231"	"Tourist Trap"	""	""	"UNPLAYED"	""	""	""	"01481F208F36BBBBDA177244D5366E0F715AD0A5894AF35373E15DB612A9EFCA"
"2025 January"	"81"	"Amateur 2"	"27"	"7808"	"crispynut"	"Tourist Trap"	""	""	"UNPLAYED"	""	""	""	"01481F208F36BBBBDA177244D5366E0F715AD0A5894AF35373E15DB612A9EFCA"
"2025 January"	"81"	"Amateur 2"	"27"	"7808"	"crispynut"	"Tourist Trap Hard"	""	""	"UNPLAYED"	""	""	""	"01481F208F36BBBBDA177244D5366E0F715AD0A5894AF35373E15DB612A9EFCA"
"2025 January"	"81"	"Amateur 2"	"27"	"7548"	"beezy1"	"Tourist Trap Hard"	""	""	"UNPLAYED"	""	""	""	"01481F208F36BBBBDA177244D5366E0F715AD0A5894AF35373E15DB612A9EFCA"
"2025 January"	"81"	"Amateur 2"	"27"	"7808"	"crispynut"	"Upside Town"	""	""	"UNPLAYED"	""	""	""	"01481F208F36BBBBDA177244D5366E0F715AD0A5894AF35373E15DB612A9EFCA"
"2025 January"	"81"	"Amateur 2"	"27"	"7548"	"beezy1"	"Upside Town"	""	""	"UNPLAYED"	""	""	""	"01481F208F36BBBBDA177244D5366E0F715AD0A5894AF35373E15DB612A9EFCA"
"2025 January"	"81"	"Amateur 2"	"27"	"7548"	"beezy1"	"Upside Town - Hard"	""	""	"UNPLAYED"	""	""	""	"01481F208F36BBBBDA177244D5366E0F715AD0A5894AF35373E15DB612A9EFCA"
"2025 January"	"81"	"Amateur 2"	"27"	"7808"	"crispynut"	"Upside Town - Hard"	""	""	"UNPLAYED"	""	""	""	"01481F208F36BBBBDA177244D5366E0F715AD0A5894AF35373E15DB612A9EFCA"
"2025 January"	"81"	"Amateur 2"	"27"	"3745"	"olle"	"Journey to the Center of the Earth"	""	""	"UNPLAYED"	""	""	""	"01481F208F36BBBBDA177244D5366E0F715AD0A5894AF35373E15DB612A9EFCA"
"2025 January"	"81"	"Amateur 2"	"27"	"7808"	"crispynut"	"Journey to the Center of the Earth"	""	""	"UNPLAYED"	""	""	""	"01481F208F36BBBBDA177244D5366E0F715AD0A5894AF35373E15DB612A9EFCA"
"2025 January"	"81"	"Amateur 2"	"27"	"3745"	"olle"	"Center of the Earth - Hard"	""	""	"UNPLAYED"	""	""	""	"01481F208F36BBBBDA177244D5366E0F715AD0A5894AF35373E15DB612A9EFCA"
"2025 January"	"81"	"Amateur 2"	"27"	"7808"	"crispynut"	"Center of the Earth - Hard"	""	""	"UNPLAYED"	""	""	""	"01481F208F36BBBBDA177244D5366E0F715AD0A5894AF35373E15DB612A9EFCA"
"2025 January"	"81"	"Amateur 2"	"27"	"7189"	"CHERIE_ROSE"	"Center of the Earth - Hard"	""	""	"UNPLAYED"	""	""	""	"01481F208F36BBBBDA177244D5366E0F715AD0A5894AF35373E15DB612A9EFCA"
"2025 January"	"81"	"Amateur 2"	"27"	"7548"	"beezy1"	"Center of the Earth - Hard"	""	""	"UNPLAYED"	""	""	""	"01481F208F36BBBBDA177244D5366E0F715AD0A5894AF35373E15DB612A9EFCA"
"2025 January"	"81"	"Amateur 2"	"27"	"7808"	"crispynut"	"Alfheim"	""	""	"UNPLAYED"	""	""	""	"01481F208F36BBBBDA177244D5366E0F715AD0A5894AF35373E15DB612A9EFCA"
"2025 January"	"81"	"Amateur 2"	"27"	"7808"	"crispynut"	"Alfheim Hard"	""	""	"UNPLAYED"	""	""	""	"01481F208F36BBBBDA177244D5366E0F715AD0A5894AF35373E15DB612A9EFCA"
"2025 January"	"81"	"Amateur 3"	"28"	"7948"	"POLANECE"	"Overall Leaders - 2025 January"	""	""	"UNPLAYED"	"1"	""	"1,577"	"0C2770CE238E58EC45A7017ED5DA2B29F374F93D4B700A67FFF779B4FFAF23D2"
"2025 January"	"81"	"Amateur 3"	"28"	"4002"	"Empzurg"	"Overall Leaders - 2025 January"	""	""	"UNPLAYED"	"2"	""	"1,570"	"0C2770CE238E58EC45A7017ED5DA2B29F374F93D4B700A67FFF779B4FFAF23D2"
"2025 January"	"81"	"Amateur 3"	"28"	"7868"	"Jaynice"	"Overall Leaders - 2025 January"	""	""	"UNPLAYED"	"3"	""	"1,548"	"0C2770CE238E58EC45A7017ED5DA2B29F374F93D4B700A67FFF779B4FFAF23D2"
"2025 January"	"81"	"Amateur 3"	"28"	"7848"	"DaisyShaw"	"Overall Leaders - 2025 January"	""	""	"UNPLAYED"	"4"	""	"1,542"	"0C2770CE238E58EC45A7017ED5DA2B29F374F93D4B700A67FFF779B4FFAF23D2"
"2025 January"	"81"	"Amateur 3"	"28"	"4305"	"bigja33"	"Overall Leaders - 2025 January"	""	""	"UNPLAYED"	"5"	""	"1,494"	"0C2770CE238E58EC45A7017ED5DA2B29F374F93D4B700A67FFF779B4FFAF23D2"
"2025 January"	"81"	"Amateur 3"	"28"	"8008"	"Fry_Lock"	"Overall Leaders - 2025 January"	""	""	"UNPLAYED"	"6"	""	"1,484"	"0C2770CE238E58EC45A7017ED5DA2B29F374F93D4B700A67FFF779B4FFAF23D2"
"2025 January"	"81"	"Amateur 3"	"28"	"4645"	"Gobson"	"Overall Leaders - 2025 January"	""	""	"UNPLAYED"	"7"	""	"1,475"	"0C2770CE238E58EC45A7017ED5DA2B29F374F93D4B700A67FFF779B4FFAF23D2"
"2025 January"	"81"	"Amateur 3"	"28"	"24"	"El Jorge"	"Overall Leaders - 2025 January"	""	""	"UNPLAYED"	"8"	""	"1,452"	"0C2770CE238E58EC45A7017ED5DA2B29F374F93D4B700A67FFF779B4FFAF23D2"
"2025 January"	"81"	"Amateur 3"	"28"	"4927"	"yankeedude1123"	"Overall Leaders - 2025 January"	""	""	"UNPLAYED"	"9"	""	"1,443"	"0C2770CE238E58EC45A7017ED5DA2B29F374F93D4B700A67FFF779B4FFAF23D2"
"2025 January"	"81"	"Amateur 3"	"28"	"36"	"stewiestewie"	"Overall Leaders - 2025 January"	""	""	"UNPLAYED"	"10"	""	"1,435"	"0C2770CE238E58EC45A7017ED5DA2B29F374F93D4B700A67FFF779B4FFAF23D2"
"2025 January"	"81"	"Amateur 3"	"28"	"7554"	"SKEETER78"	"Tourist Trap"	""	""	"UNPLAYED"	""	""	""	"0C2770CE238E58EC45A7017ED5DA2B29F374F93D4B700A67FFF779B4FFAF23D2"
"2025 January"	"81"	"Amateur 3"	"28"	"7549"	"CATHY G"	"Tourist Trap"	""	""	"UNPLAYED"	""	""	""	"0C2770CE238E58EC45A7017ED5DA2B29F374F93D4B700A67FFF779B4FFAF23D2"
"2025 January"	"81"	"Amateur 3"	"28"	"7949"	"Ladyrider60"	"Tourist Trap"	""	""	"UNPLAYED"	""	""	""	"0C2770CE238E58EC45A7017ED5DA2B29F374F93D4B700A67FFF779B4FFAF23D2"
"2025 January"	"81"	"Amateur 3"	"28"	"7551"	"GALICE1975"	"Tourist Trap"	""	""	"UNPLAYED"	""	""	""	"0C2770CE238E58EC45A7017ED5DA2B29F374F93D4B700A67FFF779B4FFAF23D2"
"2025 January"	"81"	"Amateur 3"	"28"	"8009"	"BEVE3630"	"Tourist Trap Hard"	""	""	"UNPLAYED"	""	""	""	"0C2770CE238E58EC45A7017ED5DA2B29F374F93D4B700A67FFF779B4FFAF23D2"
"2025 January"	"81"	"Amateur 3"	"28"	"7549"	"CATHY G"	"Tourist Trap Hard"	""	""	"UNPLAYED"	""	""	""	"0C2770CE238E58EC45A7017ED5DA2B29F374F93D4B700A67FFF779B4FFAF23D2"
"2025 January"	"81"	"Amateur 3"	"28"	"7551"	"GALICE1975"	"Tourist Trap Hard"	""	""	"UNPLAYED"	""	""	""	"0C2770CE238E58EC45A7017ED5DA2B29F374F93D4B700A67FFF779B4FFAF23D2"
"2025 January"	"81"	"Amateur 3"	"28"	"7949"	"Ladyrider60"	"Tourist Trap Hard"	""	""	"UNPLAYED"	""	""	""	"0C2770CE238E58EC45A7017ED5DA2B29F374F93D4B700A67FFF779B4FFAF23D2"
"2025 January"	"81"	"Amateur 3"	"28"	"7554"	"SKEETER78"	"Tourist Trap Hard"	""	""	"UNPLAYED"	""	""	""	"0C2770CE238E58EC45A7017ED5DA2B29F374F93D4B700A67FFF779B4FFAF23D2"
"2025 January"	"81"	"Amateur 3"	"28"	"7182"	"RUBBERDUCK"	"Upside Town"	""	""	"UNPLAYED"	""	""	""	"0C2770CE238E58EC45A7017ED5DA2B29F374F93D4B700A67FFF779B4FFAF23D2"
"2025 January"	"81"	"Amateur 3"	"28"	"8009"	"BEVE3630"	"Upside Town"	""	""	"UNPLAYED"	""	""	""	"0C2770CE238E58EC45A7017ED5DA2B29F374F93D4B700A67FFF779B4FFAF23D2"
"2025 January"	"81"	"Amateur 3"	"28"	"7554"	"SKEETER78"	"Upside Town"	""	""	"UNPLAYED"	""	""	""	"0C2770CE238E58EC45A7017ED5DA2B29F374F93D4B700A67FFF779B4FFAF23D2"
"2025 January"	"81"	"Amateur 3"	"28"	"7551"	"GALICE1975"	"Upside Town"	""	""	"UNPLAYED"	""	""	""	"0C2770CE238E58EC45A7017ED5DA2B29F374F93D4B700A67FFF779B4FFAF23D2"
"2025 January"	"81"	"Amateur 3"	"28"	"7549"	"CATHY G"	"Upside Town"	""	""	"UNPLAYED"	""	""	""	"0C2770CE238E58EC45A7017ED5DA2B29F374F93D4B700A67FFF779B4FFAF23D2"
"2025 January"	"81"	"Amateur 3"	"28"	"7549"	"CATHY G"	"Upside Town - Hard"	""	""	"UNPLAYED"	""	""	""	"0C2770CE238E58EC45A7017ED5DA2B29F374F93D4B700A67FFF779B4FFAF23D2"
"2025 January"	"81"	"Amateur 3"	"28"	"7949"	"Ladyrider60"	"Upside Town - Hard"	""	""	"UNPLAYED"	""	""	""	"0C2770CE238E58EC45A7017ED5DA2B29F374F93D4B700A67FFF779B4FFAF23D2"
"2025 January"	"81"	"Amateur 3"	"28"	"7182"	"RUBBERDUCK"	"Upside Town - Hard"	""	""	"UNPLAYED"	""	""	""	"0C2770CE238E58EC45A7017ED5DA2B29F374F93D4B700A67FFF779B4FFAF23D2"
"2025 January"	"81"	"Amateur 3"	"28"	"8009"	"BEVE3630"	"Upside Town - Hard"	""	""	"UNPLAYED"	""	""	""	"0C2770CE238E58EC45A7017ED5DA2B29F374F93D4B700A67FFF779B4FFAF23D2"
"2025 January"	"81"	"Amateur 3"	"28"	"7549"	"CATHY G"	"Journey to the Center of the Earth"	""	""	"UNPLAYED"	""	""	""	"0C2770CE238E58EC45A7017ED5DA2B29F374F93D4B700A67FFF779B4FFAF23D2"
"2025 January"	"81"	"Amateur 3"	"28"	"8009"	"BEVE3630"	"Journey to the Center of the Earth"	""	""	"UNPLAYED"	""	""	""	"0C2770CE238E58EC45A7017ED5DA2B29F374F93D4B700A67FFF779B4FFAF23D2"
"2025 January"	"81"	"Amateur 3"	"28"	"7551"	"GALICE1975"	"Journey to the Center of the Earth"	""	""	"UNPLAYED"	""	""	""	"0C2770CE238E58EC45A7017ED5DA2B29F374F93D4B700A67FFF779B4FFAF23D2"
"2025 January"	"81"	"Amateur 3"	"28"	"7549"	"CATHY G"	"Center of the Earth - Hard"	""	""	"UNPLAYED"	""	""	""	"0C2770CE238E58EC45A7017ED5DA2B29F374F93D4B700A67FFF779B4FFAF23D2"
"2025 January"	"81"	"Amateur 3"	"28"	"7551"	"GALICE1975"	"Center of the Earth - Hard"	""	""	"UNPLAYED"	""	""	""	"0C2770CE238E58EC45A7017ED5DA2B29F374F93D4B700A67FFF779B4FFAF23D2"
"2025 January"	"81"	"Amateur 3"	"28"	"8009"	"BEVE3630"	"Center of the Earth - Hard"	""	""	"UNPLAYED"	""	""	""	"0C2770CE238E58EC45A7017ED5DA2B29F374F93D4B700A67FFF779B4FFAF23D2"
"2025 January"	"81"	"Amateur 3"	"28"	"7549"	"CATHY G"	"Alfheim"	""	""	"UNPLAYED"	""	""	""	"0C2770CE238E58EC45A7017ED5DA2B29F374F93D4B700A67FFF779B4FFAF23D2"
"2025 January"	"81"	"Amateur 3"	"28"	"7551"	"GALICE1975"	"Alfheim Hard"	""	""	"UNPLAYED"	""	""	""	"0C2770CE238E58EC45A7017ED5DA2B29F374F93D4B700A67FFF779B4FFAF23D2"
"2025 January"	"81"	"Amateur 3"	"28"	"7554"	"SKEETER78"	"Alfheim Hard"	""	""	"UNPLAYED"	""	""	""	"0C2770CE238E58EC45A7017ED5DA2B29F374F93D4B700A67FFF779B4FFAF23D2"
"2025 January"	"81"	"Amateur 3"	"28"	"8009"	"BEVE3630"	"Alfheim Hard"	""	""	"UNPLAYED"	""	""	""	"0C2770CE238E58EC45A7017ED5DA2B29F374F93D4B700A67FFF779B4FFAF23D2"
"2025 January"	"81"	"Amateur 3"	"28"	"7549"	"CATHY G"	"Alfheim Hard"	""	""	"UNPLAYED"	""	""	""	"0C2770CE238E58EC45A7017ED5DA2B29F374F93D4B700A67FFF779B4FFAF23D2"
"2025 February"	"101"	"Amateur 2"	"27"	"7948"	"POLANECE"	"Overall Leaders - 2025 February"	""	""	"UNPLAYED"	"1"	""	"1,614"	"36137EB17A51AD4912FC5010DCC1E9674FF7E8EB52E73084026794B38C4FF461"
"2025 February"	"101"	"Amateur 2"	"27"	"4002"	"Empzurg"	"Overall Leaders - 2025 February"	""	""	"UNPLAYED"	"2"	""	"1,575"	"36137EB17A51AD4912FC5010DCC1E9674FF7E8EB52E73084026794B38C4FF461"
"2025 February"	"101"	"Amateur 2"	"27"	"32"	"Matt916"	"Overall Leaders - 2025 February"	""	""	"UNPLAYED"	"3"	""	"1,569"	"36137EB17A51AD4912FC5010DCC1E9674FF7E8EB52E73084026794B38C4FF461"
"2025 February"	"101"	"Amateur 2"	"27"	"7888"	"Drew_0706"	"Overall Leaders - 2025 February"	""	""	"UNPLAYED"	"4"	""	"1,559"	"36137EB17A51AD4912FC5010DCC1E9674FF7E8EB52E73084026794B38C4FF461"
"2025 February"	"101"	"Amateur 2"	"27"	"4927"	"yankeedude1123"	"Overall Leaders - 2025 February"	""	""	"UNPLAYED"	"5"	""	"1,552"	"36137EB17A51AD4912FC5010DCC1E9674FF7E8EB52E73084026794B38C4FF461"
"2025 February"	"101"	"Amateur 2"	"27"	"7848"	"DaisyShaw"	"Overall Leaders - 2025 February"	""	""	"UNPLAYED"	"6"	""	"1,521"	"36137EB17A51AD4912FC5010DCC1E9674FF7E8EB52E73084026794B38C4FF461"
"2025 February"	"101"	"Amateur 2"	"27"	"4645"	"Gobson"	"Overall Leaders - 2025 February"	""	""	"UNPLAYED"	"7"	""	"1,519"	"36137EB17A51AD4912FC5010DCC1E9674FF7E8EB52E73084026794B38C4FF461"
"2025 February"	"101"	"Amateur 2"	"27"	"7448"	"ANDRIA77"	"Overall Leaders - 2025 February"	""	""	"UNPLAYED"	"8"	""	"1,515"	"36137EB17A51AD4912FC5010DCC1E9674FF7E8EB52E73084026794B38C4FF461"
"2025 February"	"101"	"Amateur 2"	"27"	"7589"	"SMILEROBIN"	"Overall Leaders - 2025 February"	""	""	"UNPLAYED"	"9"	""	"1,515"	"36137EB17A51AD4912FC5010DCC1E9674FF7E8EB52E73084026794B38C4FF461"
"2025 February"	"101"	"Amateur 2"	"27"	"105"	"YODA"	"Overall Leaders - 2025 February"	""	""	"UNPLAYED"	"10"	""	"1,498"	"36137EB17A51AD4912FC5010DCC1E9674FF7E8EB52E73084026794B38C4FF461"
"2025 February"	"101"	"Amateur 2"	"27"	"7788"	"ROSE.M1231"	"Gardens of Babylon"	""	""	"UNPLAYED"	""	""	""	"36137EB17A51AD4912FC5010DCC1E9674FF7E8EB52E73084026794B38C4FF461"
"2025 February"	"101"	"Amateur 2"	"27"	"7186"	"Chelle💯"	"Gardens of Babylon"	""	""	"UNPLAYED"	""	""	""	"36137EB17A51AD4912FC5010DCC1E9674FF7E8EB52E73084026794B38C4FF461"
"2025 February"	"101"	"Amateur 2"	"27"	"362"	"Dandnt65"	"Gardens of Babylon"	""	""	"UNPLAYED"	""	""	""	"36137EB17A51AD4912FC5010DCC1E9674FF7E8EB52E73084026794B38C4FF461"
"2025 February"	"101"	"Amateur 2"	"27"	"7788"	"ROSE.M1231"	"Gardens of Babylon Hard"	""	""	"UNPLAYED"	""	""	""	"36137EB17A51AD4912FC5010DCC1E9674FF7E8EB52E73084026794B38C4FF461"
"2025 February"	"101"	"Amateur 2"	"27"	"7186"	"Chelle💯"	"Gardens of Babylon Hard"	""	""	"UNPLAYED"	""	""	""	"36137EB17A51AD4912FC5010DCC1E9674FF7E8EB52E73084026794B38C4FF461"
"2025 February"	"101"	"Amateur 2"	"27"	"362"	"Dandnt65"	"Gardens of Babylon Hard"	""	""	"UNPLAYED"	""	""	""	"36137EB17A51AD4912FC5010DCC1E9674FF7E8EB52E73084026794B38C4FF461"
"2025 February"	"101"	"Amateur 2"	"27"	"7788"	"ROSE.M1231"	"El Dorado"	""	""	"UNPLAYED"	""	""	""	"36137EB17A51AD4912FC5010DCC1E9674FF7E8EB52E73084026794B38C4FF461"
"2025 February"	"101"	"Amateur 2"	"27"	"7186"	"Chelle💯"	"El Dorado"	""	""	"UNPLAYED"	""	""	""	"36137EB17A51AD4912FC5010DCC1E9674FF7E8EB52E73084026794B38C4FF461"
"2025 February"	"101"	"Amateur 2"	"27"	"362"	"Dandnt65"	"El Dorado"	""	""	"UNPLAYED"	""	""	""	"36137EB17A51AD4912FC5010DCC1E9674FF7E8EB52E73084026794B38C4FF461"
"2025 February"	"101"	"Amateur 2"	"27"	"7788"	"ROSE.M1231"	"El Dorado Hard"	""	""	"UNPLAYED"	""	""	""	"36137EB17A51AD4912FC5010DCC1E9674FF7E8EB52E73084026794B38C4FF461"
"2025 February"	"101"	"Amateur 2"	"27"	"7186"	"Chelle💯"	"El Dorado Hard"	""	""	"UNPLAYED"	""	""	""	"36137EB17A51AD4912FC5010DCC1E9674FF7E8EB52E73084026794B38C4FF461"
"2025 February"	"101"	"Amateur 2"	"27"	"362"	"Dandnt65"	"El Dorado Hard"	""	""	"UNPLAYED"	""	""	""	"36137EB17A51AD4912FC5010DCC1E9674FF7E8EB52E73084026794B38C4FF461"
"2025 February"	"101"	"Amateur 2"	"27"	"7186"	"Chelle💯"	"Wallace & Gromit"	""	""	"UNPLAYED"	""	""	""	"36137EB17A51AD4912FC5010DCC1E9674FF7E8EB52E73084026794B38C4FF461"
"2025 February"	"101"	"Amateur 2"	"27"	"7788"	"ROSE.M1231"	"Wallace & Gromit"	""	""	"UNPLAYED"	""	""	""	"36137EB17A51AD4912FC5010DCC1E9674FF7E8EB52E73084026794B38C4FF461"
"2025 February"	"101"	"Amateur 2"	"27"	"362"	"Dandnt65"	"Wallace & Gromit"	""	""	"UNPLAYED"	""	""	""	"36137EB17A51AD4912FC5010DCC1E9674FF7E8EB52E73084026794B38C4FF461"
"2025 February"	"101"	"Amateur 2"	"27"	"7788"	"ROSE.M1231"	"Wallace & Gromit - Hard"	""	""	"UNPLAYED"	""	""	""	"36137EB17A51AD4912FC5010DCC1E9674FF7E8EB52E73084026794B38C4FF461"
"2025 February"	"101"	"Amateur 2"	"27"	"7186"	"Chelle💯"	"Wallace & Gromit - Hard"	""	""	"UNPLAYED"	""	""	""	"36137EB17A51AD4912FC5010DCC1E9674FF7E8EB52E73084026794B38C4FF461"
"2025 February"	"101"	"Amateur 2"	"27"	"362"	"Dandnt65"	"Wallace & Gromit - Hard"	""	""	"UNPLAYED"	""	""	""	"36137EB17A51AD4912FC5010DCC1E9674FF7E8EB52E73084026794B38C4FF461"
"2025 February"	"101"	"Amateur 2"	"27"	"7167"	"Sandtrap"	"Viva Las Elvis"	""	""	"UNPLAYED"	""	""	""	"36137EB17A51AD4912FC5010DCC1E9674FF7E8EB52E73084026794B38C4FF461"
"2025 February"	"101"	"Amateur 2"	"27"	"7186"	"Chelle💯"	"Viva Las Elvis"	""	""	"UNPLAYED"	""	""	""	"36137EB17A51AD4912FC5010DCC1E9674FF7E8EB52E73084026794B38C4FF461"
"2025 February"	"101"	"Amateur 2"	"27"	"7788"	"ROSE.M1231"	"Viva Las Elvis"	""	""	"UNPLAYED"	""	""	""	"36137EB17A51AD4912FC5010DCC1E9674FF7E8EB52E73084026794B38C4FF461"
"2025 February"	"101"	"Amateur 2"	"27"	"362"	"Dandnt65"	"Viva Las Elvis"	""	""	"UNPLAYED"	""	""	""	"36137EB17A51AD4912FC5010DCC1E9674FF7E8EB52E73084026794B38C4FF461"
"2025 February"	"101"	"Amateur 2"	"27"	"7167"	"Sandtrap"	"Viva Las Elvis - Hard"	""	""	"UNPLAYED"	""	""	""	"36137EB17A51AD4912FC5010DCC1E9674FF7E8EB52E73084026794B38C4FF461"
"2025 February"	"101"	"Amateur 2"	"27"	"7788"	"ROSE.M1231"	"Viva Las Elvis - Hard"	""	""	"UNPLAYED"	""	""	""	"36137EB17A51AD4912FC5010DCC1E9674FF7E8EB52E73084026794B38C4FF461"
"2025 February"	"101"	"Amateur 2"	"27"	"7186"	"Chelle💯"	"Viva Las Elvis - Hard"	""	""	"UNPLAYED"	""	""	""	"36137EB17A51AD4912FC5010DCC1E9674FF7E8EB52E73084026794B38C4FF461"
"2025 February"	"101"	"Amateur 2"	"27"	"362"	"Dandnt65"	"Viva Las Elvis - Hard"	""	""	"UNPLAYED"	""	""	""	"36137EB17A51AD4912FC5010DCC1E9674FF7E8EB52E73084026794B38C4FF461"
"2025 March"	"121"	"Amateur 2"	"27"	"7948"	"POLANECE"	"Overall Leaders - 2025 March"	""	""	"UNPLAYED"	"1"	""	"1,602"	"220A04A263BDFAAC13E09F880B06CAED4294F5E13172B23F36DBE3C7C146F730"
"2025 March"	"121"	"Amateur 2"	"27"	"1205"	"Neo Impossible"	"Overall Leaders - 2025 March"	""	""	"UNPLAYED"	"2"	""	"1,595"	"220A04A263BDFAAC13E09F880B06CAED4294F5E13172B23F36DBE3C7C146F730"
"2025 March"	"121"	"Amateur 2"	"27"	"7167"	"Sandtrap"	"Overall Leaders - 2025 March"	""	""	"UNPLAYED"	"3"	""	"1,588"	"220A04A263BDFAAC13E09F880B06CAED4294F5E13172B23F36DBE3C7C146F730"
"2025 March"	"121"	"Amateur 2"	"27"	"105"	"YODA"	"Overall Leaders - 2025 March"	""	""	"UNPLAYED"	"4"	""	"1,570"	"220A04A263BDFAAC13E09F880B06CAED4294F5E13172B23F36DBE3C7C146F730"
"2025 March"	"121"	"Amateur 2"	"27"	"4645"	"Gobson"	"Overall Leaders - 2025 March"	""	""	"UNPLAYED"	"5"	""	"1,556"	"220A04A263BDFAAC13E09F880B06CAED4294F5E13172B23F36DBE3C7C146F730"
"2025 March"	"121"	"Amateur 2"	"27"	"32"	"Matt916"	"Overall Leaders - 2025 March"	""	""	"UNPLAYED"	"6"	""	"1,531"	"220A04A263BDFAAC13E09F880B06CAED4294F5E13172B23F36DBE3C7C146F730"
"2025 March"	"121"	"Amateur 2"	"27"	"7229"	"Ultrafox_Lynne"	"Overall Leaders - 2025 March"	""	""	"UNPLAYED"	"7"	""	"1,528"	"220A04A263BDFAAC13E09F880B06CAED4294F5E13172B23F36DBE3C7C146F730"
"2025 March"	"121"	"Amateur 2"	"27"	"22"	"INDY"	"Overall Leaders - 2025 March"	""	""	"UNPLAYED"	"8"	""	"1,495"	"220A04A263BDFAAC13E09F880B06CAED4294F5E13172B23F36DBE3C7C146F730"
"2025 March"	"121"	"Amateur 2"	"27"	"7173"	"KillERBee"	"Overall Leaders - 2025 March"	""	""	"UNPLAYED"	"9"	""	"1,471"	"220A04A263BDFAAC13E09F880B06CAED4294F5E13172B23F36DBE3C7C146F730"
"2025 March"	"121"	"Amateur 2"	"27"	"7189"	"CHERIE_ROSE"	"Overall Leaders - 2025 March"	""	""	"UNPLAYED"	"10"	""	"1,457"	"220A04A263BDFAAC13E09F880B06CAED4294F5E13172B23F36DBE3C7C146F730"
"2025 March"	"121"	"Amateur 3"	"28"	"7948"	"POLANECE"	"Overall Leaders - 2025 March"	""	""	"UNPLAYED"	"1"	""	"1,602"	"043276B15F9DD00D4C38718E409A3447550B22EC435F2596C5889613B5AA7ABF"
"2025 March"	"121"	"Amateur 3"	"28"	"1205"	"Neo Impossible"	"Overall Leaders - 2025 March"	""	""	"UNPLAYED"	"2"	""	"1,595"	"043276B15F9DD00D4C38718E409A3447550B22EC435F2596C5889613B5AA7ABF"
"2025 March"	"121"	"Amateur 3"	"28"	"7167"	"Sandtrap"	"Overall Leaders - 2025 March"	""	""	"UNPLAYED"	"3"	""	"1,588"	"043276B15F9DD00D4C38718E409A3447550B22EC435F2596C5889613B5AA7ABF"
"2025 March"	"121"	"Amateur 3"	"28"	"105"	"YODA"	"Overall Leaders - 2025 March"	""	""	"UNPLAYED"	"4"	""	"1,570"	"043276B15F9DD00D4C38718E409A3447550B22EC435F2596C5889613B5AA7ABF"
"2025 March"	"121"	"Amateur 3"	"28"	"4645"	"Gobson"	"Overall Leaders - 2025 March"	""	""	"UNPLAYED"	"5"	""	"1,556"	"043276B15F9DD00D4C38718E409A3447550B22EC435F2596C5889613B5AA7ABF"
"2025 March"	"121"	"Amateur 3"	"28"	"32"	"Matt916"	"Overall Leaders - 2025 March"	""	""	"UNPLAYED"	"6"	""	"1,531"	"043276B15F9DD00D4C38718E409A3447550B22EC435F2596C5889613B5AA7ABF"
"2025 March"	"121"	"Amateur 3"	"28"	"7229"	"Ultrafox_Lynne"	"Overall Leaders - 2025 March"	""	""	"UNPLAYED"	"7"	""	"1,528"	"043276B15F9DD00D4C38718E409A3447550B22EC435F2596C5889613B5AA7ABF"
"2025 March"	"121"	"Amateur 3"	"28"	"22"	"INDY"	"Overall Leaders - 2025 March"	""	""	"UNPLAYED"	"8"	""	"1,495"	"043276B15F9DD00D4C38718E409A3447550B22EC435F2596C5889613B5AA7ABF"
"2025 March"	"121"	"Amateur 3"	"28"	"7173"	"KillERBee"	"Overall Leaders - 2025 March"	""	""	"UNPLAYED"	"9"	""	"1,471"	"043276B15F9DD00D4C38718E409A3447550B22EC435F2596C5889613B5AA7ABF"
"2025 March"	"121"	"Amateur 3"	"28"	"7189"	"CHERIE_ROSE"	"Overall Leaders - 2025 March"	""	""	"UNPLAYED"	"10"	""	"1,457"	"043276B15F9DD00D4C38718E409A3447550B22EC435F2596C5889613B5AA7ABF"
"2025 March"	"121"	"Amateur 3"	"28"	"7551"	"GALICE1975"	"Tethys Station"	""	""	"UNPLAYED"	""	""	""	"043276B15F9DD00D4C38718E409A3447550B22EC435F2596C5889613B5AA7ABF"
"2025 March"	"121"	"Amateur 3"	"28"	"7554"	"SKEETER78"	"Tethys Station"	""	""	"UNPLAYED"	""	""	""	"043276B15F9DD00D4C38718E409A3447550B22EC435F2596C5889613B5AA7ABF"
"2025 March"	"121"	"Amateur 3"	"28"	"7174"	"RYANL503"	"Tethys Station"	""	""	"UNPLAYED"	""	""	""	"043276B15F9DD00D4C38718E409A3447550B22EC435F2596C5889613B5AA7ABF"
"2025 March"	"121"	"Amateur 3"	"28"	"7589"	"SMILEROBIN"	"Tethys Station"	""	""	"UNPLAYED"	""	""	""	"043276B15F9DD00D4C38718E409A3447550B22EC435F2596C5889613B5AA7ABF"
"2025 March"	"121"	"Amateur 3"	"28"	"7868"	"Jaynice"	"Tethys Station"	""	""	"UNPLAYED"	""	""	""	"043276B15F9DD00D4C38718E409A3447550B22EC435F2596C5889613B5AA7ABF"
"2025 March"	"121"	"Amateur 3"	"28"	"7551"	"GALICE1975"	"Tethys Station - Hard"	""	""	"UNPLAYED"	""	""	""	"043276B15F9DD00D4C38718E409A3447550B22EC435F2596C5889613B5AA7ABF"
"2025 March"	"121"	"Amateur 3"	"28"	"7868"	"Jaynice"	"Tethys Station - Hard"	""	""	"UNPLAYED"	""	""	""	"043276B15F9DD00D4C38718E409A3447550B22EC435F2596C5889613B5AA7ABF"
"2025 March"	"121"	"Amateur 3"	"28"	"7554"	"SKEETER78"	"Tethys Station - Hard"	""	""	"UNPLAYED"	""	""	""	"043276B15F9DD00D4C38718E409A3447550B22EC435F2596C5889613B5AA7ABF"
"2025 March"	"121"	"Amateur 3"	"28"	"7174"	"RYANL503"	"Tethys Station - Hard"	""	""	"UNPLAYED"	""	""	""	"043276B15F9DD00D4C38718E409A3447550B22EC435F2596C5889613B5AA7ABF"
"2025 March"	"121"	"Amateur 3"	"28"	"7552"	"IMJOMAMA"	"Tethys Station - Hard"	""	""	"UNPLAYED"	""	""	""	"043276B15F9DD00D4C38718E409A3447550B22EC435F2596C5889613B5AA7ABF"
"2025 March"	"121"	"Amateur 3"	"28"	"7174"	"RYANL503"	"Temple at Zerzura"	""	""	"UNPLAYED"	""	""	""	"043276B15F9DD00D4C38718E409A3447550B22EC435F2596C5889613B5AA7ABF"
"2025 March"	"121"	"Amateur 3"	"28"	"7554"	"SKEETER78"	"Temple at Zerzura"	""	""	"UNPLAYED"	""	""	""	"043276B15F9DD00D4C38718E409A3447550B22EC435F2596C5889613B5AA7ABF"
"2025 March"	"121"	"Amateur 3"	"28"	"7551"	"GALICE1975"	"Temple at Zerzura"	""	""	"UNPLAYED"	""	""	""	"043276B15F9DD00D4C38718E409A3447550B22EC435F2596C5889613B5AA7ABF"
"2025 March"	"121"	"Amateur 3"	"28"	"7868"	"Jaynice"	"Temple at Zerzura"	""	""	"UNPLAYED"	""	""	""	"043276B15F9DD00D4C38718E409A3447550B22EC435F2596C5889613B5AA7ABF"
"2025 March"	"121"	"Amateur 3"	"28"	"7186"	"Chelle💯"	"Temple at Zerzura"	""	""	"UNPLAYED"	""	""	""	"043276B15F9DD00D4C38718E409A3447550B22EC435F2596C5889613B5AA7ABF"
"2025 March"	"121"	"Amateur 3"	"28"	"7551"	"GALICE1975"	"Temple at Zerzura - Hard"	""	""	"UNPLAYED"	""	""	""	"043276B15F9DD00D4C38718E409A3447550B22EC435F2596C5889613B5AA7ABF"
"2025 March"	"121"	"Amateur 3"	"28"	"7868"	"Jaynice"	"Temple at Zerzura - Hard"	""	""	"UNPLAYED"	""	""	""	"043276B15F9DD00D4C38718E409A3447550B22EC435F2596C5889613B5AA7ABF"
"2025 March"	"121"	"Amateur 3"	"28"	"7589"	"SMILEROBIN"	"Temple at Zerzura - Hard"	""	""	"UNPLAYED"	""	""	""	"043276B15F9DD00D4C38718E409A3447550B22EC435F2596C5889613B5AA7ABF"
"2025 March"	"121"	"Amateur 3"	"28"	"7554"	"SKEETER78"	"Temple at Zerzura - Hard"	""	""	"UNPLAYED"	""	""	""	"043276B15F9DD00D4C38718E409A3447550B22EC435F2596C5889613B5AA7ABF"
"2025 March"	"121"	"Amateur 3"	"28"	"7174"	"RYANL503"	"Temple at Zerzura - Hard"	""	""	"UNPLAYED"	""	""	""	"043276B15F9DD00D4C38718E409A3447550B22EC435F2596C5889613B5AA7ABF"
"2025 March"	"121"	"Amateur 3"	"28"	"7186"	"Chelle💯"	"Temple at Zerzura - Hard"	""	""	"UNPLAYED"	""	""	""	"043276B15F9DD00D4C38718E409A3447550B22EC435F2596C5889613B5AA7ABF"
"2025 March"	"121"	"Amateur 3"	"28"	"7589"	"SMILEROBIN"	"20,000 Leagues Under The Sea"	""	""	"UNPLAYED"	""	""	""	"043276B15F9DD00D4C38718E409A3447550B22EC435F2596C5889613B5AA7ABF"
"2025 March"	"121"	"Amateur 3"	"28"	"7551"	"GALICE1975"	"20,000 Leagues Under The Sea"	""	""	"UNPLAYED"	""	""	""	"043276B15F9DD00D4C38718E409A3447550B22EC435F2596C5889613B5AA7ABF"
"2025 March"	"121"	"Amateur 3"	"28"	"7868"	"Jaynice"	"20,000 Leagues Under The Sea"	""	""	"UNPLAYED"	""	""	""	"043276B15F9DD00D4C38718E409A3447550B22EC435F2596C5889613B5AA7ABF"
"2025 March"	"121"	"Amateur 3"	"28"	"7554"	"SKEETER78"	"20,000 Leagues Under The Sea"	""	""	"UNPLAYED"	""	""	""	"043276B15F9DD00D4C38718E409A3447550B22EC435F2596C5889613B5AA7ABF"
"2025 March"	"121"	"Amateur 3"	"28"	"7174"	"RYANL503"	"20,000 Leagues Under The Sea"	""	""	"UNPLAYED"	""	""	""	"043276B15F9DD00D4C38718E409A3447550B22EC435F2596C5889613B5AA7ABF"
"2025 March"	"121"	"Amateur 3"	"28"	"7186"	"Chelle💯"	"20,000 Leagues Under The Sea"	""	""	"UNPLAYED"	""	""	""	"043276B15F9DD00D4C38718E409A3447550B22EC435F2596C5889613B5AA7ABF"
"2025 March"	"121"	"Amateur 3"	"28"	"7551"	"GALICE1975"	"20,000 Leagues Hard"	""	""	"UNPLAYED"	""	""	""	"043276B15F9DD00D4C38718E409A3447550B22EC435F2596C5889613B5AA7ABF"
"2025 March"	"121"	"Amateur 3"	"28"	"7186"	"Chelle💯"	"20,000 Leagues Hard"	""	""	"UNPLAYED"	""	""	""	"043276B15F9DD00D4C38718E409A3447550B22EC435F2596C5889613B5AA7ABF"
"2025 March"	"121"	"Amateur 3"	"28"	"7174"	"RYANL503"	"20,000 Leagues Hard"	""	""	"UNPLAYED"	""	""	""	"043276B15F9DD00D4C38718E409A3447550B22EC435F2596C5889613B5AA7ABF"
"2025 March"	"121"	"Amateur 3"	"28"	"7868"	"Jaynice"	"20,000 Leagues Hard"	""	""	"UNPLAYED"	""	""	""	"043276B15F9DD00D4C38718E409A3447550B22EC435F2596C5889613B5AA7ABF"
"2025 March"	"121"	"Amateur 3"	"28"	"7554"	"SKEETER78"	"20,000 Leagues Hard"	""	""	"UNPLAYED"	""	""	""	"043276B15F9DD00D4C38718E409A3447550B22EC435F2596C5889613B5AA7ABF"
"2025 March"	"121"	"Amateur 3"	"28"	"7868"	"Jaynice"	"Around The World in 80 Days"	""	""	"UNPLAYED"	""	""	""	"043276B15F9DD00D4C38718E409A3447550B22EC435F2596C5889613B5AA7ABF"
"2025 March"	"121"	"Amateur 3"	"28"	"7551"	"GALICE1975"	"Around The World in 80 Days"	""	""	"UNPLAYED"	""	""	""	"043276B15F9DD00D4C38718E409A3447550B22EC435F2596C5889613B5AA7ABF"
"2025 March"	"121"	"Amateur 3"	"28"	"7554"	"SKEETER78"	"Around The World in 80 Days"	""	""	"UNPLAYED"	""	""	""	"043276B15F9DD00D4C38718E409A3447550B22EC435F2596C5889613B5AA7ABF"
"2025 March"	"121"	"Amateur 3"	"28"	"7552"	"IMJOMAMA"	"Around The World in 80 Days"	""	""	"UNPLAYED"	""	""	""	"043276B15F9DD00D4C38718E409A3447550B22EC435F2596C5889613B5AA7ABF"
"2025 March"	"121"	"Amateur 3"	"28"	"7186"	"Chelle💯"	"Around The World in 80 Days"	""	""	"UNPLAYED"	""	""	""	"043276B15F9DD00D4C38718E409A3447550B22EC435F2596C5889613B5AA7ABF"
"2025 March"	"121"	"Amateur 3"	"28"	"7552"	"IMJOMAMA"	"Around The World - Hard"	""	""	"UNPLAYED"	""	""	""	"043276B15F9DD00D4C38718E409A3447550B22EC435F2596C5889613B5AA7ABF"
"2025 March"	"121"	"Amateur 3"	"28"	"7551"	"GALICE1975"	"Around The World - Hard"	""	""	"UNPLAYED"	""	""	""	"043276B15F9DD00D4C38718E409A3447550B22EC435F2596C5889613B5AA7ABF"
"2025 March"	"121"	"Amateur 3"	"28"	"7554"	"SKEETER78"	"Around The World - Hard"	""	""	"UNPLAYED"	""	""	""	"043276B15F9DD00D4C38718E409A3447550B22EC435F2596C5889613B5AA7ABF"
"2025 March"	"121"	"Amateur 3"	"28"	"7868"	"Jaynice"	"Around The World - Hard"	""	""	"UNPLAYED"	""	""	""	"043276B15F9DD00D4C38718E409A3447550B22EC435F2596C5889613B5AA7ABF"
"2025 March"	"121"	"Amateur 3"	"28"	"7186"	"Chelle💯"	"Around The World - Hard"	""	""	"UNPLAYED"	""	""	""	"043276B15F9DD00D4C38718E409A3447550B22EC435F2596C5889613B5AA7ABF"
"2025 April"	"141"	"Amateur 1"	"26"	"7948"	"POLANECE"	"Overall Leaders - 2025 April"	""	""	"UNPLAYED"	"1"	""	"1,623"	"181F175459F199E17051999E7F14548124E448E4BBFAA1AAFE9FF8EB4B7E4398"
"2025 April"	"141"	"Amateur 1"	"26"	"22"	"INDY"	"Overall Leaders - 2025 April"	""	""	"UNPLAYED"	"2"	""	"1,601"	"181F175459F199E17051999E7F14548124E448E4BBFAA1AAFE9FF8EB4B7E4398"
"2025 April"	"141"	"Amateur 1"	"26"	"8188"	"Kd"	"Overall Leaders - 2025 April"	""	""	"UNPLAYED"	"3"	""	"1,572"	"181F175459F199E17051999E7F14548124E448E4BBFAA1AAFE9FF8EB4B7E4398"
"2025 April"	"141"	"Amateur 1"	"26"	"129"	"Sj_76"	"Overall Leaders - 2025 April"	""	""	"UNPLAYED"	"4"	""	"1,564"	"181F175459F199E17051999E7F14548124E448E4BBFAA1AAFE9FF8EB4B7E4398"
"2025 April"	"141"	"Amateur 1"	"26"	"32"	"Matt916"	"Overall Leaders - 2025 April"	""	""	"UNPLAYED"	"5"	""	"1,544"	"181F175459F199E17051999E7F14548124E448E4BBFAA1AAFE9FF8EB4B7E4398"
"2025 April"	"141"	"Amateur 1"	"26"	"7554"	"SKEETER78"	"Overall Leaders - 2025 April"	""	""	"UNPLAYED"	"6"	""	"1,535"	"181F175459F199E17051999E7F14548124E448E4BBFAA1AAFE9FF8EB4B7E4398"
"2025 April"	"141"	"Amateur 1"	"26"	"7184"	"Alyssa38"	"Overall Leaders - 2025 April"	""	""	"UNPLAYED"	"7"	""	"1,522"	"181F175459F199E17051999E7F14548124E448E4BBFAA1AAFE9FF8EB4B7E4398"
"2025 April"	"141"	"Amateur 1"	"26"	"24"	"El Jorge"	"Overall Leaders - 2025 April"	""	""	"UNPLAYED"	"8"	""	"1,500"	"181F175459F199E17051999E7F14548124E448E4BBFAA1AAFE9FF8EB4B7E4398"
"2025 April"	"141"	"Amateur 1"	"26"	"1205"	"Neo Impossible"	"Overall Leaders - 2025 April"	""	""	"UNPLAYED"	"9"	""	"1,488"	"181F175459F199E17051999E7F14548124E448E4BBFAA1AAFE9FF8EB4B7E4398"
"2025 April"	"141"	"Amateur 1"	"26"	"7553"	"SHA_HOOF_NA"	"Overall Leaders - 2025 April"	""	""	"UNPLAYED"	"10"	""	"1,480"	"181F175459F199E17051999E7F14548124E448E4BBFAA1AAFE9FF8EB4B7E4398"
"2025 April"	"141"	"Amateur 1"	"26"	"1108"	"plucky✌"	"Sweetopia"	""	""	"UNPLAYED"	""	""	""	"181F175459F199E17051999E7F14548124E448E4BBFAA1AAFE9FF8EB4B7E4398"
"2025 April"	"141"	"Amateur 1"	"26"	"3745"	"olle"	"Sweetopia"	""	""	"UNPLAYED"	""	""	""	"181F175459F199E17051999E7F14548124E448E4BBFAA1AAFE9FF8EB4B7E4398"
"2025 April"	"141"	"Amateur 1"	"26"	"7167"	"Sandtrap"	"Sweetopia"	""	""	"UNPLAYED"	""	""	""	"181F175459F199E17051999E7F14548124E448E4BBFAA1AAFE9FF8EB4B7E4398"
"2025 April"	"141"	"Amateur 1"	"26"	"1108"	"plucky✌"	"Sweetopia - Hard"	""	""	"UNPLAYED"	""	""	""	"181F175459F199E17051999E7F14548124E448E4BBFAA1AAFE9FF8EB4B7E4398"
"2025 April"	"141"	"Amateur 1"	"26"	"7167"	"Sandtrap"	"Sweetopia - Hard"	""	""	"UNPLAYED"	""	""	""	"181F175459F199E17051999E7F14548124E448E4BBFAA1AAFE9FF8EB4B7E4398"
"2025 April"	"141"	"Amateur 1"	"26"	"3745"	"olle"	"Sweetopia - Hard"	""	""	"UNPLAYED"	""	""	""	"181F175459F199E17051999E7F14548124E448E4BBFAA1AAFE9FF8EB4B7E4398"
"2025 April"	"141"	"Amateur 1"	"26"	"7167"	"Sandtrap"	"Laser Lair"	""	""	"UNPLAYED"	""	""	""	"181F175459F199E17051999E7F14548124E448E4BBFAA1AAFE9FF8EB4B7E4398"
"2025 April"	"141"	"Amateur 1"	"26"	"125"	"Awkward3Sauce"	"Laser Lair"	""	""	"UNPLAYED"	""	""	""	"181F175459F199E17051999E7F14548124E448E4BBFAA1AAFE9FF8EB4B7E4398"
"2025 April"	"141"	"Amateur 1"	"26"	"3745"	"olle"	"Laser Lair"	""	""	"UNPLAYED"	""	""	""	"181F175459F199E17051999E7F14548124E448E4BBFAA1AAFE9FF8EB4B7E4398"
"2025 April"	"141"	"Amateur 1"	"26"	"125"	"Awkward3Sauce"	"Laser Lair - Hard"	""	""	"UNPLAYED"	""	""	""	"181F175459F199E17051999E7F14548124E448E4BBFAA1AAFE9FF8EB4B7E4398"
"2025 April"	"141"	"Amateur 1"	"26"	"3745"	"olle"	"Laser Lair - Hard"	""	""	"UNPLAYED"	""	""	""	"181F175459F199E17051999E7F14548124E448E4BBFAA1AAFE9FF8EB4B7E4398"
"2025 April"	"141"	"Amateur 1"	"26"	"7167"	"Sandtrap"	"Laser Lair - Hard"	""	""	"UNPLAYED"	""	""	""	"181F175459F199E17051999E7F14548124E448E4BBFAA1AAFE9FF8EB4B7E4398"
"2025 April"	"141"	"Amateur 1"	"26"	"2505"	"freitag68"	"Widow’s Walkabout"	""	""	"UNPLAYED"	""	""	""	"181F175459F199E17051999E7F14548124E448E4BBFAA1AAFE9FF8EB4B7E4398"
"2025 April"	"141"	"Amateur 1"	"26"	"125"	"Awkward3Sauce"	"Widow’s Walkabout"	""	""	"UNPLAYED"	""	""	""	"181F175459F199E17051999E7F14548124E448E4BBFAA1AAFE9FF8EB4B7E4398"
"2025 April"	"141"	"Amateur 1"	"26"	"3745"	"olle"	"Widow’s Walkabout"	""	""	"UNPLAYED"	""	""	""	"181F175459F199E17051999E7F14548124E448E4BBFAA1AAFE9FF8EB4B7E4398"
"2025 April"	"141"	"Amateur 1"	"26"	"6970"	"Savy"	"Widow’s Walkabout"	""	""	"UNPLAYED"	""	""	""	"181F175459F199E17051999E7F14548124E448E4BBFAA1AAFE9FF8EB4B7E4398"
"2025 April"	"141"	"Amateur 1"	"26"	"1108"	"plucky✌"	"Widow’s Walkabout - Hard"	""	""	"UNPLAYED"	""	""	""	"181F175459F199E17051999E7F14548124E448E4BBFAA1AAFE9FF8EB4B7E4398"
"2025 April"	"141"	"Amateur 1"	"26"	"6970"	"Savy"	"Widow’s Walkabout - Hard"	""	""	"UNPLAYED"	""	""	""	"181F175459F199E17051999E7F14548124E448E4BBFAA1AAFE9FF8EB4B7E4398"
"2025 April"	"141"	"Amateur 1"	"26"	"7167"	"Sandtrap"	"Widow’s Walkabout - Hard"	""	""	"UNPLAYED"	""	""	""	"181F175459F199E17051999E7F14548124E448E4BBFAA1AAFE9FF8EB4B7E4398"
"2025 April"	"141"	"Amateur 1"	"26"	"125"	"Awkward3Sauce"	"Widow’s Walkabout - Hard"	""	""	"UNPLAYED"	""	""	""	"181F175459F199E17051999E7F14548124E448E4BBFAA1AAFE9FF8EB4B7E4398"
"2025 April"	"141"	"Amateur 1"	"26"	"3745"	"olle"	"Widow’s Walkabout - Hard"	""	""	"UNPLAYED"	""	""	""	"181F175459F199E17051999E7F14548124E448E4BBFAA1AAFE9FF8EB4B7E4398"
"2025 April"	"141"	"Amateur 1"	"26"	"2505"	"freitag68"	"Widow’s Walkabout - Hard"	""	""	"UNPLAYED"	""	""	""	"181F175459F199E17051999E7F14548124E448E4BBFAA1AAFE9FF8EB4B7E4398"
"2025 April"	"141"	"Amateur 1"	"26"	"3745"	"olle"	"Mount Olympus"	""	""	"UNPLAYED"	""	""	""	"181F175459F199E17051999E7F14548124E448E4BBFAA1AAFE9FF8EB4B7E4398"
"2025 April"	"141"	"Amateur 1"	"26"	"125"	"Awkward3Sauce"	"Mount Olympus"	""	""	"UNPLAYED"	""	""	""	"181F175459F199E17051999E7F14548124E448E4BBFAA1AAFE9FF8EB4B7E4398"
"2025 April"	"141"	"Amateur 1"	"26"	"3745"	"olle"	"Mount Olympus - Hard"	""	""	"UNPLAYED"	""	""	""	"181F175459F199E17051999E7F14548124E448E4BBFAA1AAFE9FF8EB4B7E4398"
"2025 April"	"141"	"Amateur 1"	"26"	"125"	"Awkward3Sauce"	"Mount Olympus - Hard"	""	""	"UNPLAYED"	""	""	""	"181F175459F199E17051999E7F14548124E448E4BBFAA1AAFE9FF8EB4B7E4398"
"2025 April"	"141"	"Amateur 2"	"27"	"7948"	"POLANECE"	"Overall Leaders - 2025 April"	""	""	"UNPLAYED"	"1"	""	"1,623"	"9F68E7C78CD6D285450A2BF0766624C2330B7201198F8B34C0B5640F09D36C24"
"2025 April"	"141"	"Amateur 2"	"27"	"22"	"INDY"	"Overall Leaders - 2025 April"	""	""	"UNPLAYED"	"2"	""	"1,601"	"9F68E7C78CD6D285450A2BF0766624C2330B7201198F8B34C0B5640F09D36C24"
"2025 April"	"141"	"Amateur 2"	"27"	"8188"	"Kd"	"Overall Leaders - 2025 April"	""	""	"UNPLAYED"	"3"	""	"1,572"	"9F68E7C78CD6D285450A2BF0766624C2330B7201198F8B34C0B5640F09D36C24"
"2025 April"	"141"	"Amateur 2"	"27"	"129"	"Sj_76"	"Overall Leaders - 2025 April"	""	""	"UNPLAYED"	"4"	""	"1,564"	"9F68E7C78CD6D285450A2BF0766624C2330B7201198F8B34C0B5640F09D36C24"
"2025 April"	"141"	"Amateur 2"	"27"	"32"	"Matt916"	"Overall Leaders - 2025 April"	""	""	"UNPLAYED"	"5"	""	"1,544"	"9F68E7C78CD6D285450A2BF0766624C2330B7201198F8B34C0B5640F09D36C24"
"2025 April"	"141"	"Amateur 2"	"27"	"7554"	"SKEETER78"	"Overall Leaders - 2025 April"	""	""	"UNPLAYED"	"6"	""	"1,535"	"9F68E7C78CD6D285450A2BF0766624C2330B7201198F8B34C0B5640F09D36C24"
"2025 April"	"141"	"Amateur 2"	"27"	"7184"	"Alyssa38"	"Overall Leaders - 2025 April"	""	""	"UNPLAYED"	"7"	""	"1,522"	"9F68E7C78CD6D285450A2BF0766624C2330B7201198F8B34C0B5640F09D36C24"
"2025 April"	"141"	"Amateur 2"	"27"	"24"	"El Jorge"	"Overall Leaders - 2025 April"	""	""	"UNPLAYED"	"8"	""	"1,500"	"9F68E7C78CD6D285450A2BF0766624C2330B7201198F8B34C0B5640F09D36C24"
"2025 April"	"141"	"Amateur 2"	"27"	"1205"	"Neo Impossible"	"Overall Leaders - 2025 April"	""	""	"UNPLAYED"	"9"	""	"1,488"	"9F68E7C78CD6D285450A2BF0766624C2330B7201198F8B34C0B5640F09D36C24"
"2025 April"	"141"	"Amateur 2"	"27"	"7553"	"SHA_HOOF_NA"	"Overall Leaders - 2025 April"	""	""	"UNPLAYED"	"10"	""	"1,480"	"9F68E7C78CD6D285450A2BF0766624C2330B7201198F8B34C0B5640F09D36C24"
"2025 May"	"161"	"Amateur 1"	"26"	"8234"	"TILTBOMB"	"Overall Leaders - 2025 May"	""	""	"UNPLAYED"	"1"	""	"1,615"	"9E255F46BE66426290008238AAB3CF7E0C0DCB66CD99BF7C9DAEBAEE3B0EC105"
"2025 May"	"161"	"Amateur 1"	"26"	"41"	"Blutes87"	"Overall Leaders - 2025 May"	""	""	"UNPLAYED"	"2"	""	"1,598"	"9E255F46BE66426290008238AAB3CF7E0C0DCB66CD99BF7C9DAEBAEE3B0EC105"
"2025 May"	"161"	"Amateur 1"	"26"	"7948"	"POLANECE"	"Overall Leaders - 2025 May"	""	""	"UNPLAYED"	"3"	""	"1,578"	"9E255F46BE66426290008238AAB3CF7E0C0DCB66CD99BF7C9DAEBAEE3B0EC105"
"2025 May"	"161"	"Amateur 1"	"26"	"129"	"Sj_76"	"Overall Leaders - 2025 May"	""	""	"UNPLAYED"	"4"	""	"1,574"	"9E255F46BE66426290008238AAB3CF7E0C0DCB66CD99BF7C9DAEBAEE3B0EC105"
"2025 May"	"161"	"Amateur 1"	"26"	"7428"	"StevieWonderful"	"Overall Leaders - 2025 May"	""	""	"UNPLAYED"	"5"	""	"1,570"	"9E255F46BE66426290008238AAB3CF7E0C0DCB66CD99BF7C9DAEBAEE3B0EC105"
"2025 May"	"161"	"Amateur 1"	"26"	"8029"	"MAMAGOATZ"	"Overall Leaders - 2025 May"	""	""	"UNPLAYED"	"6"	""	"1,551"	"9E255F46BE66426290008238AAB3CF7E0C0DCB66CD99BF7C9DAEBAEE3B0EC105"
"2025 May"	"161"	"Amateur 1"	"26"	"7186"	"Chelle💯"	"Overall Leaders - 2025 May"	""	""	"UNPLAYED"	"7"	""	"1,548"	"9E255F46BE66426290008238AAB3CF7E0C0DCB66CD99BF7C9DAEBAEE3B0EC105"
"2025 May"	"161"	"Amateur 1"	"26"	"7173"	"KillERBee"	"Overall Leaders - 2025 May"	""	""	"UNPLAYED"	"8"	""	"1,543"	"9E255F46BE66426290008238AAB3CF7E0C0DCB66CD99BF7C9DAEBAEE3B0EC105"
"2025 May"	"161"	"Amateur 1"	"26"	"8148"	"musical_atv 🎻"	"Overall Leaders - 2025 May"	""	""	"UNPLAYED"	"9"	""	"1,531"	"9E255F46BE66426290008238AAB3CF7E0C0DCB66CD99BF7C9DAEBAEE3B0EC105"
"2025 May"	"161"	"Amateur 1"	"26"	"7167"	"Sandtrap"	"Overall Leaders - 2025 May"	""	""	"UNPLAYED"	"9"	""	"1,531"	"9E255F46BE66426290008238AAB3CF7E0C0DCB66CD99BF7C9DAEBAEE3B0EC105"
"2025 May"	"161"	"Amateur 1"	"26"	"8008"	"Fry_Lock"	"Labyrinth"	""	""	"UNPLAYED"	""	""	""	"9E255F46BE66426290008238AAB3CF7E0C0DCB66CD99BF7C9DAEBAEE3B0EC105"
"2025 May"	"161"	"Amateur 1"	"26"	"8008"	"Fry_Lock"	"Labyrinth - Hard"	""	""	"UNPLAYED"	""	""	""	"9E255F46BE66426290008238AAB3CF7E0C0DCB66CD99BF7C9DAEBAEE3B0EC105"
"2025 May"	"161"	"Amateur 1"	"26"	"8008"	"Fry_Lock"	"Raptor Cliff's"	""	""	"UNPLAYED"	""	""	""	"9E255F46BE66426290008238AAB3CF7E0C0DCB66CD99BF7C9DAEBAEE3B0EC105"
"2025 May"	"161"	"Amateur 1"	"26"	"8008"	"Fry_Lock"	"Raptor Cliff's - Hard"	""	""	"UNPLAYED"	""	""	""	"9E255F46BE66426290008238AAB3CF7E0C0DCB66CD99BF7C9DAEBAEE3B0EC105"
"2025 May"	"161"	"Amateur 2"	"27"	"8234"	"TILTBOMB"	"Overall Leaders - 2025 May"	""	""	"UNPLAYED"	"1"	""	"1,615"	"4BA5BB6B73B7E1E7973015D4D164440E0CE022063E6F9E67B5AA9DA9DBE3D162"
"2025 May"	"161"	"Amateur 2"	"27"	"41"	"Blutes87"	"Overall Leaders - 2025 May"	""	""	"UNPLAYED"	"2"	""	"1,598"	"4BA5BB6B73B7E1E7973015D4D164440E0CE022063E6F9E67B5AA9DA9DBE3D162"
"2025 May"	"161"	"Amateur 2"	"27"	"7948"	"POLANECE"	"Overall Leaders - 2025 May"	""	""	"UNPLAYED"	"3"	""	"1,578"	"4BA5BB6B73B7E1E7973015D4D164440E0CE022063E6F9E67B5AA9DA9DBE3D162"
"2025 May"	"161"	"Amateur 2"	"27"	"129"	"Sj_76"	"Overall Leaders - 2025 May"	""	""	"UNPLAYED"	"4"	""	"1,574"	"4BA5BB6B73B7E1E7973015D4D164440E0CE022063E6F9E67B5AA9DA9DBE3D162"
"2025 May"	"161"	"Amateur 2"	"27"	"7428"	"StevieWonderful"	"Overall Leaders - 2025 May"	""	""	"UNPLAYED"	"5"	""	"1,570"	"4BA5BB6B73B7E1E7973015D4D164440E0CE022063E6F9E67B5AA9DA9DBE3D162"
"2025 May"	"161"	"Amateur 2"	"27"	"8029"	"MAMAGOATZ"	"Overall Leaders - 2025 May"	""	""	"UNPLAYED"	"6"	""	"1,551"	"4BA5BB6B73B7E1E7973015D4D164440E0CE022063E6F9E67B5AA9DA9DBE3D162"
"2025 May"	"161"	"Amateur 2"	"27"	"7186"	"Chelle💯"	"Overall Leaders - 2025 May"	""	""	"UNPLAYED"	"7"	""	"1,548"	"4BA5BB6B73B7E1E7973015D4D164440E0CE022063E6F9E67B5AA9DA9DBE3D162"
"2025 May"	"161"	"Amateur 2"	"27"	"7173"	"KillERBee"	"Overall Leaders - 2025 May"	""	""	"UNPLAYED"	"8"	""	"1,543"	"4BA5BB6B73B7E1E7973015D4D164440E0CE022063E6F9E67B5AA9DA9DBE3D162"
"2025 May"	"161"	"Amateur 2"	"27"	"8148"	"musical_atv 🎻"	"Overall Leaders - 2025 May"	""	""	"UNPLAYED"	"9"	""	"1,531"	"4BA5BB6B73B7E1E7973015D4D164440E0CE022063E6F9E67B5AA9DA9DBE3D162"
"2025 May"	"161"	"Amateur 2"	"27"	"7167"	"Sandtrap"	"Overall Leaders - 2025 May"	""	""	"UNPLAYED"	"9"	""	"1,531"	"4BA5BB6B73B7E1E7973015D4D164440E0CE022063E6F9E67B5AA9DA9DBE3D162"
"2025 May"	"161"	"Amateur 3"	"28"	"8234"	"TILTBOMB"	"Overall Leaders - 2025 May"	""	""	"UNPLAYED"	"1"	""	"1,615"	"ADB729A7F5C4B7657BC582C857DCD5C7F0E18352AC7D6E87523FC0E08498BC29"
"2025 May"	"161"	"Amateur 3"	"28"	"41"	"Blutes87"	"Overall Leaders - 2025 May"	""	""	"UNPLAYED"	"2"	""	"1,598"	"ADB729A7F5C4B7657BC582C857DCD5C7F0E18352AC7D6E87523FC0E08498BC29"
"2025 May"	"161"	"Amateur 3"	"28"	"7948"	"POLANECE"	"Overall Leaders - 2025 May"	""	""	"UNPLAYED"	"3"	""	"1,578"	"ADB729A7F5C4B7657BC582C857DCD5C7F0E18352AC7D6E87523FC0E08498BC29"
"2025 May"	"161"	"Amateur 3"	"28"	"129"	"Sj_76"	"Overall Leaders - 2025 May"	""	""	"UNPLAYED"	"4"	""	"1,574"	"ADB729A7F5C4B7657BC582C857DCD5C7F0E18352AC7D6E87523FC0E08498BC29"
"2025 May"	"161"	"Amateur 3"	"28"	"7428"	"StevieWonderful"	"Overall Leaders - 2025 May"	""	""	"UNPLAYED"	"5"	""	"1,570"	"ADB729A7F5C4B7657BC582C857DCD5C7F0E18352AC7D6E87523FC0E08498BC29"
"2025 May"	"161"	"Amateur 3"	"28"	"8029"	"MAMAGOATZ"	"Overall Leaders - 2025 May"	""	""	"UNPLAYED"	"6"	""	"1,551"	"ADB729A7F5C4B7657BC582C857DCD5C7F0E18352AC7D6E87523FC0E08498BC29"
"2025 May"	"161"	"Amateur 3"	"28"	"7186"	"Chelle💯"	"Overall Leaders - 2025 May"	""	""	"UNPLAYED"	"7"	""	"1,548"	"ADB729A7F5C4B7657BC582C857DCD5C7F0E18352AC7D6E87523FC0E08498BC29"
"2025 May"	"161"	"Amateur 3"	"28"	"7173"	"KillERBee"	"Overall Leaders - 2025 May"	""	""	"UNPLAYED"	"8"	""	"1,543"	"ADB729A7F5C4B7657BC582C857DCD5C7F0E18352AC7D6E87523FC0E08498BC29"
"2025 May"	"161"	"Amateur 3"	"28"	"8148"	"musical_atv 🎻"	"Overall Leaders - 2025 May"	""	""	"UNPLAYED"	"9"	""	"1,531"	"ADB729A7F5C4B7657BC582C857DCD5C7F0E18352AC7D6E87523FC0E08498BC29"
"2025 May"	"161"	"Amateur 3"	"28"	"7167"	"Sandtrap"	"Overall Leaders - 2025 May"	""	""	"UNPLAYED"	"9"	""	"1,531"	"ADB729A7F5C4B7657BC582C857DCD5C7F0E18352AC7D6E87523FC0E08498BC29"
"2025 May"	"161"	"Amateur 3"	"28"	"7182"	"RUBBERDUCK"	"Original Gothic"	""	""	"UNPLAYED"	""	""	""	"ADB729A7F5C4B7657BC582C857DCD5C7F0E18352AC7D6E87523FC0E08498BC29"
"2025 May"	"161"	"Amateur 3"	"28"	"7554"	"SKEETER78"	"Original Gothic"	""	""	"UNPLAYED"	""	""	""	"ADB729A7F5C4B7657BC582C857DCD5C7F0E18352AC7D6E87523FC0E08498BC29"
"2025 May"	"161"	"Amateur 3"	"28"	"9328"	"Golfshark"	"Original Gothic"	""	""	"UNPLAYED"	""	""	""	"ADB729A7F5C4B7657BC582C857DCD5C7F0E18352AC7D6E87523FC0E08498BC29"
"2025 May"	"161"	"Amateur 3"	"28"	"8129"	"Bethann"	"Original Gothic"	""	""	"UNPLAYED"	""	""	""	"ADB729A7F5C4B7657BC582C857DCD5C7F0E18352AC7D6E87523FC0E08498BC29"
"2025 May"	"161"	"Amateur 3"	"28"	"7189"	"CHERIE_ROSE"	"Original Gothic Hard"	""	""	"UNPLAYED"	""	""	""	"ADB729A7F5C4B7657BC582C857DCD5C7F0E18352AC7D6E87523FC0E08498BC29"
"2025 May"	"161"	"Amateur 3"	"28"	"7182"	"RUBBERDUCK"	"Original Gothic Hard"	""	""	"UNPLAYED"	""	""	""	"ADB729A7F5C4B7657BC582C857DCD5C7F0E18352AC7D6E87523FC0E08498BC29"
"2025 May"	"161"	"Amateur 3"	"28"	"9328"	"Golfshark"	"Original Gothic Hard"	""	""	"UNPLAYED"	""	""	""	"ADB729A7F5C4B7657BC582C857DCD5C7F0E18352AC7D6E87523FC0E08498BC29"
"2025 May"	"161"	"Amateur 3"	"28"	"8129"	"Bethann"	"Original Gothic Hard"	""	""	"UNPLAYED"	""	""	""	"ADB729A7F5C4B7657BC582C857DCD5C7F0E18352AC7D6E87523FC0E08498BC29"
"2025 May"	"161"	"Amateur 3"	"28"	"7554"	"SKEETER78"	"Labyrinth"	""	""	"UNPLAYED"	""	""	""	"ADB729A7F5C4B7657BC582C857DCD5C7F0E18352AC7D6E87523FC0E08498BC29"
"2025 May"	"161"	"Amateur 3"	"28"	"7182"	"RUBBERDUCK"	"Labyrinth"	""	""	"UNPLAYED"	""	""	""	"ADB729A7F5C4B7657BC582C857DCD5C7F0E18352AC7D6E87523FC0E08498BC29"
"2025 May"	"161"	"Amateur 3"	"28"	"9328"	"Golfshark"	"Labyrinth"	""	""	"UNPLAYED"	""	""	""	"ADB729A7F5C4B7657BC582C857DCD5C7F0E18352AC7D6E87523FC0E08498BC29"
"2025 May"	"161"	"Amateur 3"	"28"	"8129"	"Bethann"	"Labyrinth"	""	""	"UNPLAYED"	""	""	""	"ADB729A7F5C4B7657BC582C857DCD5C7F0E18352AC7D6E87523FC0E08498BC29"
"2025 May"	"161"	"Amateur 3"	"28"	"7182"	"RUBBERDUCK"	"Labyrinth - Hard"	""	""	"UNPLAYED"	""	""	""	"ADB729A7F5C4B7657BC582C857DCD5C7F0E18352AC7D6E87523FC0E08498BC29"
"2025 May"	"161"	"Amateur 3"	"28"	"9328"	"Golfshark"	"Labyrinth - Hard"	""	""	"UNPLAYED"	""	""	""	"ADB729A7F5C4B7657BC582C857DCD5C7F0E18352AC7D6E87523FC0E08498BC29"
"2025 May"	"161"	"Amateur 3"	"28"	"8129"	"Bethann"	"Labyrinth - Hard"	""	""	"UNPLAYED"	""	""	""	"ADB729A7F5C4B7657BC582C857DCD5C7F0E18352AC7D6E87523FC0E08498BC29"
"2025 May"	"161"	"Amateur 3"	"28"	"7182"	"RUBBERDUCK"	"Meow Wolf"	""	""	"UNPLAYED"	""	""	""	"ADB729A7F5C4B7657BC582C857DCD5C7F0E18352AC7D6E87523FC0E08498BC29"
"2025 May"	"161"	"Amateur 3"	"28"	"9328"	"Golfshark"	"Meow Wolf"	""	""	"UNPLAYED"	""	""	""	"ADB729A7F5C4B7657BC582C857DCD5C7F0E18352AC7D6E87523FC0E08498BC29"
"2025 May"	"161"	"Amateur 3"	"28"	"7182"	"RUBBERDUCK"	"Meow Wolf - Hard"	""	""	"UNPLAYED"	""	""	""	"ADB729A7F5C4B7657BC582C857DCD5C7F0E18352AC7D6E87523FC0E08498BC29"
"2025 May"	"161"	"Amateur 3"	"28"	"8129"	"Bethann"	"Meow Wolf - Hard"	""	""	"UNPLAYED"	""	""	""	"ADB729A7F5C4B7657BC582C857DCD5C7F0E18352AC7D6E87523FC0E08498BC29"
"2025 May"	"161"	"Amateur 3"	"28"	"9328"	"Golfshark"	"Meow Wolf - Hard"	""	""	"UNPLAYED"	""	""	""	"ADB729A7F5C4B7657BC582C857DCD5C7F0E18352AC7D6E87523FC0E08498BC29"
"2025 May"	"161"	"Amateur 3"	"28"	"9328"	"Golfshark"	"Raptor Cliff's"	""	""	"UNPLAYED"	""	""	""	"ADB729A7F5C4B7657BC582C857DCD5C7F0E18352AC7D6E87523FC0E08498BC29"
"2025 May"	"161"	"Amateur 3"	"28"	"8129"	"Bethann"	"Raptor Cliff's"	""	""	"UNPLAYED"	""	""	""	"ADB729A7F5C4B7657BC582C857DCD5C7F0E18352AC7D6E87523FC0E08498BC29"
"2025 May"	"161"	"Amateur 3"	"28"	"7189"	"CHERIE_ROSE"	"Raptor Cliff's - Hard"	""	""	"UNPLAYED"	""	""	""	"ADB729A7F5C4B7657BC582C857DCD5C7F0E18352AC7D6E87523FC0E08498BC29"
"2025 May"	"161"	"Amateur 3"	"28"	"7554"	"SKEETER78"	"Raptor Cliff's - Hard"	""	""	"UNPLAYED"	""	""	""	"ADB729A7F5C4B7657BC582C857DCD5C7F0E18352AC7D6E87523FC0E08498BC29"
"2025 May"	"161"	"Amateur 3"	"28"	"9328"	"Golfshark"	"Raptor Cliff's - Hard"	""	""	"UNPLAYED"	""	""	""	"ADB729A7F5C4B7657BC582C857DCD5C7F0E18352AC7D6E87523FC0E08498BC29"
"2025 May"	"161"	"Amateur 3"	"28"	"8129"	"Bethann"	"Raptor Cliff's - Hard"	""	""	"UNPLAYED"	""	""	""	"ADB729A7F5C4B7657BC582C857DCD5C7F0E18352AC7D6E87523FC0E08498BC29"
"2025 June"	"181"	"Amateur 1"	"26"	"41"	"Blutes87"	"Overall Leaders - 2025 June"	""	""	"UNPLAYED"	"1"	""	"1,603"	"BB148440B9BB58DDAE29D2873339FC90CEBF8F1C689EB112EEE0AE61E6907C9F"
"2025 June"	"181"	"Amateur 1"	"26"	"6982"	"4-cough"	"Overall Leaders - 2025 June"	""	""	"UNPLAYED"	"2"	""	"1,594"	"BB148440B9BB58DDAE29D2873339FC90CEBF8F1C689EB112EEE0AE61E6907C9F"
"2025 June"	"181"	"Amateur 1"	"26"	"8388"	"Heisenberg"	"Overall Leaders - 2025 June"	""	""	"UNPLAYED"	"3"	""	"1,583"	"BB148440B9BB58DDAE29D2873339FC90CEBF8F1C689EB112EEE0AE61E6907C9F"
"2025 June"	"181"	"Amateur 1"	"26"	"7173"	"KillERBee"	"Overall Leaders - 2025 June"	""	""	"UNPLAYED"	"4"	""	"1,567"	"BB148440B9BB58DDAE29D2873339FC90CEBF8F1C689EB112EEE0AE61E6907C9F"
"2025 June"	"181"	"Amateur 1"	"26"	"8229"	"steven2018"	"Overall Leaders - 2025 June"	""	""	"UNPLAYED"	"5"	""	"1,566"	"BB148440B9BB58DDAE29D2873339FC90CEBF8F1C689EB112EEE0AE61E6907C9F"
"2025 June"	"181"	"Amateur 1"	"26"	"4866"	"GuyB22"	"Overall Leaders - 2025 June"	""	""	"UNPLAYED"	"6"	""	"1,557"	"BB148440B9BB58DDAE29D2873339FC90CEBF8F1C689EB112EEE0AE61E6907C9F"
"2025 June"	"181"	"Amateur 1"	"26"	"8268"	"Raccoons Whisker"	"Overall Leaders - 2025 June"	""	""	"UNPLAYED"	"7"	""	"1,542"	"BB148440B9BB58DDAE29D2873339FC90CEBF8F1C689EB112EEE0AE61E6907C9F"
"2025 June"	"181"	"Amateur 1"	"26"	"8029"	"MAMAGOATZ"	"Overall Leaders - 2025 June"	""	""	"UNPLAYED"	"8"	""	"1,526"	"BB148440B9BB58DDAE29D2873339FC90CEBF8F1C689EB112EEE0AE61E6907C9F"
"2025 June"	"181"	"Amateur 1"	"26"	"8234"	"TILTBOMB"	"Overall Leaders - 2025 June"	""	""	"UNPLAYED"	"8"	""	"1,526"	"BB148440B9BB58DDAE29D2873339FC90CEBF8F1C689EB112EEE0AE61E6907C9F"
"2025 June"	"181"	"Amateur 1"	"26"	"105"	"YODA"	"Overall Leaders - 2025 June"	""	""	"UNPLAYED"	"10"	""	"1,520"	"BB148440B9BB58DDAE29D2873339FC90CEBF8F1C689EB112EEE0AE61E6907C9F"
"2025 June"	"181"	"Amateur 1"	"26"	"8008"	"Fry_Lock"	"Arizona Modern"	""	""	"UNPLAYED"	""	""	""	"BB148440B9BB58DDAE29D2873339FC90CEBF8F1C689EB112EEE0AE61E6907C9F"
"2025 June"	"181"	"Amateur 1"	"26"	"8008"	"Fry_Lock"	"Arizona Modern Hard"	""	""	"UNPLAYED"	""	""	""	"BB148440B9BB58DDAE29D2873339FC90CEBF8F1C689EB112EEE0AE61E6907C9F"
"2025 June"	"181"	"Amateur 1"	"26"	"8008"	"Fry_Lock"	"Venice"	""	""	"UNPLAYED"	""	""	""	"BB148440B9BB58DDAE29D2873339FC90CEBF8F1C689EB112EEE0AE61E6907C9F"
"2025 June"	"181"	"Amateur 1"	"26"	"8008"	"Fry_Lock"	"Venice - Hard"	""	""	"UNPLAYED"	""	""	""	"BB148440B9BB58DDAE29D2873339FC90CEBF8F1C689EB112EEE0AE61E6907C9F"
"2025 June"	"181"	"Amateur 1"	"26"	"8068"	"SavageMom71"	"Mars Gardens - Hard"	""	""	"UNPLAYED"	""	""	""	"BB148440B9BB58DDAE29D2873339FC90CEBF8F1C689EB112EEE0AE61E6907C9F"
"2025 June"	"181"	"Amateur 2"	"27"	"41"	"Blutes87"	"Overall Leaders - 2025 June"	""	""	"UNPLAYED"	"1"	""	"1,603"	"F2BFF58738566A4BF8FF12DF89895D2BEEAC2F2311B3C73FB9B0DC656F4E8440"
"2025 June"	"181"	"Amateur 2"	"27"	"6982"	"4-cough"	"Overall Leaders - 2025 June"	""	""	"UNPLAYED"	"2"	""	"1,594"	"F2BFF58738566A4BF8FF12DF89895D2BEEAC2F2311B3C73FB9B0DC656F4E8440"
"2025 June"	"181"	"Amateur 2"	"27"	"8388"	"Heisenberg"	"Overall Leaders - 2025 June"	""	""	"UNPLAYED"	"3"	""	"1,583"	"F2BFF58738566A4BF8FF12DF89895D2BEEAC2F2311B3C73FB9B0DC656F4E8440"
"2025 June"	"181"	"Amateur 2"	"27"	"7173"	"KillERBee"	"Overall Leaders - 2025 June"	""	""	"UNPLAYED"	"4"	""	"1,567"	"F2BFF58738566A4BF8FF12DF89895D2BEEAC2F2311B3C73FB9B0DC656F4E8440"
"2025 June"	"181"	"Amateur 2"	"27"	"8229"	"steven2018"	"Overall Leaders - 2025 June"	""	""	"UNPLAYED"	"5"	""	"1,566"	"F2BFF58738566A4BF8FF12DF89895D2BEEAC2F2311B3C73FB9B0DC656F4E8440"
"2025 June"	"181"	"Amateur 2"	"27"	"4866"	"GuyB22"	"Overall Leaders - 2025 June"	""	""	"UNPLAYED"	"6"	""	"1,557"	"F2BFF58738566A4BF8FF12DF89895D2BEEAC2F2311B3C73FB9B0DC656F4E8440"
"2025 June"	"181"	"Amateur 2"	"27"	"8268"	"Raccoons Whisker"	"Overall Leaders - 2025 June"	""	""	"UNPLAYED"	"7"	""	"1,542"	"F2BFF58738566A4BF8FF12DF89895D2BEEAC2F2311B3C73FB9B0DC656F4E8440"
"2025 June"	"181"	"Amateur 2"	"27"	"8029"	"MAMAGOATZ"	"Overall Leaders - 2025 June"	""	""	"UNPLAYED"	"8"	""	"1,526"	"F2BFF58738566A4BF8FF12DF89895D2BEEAC2F2311B3C73FB9B0DC656F4E8440"
"2025 June"	"181"	"Amateur 2"	"27"	"8234"	"TILTBOMB"	"Overall Leaders - 2025 June"	""	""	"UNPLAYED"	"8"	""	"1,526"	"F2BFF58738566A4BF8FF12DF89895D2BEEAC2F2311B3C73FB9B0DC656F4E8440"
"2025 June"	"181"	"Amateur 2"	"27"	"105"	"YODA"	"Overall Leaders - 2025 June"	""	""	"UNPLAYED"	"10"	""	"1,520"	"F2BFF58738566A4BF8FF12DF89895D2BEEAC2F2311B3C73FB9B0DC656F4E8440"
"2025 June"	"181"	"Amateur 2"	"27"	"7552"	"IMJOMAMA"	"Arizona Modern"	""	""	"UNPLAYED"	""	""	""	"F2BFF58738566A4BF8FF12DF89895D2BEEAC2F2311B3C73FB9B0DC656F4E8440"
"2025 June"	"181"	"Amateur 2"	"27"	"7554"	"SKEETER78"	"Arizona Modern"	""	""	"UNPLAYED"	""	""	""	"F2BFF58738566A4BF8FF12DF89895D2BEEAC2F2311B3C73FB9B0DC656F4E8440"
"2025 June"	"181"	"Amateur 2"	"27"	"7552"	"IMJOMAMA"	"Arizona Modern Hard"	""	""	"UNPLAYED"	""	""	""	"F2BFF58738566A4BF8FF12DF89895D2BEEAC2F2311B3C73FB9B0DC656F4E8440"
"2025 June"	"181"	"Amateur 2"	"27"	"7189"	"CHERIE_ROSE"	"Arizona Modern Hard"	""	""	"UNPLAYED"	""	""	""	"F2BFF58738566A4BF8FF12DF89895D2BEEAC2F2311B3C73FB9B0DC656F4E8440"
"2025 June"	"181"	"Amateur 2"	"27"	"7589"	"SMILEROBIN"	"Quixote Valley"	""	""	"UNPLAYED"	""	""	""	"F2BFF58738566A4BF8FF12DF89895D2BEEAC2F2311B3C73FB9B0DC656F4E8440"
"2025 June"	"181"	"Amateur 2"	"27"	"7189"	"CHERIE_ROSE"	"Quixote Valley"	""	""	"UNPLAYED"	""	""	""	"F2BFF58738566A4BF8FF12DF89895D2BEEAC2F2311B3C73FB9B0DC656F4E8440"
"2025 June"	"181"	"Amateur 2"	"27"	"7552"	"IMJOMAMA"	"Quixote Valley"	""	""	"UNPLAYED"	""	""	""	"F2BFF58738566A4BF8FF12DF89895D2BEEAC2F2311B3C73FB9B0DC656F4E8440"
"2025 June"	"181"	"Amateur 2"	"27"	"7589"	"SMILEROBIN"	"Quixote Valley Hard"	""	""	"UNPLAYED"	""	""	""	"F2BFF58738566A4BF8FF12DF89895D2BEEAC2F2311B3C73FB9B0DC656F4E8440"
"2025 June"	"181"	"Amateur 2"	"27"	"7554"	"SKEETER78"	"Quixote Valley Hard"	""	""	"UNPLAYED"	""	""	""	"F2BFF58738566A4BF8FF12DF89895D2BEEAC2F2311B3C73FB9B0DC656F4E8440"
"2025 June"	"181"	"Amateur 2"	"27"	"7552"	"IMJOMAMA"	"Quixote Valley Hard"	""	""	"UNPLAYED"	""	""	""	"F2BFF58738566A4BF8FF12DF89895D2BEEAC2F2311B3C73FB9B0DC656F4E8440"
"2025 June"	"181"	"Amateur 2"	"27"	"7189"	"CHERIE_ROSE"	"Quixote Valley Hard"	""	""	"UNPLAYED"	""	""	""	"F2BFF58738566A4BF8FF12DF89895D2BEEAC2F2311B3C73FB9B0DC656F4E8440"
"2025 June"	"181"	"Amateur 2"	"27"	"7189"	"CHERIE_ROSE"	"Venice"	""	""	"UNPLAYED"	""	""	""	"F2BFF58738566A4BF8FF12DF89895D2BEEAC2F2311B3C73FB9B0DC656F4E8440"
"2025 June"	"181"	"Amateur 2"	"27"	"7554"	"SKEETER78"	"Venice"	""	""	"UNPLAYED"	""	""	""	"F2BFF58738566A4BF8FF12DF89895D2BEEAC2F2311B3C73FB9B0DC656F4E8440"
"2025 June"	"181"	"Amateur 2"	"27"	"7552"	"IMJOMAMA"	"Venice"	""	""	"UNPLAYED"	""	""	""	"F2BFF58738566A4BF8FF12DF89895D2BEEAC2F2311B3C73FB9B0DC656F4E8440"
"2025 June"	"181"	"Amateur 2"	"27"	"7589"	"SMILEROBIN"	"Venice"	""	""	"UNPLAYED"	""	""	""	"F2BFF58738566A4BF8FF12DF89895D2BEEAC2F2311B3C73FB9B0DC656F4E8440"
"2025 June"	"181"	"Amateur 2"	"27"	"7189"	"CHERIE_ROSE"	"Venice - Hard"	""	""	"UNPLAYED"	""	""	""	"F2BFF58738566A4BF8FF12DF89895D2BEEAC2F2311B3C73FB9B0DC656F4E8440"
"2025 June"	"181"	"Amateur 2"	"27"	"7554"	"SKEETER78"	"Venice - Hard"	""	""	"UNPLAYED"	""	""	""	"F2BFF58738566A4BF8FF12DF89895D2BEEAC2F2311B3C73FB9B0DC656F4E8440"
"2025 June"	"181"	"Amateur 2"	"27"	"7552"	"IMJOMAMA"	"Venice - Hard"	""	""	"UNPLAYED"	""	""	""	"F2BFF58738566A4BF8FF12DF89895D2BEEAC2F2311B3C73FB9B0DC656F4E8440"
"2025 June"	"181"	"Amateur 2"	"27"	"7589"	"SMILEROBIN"	"Venice - Hard"	""	""	"UNPLAYED"	""	""	""	"F2BFF58738566A4BF8FF12DF89895D2BEEAC2F2311B3C73FB9B0DC656F4E8440"
"2025 June"	"181"	"Amateur 2"	"27"	"7189"	"CHERIE_ROSE"	"Mars Gardens"	""	""	"UNPLAYED"	""	""	""	"F2BFF58738566A4BF8FF12DF89895D2BEEAC2F2311B3C73FB9B0DC656F4E8440"
"2025 June"	"181"	"Amateur 2"	"27"	"7189"	"CHERIE_ROSE"	"Mars Gardens - Hard"	""	""	"UNPLAYED"	""	""	""	"F2BFF58738566A4BF8FF12DF89895D2BEEAC2F2311B3C73FB9B0DC656F4E8440"
"2025 June"	"181"	"Amateur 2"	"27"	"7554"	"SKEETER78"	"Mars Gardens - Hard"	""	""	"UNPLAYED"	""	""	""	"F2BFF58738566A4BF8FF12DF89895D2BEEAC2F2311B3C73FB9B0DC656F4E8440"
"2025 June"	"181"	"Amateur 3"	"28"	"41"	"Blutes87"	"Overall Leaders - 2025 June"	""	""	"UNPLAYED"	"1"	""	"1,603"	"58E950FA2C445B3ECC4D3C2A17E0943951F4AD4F412D263157370C0BC488642E"
"2025 June"	"181"	"Amateur 3"	"28"	"6982"	"4-cough"	"Overall Leaders - 2025 June"	""	""	"UNPLAYED"	"2"	""	"1,594"	"58E950FA2C445B3ECC4D3C2A17E0943951F4AD4F412D263157370C0BC488642E"
"2025 June"	"181"	"Amateur 3"	"28"	"8388"	"Heisenberg"	"Overall Leaders - 2025 June"	""	""	"UNPLAYED"	"3"	""	"1,583"	"58E950FA2C445B3ECC4D3C2A17E0943951F4AD4F412D263157370C0BC488642E"
"2025 June"	"181"	"Amateur 3"	"28"	"7173"	"KillERBee"	"Overall Leaders - 2025 June"	""	""	"UNPLAYED"	"4"	""	"1,567"	"58E950FA2C445B3ECC4D3C2A17E0943951F4AD4F412D263157370C0BC488642E"
"2025 June"	"181"	"Amateur 3"	"28"	"8229"	"steven2018"	"Overall Leaders - 2025 June"	""	""	"UNPLAYED"	"5"	""	"1,566"	"58E950FA2C445B3ECC4D3C2A17E0943951F4AD4F412D263157370C0BC488642E"
"2025 June"	"181"	"Amateur 3"	"28"	"4866"	"GuyB22"	"Overall Leaders - 2025 June"	""	""	"UNPLAYED"	"6"	""	"1,557"	"58E950FA2C445B3ECC4D3C2A17E0943951F4AD4F412D263157370C0BC488642E"
"2025 June"	"181"	"Amateur 3"	"28"	"8268"	"Raccoons Whisker"	"Overall Leaders - 2025 June"	""	""	"UNPLAYED"	"7"	""	"1,542"	"58E950FA2C445B3ECC4D3C2A17E0943951F4AD4F412D263157370C0BC488642E"
"2025 June"	"181"	"Amateur 3"	"28"	"8029"	"MAMAGOATZ"	"Overall Leaders - 2025 June"	""	""	"UNPLAYED"	"8"	""	"1,526"	"58E950FA2C445B3ECC4D3C2A17E0943951F4AD4F412D263157370C0BC488642E"
"2025 June"	"181"	"Amateur 3"	"28"	"8234"	"TILTBOMB"	"Overall Leaders - 2025 June"	""	""	"UNPLAYED"	"8"	""	"1,526"	"58E950FA2C445B3ECC4D3C2A17E0943951F4AD4F412D263157370C0BC488642E"
"2025 June"	"181"	"Amateur 3"	"28"	"105"	"YODA"	"Overall Leaders - 2025 June"	""	""	"UNPLAYED"	"10"	""	"1,520"	"58E950FA2C445B3ECC4D3C2A17E0943951F4AD4F412D263157370C0BC488642E"
"2025 June"	"181"	"Amateur 3"	"28"	"8310"	"sirtacoman13"	"Quixote Valley"	""	""	"UNPLAYED"	""	""	""	"58E950FA2C445B3ECC4D3C2A17E0943951F4AD4F412D263157370C0BC488642E"
"2025 June"	"181"	"Amateur 3"	"28"	"8129"	"Bethann"	"Quixote Valley"	""	""	"UNPLAYED"	""	""	""	"58E950FA2C445B3ECC4D3C2A17E0943951F4AD4F412D263157370C0BC488642E"
"2025 June"	"181"	"Amateur 3"	"28"	"8310"	"sirtacoman13"	"Quixote Valley Hard"	""	""	"UNPLAYED"	""	""	""	"58E950FA2C445B3ECC4D3C2A17E0943951F4AD4F412D263157370C0BC488642E"
"2025 June"	"181"	"Amateur 3"	"28"	"8129"	"Bethann"	"Quixote Valley Hard"	""	""	"UNPLAYED"	""	""	""	"58E950FA2C445B3ECC4D3C2A17E0943951F4AD4F412D263157370C0BC488642E"
"2025 June"	"181"	"Amateur 3"	"28"	"7182"	"RUBBERDUCK"	"Venice"	""	""	"UNPLAYED"	""	""	""	"58E950FA2C445B3ECC4D3C2A17E0943951F4AD4F412D263157370C0BC488642E"
"2025 June"	"181"	"Amateur 3"	"28"	"8129"	"Bethann"	"Venice"	""	""	"UNPLAYED"	""	""	""	"58E950FA2C445B3ECC4D3C2A17E0943951F4AD4F412D263157370C0BC488642E"
"2025 June"	"181"	"Amateur 3"	"28"	"7182"	"RUBBERDUCK"	"Venice - Hard"	""	""	"UNPLAYED"	""	""	""	"58E950FA2C445B3ECC4D3C2A17E0943951F4AD4F412D263157370C0BC488642E"
"2025 June"	"181"	"Amateur 3"	"28"	"8129"	"Bethann"	"Venice - Hard"	""	""	"UNPLAYED"	""	""	""	"58E950FA2C445B3ECC4D3C2A17E0943951F4AD4F412D263157370C0BC488642E"
"2025 July"	"201"	"Amateur 1"	"26"	"4866"	"GuyB22"	"Overall Leaders - 2025 July"	""	""	"UNPLAYED"	"1"	""	"1,600"	"764C44BA241AB97C10C2D6A891AC50EFA5655A58B23306389B8020C0DA54C54B"
"2025 July"	"201"	"Amateur 1"	"26"	"8268"	"Raccoons Whisker"	"Overall Leaders - 2025 July"	""	""	"UNPLAYED"	"2"	""	"1,588"	"764C44BA241AB97C10C2D6A891AC50EFA5655A58B23306389B8020C0DA54C54B"
"2025 July"	"201"	"Amateur 1"	"26"	"28"	"Zanetti"	"Overall Leaders - 2025 July"	""	""	"UNPLAYED"	"3"	""	"1,580"	"764C44BA241AB97C10C2D6A891AC50EFA5655A58B23306389B8020C0DA54C54B"
"2025 July"	"201"	"Amateur 1"	"26"	"3184"	"Merged into 8648"	"Overall Leaders - 2025 July"	""	""	"UNPLAYED"	"4"	""	"1,578"	"764C44BA241AB97C10C2D6A891AC50EFA5655A58B23306389B8020C0DA54C54B"
"2025 July"	"201"	"Amateur 1"	"26"	"41"	"Blutes87"	"Overall Leaders - 2025 July"	""	""	"UNPLAYED"	"5"	""	"1,570"	"764C44BA241AB97C10C2D6A891AC50EFA5655A58B23306389B8020C0DA54C54B"
"2025 July"	"201"	"Amateur 1"	"26"	"6745"	"𝙹𝚞𝚕𝚒𝚊𝚗"	"Overall Leaders - 2025 July"	""	""	"UNPLAYED"	"6"	""	"1,565"	"764C44BA241AB97C10C2D6A891AC50EFA5655A58B23306389B8020C0DA54C54B"
"2025 July"	"201"	"Amateur 1"	"26"	"8508"	"Merged into 8708"	"Overall Leaders - 2025 July"	""	""	"UNPLAYED"	"7"	""	"1,548"	"764C44BA241AB97C10C2D6A891AC50EFA5655A58B23306389B8020C0DA54C54B"
"2025 July"	"201"	"Amateur 1"	"26"	"7167"	"Sandtrap"	"Overall Leaders - 2025 July"	""	""	"UNPLAYED"	"8"	""	"1,531"	"764C44BA241AB97C10C2D6A891AC50EFA5655A58B23306389B8020C0DA54C54B"
"2025 July"	"201"	"Amateur 1"	"26"	"22"	"INDY"	"Overall Leaders - 2025 July"	""	""	"UNPLAYED"	"9"	""	"1,522"	"764C44BA241AB97C10C2D6A891AC50EFA5655A58B23306389B8020C0DA54C54B"
"2025 July"	"201"	"Amateur 1"	"26"	"7173"	"KillERBee"	"Overall Leaders - 2025 July"	""	""	"UNPLAYED"	"10"	""	"1,517"	"764C44BA241AB97C10C2D6A891AC50EFA5655A58B23306389B8020C0DA54C54B"
"2025 July"	"201"	"Amateur 1"	"26"	"7188"	"LLABB23_LISA"	"Bogey's Bonanza"	""	""	"UNPLAYED"	""	""	""	"764C44BA241AB97C10C2D6A891AC50EFA5655A58B23306389B8020C0DA54C54B"
"2025 July"	"201"	"Amateur 1"	"26"	"7554"	"SKEETER78"	"Bogey's Bonanza"	""	""	"UNPLAYED"	""	""	""	"764C44BA241AB97C10C2D6A891AC50EFA5655A58B23306389B8020C0DA54C54B"
"2025 July"	"201"	"Amateur 1"	"26"	"8008"	"Fry_Lock"	"Bogey's Bonanza"	""	""	"UNPLAYED"	""	""	""	"764C44BA241AB97C10C2D6A891AC50EFA5655A58B23306389B8020C0DA54C54B"
"2025 July"	"201"	"Amateur 1"	"26"	"2505"	"freitag68"	"Bogey's Bonanza"	""	""	"UNPLAYED"	""	""	""	"764C44BA241AB97C10C2D6A891AC50EFA5655A58B23306389B8020C0DA54C54B"
"2025 July"	"201"	"Amateur 1"	"26"	"7554"	"SKEETER78"	"Bogey's Bonanza Hard"	""	""	"UNPLAYED"	""	""	""	"764C44BA241AB97C10C2D6A891AC50EFA5655A58B23306389B8020C0DA54C54B"
"2025 July"	"201"	"Amateur 1"	"26"	"7188"	"LLABB23_LISA"	"Bogey's Bonanza Hard"	""	""	"UNPLAYED"	""	""	""	"764C44BA241AB97C10C2D6A891AC50EFA5655A58B23306389B8020C0DA54C54B"
"2025 July"	"201"	"Amateur 1"	"26"	"2505"	"freitag68"	"Bogey's Bonanza Hard"	""	""	"UNPLAYED"	""	""	""	"764C44BA241AB97C10C2D6A891AC50EFA5655A58B23306389B8020C0DA54C54B"
"2025 July"	"201"	"Amateur 1"	"26"	"8008"	"Fry_Lock"	"Bogey's Bonanza Hard"	""	""	"UNPLAYED"	""	""	""	"764C44BA241AB97C10C2D6A891AC50EFA5655A58B23306389B8020C0DA54C54B"
"2025 July"	"201"	"Amateur 1"	"26"	"7554"	"SKEETER78"	"Upside Town"	""	""	"UNPLAYED"	""	""	""	"764C44BA241AB97C10C2D6A891AC50EFA5655A58B23306389B8020C0DA54C54B"
"2025 July"	"201"	"Amateur 1"	"26"	"7188"	"LLABB23_LISA"	"Upside Town"	""	""	"UNPLAYED"	""	""	""	"764C44BA241AB97C10C2D6A891AC50EFA5655A58B23306389B8020C0DA54C54B"
"2025 July"	"201"	"Amateur 1"	"26"	"2505"	"freitag68"	"Upside Town"	""	""	"UNPLAYED"	""	""	""	"764C44BA241AB97C10C2D6A891AC50EFA5655A58B23306389B8020C0DA54C54B"
"2025 July"	"201"	"Amateur 1"	"26"	"7554"	"SKEETER78"	"Upside Town - Hard"	""	""	"UNPLAYED"	""	""	""	"764C44BA241AB97C10C2D6A891AC50EFA5655A58B23306389B8020C0DA54C54B"
"2025 July"	"201"	"Amateur 1"	"26"	"7188"	"LLABB23_LISA"	"Upside Town - Hard"	""	""	"UNPLAYED"	""	""	""	"764C44BA241AB97C10C2D6A891AC50EFA5655A58B23306389B8020C0DA54C54B"
"2025 July"	"201"	"Amateur 1"	"26"	"2505"	"freitag68"	"Upside Town - Hard"	""	""	"UNPLAYED"	""	""	""	"764C44BA241AB97C10C2D6A891AC50EFA5655A58B23306389B8020C0DA54C54B"
"2025 July"	"201"	"Amateur 1"	"26"	"7188"	"LLABB23_LISA"	"Journey to the Center of the Earth"	""	""	"UNPLAYED"	""	""	""	"764C44BA241AB97C10C2D6A891AC50EFA5655A58B23306389B8020C0DA54C54B"
"2025 July"	"201"	"Amateur 1"	"26"	"7554"	"SKEETER78"	"Journey to the Center of the Earth"	""	""	"UNPLAYED"	""	""	""	"764C44BA241AB97C10C2D6A891AC50EFA5655A58B23306389B8020C0DA54C54B"
"2025 July"	"201"	"Amateur 1"	"26"	"8008"	"Fry_Lock"	"Journey to the Center of the Earth"	""	""	"UNPLAYED"	""	""	""	"764C44BA241AB97C10C2D6A891AC50EFA5655A58B23306389B8020C0DA54C54B"
"2025 July"	"201"	"Amateur 1"	"26"	"2505"	"freitag68"	"Journey to the Center of the Earth"	""	""	"UNPLAYED"	""	""	""	"764C44BA241AB97C10C2D6A891AC50EFA5655A58B23306389B8020C0DA54C54B"
"2025 July"	"201"	"Amateur 1"	"26"	"7188"	"LLABB23_LISA"	"Center of the Earth - Hard"	""	""	"UNPLAYED"	""	""	""	"764C44BA241AB97C10C2D6A891AC50EFA5655A58B23306389B8020C0DA54C54B"
"2025 July"	"201"	"Amateur 1"	"26"	"7554"	"SKEETER78"	"Center of the Earth - Hard"	""	""	"UNPLAYED"	""	""	""	"764C44BA241AB97C10C2D6A891AC50EFA5655A58B23306389B8020C0DA54C54B"
"2025 July"	"201"	"Amateur 1"	"26"	"8008"	"Fry_Lock"	"Center of the Earth - Hard"	""	""	"UNPLAYED"	""	""	""	"764C44BA241AB97C10C2D6A891AC50EFA5655A58B23306389B8020C0DA54C54B"
"2025 July"	"201"	"Amateur 1"	"26"	"2505"	"freitag68"	"Center of the Earth - Hard"	""	""	"UNPLAYED"	""	""	""	"764C44BA241AB97C10C2D6A891AC50EFA5655A58B23306389B8020C0DA54C54B"
"2025 July"	"201"	"Amateur 1"	"26"	"7188"	"LLABB23_LISA"	"Crystal Lair"	""	""	"UNPLAYED"	""	""	""	"764C44BA241AB97C10C2D6A891AC50EFA5655A58B23306389B8020C0DA54C54B"
"2025 July"	"201"	"Amateur 1"	"26"	"7554"	"SKEETER78"	"Crystal Lair"	""	""	"UNPLAYED"	""	""	""	"764C44BA241AB97C10C2D6A891AC50EFA5655A58B23306389B8020C0DA54C54B"
"2025 July"	"201"	"Amateur 1"	"26"	"8008"	"Fry_Lock"	"Crystal Lair"	""	""	"UNPLAYED"	""	""	""	"764C44BA241AB97C10C2D6A891AC50EFA5655A58B23306389B8020C0DA54C54B"
"2025 July"	"201"	"Amateur 1"	"26"	"2505"	"freitag68"	"Crystal Lair"	""	""	"UNPLAYED"	""	""	""	"764C44BA241AB97C10C2D6A891AC50EFA5655A58B23306389B8020C0DA54C54B"
"2025 July"	"201"	"Amateur 1"	"26"	"7188"	"LLABB23_LISA"	"Crystal Lair - Hard"	""	""	"UNPLAYED"	""	""	""	"764C44BA241AB97C10C2D6A891AC50EFA5655A58B23306389B8020C0DA54C54B"
"2025 July"	"201"	"Amateur 1"	"26"	"7554"	"SKEETER78"	"Crystal Lair - Hard"	""	""	"UNPLAYED"	""	""	""	"764C44BA241AB97C10C2D6A891AC50EFA5655A58B23306389B8020C0DA54C54B"
"2025 July"	"201"	"Amateur 1"	"26"	"8008"	"Fry_Lock"	"Crystal Lair - Hard"	""	""	"UNPLAYED"	""	""	""	"764C44BA241AB97C10C2D6A891AC50EFA5655A58B23306389B8020C0DA54C54B"
"2025 July"	"201"	"Amateur 1"	"26"	"2505"	"freitag68"	"Crystal Lair - Hard"	""	""	"UNPLAYED"	""	""	""	"764C44BA241AB97C10C2D6A891AC50EFA5655A58B23306389B8020C0DA54C54B"
"2025 July"	"201"	"Amateur 2"	"27"	"4866"	"GuyB22"	"Overall Leaders - 2025 July"	""	""	"UNPLAYED"	"1"	""	"1,600"	"36C2277EFF3D033914BEB0FAA0C5EB2C07AE0EF51F496289789B9DD59E5F8F07"
"2025 July"	"201"	"Amateur 2"	"27"	"8268"	"Raccoons Whisker"	"Overall Leaders - 2025 July"	""	""	"UNPLAYED"	"2"	""	"1,588"	"36C2277EFF3D033914BEB0FAA0C5EB2C07AE0EF51F496289789B9DD59E5F8F07"
"2025 July"	"201"	"Amateur 2"	"27"	"28"	"Zanetti"	"Overall Leaders - 2025 July"	""	""	"UNPLAYED"	"3"	""	"1,580"	"36C2277EFF3D033914BEB0FAA0C5EB2C07AE0EF51F496289789B9DD59E5F8F07"
"2025 July"	"201"	"Amateur 2"	"27"	"3184"	"Merged into 8648"	"Overall Leaders - 2025 July"	""	""	"UNPLAYED"	"4"	""	"1,578"	"36C2277EFF3D033914BEB0FAA0C5EB2C07AE0EF51F496289789B9DD59E5F8F07"
"2025 July"	"201"	"Amateur 2"	"27"	"41"	"Blutes87"	"Overall Leaders - 2025 July"	""	""	"UNPLAYED"	"5"	""	"1,570"	"36C2277EFF3D033914BEB0FAA0C5EB2C07AE0EF51F496289789B9DD59E5F8F07"
"2025 July"	"201"	"Amateur 2"	"27"	"6745"	"𝙹𝚞𝚕𝚒𝚊𝚗"	"Overall Leaders - 2025 July"	""	""	"UNPLAYED"	"6"	""	"1,565"	"36C2277EFF3D033914BEB0FAA0C5EB2C07AE0EF51F496289789B9DD59E5F8F07"
"2025 July"	"201"	"Amateur 2"	"27"	"8508"	"Merged into 8708"	"Overall Leaders - 2025 July"	""	""	"UNPLAYED"	"7"	""	"1,548"	"36C2277EFF3D033914BEB0FAA0C5EB2C07AE0EF51F496289789B9DD59E5F8F07"
"2025 July"	"201"	"Amateur 2"	"27"	"7167"	"Sandtrap"	"Overall Leaders - 2025 July"	""	""	"UNPLAYED"	"8"	""	"1,531"	"36C2277EFF3D033914BEB0FAA0C5EB2C07AE0EF51F496289789B9DD59E5F8F07"
"2025 July"	"201"	"Amateur 2"	"27"	"22"	"INDY"	"Overall Leaders - 2025 July"	""	""	"UNPLAYED"	"9"	""	"1,522"	"36C2277EFF3D033914BEB0FAA0C5EB2C07AE0EF51F496289789B9DD59E5F8F07"
"2025 July"	"201"	"Amateur 2"	"27"	"7173"	"KillERBee"	"Overall Leaders - 2025 July"	""	""	"UNPLAYED"	"10"	""	"1,517"	"36C2277EFF3D033914BEB0FAA0C5EB2C07AE0EF51F496289789B9DD59E5F8F07"
"2025 July"	"201"	"Amateur 2"	"27"	"7189"	"CHERIE_ROSE"	"Bogey's Bonanza"	""	""	"UNPLAYED"	""	""	""	"36C2277EFF3D033914BEB0FAA0C5EB2C07AE0EF51F496289789B9DD59E5F8F07"
"2025 July"	"201"	"Amateur 2"	"27"	"7182"	"RUBBERDUCK"	"Bogey's Bonanza"	""	""	"UNPLAYED"	""	""	""	"36C2277EFF3D033914BEB0FAA0C5EB2C07AE0EF51F496289789B9DD59E5F8F07"
"2025 July"	"201"	"Amateur 2"	"27"	"8389"	"RINTARA"	"Bogey's Bonanza"	""	""	"UNPLAYED"	""	""	""	"36C2277EFF3D033914BEB0FAA0C5EB2C07AE0EF51F496289789B9DD59E5F8F07"
"2025 July"	"201"	"Amateur 2"	"27"	"8309"	"bendybear"	"Bogey's Bonanza"	""	""	"UNPLAYED"	""	""	""	"36C2277EFF3D033914BEB0FAA0C5EB2C07AE0EF51F496289789B9DD59E5F8F07"
"2025 July"	"201"	"Amateur 2"	"27"	"8310"	"sirtacoman13"	"Bogey's Bonanza"	""	""	"UNPLAYED"	""	""	""	"36C2277EFF3D033914BEB0FAA0C5EB2C07AE0EF51F496289789B9DD59E5F8F07"
"2025 July"	"201"	"Amateur 2"	"27"	"7182"	"RUBBERDUCK"	"Bogey's Bonanza Hard"	""	""	"UNPLAYED"	""	""	""	"36C2277EFF3D033914BEB0FAA0C5EB2C07AE0EF51F496289789B9DD59E5F8F07"
"2025 July"	"201"	"Amateur 2"	"27"	"8389"	"RINTARA"	"Bogey's Bonanza Hard"	""	""	"UNPLAYED"	""	""	""	"36C2277EFF3D033914BEB0FAA0C5EB2C07AE0EF51F496289789B9DD59E5F8F07"
"2025 July"	"201"	"Amateur 2"	"27"	"7189"	"CHERIE_ROSE"	"Bogey's Bonanza Hard"	""	""	"UNPLAYED"	""	""	""	"36C2277EFF3D033914BEB0FAA0C5EB2C07AE0EF51F496289789B9DD59E5F8F07"
"2025 July"	"201"	"Amateur 2"	"27"	"8234"	"TILTBOMB"	"Bogey's Bonanza Hard"	""	""	"UNPLAYED"	""	""	""	"36C2277EFF3D033914BEB0FAA0C5EB2C07AE0EF51F496289789B9DD59E5F8F07"
"2025 July"	"201"	"Amateur 2"	"27"	"8309"	"bendybear"	"Bogey's Bonanza Hard"	""	""	"UNPLAYED"	""	""	""	"36C2277EFF3D033914BEB0FAA0C5EB2C07AE0EF51F496289789B9DD59E5F8F07"
"2025 July"	"201"	"Amateur 2"	"27"	"8310"	"sirtacoman13"	"Bogey's Bonanza Hard"	""	""	"UNPLAYED"	""	""	""	"36C2277EFF3D033914BEB0FAA0C5EB2C07AE0EF51F496289789B9DD59E5F8F07"
"2025 July"	"201"	"Amateur 2"	"27"	"7189"	"CHERIE_ROSE"	"Upside Town"	""	""	"UNPLAYED"	""	""	""	"36C2277EFF3D033914BEB0FAA0C5EB2C07AE0EF51F496289789B9DD59E5F8F07"
"2025 July"	"201"	"Amateur 2"	"27"	"8389"	"RINTARA"	"Upside Town"	""	""	"UNPLAYED"	""	""	""	"36C2277EFF3D033914BEB0FAA0C5EB2C07AE0EF51F496289789B9DD59E5F8F07"
"2025 July"	"201"	"Amateur 2"	"27"	"7182"	"RUBBERDUCK"	"Upside Town"	""	""	"UNPLAYED"	""	""	""	"36C2277EFF3D033914BEB0FAA0C5EB2C07AE0EF51F496289789B9DD59E5F8F07"
"2025 July"	"201"	"Amateur 2"	"27"	"8309"	"bendybear"	"Upside Town"	""	""	"UNPLAYED"	""	""	""	"36C2277EFF3D033914BEB0FAA0C5EB2C07AE0EF51F496289789B9DD59E5F8F07"
"2025 July"	"201"	"Amateur 2"	"27"	"8310"	"sirtacoman13"	"Upside Town"	""	""	"UNPLAYED"	""	""	""	"36C2277EFF3D033914BEB0FAA0C5EB2C07AE0EF51F496289789B9DD59E5F8F07"
"2025 July"	"201"	"Amateur 2"	"27"	"7189"	"CHERIE_ROSE"	"Upside Town - Hard"	""	""	"UNPLAYED"	""	""	""	"36C2277EFF3D033914BEB0FAA0C5EB2C07AE0EF51F496289789B9DD59E5F8F07"
"2025 July"	"201"	"Amateur 2"	"27"	"8234"	"TILTBOMB"	"Upside Town - Hard"	""	""	"UNPLAYED"	""	""	""	"36C2277EFF3D033914BEB0FAA0C5EB2C07AE0EF51F496289789B9DD59E5F8F07"
"2025 July"	"201"	"Amateur 2"	"27"	"8389"	"RINTARA"	"Upside Town - Hard"	""	""	"UNPLAYED"	""	""	""	"36C2277EFF3D033914BEB0FAA0C5EB2C07AE0EF51F496289789B9DD59E5F8F07"
"2025 July"	"201"	"Amateur 2"	"27"	"7182"	"RUBBERDUCK"	"Upside Town - Hard"	""	""	"UNPLAYED"	""	""	""	"36C2277EFF3D033914BEB0FAA0C5EB2C07AE0EF51F496289789B9DD59E5F8F07"
"2025 July"	"201"	"Amateur 2"	"27"	"8310"	"sirtacoman13"	"Upside Town - Hard"	""	""	"UNPLAYED"	""	""	""	"36C2277EFF3D033914BEB0FAA0C5EB2C07AE0EF51F496289789B9DD59E5F8F07"
"2025 July"	"201"	"Amateur 2"	"27"	"8309"	"bendybear"	"Upside Town - Hard"	""	""	"UNPLAYED"	""	""	""	"36C2277EFF3D033914BEB0FAA0C5EB2C07AE0EF51F496289789B9DD59E5F8F07"
"2025 July"	"201"	"Amateur 2"	"27"	"7182"	"RUBBERDUCK"	"Journey to the Center of the Earth"	""	""	"UNPLAYED"	""	""	""	"36C2277EFF3D033914BEB0FAA0C5EB2C07AE0EF51F496289789B9DD59E5F8F07"
"2025 July"	"201"	"Amateur 2"	"27"	"8389"	"RINTARA"	"Journey to the Center of the Earth"	""	""	"UNPLAYED"	""	""	""	"36C2277EFF3D033914BEB0FAA0C5EB2C07AE0EF51F496289789B9DD59E5F8F07"
"2025 July"	"201"	"Amateur 2"	"27"	"7189"	"CHERIE_ROSE"	"Journey to the Center of the Earth"	""	""	"UNPLAYED"	""	""	""	"36C2277EFF3D033914BEB0FAA0C5EB2C07AE0EF51F496289789B9DD59E5F8F07"
"2025 July"	"201"	"Amateur 2"	"27"	"8234"	"TILTBOMB"	"Journey to the Center of the Earth"	""	""	"UNPLAYED"	""	""	""	"36C2277EFF3D033914BEB0FAA0C5EB2C07AE0EF51F496289789B9DD59E5F8F07"
"2025 July"	"201"	"Amateur 2"	"27"	"8310"	"sirtacoman13"	"Journey to the Center of the Earth"	""	""	"UNPLAYED"	""	""	""	"36C2277EFF3D033914BEB0FAA0C5EB2C07AE0EF51F496289789B9DD59E5F8F07"
"2025 July"	"201"	"Amateur 2"	"27"	"8309"	"bendybear"	"Journey to the Center of the Earth"	""	""	"UNPLAYED"	""	""	""	"36C2277EFF3D033914BEB0FAA0C5EB2C07AE0EF51F496289789B9DD59E5F8F07"
"2025 July"	"201"	"Amateur 2"	"27"	"8234"	"TILTBOMB"	"Center of the Earth - Hard"	""	""	"UNPLAYED"	""	""	""	"36C2277EFF3D033914BEB0FAA0C5EB2C07AE0EF51F496289789B9DD59E5F8F07"
"2025 July"	"201"	"Amateur 2"	"27"	"7189"	"CHERIE_ROSE"	"Center of the Earth - Hard"	""	""	"UNPLAYED"	""	""	""	"36C2277EFF3D033914BEB0FAA0C5EB2C07AE0EF51F496289789B9DD59E5F8F07"
"2025 July"	"201"	"Amateur 2"	"27"	"7182"	"RUBBERDUCK"	"Center of the Earth - Hard"	""	""	"UNPLAYED"	""	""	""	"36C2277EFF3D033914BEB0FAA0C5EB2C07AE0EF51F496289789B9DD59E5F8F07"
"2025 July"	"201"	"Amateur 2"	"27"	"8389"	"RINTARA"	"Center of the Earth - Hard"	""	""	"UNPLAYED"	""	""	""	"36C2277EFF3D033914BEB0FAA0C5EB2C07AE0EF51F496289789B9DD59E5F8F07"
"2025 July"	"201"	"Amateur 2"	"27"	"8309"	"bendybear"	"Center of the Earth - Hard"	""	""	"UNPLAYED"	""	""	""	"36C2277EFF3D033914BEB0FAA0C5EB2C07AE0EF51F496289789B9DD59E5F8F07"
"2025 July"	"201"	"Amateur 2"	"27"	"8310"	"sirtacoman13"	"Center of the Earth - Hard"	""	""	"UNPLAYED"	""	""	""	"36C2277EFF3D033914BEB0FAA0C5EB2C07AE0EF51F496289789B9DD59E5F8F07"
"2025 July"	"201"	"Amateur 2"	"27"	"8389"	"RINTARA"	"Crystal Lair"	""	""	"UNPLAYED"	""	""	""	"36C2277EFF3D033914BEB0FAA0C5EB2C07AE0EF51F496289789B9DD59E5F8F07"
"2025 July"	"201"	"Amateur 2"	"27"	"7189"	"CHERIE_ROSE"	"Crystal Lair"	""	""	"UNPLAYED"	""	""	""	"36C2277EFF3D033914BEB0FAA0C5EB2C07AE0EF51F496289789B9DD59E5F8F07"
"2025 July"	"201"	"Amateur 2"	"27"	"7182"	"RUBBERDUCK"	"Crystal Lair"	""	""	"UNPLAYED"	""	""	""	"36C2277EFF3D033914BEB0FAA0C5EB2C07AE0EF51F496289789B9DD59E5F8F07"
"2025 July"	"201"	"Amateur 2"	"27"	"8310"	"sirtacoman13"	"Crystal Lair"	""	""	"UNPLAYED"	""	""	""	"36C2277EFF3D033914BEB0FAA0C5EB2C07AE0EF51F496289789B9DD59E5F8F07"
"2025 July"	"201"	"Amateur 2"	"27"	"8309"	"bendybear"	"Crystal Lair"	""	""	"UNPLAYED"	""	""	""	"36C2277EFF3D033914BEB0FAA0C5EB2C07AE0EF51F496289789B9DD59E5F8F07"
"2025 July"	"201"	"Amateur 2"	"27"	"7182"	"RUBBERDUCK"	"Crystal Lair - Hard"	""	""	"UNPLAYED"	""	""	""	"36C2277EFF3D033914BEB0FAA0C5EB2C07AE0EF51F496289789B9DD59E5F8F07"
"2025 July"	"201"	"Amateur 2"	"27"	"7189"	"CHERIE_ROSE"	"Crystal Lair - Hard"	""	""	"UNPLAYED"	""	""	""	"36C2277EFF3D033914BEB0FAA0C5EB2C07AE0EF51F496289789B9DD59E5F8F07"
"2025 July"	"201"	"Amateur 2"	"27"	"8234"	"TILTBOMB"	"Crystal Lair - Hard"	""	""	"UNPLAYED"	""	""	""	"36C2277EFF3D033914BEB0FAA0C5EB2C07AE0EF51F496289789B9DD59E5F8F07"
"2025 July"	"201"	"Amateur 2"	"27"	"8389"	"RINTARA"	"Crystal Lair - Hard"	""	""	"UNPLAYED"	""	""	""	"36C2277EFF3D033914BEB0FAA0C5EB2C07AE0EF51F496289789B9DD59E5F8F07"
"2025 July"	"201"	"Amateur 2"	"27"	"8309"	"bendybear"	"Crystal Lair - Hard"	""	""	"UNPLAYED"	""	""	""	"36C2277EFF3D033914BEB0FAA0C5EB2C07AE0EF51F496289789B9DD59E5F8F07"
"2025 July"	"201"	"Amateur 2"	"27"	"8310"	"sirtacoman13"	"Crystal Lair - Hard"	""	""	"UNPLAYED"	""	""	""	"36C2277EFF3D033914BEB0FAA0C5EB2C07AE0EF51F496289789B9DD59E5F8F07"
"2025 August"	"221"	"Amateur 1"	"26"	"8549"	"mini_G"	"Overall Leaders - 2025 August"	""	""	"UNPLAYED"	"1"	""	"1,604"	"F24244429C9DF0F2FB407667BF652A622871A64438C96B136457CE0898721B58"
"2025 August"	"221"	"Amateur 1"	"26"	"6745"	"𝙹𝚞𝚕𝚒𝚊𝚗"	"Overall Leaders - 2025 August"	""	""	"UNPLAYED"	"2"	""	"1,588"	"F24244429C9DF0F2FB407667BF652A622871A64438C96B136457CE0898721B58"
"2025 August"	"221"	"Amateur 1"	"26"	"8608"	"Audrey"	"Overall Leaders - 2025 August"	""	""	"UNPLAYED"	"3"	""	"1,575"	"F24244429C9DF0F2FB407667BF652A622871A64438C96B136457CE0898721B58"
"2025 August"	"221"	"Amateur 1"	"26"	"7508"	"JUICE_WRLD"	"Overall Leaders - 2025 August"	""	""	"UNPLAYED"	"4"	""	"1,573"	"F24244429C9DF0F2FB407667BF652A622871A64438C96B136457CE0898721B58"
"2025 August"	"221"	"Amateur 1"	"26"	"28"	"Zanetti"	"Overall Leaders - 2025 August"	""	""	"UNPLAYED"	"4"	""	"1,573"	"F24244429C9DF0F2FB407667BF652A622871A64438C96B136457CE0898721B58"
"2025 August"	"221"	"Amateur 1"	"26"	"8568"	"SubZero"	"Overall Leaders - 2025 August"	""	""	"UNPLAYED"	"6"	""	"1,541"	"F24244429C9DF0F2FB407667BF652A622871A64438C96B136457CE0898721B58"
"2025 August"	"221"	"Amateur 1"	"26"	"8448"	"ZoeDarlin"	"Overall Leaders - 2025 August"	""	""	"UNPLAYED"	"7"	""	"1,540"	"F24244429C9DF0F2FB407667BF652A622871A64438C96B136457CE0898721B58"
"2025 August"	"221"	"Amateur 1"	"26"	"41"	"Blutes87"	"Overall Leaders - 2025 August"	""	""	"UNPLAYED"	"8"	""	"1,535"	"F24244429C9DF0F2FB407667BF652A622871A64438C96B136457CE0898721B58"
"2025 August"	"221"	"Amateur 1"	"26"	"4866"	"GuyB22"	"Overall Leaders - 2025 August"	""	""	"UNPLAYED"	"9"	""	"1,511"	"F24244429C9DF0F2FB407667BF652A622871A64438C96B136457CE0898721B58"
"2025 August"	"221"	"Amateur 1"	"26"	"7948"	"POLANECE"	"Overall Leaders - 2025 August"	""	""	"UNPLAYED"	"10"	""	"1,501"	"F24244429C9DF0F2FB407667BF652A622871A64438C96B136457CE0898721B58"
"2025 August"	"221"	"Amateur 1"	"26"	"230"	"Earthling"	"El Dorado"	""	""	"UNPLAYED"	""	""	""	"F24244429C9DF0F2FB407667BF652A622871A64438C96B136457CE0898721B58"
"2025 August"	"221"	"Amateur 1"	"26"	"8234"	"TILTBOMB"	"El Dorado"	""	""	"UNPLAYED"	""	""	""	"F24244429C9DF0F2FB407667BF652A622871A64438C96B136457CE0898721B58"
"2025 August"	"221"	"Amateur 1"	"26"	"8168"	"ladybugg660"	"El Dorado"	""	""	"UNPLAYED"	""	""	""	"F24244429C9DF0F2FB407667BF652A622871A64438C96B136457CE0898721B58"
"2025 August"	"221"	"Amateur 1"	"26"	"8348"	"BIGDLONGSTROKE"	"El Dorado"	""	""	"UNPLAYED"	""	""	""	"F24244429C9DF0F2FB407667BF652A622871A64438C96B136457CE0898721B58"
"2025 August"	"221"	"Amateur 1"	"26"	"230"	"Earthling"	"El Dorado Hard"	""	""	"UNPLAYED"	""	""	""	"F24244429C9DF0F2FB407667BF652A622871A64438C96B136457CE0898721B58"
"2025 August"	"221"	"Amateur 1"	"26"	"8234"	"TILTBOMB"	"El Dorado Hard"	""	""	"UNPLAYED"	""	""	""	"F24244429C9DF0F2FB407667BF652A622871A64438C96B136457CE0898721B58"
"2025 August"	"221"	"Amateur 1"	"26"	"8168"	"ladybugg660"	"El Dorado Hard"	""	""	"UNPLAYED"	""	""	""	"F24244429C9DF0F2FB407667BF652A622871A64438C96B136457CE0898721B58"
"2025 August"	"221"	"Amateur 1"	"26"	"8348"	"BIGDLONGSTROKE"	"El Dorado Hard"	""	""	"UNPLAYED"	""	""	""	"F24244429C9DF0F2FB407667BF652A622871A64438C96B136457CE0898721B58"
"2025 August"	"221"	"Amateur 1"	"26"	"230"	"Earthling"	"Atlantis"	""	""	"UNPLAYED"	""	""	""	"F24244429C9DF0F2FB407667BF652A622871A64438C96B136457CE0898721B58"
"2025 August"	"221"	"Amateur 1"	"26"	"8234"	"TILTBOMB"	"Atlantis"	""	""	"UNPLAYED"	""	""	""	"F24244429C9DF0F2FB407667BF652A622871A64438C96B136457CE0898721B58"
"2025 August"	"221"	"Amateur 1"	"26"	"8168"	"ladybugg660"	"Atlantis"	""	""	"UNPLAYED"	""	""	""	"F24244429C9DF0F2FB407667BF652A622871A64438C96B136457CE0898721B58"
"2025 August"	"221"	"Amateur 1"	"26"	"230"	"Earthling"	"Atlantis Hard"	""	""	"UNPLAYED"	""	""	""	"F24244429C9DF0F2FB407667BF652A622871A64438C96B136457CE0898721B58"
"2025 August"	"221"	"Amateur 1"	"26"	"8234"	"TILTBOMB"	"Atlantis Hard"	""	""	"UNPLAYED"	""	""	""	"F24244429C9DF0F2FB407667BF652A622871A64438C96B136457CE0898721B58"
"2025 August"	"221"	"Amateur 1"	"26"	"8168"	"ladybugg660"	"Alfheim"	""	""	"UNPLAYED"	""	""	""	"F24244429C9DF0F2FB407667BF652A622871A64438C96B136457CE0898721B58"
"2025 August"	"221"	"Amateur 1"	"26"	"8234"	"TILTBOMB"	"Alfheim"	""	""	"UNPLAYED"	""	""	""	"F24244429C9DF0F2FB407667BF652A622871A64438C96B136457CE0898721B58"
"2025 August"	"221"	"Amateur 1"	"26"	"8348"	"BIGDLONGSTROKE"	"Alfheim"	""	""	"UNPLAYED"	""	""	""	"F24244429C9DF0F2FB407667BF652A622871A64438C96B136457CE0898721B58"
"2025 August"	"221"	"Amateur 1"	"26"	"230"	"Earthling"	"Alfheim"	""	""	"UNPLAYED"	""	""	""	"F24244429C9DF0F2FB407667BF652A622871A64438C96B136457CE0898721B58"
"2025 August"	"221"	"Amateur 1"	"26"	"230"	"Earthling"	"Alfheim Hard"	""	""	"UNPLAYED"	""	""	""	"F24244429C9DF0F2FB407667BF652A622871A64438C96B136457CE0898721B58"
"2025 August"	"221"	"Amateur 1"	"26"	"8234"	"TILTBOMB"	"Alfheim Hard"	""	""	"UNPLAYED"	""	""	""	"F24244429C9DF0F2FB407667BF652A622871A64438C96B136457CE0898721B58"
"2025 August"	"221"	"Amateur 1"	"26"	"8168"	"ladybugg660"	"Alfheim Hard"	""	""	"UNPLAYED"	""	""	""	"F24244429C9DF0F2FB407667BF652A622871A64438C96B136457CE0898721B58"
"2025 August"	"221"	"Amateur 1"	"26"	"8348"	"BIGDLONGSTROKE"	"Alfheim Hard"	""	""	"UNPLAYED"	""	""	""	"F24244429C9DF0F2FB407667BF652A622871A64438C96B136457CE0898721B58"
"2025 August"	"221"	"Amateur 1"	"26"	"8348"	"BIGDLONGSTROKE"	"Ice Lair"	""	""	"UNPLAYED"	""	""	""	"F24244429C9DF0F2FB407667BF652A622871A64438C96B136457CE0898721B58"
"2025 August"	"221"	"Amateur 1"	"26"	"8234"	"TILTBOMB"	"Ice Lair"	""	""	"UNPLAYED"	""	""	""	"F24244429C9DF0F2FB407667BF652A622871A64438C96B136457CE0898721B58"
"2025 August"	"221"	"Amateur 1"	"26"	"230"	"Earthling"	"Ice Lair"	""	""	"UNPLAYED"	""	""	""	"F24244429C9DF0F2FB407667BF652A622871A64438C96B136457CE0898721B58"
"2025 August"	"221"	"Amateur 1"	"26"	"8348"	"BIGDLONGSTROKE"	"Ice Lair - Hard"	""	""	"UNPLAYED"	""	""	""	"F24244429C9DF0F2FB407667BF652A622871A64438C96B136457CE0898721B58"
"2025 August"	"221"	"Amateur 1"	"26"	"8234"	"TILTBOMB"	"Ice Lair - Hard"	""	""	"UNPLAYED"	""	""	""	"F24244429C9DF0F2FB407667BF652A622871A64438C96B136457CE0898721B58"
"2025 August"	"221"	"Amateur 1"	"26"	"230"	"Earthling"	"Ice Lair - Hard"	""	""	"UNPLAYED"	""	""	""	"F24244429C9DF0F2FB407667BF652A622871A64438C96B136457CE0898721B58"
"2025 August"	"221"	"Amateur 2"	"27"	"8549"	"mini_G"	"Overall Leaders - 2025 August"	""	""	"UNPLAYED"	"1"	""	"1,604"	"1B6A17004C94B7958F8FA30387D43C34C0F0EDAE146BEC1653902C6852A1CCFC"
"2025 August"	"221"	"Amateur 2"	"27"	"6745"	"𝙹𝚞𝚕𝚒𝚊𝚗"	"Overall Leaders - 2025 August"	""	""	"UNPLAYED"	"2"	""	"1,588"	"1B6A17004C94B7958F8FA30387D43C34C0F0EDAE146BEC1653902C6852A1CCFC"
"2025 August"	"221"	"Amateur 2"	"27"	"8608"	"Audrey"	"Overall Leaders - 2025 August"	""	""	"UNPLAYED"	"3"	""	"1,575"	"1B6A17004C94B7958F8FA30387D43C34C0F0EDAE146BEC1653902C6852A1CCFC"
"2025 August"	"221"	"Amateur 2"	"27"	"7508"	"JUICE_WRLD"	"Overall Leaders - 2025 August"	""	""	"UNPLAYED"	"4"	""	"1,573"	"1B6A17004C94B7958F8FA30387D43C34C0F0EDAE146BEC1653902C6852A1CCFC"
"2025 August"	"221"	"Amateur 2"	"27"	"28"	"Zanetti"	"Overall Leaders - 2025 August"	""	""	"UNPLAYED"	"4"	""	"1,573"	"1B6A17004C94B7958F8FA30387D43C34C0F0EDAE146BEC1653902C6852A1CCFC"
"2025 August"	"221"	"Amateur 2"	"27"	"8568"	"SubZero"	"Overall Leaders - 2025 August"	""	""	"UNPLAYED"	"6"	""	"1,541"	"1B6A17004C94B7958F8FA30387D43C34C0F0EDAE146BEC1653902C6852A1CCFC"
"2025 August"	"221"	"Amateur 2"	"27"	"8448"	"ZoeDarlin"	"Overall Leaders - 2025 August"	""	""	"UNPLAYED"	"7"	""	"1,540"	"1B6A17004C94B7958F8FA30387D43C34C0F0EDAE146BEC1653902C6852A1CCFC"
"2025 August"	"221"	"Amateur 2"	"27"	"41"	"Blutes87"	"Overall Leaders - 2025 August"	""	""	"UNPLAYED"	"8"	""	"1,535"	"1B6A17004C94B7958F8FA30387D43C34C0F0EDAE146BEC1653902C6852A1CCFC"
"2025 August"	"221"	"Amateur 2"	"27"	"4866"	"GuyB22"	"Overall Leaders - 2025 August"	""	""	"UNPLAYED"	"9"	""	"1,511"	"1B6A17004C94B7958F8FA30387D43C34C0F0EDAE146BEC1653902C6852A1CCFC"
"2025 August"	"221"	"Amateur 2"	"27"	"7948"	"POLANECE"	"Overall Leaders - 2025 August"	""	""	"UNPLAYED"	"10"	""	"1,501"	"1B6A17004C94B7958F8FA30387D43C34C0F0EDAE146BEC1653902C6852A1CCFC"
"2025 August"	"221"	"Amateur 2"	"27"	"8628"	"Camdawg15"	"El Dorado"	""	""	"UNPLAYED"	""	""	""	"1B6A17004C94B7958F8FA30387D43C34C0F0EDAE146BEC1653902C6852A1CCFC"
"2025 August"	"221"	"Amateur 2"	"27"	"8390"	"Woofmaster521 (Kathy)"	"El Dorado"	""	""	"UNPLAYED"	""	""	""	"1B6A17004C94B7958F8FA30387D43C34C0F0EDAE146BEC1653902C6852A1CCFC"
"2025 August"	"221"	"Amateur 2"	"27"	"8390"	"Woofmaster521 (Kathy)"	"El Dorado Hard"	""	""	"UNPLAYED"	""	""	""	"1B6A17004C94B7958F8FA30387D43C34C0F0EDAE146BEC1653902C6852A1CCFC"
"2025 August"	"221"	"Amateur 2"	"27"	"8390"	"Woofmaster521 (Kathy)"	"Atlantis"	""	""	"UNPLAYED"	""	""	""	"1B6A17004C94B7958F8FA30387D43C34C0F0EDAE146BEC1653902C6852A1CCFC"
"2025 August"	"221"	"Amateur 2"	"27"	"8628"	"Camdawg15"	"Atlantis Hard"	""	""	"UNPLAYED"	""	""	""	"1B6A17004C94B7958F8FA30387D43C34C0F0EDAE146BEC1653902C6852A1CCFC"
"2025 August"	"221"	"Amateur 2"	"27"	"8390"	"Woofmaster521 (Kathy)"	"Atlantis Hard"	""	""	"UNPLAYED"	""	""	""	"1B6A17004C94B7958F8FA30387D43C34C0F0EDAE146BEC1653902C6852A1CCFC"
"2025 August"	"221"	"Amateur 2"	"27"	"8628"	"Camdawg15"	"Alfheim"	""	""	"UNPLAYED"	""	""	""	"1B6A17004C94B7958F8FA30387D43C34C0F0EDAE146BEC1653902C6852A1CCFC"
"2025 August"	"221"	"Amateur 2"	"27"	"8390"	"Woofmaster521 (Kathy)"	"Alfheim"	""	""	"UNPLAYED"	""	""	""	"1B6A17004C94B7958F8FA30387D43C34C0F0EDAE146BEC1653902C6852A1CCFC"
"2025 August"	"221"	"Amateur 2"	"27"	"8390"	"Woofmaster521 (Kathy)"	"Alfheim Hard"	""	""	"UNPLAYED"	""	""	""	"1B6A17004C94B7958F8FA30387D43C34C0F0EDAE146BEC1653902C6852A1CCFC"
"2025 August"	"221"	"Amateur 2"	"27"	"8390"	"Woofmaster521 (Kathy)"	"Ice Lair"	""	""	"UNPLAYED"	""	""	""	"1B6A17004C94B7958F8FA30387D43C34C0F0EDAE146BEC1653902C6852A1CCFC"
"2025 August"	"221"	"Amateur 2"	"27"	"8390"	"Woofmaster521 (Kathy)"	"Ice Lair - Hard"	""	""	"UNPLAYED"	""	""	""	"1B6A17004C94B7958F8FA30387D43C34C0F0EDAE146BEC1653902C6852A1CCFC"
"2025 September"	"241"	"Amateur 2"	"27"	"8448"	"ZoeDarlin"	"Overall Leaders - 2025 September"	""	""	"UNPLAYED"	"1"	""	"1,618"	"1AB0881C9FBB79A1511AAAE77722C6EAB31EB781FE513F797B3952F88154FD8E"
"2025 September"	"241"	"Amateur 2"	"27"	"28"	"Zanetti"	"Overall Leaders - 2025 September"	""	""	"UNPLAYED"	"2"	""	"1,586"	"1AB0881C9FBB79A1511AAAE77722C6EAB31EB781FE513F797B3952F88154FD8E"
"2025 September"	"241"	"Amateur 2"	"27"	"7186"	"Chelle💯"	"Overall Leaders - 2025 September"	""	""	"UNPLAYED"	"3"	""	"1,571"	"1AB0881C9FBB79A1511AAAE77722C6EAB31EB781FE513F797B3952F88154FD8E"
"2025 September"	"241"	"Amateur 2"	"27"	"8608"	"Audrey"	"Overall Leaders - 2025 September"	""	""	"UNPLAYED"	"4"	""	"1,568"	"1AB0881C9FBB79A1511AAAE77722C6EAB31EB781FE513F797B3952F88154FD8E"
"2025 September"	"241"	"Amateur 2"	"27"	"7169"	"Master_KP"	"Overall Leaders - 2025 September"	""	""	"UNPLAYED"	"5"	""	"1,535"	"1AB0881C9FBB79A1511AAAE77722C6EAB31EB781FE513F797B3952F88154FD8E"
"2025 September"	"241"	"Amateur 2"	"27"	"8008"	"Fry_Lock"	"Overall Leaders - 2025 September"	""	""	"UNPLAYED"	"6"	""	"1,531"	"1AB0881C9FBB79A1511AAAE77722C6EAB31EB781FE513F797B3952F88154FD8E"
"2025 September"	"241"	"Amateur 2"	"27"	"4927"	"yankeedude1123"	"Overall Leaders - 2025 September"	""	""	"UNPLAYED"	"7"	""	"1,523"	"1AB0881C9FBB79A1511AAAE77722C6EAB31EB781FE513F797B3952F88154FD8E"
"2025 September"	"241"	"Amateur 2"	"27"	"31"	"YUK1N"	"Overall Leaders - 2025 September"	""	""	"UNPLAYED"	"8"	""	"1,516"	"1AB0881C9FBB79A1511AAAE77722C6EAB31EB781FE513F797B3952F88154FD8E"
"2025 September"	"241"	"Amateur 2"	"27"	"7183"	"PaulV-PPP 🇨🇦"	"Overall Leaders - 2025 September"	""	""	"UNPLAYED"	"9"	""	"1,503"	"1AB0881C9FBB79A1511AAAE77722C6EAB31EB781FE513F797B3952F88154FD8E"
"2025 September"	"241"	"Amateur 2"	"27"	"41"	"Blutes87"	"Overall Leaders - 2025 September"	""	""	"UNPLAYED"	"10"	""	"1,495"	"1AB0881C9FBB79A1511AAAE77722C6EAB31EB781FE513F797B3952F88154FD8E"
"2025 September"	"241"	"Amateur 2"	"27"	"8348"	"BIGDLONGSTROKE"	"Tourist Trap"	""	""	"UNPLAYED"	""	""	""	"1AB0881C9FBB79A1511AAAE77722C6EAB31EB781FE513F797B3952F88154FD8E"
"2025 September"	"241"	"Amateur 2"	"27"	"230"	"Earthling"	"Tourist Trap"	""	""	"UNPLAYED"	""	""	""	"1AB0881C9FBB79A1511AAAE77722C6EAB31EB781FE513F797B3952F88154FD8E"
"2025 September"	"241"	"Amateur 2"	"27"	"230"	"Earthling"	"Tourist Trap Hard"	""	""	"UNPLAYED"	""	""	""	"1AB0881C9FBB79A1511AAAE77722C6EAB31EB781FE513F797B3952F88154FD8E"
"2025 September"	"241"	"Amateur 2"	"27"	"8348"	"BIGDLONGSTROKE"	"Tourist Trap Hard"	""	""	"UNPLAYED"	""	""	""	"1AB0881C9FBB79A1511AAAE77722C6EAB31EB781FE513F797B3952F88154FD8E"
"2025 September"	"241"	"Amateur 2"	"27"	"8348"	"BIGDLONGSTROKE"	"Holiday Hideaway"	""	""	"UNPLAYED"	""	""	""	"1AB0881C9FBB79A1511AAAE77722C6EAB31EB781FE513F797B3952F88154FD8E"
"2025 September"	"241"	"Amateur 2"	"27"	"8348"	"BIGDLONGSTROKE"	"Holiday Hideaway - Hard"	""	""	"UNPLAYED"	""	""	""	"1AB0881C9FBB79A1511AAAE77722C6EAB31EB781FE513F797B3952F88154FD8E"
"2025 September"	"241"	"Amateur 2"	"27"	"8390"	"Woofmaster521 (Kathy)"	"Tokyo"	""	""	"UNPLAYED"	""	""	""	"1AB0881C9FBB79A1511AAAE77722C6EAB31EB781FE513F797B3952F88154FD8E"
"2025 September"	"241"	"Amateur 2"	"27"	"8348"	"BIGDLONGSTROKE"	"Tokyo"	""	""	"UNPLAYED"	""	""	""	"1AB0881C9FBB79A1511AAAE77722C6EAB31EB781FE513F797B3952F88154FD8E"
"2025 September"	"241"	"Amateur 2"	"27"	"8348"	"BIGDLONGSTROKE"	"Tokyo - Hard"	""	""	"UNPLAYED"	""	""	""	"1AB0881C9FBB79A1511AAAE77722C6EAB31EB781FE513F797B3952F88154FD8E"
"2025 September"	"241"	"Amateur 2"	"27"	"8390"	"Woofmaster521 (Kathy)"	"Tokyo - Hard"	""	""	"UNPLAYED"	""	""	""	"1AB0881C9FBB79A1511AAAE77722C6EAB31EB781FE513F797B3952F88154FD8E"
"2025 October"	"261"	"Amateur 1"	"26"	"28"	"Zanetti"	"Overall Leaders - 2025 October"	""	""	"UNPLAYED"	"1"	""	"1,614"	"2544AA62057FBD37FBF6B77B3C94A4983C4C8859F8AD6EEC700FF991D0A20591"
"2025 October"	"261"	"Amateur 1"	"26"	"8788"	"SlugJug33"	"Overall Leaders - 2025 October"	""	""	"UNPLAYED"	"2"	""	"1,607"	"2544AA62057FBD37FBF6B77B3C94A4983C4C8859F8AD6EEC700FF991D0A20591"
"2025 October"	"261"	"Amateur 1"	"26"	"8608"	"Audrey"	"Overall Leaders - 2025 October"	""	""	"UNPLAYED"	"3"	""	"1,584"	"2544AA62057FBD37FBF6B77B3C94A4983C4C8859F8AD6EEC700FF991D0A20591"
"2025 October"	"261"	"Amateur 1"	"26"	"8448"	"ZoeDarlin"	"Overall Leaders - 2025 October"	""	""	"UNPLAYED"	"4"	""	"1,574"	"2544AA62057FBD37FBF6B77B3C94A4983C4C8859F8AD6EEC700FF991D0A20591"
"2025 October"	"261"	"Amateur 1"	"26"	"4645"	"Gobson"	"Overall Leaders - 2025 October"	""	""	"UNPLAYED"	"4"	""	"1,574"	"2544AA62057FBD37FBF6B77B3C94A4983C4C8859F8AD6EEC700FF991D0A20591"
"2025 October"	"261"	"Amateur 1"	"26"	"113"	"AndyP1970"	"Overall Leaders - 2025 October"	""	""	"UNPLAYED"	"6"	""	"1,548"	"2544AA62057FBD37FBF6B77B3C94A4983C4C8859F8AD6EEC700FF991D0A20591"
"2025 October"	"261"	"Amateur 1"	"26"	"7552"	"IMJOMAMA"	"Overall Leaders - 2025 October"	""	""	"UNPLAYED"	"7"	""	"1,547"	"2544AA62057FBD37FBF6B77B3C94A4983C4C8859F8AD6EEC700FF991D0A20591"
"2025 October"	"261"	"Amateur 1"	"26"	"8708"	"The Real JB"	"Overall Leaders - 2025 October"	""	""	"UNPLAYED"	"8"	""	"1,511"	"2544AA62057FBD37FBF6B77B3C94A4983C4C8859F8AD6EEC700FF991D0A20591"
"2025 October"	"261"	"Amateur 1"	"26"	"7174"	"RYANL503"	"Overall Leaders - 2025 October"	""	""	"UNPLAYED"	"9"	""	"1,489"	"2544AA62057FBD37FBF6B77B3C94A4983C4C8859F8AD6EEC700FF991D0A20591"
"2025 October"	"261"	"Amateur 1"	"26"	"7589"	"SMILEROBIN"	"Overall Leaders - 2025 October"	""	""	"UNPLAYED"	"10"	""	"1,488"	"2544AA62057FBD37FBF6B77B3C94A4983C4C8859F8AD6EEC700FF991D0A20591"
"2025 October"	"261"	"Amateur 1"	"26"	"7448"	"ANDRIA77"	"Seagull Stacks"	""	""	"UNPLAYED"	""	""	""	"2544AA62057FBD37FBF6B77B3C94A4983C4C8859F8AD6EEC700FF991D0A20591"
"2025 October"	"261"	"Amateur 1"	"26"	"8028"	"KDK"	"Seagull Stacks"	""	""	"UNPLAYED"	""	""	""	"2544AA62057FBD37FBF6B77B3C94A4983C4C8859F8AD6EEC700FF991D0A20591"
"2025 October"	"261"	"Amateur 1"	"26"	"8028"	"KDK"	"Seagull Stacks - Hard"	""	""	"UNPLAYED"	""	""	""	"2544AA62057FBD37FBF6B77B3C94A4983C4C8859F8AD6EEC700FF991D0A20591"
"2025 October"	"261"	"Amateur 1"	"26"	"7448"	"ANDRIA77"	"Seagull Stacks - Hard"	""	""	"UNPLAYED"	""	""	""	"2544AA62057FBD37FBF6B77B3C94A4983C4C8859F8AD6EEC700FF991D0A20591"
"2025 October"	"261"	"Amateur 1"	"26"	"7448"	"ANDRIA77"	"Wallace & Gromit"	""	""	"UNPLAYED"	""	""	""	"2544AA62057FBD37FBF6B77B3C94A4983C4C8859F8AD6EEC700FF991D0A20591"
"2025 October"	"261"	"Amateur 1"	"26"	"8028"	"KDK"	"Wallace & Gromit"	""	""	"UNPLAYED"	""	""	""	"2544AA62057FBD37FBF6B77B3C94A4983C4C8859F8AD6EEC700FF991D0A20591"
"2025 October"	"261"	"Amateur 1"	"26"	"7448"	"ANDRIA77"	"Wallace & Gromit - Hard"	""	""	"UNPLAYED"	""	""	""	"2544AA62057FBD37FBF6B77B3C94A4983C4C8859F8AD6EEC700FF991D0A20591"
"2025 October"	"261"	"Amateur 1"	"26"	"8028"	"KDK"	"Wallace & Gromit - Hard"	""	""	"UNPLAYED"	""	""	""	"2544AA62057FBD37FBF6B77B3C94A4983C4C8859F8AD6EEC700FF991D0A20591"
"2025 October"	"261"	"Amateur 1"	"26"	"7448"	"ANDRIA77"	"8-Bit Lair"	""	""	"UNPLAYED"	""	""	""	"2544AA62057FBD37FBF6B77B3C94A4983C4C8859F8AD6EEC700FF991D0A20591"
"2025 October"	"261"	"Amateur 1"	"26"	"8028"	"KDK"	"8-Bit Lair"	""	""	"UNPLAYED"	""	""	""	"2544AA62057FBD37FBF6B77B3C94A4983C4C8859F8AD6EEC700FF991D0A20591"
"2025 October"	"261"	"Amateur 1"	"26"	"230"	"Earthling"	"8-Bit Lair"	""	""	"UNPLAYED"	""	""	""	"2544AA62057FBD37FBF6B77B3C94A4983C4C8859F8AD6EEC700FF991D0A20591"
"2025 October"	"261"	"Amateur 1"	"26"	"7448"	"ANDRIA77"	"8-Bit Lair - Hard"	""	""	"UNPLAYED"	""	""	""	"2544AA62057FBD37FBF6B77B3C94A4983C4C8859F8AD6EEC700FF991D0A20591"
"2025 October"	"261"	"Amateur 1"	"26"	"8028"	"KDK"	"8-Bit Lair - Hard"	""	""	"UNPLAYED"	""	""	""	"2544AA62057FBD37FBF6B77B3C94A4983C4C8859F8AD6EEC700FF991D0A20591"
"2025 October"	"261"	"Amateur 1"	"26"	"8028"	"KDK"	"Raptor Cliff's"	""	""	"UNPLAYED"	""	""	""	"2544AA62057FBD37FBF6B77B3C94A4983C4C8859F8AD6EEC700FF991D0A20591"
"2025 October"	"261"	"Amateur 1"	"26"	"7448"	"ANDRIA77"	"Raptor Cliff's"	""	""	"UNPLAYED"	""	""	""	"2544AA62057FBD37FBF6B77B3C94A4983C4C8859F8AD6EEC700FF991D0A20591"
"2025 October"	"261"	"Amateur 1"	"26"	"230"	"Earthling"	"Raptor Cliff's"	""	""	"UNPLAYED"	""	""	""	"2544AA62057FBD37FBF6B77B3C94A4983C4C8859F8AD6EEC700FF991D0A20591"
"2025 October"	"261"	"Amateur 1"	"26"	"8028"	"KDK"	"Raptor Cliff's - Hard"	""	""	"UNPLAYED"	""	""	""	"2544AA62057FBD37FBF6B77B3C94A4983C4C8859F8AD6EEC700FF991D0A20591"
"2025 October"	"261"	"Amateur 1"	"26"	"7448"	"ANDRIA77"	"Raptor Cliff's - Hard"	""	""	"UNPLAYED"	""	""	""	"2544AA62057FBD37FBF6B77B3C94A4983C4C8859F8AD6EEC700FF991D0A20591"
"2025 October"	"261"	"Amateur 1"	"26"	"230"	"Earthling"	"Raptor Cliff's - Hard"	""	""	"UNPLAYED"	""	""	""	"2544AA62057FBD37FBF6B77B3C94A4983C4C8859F8AD6EEC700FF991D0A20591"
"2025 October"	"261"	"Amateur 2"	"27"	"28"	"Zanetti"	"Overall Leaders - 2025 October"	""	""	"UNPLAYED"	"1"	""	"1,614"	"62C3BCEA26AC0AC33ED1B24447411E5DD010AC64734C3D93992A14350A9D717A"
"2025 October"	"261"	"Amateur 2"	"27"	"8788"	"SlugJug33"	"Overall Leaders - 2025 October"	""	""	"UNPLAYED"	"2"	""	"1,607"	"62C3BCEA26AC0AC33ED1B24447411E5DD010AC64734C3D93992A14350A9D717A"
"2025 October"	"261"	"Amateur 2"	"27"	"8608"	"Audrey"	"Overall Leaders - 2025 October"	""	""	"UNPLAYED"	"3"	""	"1,584"	"62C3BCEA26AC0AC33ED1B24447411E5DD010AC64734C3D93992A14350A9D717A"
"2025 October"	"261"	"Amateur 2"	"27"	"8448"	"ZoeDarlin"	"Overall Leaders - 2025 October"	""	""	"UNPLAYED"	"4"	""	"1,574"	"62C3BCEA26AC0AC33ED1B24447411E5DD010AC64734C3D93992A14350A9D717A"
"2025 October"	"261"	"Amateur 2"	"27"	"4645"	"Gobson"	"Overall Leaders - 2025 October"	""	""	"UNPLAYED"	"4"	""	"1,574"	"62C3BCEA26AC0AC33ED1B24447411E5DD010AC64734C3D93992A14350A9D717A"
"2025 October"	"261"	"Amateur 2"	"27"	"113"	"AndyP1970"	"Overall Leaders - 2025 October"	""	""	"UNPLAYED"	"6"	""	"1,548"	"62C3BCEA26AC0AC33ED1B24447411E5DD010AC64734C3D93992A14350A9D717A"
"2025 October"	"261"	"Amateur 2"	"27"	"7552"	"IMJOMAMA"	"Overall Leaders - 2025 October"	""	""	"UNPLAYED"	"7"	""	"1,547"	"62C3BCEA26AC0AC33ED1B24447411E5DD010AC64734C3D93992A14350A9D717A"
"2025 October"	"261"	"Amateur 2"	"27"	"8708"	"The Real JB"	"Overall Leaders - 2025 October"	""	""	"UNPLAYED"	"8"	""	"1,511"	"62C3BCEA26AC0AC33ED1B24447411E5DD010AC64734C3D93992A14350A9D717A"
"2025 October"	"261"	"Amateur 2"	"27"	"7174"	"RYANL503"	"Overall Leaders - 2025 October"	""	""	"UNPLAYED"	"9"	""	"1,489"	"62C3BCEA26AC0AC33ED1B24447411E5DD010AC64734C3D93992A14350A9D717A"
"2025 October"	"261"	"Amateur 2"	"27"	"7589"	"SMILEROBIN"	"Overall Leaders - 2025 October"	""	""	"UNPLAYED"	"10"	""	"1,488"	"62C3BCEA26AC0AC33ED1B24447411E5DD010AC64734C3D93992A14350A9D717A"
"2025 October"	"261"	"Amateur 2"	"27"	"8348"	"BIGDLONGSTROKE"	"Seagull Stacks"	""	""	"UNPLAYED"	""	""	""	"62C3BCEA26AC0AC33ED1B24447411E5DD010AC64734C3D93992A14350A9D717A"
"2025 October"	"261"	"Amateur 2"	"27"	"8390"	"Woofmaster521 (Kathy)"	"Seagull Stacks"	""	""	"UNPLAYED"	""	""	""	"62C3BCEA26AC0AC33ED1B24447411E5DD010AC64734C3D93992A14350A9D717A"
"2025 October"	"261"	"Amateur 2"	"27"	"8489"	"Sarahlynn727"	"Seagull Stacks - Hard"	""	""	"UNPLAYED"	""	""	""	"62C3BCEA26AC0AC33ED1B24447411E5DD010AC64734C3D93992A14350A9D717A"
"2025 October"	"261"	"Amateur 2"	"27"	"8068"	"SavageMom71"	"Seagull Stacks - Hard"	""	""	"UNPLAYED"	""	""	""	"62C3BCEA26AC0AC33ED1B24447411E5DD010AC64734C3D93992A14350A9D717A"
"2025 October"	"261"	"Amateur 2"	"27"	"8768"	"Jesshsp"	"Seagull Stacks - Hard"	""	""	"UNPLAYED"	""	""	""	"62C3BCEA26AC0AC33ED1B24447411E5DD010AC64734C3D93992A14350A9D717A"
"2025 October"	"261"	"Amateur 2"	"27"	"8390"	"Woofmaster521 (Kathy)"	"Seagull Stacks - Hard"	""	""	"UNPLAYED"	""	""	""	"62C3BCEA26AC0AC33ED1B24447411E5DD010AC64734C3D93992A14350A9D717A"
"2025 October"	"261"	"Amateur 2"	"27"	"8348"	"BIGDLONGSTROKE"	"Seagull Stacks - Hard"	""	""	"UNPLAYED"	""	""	""	"62C3BCEA26AC0AC33ED1B24447411E5DD010AC64734C3D93992A14350A9D717A"
"2025 October"	"261"	"Amateur 2"	"27"	"8068"	"SavageMom71"	"Wallace & Gromit"	""	""	"UNPLAYED"	""	""	""	"62C3BCEA26AC0AC33ED1B24447411E5DD010AC64734C3D93992A14350A9D717A"
"2025 October"	"261"	"Amateur 2"	"27"	"8489"	"Sarahlynn727"	"Wallace & Gromit"	""	""	"UNPLAYED"	""	""	""	"62C3BCEA26AC0AC33ED1B24447411E5DD010AC64734C3D93992A14350A9D717A"
"2025 October"	"261"	"Amateur 2"	"27"	"8768"	"Jesshsp"	"Wallace & Gromit"	""	""	"UNPLAYED"	""	""	""	"62C3BCEA26AC0AC33ED1B24447411E5DD010AC64734C3D93992A14350A9D717A"
"2025 October"	"261"	"Amateur 2"	"27"	"8348"	"BIGDLONGSTROKE"	"Wallace & Gromit"	""	""	"UNPLAYED"	""	""	""	"62C3BCEA26AC0AC33ED1B24447411E5DD010AC64734C3D93992A14350A9D717A"
"2025 October"	"261"	"Amateur 2"	"27"	"8390"	"Woofmaster521 (Kathy)"	"Wallace & Gromit"	""	""	"UNPLAYED"	""	""	""	"62C3BCEA26AC0AC33ED1B24447411E5DD010AC64734C3D93992A14350A9D717A"
"2025 October"	"261"	"Amateur 2"	"27"	"8489"	"Sarahlynn727"	"Wallace & Gromit - Hard"	""	""	"UNPLAYED"	""	""	""	"62C3BCEA26AC0AC33ED1B24447411E5DD010AC64734C3D93992A14350A9D717A"
"2025 October"	"261"	"Amateur 2"	"27"	"8068"	"SavageMom71"	"Wallace & Gromit - Hard"	""	""	"UNPLAYED"	""	""	""	"62C3BCEA26AC0AC33ED1B24447411E5DD010AC64734C3D93992A14350A9D717A"
"2025 October"	"261"	"Amateur 2"	"27"	"8768"	"Jesshsp"	"Wallace & Gromit - Hard"	""	""	"UNPLAYED"	""	""	""	"62C3BCEA26AC0AC33ED1B24447411E5DD010AC64734C3D93992A14350A9D717A"
"2025 October"	"261"	"Amateur 2"	"27"	"8390"	"Woofmaster521 (Kathy)"	"Wallace & Gromit - Hard"	""	""	"UNPLAYED"	""	""	""	"62C3BCEA26AC0AC33ED1B24447411E5DD010AC64734C3D93992A14350A9D717A"
"2025 October"	"261"	"Amateur 2"	"27"	"8348"	"BIGDLONGSTROKE"	"Wallace & Gromit - Hard"	""	""	"UNPLAYED"	""	""	""	"62C3BCEA26AC0AC33ED1B24447411E5DD010AC64734C3D93992A14350A9D717A"
"2025 October"	"261"	"Amateur 2"	"27"	"8489"	"Sarahlynn727"	"8-Bit Lair"	""	""	"UNPLAYED"	""	""	""	"62C3BCEA26AC0AC33ED1B24447411E5DD010AC64734C3D93992A14350A9D717A"
"2025 October"	"261"	"Amateur 2"	"27"	"8068"	"SavageMom71"	"8-Bit Lair"	""	""	"UNPLAYED"	""	""	""	"62C3BCEA26AC0AC33ED1B24447411E5DD010AC64734C3D93992A14350A9D717A"
"2025 October"	"261"	"Amateur 2"	"27"	"8390"	"Woofmaster521 (Kathy)"	"8-Bit Lair"	""	""	"UNPLAYED"	""	""	""	"62C3BCEA26AC0AC33ED1B24447411E5DD010AC64734C3D93992A14350A9D717A"
"2025 October"	"261"	"Amateur 2"	"27"	"8348"	"BIGDLONGSTROKE"	"8-Bit Lair"	""	""	"UNPLAYED"	""	""	""	"62C3BCEA26AC0AC33ED1B24447411E5DD010AC64734C3D93992A14350A9D717A"
"2025 October"	"261"	"Amateur 2"	"27"	"8768"	"Jesshsp"	"8-Bit Lair - Hard"	""	""	"UNPLAYED"	""	""	""	"62C3BCEA26AC0AC33ED1B24447411E5DD010AC64734C3D93992A14350A9D717A"
"2025 October"	"261"	"Amateur 2"	"27"	"8068"	"SavageMom71"	"8-Bit Lair - Hard"	""	""	"UNPLAYED"	""	""	""	"62C3BCEA26AC0AC33ED1B24447411E5DD010AC64734C3D93992A14350A9D717A"
"2025 October"	"261"	"Amateur 2"	"27"	"8489"	"Sarahlynn727"	"8-Bit Lair - Hard"	""	""	"UNPLAYED"	""	""	""	"62C3BCEA26AC0AC33ED1B24447411E5DD010AC64734C3D93992A14350A9D717A"
"2025 October"	"261"	"Amateur 2"	"27"	"8348"	"BIGDLONGSTROKE"	"8-Bit Lair - Hard"	""	""	"UNPLAYED"	""	""	""	"62C3BCEA26AC0AC33ED1B24447411E5DD010AC64734C3D93992A14350A9D717A"
"2025 October"	"261"	"Amateur 2"	"27"	"8390"	"Woofmaster521 (Kathy)"	"8-Bit Lair - Hard"	""	""	"UNPLAYED"	""	""	""	"62C3BCEA26AC0AC33ED1B24447411E5DD010AC64734C3D93992A14350A9D717A"
"2025 October"	"261"	"Amateur 2"	"27"	"8068"	"SavageMom71"	"Raptor Cliff's"	""	""	"UNPLAYED"	""	""	""	"62C3BCEA26AC0AC33ED1B24447411E5DD010AC64734C3D93992A14350A9D717A"
"2025 October"	"261"	"Amateur 2"	"27"	"8489"	"Sarahlynn727"	"Raptor Cliff's"	""	""	"UNPLAYED"	""	""	""	"62C3BCEA26AC0AC33ED1B24447411E5DD010AC64734C3D93992A14350A9D717A"
"2025 October"	"261"	"Amateur 2"	"27"	"8348"	"BIGDLONGSTROKE"	"Raptor Cliff's"	""	""	"UNPLAYED"	""	""	""	"62C3BCEA26AC0AC33ED1B24447411E5DD010AC64734C3D93992A14350A9D717A"
"2025 October"	"261"	"Amateur 2"	"27"	"8068"	"SavageMom71"	"Raptor Cliff's - Hard"	""	""	"UNPLAYED"	""	""	""	"62C3BCEA26AC0AC33ED1B24447411E5DD010AC64734C3D93992A14350A9D717A"
"2025 October"	"261"	"Amateur 2"	"27"	"8768"	"Jesshsp"	"Raptor Cliff's - Hard"	""	""	"UNPLAYED"	""	""	""	"62C3BCEA26AC0AC33ED1B24447411E5DD010AC64734C3D93992A14350A9D717A"
"2025 October"	"261"	"Amateur 2"	"27"	"8489"	"Sarahlynn727"	"Raptor Cliff's - Hard"	""	""	"UNPLAYED"	""	""	""	"62C3BCEA26AC0AC33ED1B24447411E5DD010AC64734C3D93992A14350A9D717A"
"2025 October"	"261"	"Amateur 2"	"27"	"8348"	"BIGDLONGSTROKE"	"Raptor Cliff's - Hard"	""	""	"UNPLAYED"	""	""	""	"62C3BCEA26AC0AC33ED1B24447411E5DD010AC64734C3D93992A14350A9D717A"
"2025 November"	"281"	"Amateur 1"	"26"	"28"	"Zanetti"	"Overall Leaders - 2025 November"	""	""	"UNPLAYED"	"1"	""	"1,590"	"77DCDF1B8B1375DB8F425319018CE2627A2077CF8FAFB4DBF1E0CD59E7F32F7A"
"2025 November"	"281"	"Amateur 1"	"26"	"7176"	"Nic79"	"Overall Leaders - 2025 November"	""	""	"UNPLAYED"	"2"	""	"1,581"	"77DCDF1B8B1375DB8F425319018CE2627A2077CF8FAFB4DBF1E0CD59E7F32F7A"
"2025 November"	"281"	"Amateur 1"	"26"	"8788"	"SlugJug33"	"Overall Leaders - 2025 November"	""	""	"UNPLAYED"	"3"	""	"1,573"	"77DCDF1B8B1375DB8F425319018CE2627A2077CF8FAFB4DBF1E0CD59E7F32F7A"
"2025 November"	"281"	"Amateur 1"	"26"	"54"	"Derby_Daz"	"Overall Leaders - 2025 November"	""	""	"UNPLAYED"	"4"	""	"1,567"	"77DCDF1B8B1375DB8F425319018CE2627A2077CF8FAFB4DBF1E0CD59E7F32F7A"
"2025 November"	"281"	"Amateur 1"	"26"	"8448"	"ZoeDarlin"	"Overall Leaders - 2025 November"	""	""	"UNPLAYED"	"5"	""	"1,565"	"77DCDF1B8B1375DB8F425319018CE2627A2077CF8FAFB4DBF1E0CD59E7F32F7A"
"2025 November"	"281"	"Amateur 1"	"26"	"22"	"INDY"	"Overall Leaders - 2025 November"	""	""	"UNPLAYED"	"6"	""	"1,559"	"77DCDF1B8B1375DB8F425319018CE2627A2077CF8FAFB4DBF1E0CD59E7F32F7A"
"2025 November"	"281"	"Amateur 1"	"26"	"8708"	"The Real JB"	"Overall Leaders - 2025 November"	""	""	"UNPLAYED"	"7"	""	"1,541"	"77DCDF1B8B1375DB8F425319018CE2627A2077CF8FAFB4DBF1E0CD59E7F32F7A"
"2025 November"	"281"	"Amateur 1"	"26"	"7508"	"JUICE_WRLD"	"Overall Leaders - 2025 November"	""	""	"UNPLAYED"	"8"	""	"1,529"	"77DCDF1B8B1375DB8F425319018CE2627A2077CF8FAFB4DBF1E0CD59E7F32F7A"
"2025 November"	"281"	"Amateur 1"	"26"	"7183"	"PaulV-PPP 🇨🇦"	"Overall Leaders - 2025 November"	""	""	"UNPLAYED"	"9"	""	"1,519"	"77DCDF1B8B1375DB8F425319018CE2627A2077CF8FAFB4DBF1E0CD59E7F32F7A"
"2025 November"	"281"	"Amateur 1"	"26"	"104"	"Jennem"	"Overall Leaders - 2025 November"	""	""	"UNPLAYED"	"10"	""	"1,490"	"77DCDF1B8B1375DB8F425319018CE2627A2077CF8FAFB4DBF1E0CD59E7F32F7A"
"2025 December"	"301"	"Amateur 1"	"26"	"4927"	"yankeedude1123"	"Overall Leaders - 2025 December"	""	""	"UNPLAYED"	"1"	""	"1,596"	"12DC99FFE8EA46388616EFFE9C5BDFFE4238430F7A6BCD65256CCB1DD9197FC6"
"2025 December"	"301"	"Amateur 1"	"26"	"22"	"INDY"	"Overall Leaders - 2025 December"	""	""	"UNPLAYED"	"2"	""	"1,591"	"12DC99FFE8EA46388616EFFE9C5BDFFE4238430F7A6BCD65256CCB1DD9197FC6"
"2025 December"	"301"	"Amateur 1"	"26"	"32"	"Matt916"	"Overall Leaders - 2025 December"	""	""	"UNPLAYED"	"3"	""	"1,587"	"12DC99FFE8EA46388616EFFE9C5BDFFE4238430F7A6BCD65256CCB1DD9197FC6"
"2025 December"	"301"	"Amateur 1"	"26"	"8708"	"The Real JB"	"Overall Leaders - 2025 December"	""	""	"UNPLAYED"	"4"	""	"1,575"	"12DC99FFE8EA46388616EFFE9C5BDFFE4238430F7A6BCD65256CCB1DD9197FC6"
"2025 December"	"301"	"Amateur 1"	"26"	"7589"	"SMILEROBIN"	"Overall Leaders - 2025 December"	""	""	"UNPLAYED"	"5"	""	"1,568"	"12DC99FFE8EA46388616EFFE9C5BDFFE4238430F7A6BCD65256CCB1DD9197FC6"
"2025 December"	"301"	"Amateur 1"	"26"	"7552"	"IMJOMAMA"	"Overall Leaders - 2025 December"	""	""	"UNPLAYED"	"6"	""	"1,567"	"12DC99FFE8EA46388616EFFE9C5BDFFE4238430F7A6BCD65256CCB1DD9197FC6"
"2025 December"	"301"	"Amateur 1"	"26"	"28"	"Zanetti"	"Overall Leaders - 2025 December"	""	""	"UNPLAYED"	"7"	""	"1,565"	"12DC99FFE8EA46388616EFFE9C5BDFFE4238430F7A6BCD65256CCB1DD9197FC6"
"2025 December"	"301"	"Amateur 1"	"26"	"1108"	"plucky✌"	"Overall Leaders - 2025 December"	""	""	"UNPLAYED"	"8"	""	"1,534"	"12DC99FFE8EA46388616EFFE9C5BDFFE4238430F7A6BCD65256CCB1DD9197FC6"
"2025 December"	"301"	"Amateur 1"	"26"	"7908"	"l7jazz"	"Overall Leaders - 2025 December"	""	""	"UNPLAYED"	"9"	""	"1,521"	"12DC99FFE8EA46388616EFFE9C5BDFFE4238430F7A6BCD65256CCB1DD9197FC6"
"2025 December"	"301"	"Amateur 1"	"26"	"8788"	"SlugJug33"	"Overall Leaders - 2025 December"	""	""	"UNPLAYED"	"10"	""	"1,509"	"12DC99FFE8EA46388616EFFE9C5BDFFE4238430F7A6BCD65256CCB1DD9197FC6"
"2025 December"	"301"	"Amateur 1"	"26"	"8489"	"Sarahlynn727"	"Myst"	""	""	"UNPLAYED"	""	""	""	"12DC99FFE8EA46388616EFFE9C5BDFFE4238430F7A6BCD65256CCB1DD9197FC6"
"2025 December"	"301"	"Amateur 1"	"26"	"8489"	"Sarahlynn727"	"Myst Hard"	""	""	"UNPLAYED"	""	""	""	"12DC99FFE8EA46388616EFFE9C5BDFFE4238430F7A6BCD65256CCB1DD9197FC6"
"2025 December"	"301"	"Amateur 1"	"26"	"230"	"Earthling"	"Shangri-La"	""	""	"UNPLAYED"	""	""	""	"12DC99FFE8EA46388616EFFE9C5BDFFE4238430F7A6BCD65256CCB1DD9197FC6"
"2025 December"	"301"	"Amateur 1"	"26"	"8489"	"Sarahlynn727"	"Shangri-La - Hard"	""	""	"UNPLAYED"	""	""	""	"12DC99FFE8EA46388616EFFE9C5BDFFE4238430F7A6BCD65256CCB1DD9197FC6"
"2025 December"	"301"	"Amateur 1"	"26"	"230"	"Earthling"	"Shangri-La - Hard"	""	""	"UNPLAYED"	""	""	""	"12DC99FFE8EA46388616EFFE9C5BDFFE4238430F7A6BCD65256CCB1DD9197FC6"
"2025 December"	"301"	"Amateur 1"	"26"	"8489"	"Sarahlynn727"	"Venice"	""	""	"UNPLAYED"	""	""	""	"12DC99FFE8EA46388616EFFE9C5BDFFE4238430F7A6BCD65256CCB1DD9197FC6"
"2025 December"	"301"	"Amateur 1"	"26"	"8489"	"Sarahlynn727"	"Venice - Hard"	""	""	"UNPLAYED"	""	""	""	"12DC99FFE8EA46388616EFFE9C5BDFFE4238430F7A6BCD65256CCB1DD9197FC6"
"2025 December"	"301"	"Amateur 1"	"26"	"8748"	"RICK"	"Viva Las Elvis"	""	""	"UNPLAYED"	""	""	""	"12DC99FFE8EA46388616EFFE9C5BDFFE4238430F7A6BCD65256CCB1DD9197FC6"
"2025 December"	"301"	"Amateur 1"	"26"	"8489"	"Sarahlynn727"	"Viva Las Elvis"	""	""	"UNPLAYED"	""	""	""	"12DC99FFE8EA46388616EFFE9C5BDFFE4238430F7A6BCD65256CCB1DD9197FC6"
"2025 December"	"301"	"Amateur 1"	"26"	"230"	"Earthling"	"Viva Las Elvis"	""	""	"UNPLAYED"	""	""	""	"12DC99FFE8EA46388616EFFE9C5BDFFE4238430F7A6BCD65256CCB1DD9197FC6"
"2025 December"	"301"	"Amateur 1"	"26"	"8489"	"Sarahlynn727"	"Viva Las Elvis - Hard"	""	""	"UNPLAYED"	""	""	""	"12DC99FFE8EA46388616EFFE9C5BDFFE4238430F7A6BCD65256CCB1DD9197FC6"
"2025 December"	"301"	"Amateur 1"	"26"	"230"	"Earthling"	"Viva Las Elvis - Hard"	""	""	"UNPLAYED"	""	""	""	"12DC99FFE8EA46388616EFFE9C5BDFFE4238430F7A6BCD65256CCB1DD9197FC6"
"2025 December"	"301"	"Amateur 2"	"27"	"4927"	"yankeedude1123"	"Overall Leaders - 2025 December"	""	""	"UNPLAYED"	"1"	""	"1,596"	"EDD1F9CA9663ED8882A9DAA820B28E39C88E558344FA8DC530ADC357946CEC6E"
"2025 December"	"301"	"Amateur 2"	"27"	"22"	"INDY"	"Overall Leaders - 2025 December"	""	""	"UNPLAYED"	"2"	""	"1,591"	"EDD1F9CA9663ED8882A9DAA820B28E39C88E558344FA8DC530ADC357946CEC6E"
"2025 December"	"301"	"Amateur 2"	"27"	"32"	"Matt916"	"Overall Leaders - 2025 December"	""	""	"UNPLAYED"	"3"	""	"1,587"	"EDD1F9CA9663ED8882A9DAA820B28E39C88E558344FA8DC530ADC357946CEC6E"
"2025 December"	"301"	"Amateur 2"	"27"	"8708"	"The Real JB"	"Overall Leaders - 2025 December"	""	""	"UNPLAYED"	"4"	""	"1,575"	"EDD1F9CA9663ED8882A9DAA820B28E39C88E558344FA8DC530ADC357946CEC6E"
"2025 December"	"301"	"Amateur 2"	"27"	"7589"	"SMILEROBIN"	"Overall Leaders - 2025 December"	""	""	"UNPLAYED"	"5"	""	"1,568"	"EDD1F9CA9663ED8882A9DAA820B28E39C88E558344FA8DC530ADC357946CEC6E"
"2025 December"	"301"	"Amateur 2"	"27"	"7552"	"IMJOMAMA"	"Overall Leaders - 2025 December"	""	""	"UNPLAYED"	"6"	""	"1,567"	"EDD1F9CA9663ED8882A9DAA820B28E39C88E558344FA8DC530ADC357946CEC6E"
"2025 December"	"301"	"Amateur 2"	"27"	"28"	"Zanetti"	"Overall Leaders - 2025 December"	""	""	"UNPLAYED"	"7"	""	"1,565"	"EDD1F9CA9663ED8882A9DAA820B28E39C88E558344FA8DC530ADC357946CEC6E"
"2025 December"	"301"	"Amateur 2"	"27"	"1108"	"plucky✌"	"Overall Leaders - 2025 December"	""	""	"UNPLAYED"	"8"	""	"1,534"	"EDD1F9CA9663ED8882A9DAA820B28E39C88E558344FA8DC530ADC357946CEC6E"
"2025 December"	"301"	"Amateur 2"	"27"	"7908"	"l7jazz"	"Overall Leaders - 2025 December"	""	""	"UNPLAYED"	"9"	""	"1,521"	"EDD1F9CA9663ED8882A9DAA820B28E39C88E558344FA8DC530ADC357946CEC6E"
"2025 December"	"301"	"Amateur 2"	"27"	"8788"	"SlugJug33"	"Overall Leaders - 2025 December"	""	""	"UNPLAYED"	"10"	""	"1,509"	"EDD1F9CA9663ED8882A9DAA820B28E39C88E558344FA8DC530ADC357946CEC6E"
"2025 December"	"301"	"Amateur 2"	"27"	"8888"	"SHANNON_OLIVEOWL"	"Myst"	""	""	"UNPLAYED"	""	""	""	"EDD1F9CA9663ED8882A9DAA820B28E39C88E558344FA8DC530ADC357946CEC6E"
"2025 December"	"301"	"Amateur 2"	"27"	"8908"	"Mark1703"	"Myst Hard"	""	""	"UNPLAYED"	""	""	""	"EDD1F9CA9663ED8882A9DAA820B28E39C88E558344FA8DC530ADC357946CEC6E"
"2025 December"	"301"	"Amateur 2"	"27"	"8848"	"mamabear2002"	"Shangri-La"	""	""	"UNPLAYED"	""	""	""	"EDD1F9CA9663ED8882A9DAA820B28E39C88E558344FA8DC530ADC357946CEC6E"
"2025 December"	"301"	"Amateur 2"	"27"	"8848"	"mamabear2002"	"Shangri-La - Hard"	""	""	"UNPLAYED"	""	""	""	"EDD1F9CA9663ED8882A9DAA820B28E39C88E558344FA8DC530ADC357946CEC6E"
"2025 December"	"301"	"Amateur 2"	"27"	"8848"	"mamabear2002"	"Venice"	""	""	"UNPLAYED"	""	""	""	"EDD1F9CA9663ED8882A9DAA820B28E39C88E558344FA8DC530ADC357946CEC6E"
"2025 December"	"301"	"Amateur 2"	"27"	"8908"	"Mark1703"	"Venice"	""	""	"UNPLAYED"	""	""	""	"EDD1F9CA9663ED8882A9DAA820B28E39C88E558344FA8DC530ADC357946CEC6E"
"2025 December"	"301"	"Amateur 2"	"27"	"8908"	"Mark1703"	"Venice - Hard"	""	""	"UNPLAYED"	""	""	""	"EDD1F9CA9663ED8882A9DAA820B28E39C88E558344FA8DC530ADC357946CEC6E"
"2025 December"	"301"	"Amateur 2"	"27"	"8848"	"mamabear2002"	"Venice - Hard"	""	""	"UNPLAYED"	""	""	""	"EDD1F9CA9663ED8882A9DAA820B28E39C88E558344FA8DC530ADC357946CEC6E"
"2025 December"	"301"	"Amateur 2"	"27"	"8908"	"Mark1703"	"Viva Las Elvis"	""	""	"UNPLAYED"	""	""	""	"EDD1F9CA9663ED8882A9DAA820B28E39C88E558344FA8DC530ADC357946CEC6E"
"2025 December"	"301"	"Amateur 2"	"27"	"8848"	"mamabear2002"	"Viva Las Elvis - Hard"	""	""	"UNPLAYED"	""	""	""	"EDD1F9CA9663ED8882A9DAA820B28E39C88E558344FA8DC530ADC357946CEC6E"
"2025 December"	"301"	"Amateur 2"	"27"	"8908"	"Mark1703"	"Viva Las Elvis - Hard"	""	""	"UNPLAYED"	""	""	""	"EDD1F9CA9663ED8882A9DAA820B28E39C88E558344FA8DC530ADC357946CEC6E"
